:020000040000FA
:1000000000640020D53C0100AB1F0200C13C010090
:10001000C13C0100C13C0100C13C010000000000E6
:100020000000000000000000000000006D3E010024
:10003000C13C010000000000DD3D0100C13C0100A9
:10004000054101008B3C0200054101000541010012
:100050000541010005410100054101000541010084
:10006000A13C02000541010005410100753C020070
:100070000541010005410100054101000541010064
:100080000541010005410100054101000541010054
:100090000541010005410100054101000541010044
:1000A0000541010005410100054101000541010034
:1000B0000541010005410100054101000541010024
:1000C0000541010005410100054101000541010014
:1000D0000541010005410100054101000541010004
:1000E00005410100054101000541010005410100F4
:1000F00005410100054101000541010005410100E4
:1001000001F0FF01102A2BDB10F0070F08D010F8C8
:10011000013B013A8B422DD010F0070F42B3F6D1CC
:10012000F0B441EA012141EA014122F007047FF0E5
:1001300000070023F0E80256083C85EA010586EA3C
:10014000010685FA47F5A3FA87F586FA47F6A5FA78
:1001500087F68EB9EED1F0BC01F0FF0102F0070284
:1001600032B110F8013B013A83EA010313B1F8D12F
:100170000020704701387047002D06BF3546033810
:10018000073815F0010F07D1013015F4807F02BF49
:10019000013015F4C03F0130F0BC0138704700BF9A
:1001A000064B074A5B7802604FF41A728280C37173
:1001B0000822002382710372704700BF581200208A
:1001C000CBE40000064B074A5B7A02604FF4907262
:1001D0008280C3710822FF2382710372704700BFBF
:1001E00058120020E3DF0000F8B5C41D002824F0F9
:1001F0000704054614BF2046002000F0E7FA071E5A
:1002000002DA6FF00B00F8BD254EB1887088F379E3
:10021000B2790331033089B280B20BF0BDFF002800
:10022000EFDB737831783C4403341944002D24F01B
:10023000030400FB01F114BF2046002000F04AFC3B
:1002400023180DB9002BDCDB717A184679B1033322
:10025000002D23F0030414BF20460020728900F013
:10026000ABFC0028CDDB20440DB90028C9DB317A76
:1002700091B1737A83B1C41D002D24F0070414BF1B
:100280002046002003F04CFA0028BADB0DB1002014
:10029000B9E72018B7D5B4E7002DF8D1B3E700BF10
:1002A000581200201FB572B6194BDD68EDB9BFF3C7
:1002B0004F8F1849184BCA6802F4E0621343CB60B1
:1002C000BFF34F8F00BFFDE72346B2FBF6F25C1C85
:1002D000002AF9D104AEDCB256FA83F303F80C2CF1
:1002E0000A2234B901A8A847E1E7024600230A26FA
:1002F000EDE7631E04AEDCB256FA83F3B0FBF2F610
:1003000002FB1600303003F80C0C3046E9E700BF62
:100310005812002000ED00E00400FA0507B50A4B72
:10032000DA88ADF8002068469A885B88ADF804202A
:10033000ADF8023001F0EEFD18B1FC219C20FFF772
:10034000B1FF03B05DF804FB5812002038B5054634
:1003500040B30AF0BDFA10B94FF0FF3038BD09F0D4
:100360001FFEB0F5FA7FF7D8104C1148E56000F099
:10037000A7F9002323744FF4807323801B23638029
:10038000A38040F20323E3804FF4847323811F236F
:100390006381EFF3108472B600F0E4FC04B962B636
:1003A0000020DBE76FF01500D8E700BF58120020EF
:1003B0001D03000010B5002840D1234C237C032BE3
:1003C00039D059B1002A3CD00239052936D8DFE8A6
:1003D00001F0031227352A2D137863700020FFF7F0
:1003E00003FF0028B7BF0123022323746FF00B0023
:1003F000A8BF237410BD13791BB353790BB31188B5
:10040000FB291ED853881B3B9BB2E02B19D81A2915
:1004100017D91368C4F802300C4B92889A80DDE734
:1004200013786372DAE713886381D7E71388FF2BA9
:1004300007D82372D2E74FF0FF30DBE76FF02C00D4
:10044000D8E76FF01500D5E7581200205A120020A7
:10045000F8B50D46064620B319B311F0070420D1B4
:10046000114F3B7C012B02D16FF00B00F8BD032B29
:1004700002D14FF0FF30F9E700F060F80028F8D023
:100480002846FFF7B1FE0028EEDB0EF083F8304679
:10049000214601F0C5FDFFF741FF03233B742046D1
:1004A000E4E76FF01500E1E75812002010B5064CA4
:1004B000237C032B03D101F0CBFD02F061FC0BF098
:1004C0006CFF0020207410BD5812002050B1074B63
:1004D00003F1140253F8041B40F8041B9342F9D1B2
:1004E000002070476FF01500704700BFE58F0200D5
:1004F00008B501F05FFDBDE808400249012000F0A9
:100500005DB900BFC501000008B501F067FDBDE899
:1005100008400249002000F051B900BFA1010000CD
:10052000024B02681A600020704700BF6C12002066
:10053000014B1B68184700BF6C120020024B186863
:10054000003818BF012070476C1200202DE9F743D6
:10055000264E0446071D2548376002F029FC022874
:10056000054607D1214920460BF0DCF9284603B0A7
:10057000BDE8F0830428F9D13378072B18D13E2049
:1005800000F04AF878B9F378327901A943EA0223F6
:100590006846ADF800300BF0EBFB0028DBD05321B0
:1005A0000820FFF77FFE052000F076F80028EAD04B
:1005B000314620460BF0E5F9B0F5817F01D3722179
:1005C000EEE70028C7D094F8008094F802904046E7
:1005D00000F022F80028BED0B8F13E0FC6D1484640
:1005E00000F05AF80028C1D1B5E700BF7012002012
:1005F000074B4FF0FF3141F6FF72C3E90012054986
:100600000022C1E900221F21C3E90212704700BF86
:1006100000050020B41200203F280CD801380B4BF5
:10062000C0F3421200F01F0053F8223023FA00F00A
:1006300000F001007047FF2806D04038C0F3421296
:10064000034B00F01F00EFE701207047000500207A
:10065000B41200200146074B006849681A4603C2DD
:1006600040F48C221A6041F0107242F4FF625A602A
:10067000704700BF000500200246024B0068516829
:1006800003C37047B41200200246024B0068516851
:1006900003C3704708050020382800F1FF33DBB2A0
:1006A0001FBF064A590902EB810203F01F031DBF59
:1006B0009068D84000F0010000207047000500203D
:1006C000014B1860704700BFBC12002010B5FFF747
:1006D0008FFF0BF062FF034B1B68044603B1984782
:1006E000204610BDBC120020F0B50C88C37C0288E7
:1006F000A5B2C4F30E0404F118060233865B1A4453
:10070000334497B213FA82F3013B4288B3FBF7F309
:1007100013FB07439BB29A42044A93BF22EA0503A4
:100720002A4013439BB20B80F0BD00BF0080FFFF47
:100730004A1E062A08B50346084604D84FF4D1716C
:100740001520FFF7AFFD094A914202D940F2A311EB
:10075000F6E711B903B1196008BD2BB11B6800227F
:10076000C3E901211A1D1A600430F5E7FAFFFF7F83
:1007700010B5114B00EB41041A786389B3FBF2F317
:1007800003FB0223013A1A44B2F5706F02798078B4
:1007900028BF00231A440B18B2FBF0F100FB112113
:1007A0005B1AB3FBF0F100FB113313446FEA4343D0
:1007B0006FEA5343638110BDC0120020024B03EB6C
:1007C00080035960704700BFC01200202DE9F04F30
:1007D00010F0070A85B0054604D040F261111720D9
:1007E000FFF760FD524F07F10C06B1460446B046D4
:1007F00057F8043B8DF80BA03BB101A898479DF832
:100800000A30082B01D9E821E9E79DF80B1041BB1C
:1008100005B131604F4506F10406E9D1002D6FD0D6
:10082000DFF81091002289F800209646022758F838
:1008300027A0013FBAF1000F55D09AF804609AF84A
:1008400002C0FF2E60D039460023481C38D19C449A
:10085000BCF1FF0F3FD90AB189F800E040F227113F
:10086000BDE79DF80AC06046022838BF02204B1D34
:100870005A0004EB4303441E2344BDF8084064447B
:10088000013CCCF1000C04EA0C044042B4F5803F7A
:1008900003EA000301D3F821A1E775B19A1A0120F8
:1008A000326091701480D0709DF80C001071019826
:1008B00010814FEA104CA2F806C004FB0134A9E7EE
:1008C00058F8210028B190F804B0B34504BF8078EF
:1008D0001B180139B9E7DBB2E6458AF804303CBFA2
:1008E0005FFA8CFE01227B1CA1D10AB189F800E0DD
:1008F000022640F6FF6A58F82670B7B9013EFAD2D0
:10090000601B05B0BDE8F08F0023E5E707EB41036E
:100910003846A3F80AA0FFF72BFF09F10109BB78BD
:100920005FFA89F18B42F1D8E8E74FF00009F6E76A
:10093000C4120020C012002038B54FF6FF730380A8
:10094000184B03EB810302461869A8B18478037938
:10095000B3FBF4F104FB1133DBB2194600EB4105A4
:10096000B5F90A50002D0EDB0131B1FBF4F504FBA3
:100970001511C9B28B42F1D1002038BD6381BDE8A9
:1009800038400BF0E5BB00EB41046389C3F30E0371
:100990001380C278002AF1D14FF4D5711720FFF7E8
:1009A00081FC00BFC01200201C4B03EB810370B51B
:1009B0001C69054644B3030404D54FF4DC711720C9
:1009C000FFF770FC014620460BF0A4FBFF28014610
:1009D00004D02046BDE870400BF0BABBA078B5FB50
:1009E000F0F300FB1353DBB219460A1D04EB420679
:1009F000B6F90260002E09DB0131B1FBF0F200FB19
:100A00001211C9B28B42F0D1002070BD8B4201D0CF
:100A10000023E37004EB42025580DAE7C0120020A5
:100A2000094B03EB810310B51C69014620460BF00E
:100A300071FBFF28014604D02046BDE810400BF0B2
:100A400087BB002010BD00BFC0120020F8B5104BBE
:100A500003EB810307461C69014620460BF05AFB55
:100A6000FF28054611D0E288238953EA024606D0C2
:100A7000014620460BF06CFB01463846B047204645
:100A80002946FFF775FE0020F8BD0520FCE700BFF2
:100A9000C012002038B50E4B827903EB8203044666
:100AA000186908B9052038BD8278E1799142F9D2F8
:100AB0004B1CE37100EB41035D89B3F90A30002B55
:100AC000F3DBA5800BF044FB20600020EBE700BFC8
:100AD000C012002070B5044610F003000E4603D08B
:100AE0004E211820FFF7DEFBFFF722FE054624B15A
:100AF000034831460460FFF71BFE284670BD00BF67
:100B0000DC1200202DE9F14FDFF870B09DF828A02D
:100B10009DF82C901E46DBF8003007460D469046A7
:100B20001BB960211820FFF7BDFB52460921404642
:100B30000BF06DF94A4684B2092130460BF067F993
:100B400014FA80F1DBF800000BF0B8FA386018B93D
:100B5000286001B0BDE8F08F04442C60386853462B
:100B6000414609220BF016F928684B460922314606
:100B700001B0BDE8F04F0BF00DB900BFDC12002052
:100B800070B50E4604460BF055F9054630460BF09D
:100B900051F9044B2A1821461868BDE870400BF043
:100BA000B2BA00BFDC120020024B186808B10BF08B
:100BB00079BA7047DC1200201F2AF8B504461346A4
:100BC0000ED89200033222F00303B3F5803F2DD2FA
:100BD000184DACB1A00710D05F210920FFF762FBD0
:100BE000FF2B4FEA420204D9FF339A42A8BF1A46AC
:100BF000E8E77C2AB8BF7C22E4E729706C602B818F
:100C000022F003022823120403FB01F001276B6882
:100C1000120C0025EEB2B14200D8F8BD14B126186E
:100C20001F705E60104401352833F3E74FF0FF304A
:100C3000F3E700BFE012002070B5154A157853683D
:100C40000021C8B2854203D8AB210920FFF72AFB57
:100C50001C46184614F8286B01310EB92346F0E7FC
:100C600000219970128999610124D96159685C70D9
:100C7000920803F11E0403F1260524F8022FA54271
:100C800043F8041F1144F8D100234361037070BD81
:100C9000E01200204B782DE9F04106460C4602F0A8
:100CA000040702F0FB05E3B1A5BBFF23A3707B089B
:100CB00004EB57073A7D032A02D1022D18BF0133F6
:100CC000E2180121117503F10C0104EB83030022EA
:100CD00024F811205B68A2703360B2803046BDE812
:100CE000F081002DE1D101234B701D4B8D611B89DB
:100CF000CD6101F11E0249689B08204604F1260CD3
:100D000022F8023F944540F8041F1944F8D100230B
:100D10006361CAE7D1F80480142200216170A01831
:100D20000AF042F80E4B1B89B3F5FF7F0FD25A0829
:100D30009B1A9BB208EB0301C4F804802384A160D2
:100D40006284C4F80C80A3842161E284ADE7B3F52A
:100D5000EE6F4FF0FF02EBD940F27263EAE700BF9B
:100D6000E0120020134B012200214FF0FF309A6067
:100D7000C3F80012C3F80803C3F80015C3F804252C
:100D80009A60C3F80803C3F80015C3F804250A499C
:100D90000A4A03F580334FF40040C3F80825C1F830
:100DA0008000BFF34F8FBFF36F8FC1F88001C3F88E
:100DB0000825704700F0004000E100E00000F63F29
:100DC0000A46192302F8033B0448C368C1F80330FC
:100DD0000369536043699360704700BFEC120020C1
:100DE000024B5A8C02435A845B6A1847EC1200206B
:100DF000014B00215B6A1847EC12002010B5154C1E
:100E000005F064FD05F0A8F8208DFFF7F1FF237EC3
:100E100063B12246104952F80C3BE36063685360AB
:100E200004F11900A36893600CF0F2FA0B4B228DC9
:100E300093E8030002F0A4FC236B188802F026FC60
:100E4000A36B94F8341094F835009847002384F885
:100E50003C3010BDEC120020C10D00001813002022
:100E6000034B93F83C300BB1FFF7C8BF704700BF8E
:100E7000EC12002070B51E4C256B636C95F88C202D
:100E8000236494F8483095F86910064603EB820015
:100E90002EB9FF2803D195F868308B4201D005F0B8
:100EA0009DFB95F88C30E3B1E06C05F0AFFD0123BC
:100EB00084F86830D5F8E8302366E16CD5F8EC307A
:100EC000206C636605F024F816B9304605F0F2FD93
:100ED00095F86810002005F041FE022384F83C30AC
:100EE00070BD206C05F092FD05F036F8ECE700BF10
:100EF000EC12002008B5094B93F83C20022A04D0DC
:100F000040F24F212720FFF7CDF9DA7A42F00102B3
:100F1000DA72BDE80840FFF771BF00BFEC12002095
:100F2000032810B50A4B044605D15A6FD278022A1D
:100F300001D1002010BD986F0AF0FEFF0028F9D102
:100F4000032CF6D001F048FA80F00100C0B2F1E7BE
:100F5000EC1200202DE9F043484C94F83C30012B72
:100F600085B005468846DFB204D040F20451272000
:100F7000FFF798F9266B616F02A80BF010FA96F84C
:100F80007C309DF808903BB1002186F87C1004204D
:100F9000FFF726FF86F87E70B9F1030F27D0BDF862
:100FA0000C30002B18BF022796F88C3086F8827020
:100FB000BBB1236BD6F8E82093F8690022660127BD
:100FC000D6F8EC20626684F868700BF005FA94F8A5
:100FD00048902B4900220346009238464A4604F0C6
:100FE00013FF6DB105B0BDE8F043FFF707BF96F8FA
:100FF00082301BB9616F0220FFF7F2FE0327D3E7AF
:10100000B8F1000FEED0E36F284698470028E9D0EA
:1010100094F83430002BE5D194F8803023B194F863
:101020008100FFF77DFF0546606C0CF066F9D4F88F
:101030008430B3B9B4F88830B3FA83F35B09628CB7
:10104000910710D5626F137803F00303032BC9D106
:10105000D378022BC6D1002005B0BDE8F043FFF7DE
:1010600009BF0123EBE7002ABCD1012814BF0023EC
:1010700003F001032B43EED1B4E700BFEC120020D4
:101080003C13002010B5094CD4F8843023B940F249
:10109000F6412720FFF706F9B4F88820216C0332C7
:1010A000184609F0C1FE206410BD00BFEC120020FC
:1010B00010B5064B93F83C2002F0FF0422B91C76D1
:1010C00002F056FB204610BD0C24FBE7EC1200207A
:1010D0000A4B0B4A70B506460D461A60FFF7E8FF4B
:1010E00018B1F4212720FFF7DDF8064C012104F1A7
:1010F0008A000CF0F2F86664E56470BD48050020D3
:101100000C190000EC120020024B012283F88D2004
:10111000704700BFEC120020F0B5794C85B002AEEC
:1011200086E8030094F83C100A9F01F0FF0511B90E
:101130000AB103B127B940F283112720FFF7B2F8B3
:1011400096E8030004F12C0C8CE8030084F88D5021
:1011500084F8345084F88E5084F8355084F88F50D9
:1011600084F8905065842585256BE3676262A763E8
:1011700005F078FA04F0F0FE95F9700005F0FCFA3D
:101180006E6AE86905F0FEFA304605F031FC95F824
:101190009C0005F001FB236B93F89F310BB105F028
:1011A0004FFA0CF041FC95F8692000F1790101201B
:1011B00005F078FB534B186805F020FC2B69A367FA
:1011C000514A6B69C4F8943005F5807105F1F0035C
:1011D00053F8040B42F8040B8B42F9D1D5F80021E7
:1011E000C4F869205A68494B5A60236B93F88620EB
:1011F00093F86860A2F12501012903D993F88710BB
:1012000025295FD193F83E322BB1012E03D0012B5B
:101210000CBF0126022605F13007314638460CF096
:1012200034F931460BF0ADFEAB8F95F8691083426F
:1012300028BF0346384684F898300CF016F995F824
:10124000691095F88C70B5F84460042908BF032133
:101250000BF097FE0FB9043080B2864228BF0646D5
:1012600095F88C30F6B284F8996084F84860A3B1A0
:10127000D5F8E83095F8690023660127D5F8EC30F9
:10128000636684F868700BF0A7F8002203460092AA
:101290001D493246384604F0B7FD0120FFF7EAFD4C
:1012A000002323606360A360B5F8803063802B88DF
:1012B000238095F89C302371EB6E0BB101221A60EC
:1012C00005B0F0BD203A012A0DD823290DD093F89E
:1012D000263113F0010202D19B079CD50222012E78
:1012E00018BF164697E7232905D193F8262193F8CE
:1012F00061301340EDE7032E08BF04268BE700BFE3
:10130000EC120020480500203C130020551300205B
:1013100008B50C4B93F83C201AB9BDE80840FFF71C
:101320006DBD93F83C20022A04D040F231212720E1
:10133000FEF7B8FF1B6BD3F8B001BDE8084005F01D
:1013400081BB00BFEC120020014B1876704700BF34
:10135000EC120020014B93F88F007047EC12002034
:10136000024B93F82900C0F3C0007047EC12002034
:10137000014B93F88E007047EC1200202DE9F043EA
:10138000314D85B004460F4602A8296C2E6B0BF038
:1013900006F814F00109BDF80C8004F0020428D00E
:1013A000002385F89A3094B1FFF76CFE0DF102022C
:1013B00001A9D5F894000AF06BFE01980AF04EFEE0
:1013C000012238604146D5F894000AF0F6FDB9F1E3
:1013D000000F0BD0D6E93A32013342F10002C6E9E0
:1013E0003A3296F88430013386F8843005B0BDE88F
:1013F000F08395F89A30032B20D801A252F823F0FD
:10140000A7130000111400002B1400002B1400007F
:10141000002CEBD0FFF736FED5F8940000224146B1
:1014200005B0BDE8F0430AF0C8BD002CDED0D5F809
:10143000940005B0BDE8F0430AF026BE40F2A24198
:101440002720FEF72FFF00BFEC1200202DE9F04F00
:10145000A94C002389B0CDE9043394F83C30266BC5
:10146000022B8046894604D040F28B512720FEF79C
:1014700019FF216C06A80AF092FF96F88C30B8F19B
:10148000000F00F028819DF819B0BDF81C70002BEA
:1014900039D004F079FDB0BB6FB196F8843003F019
:1014A00001035B450BD1012384F83530FFF7A6FC1F
:1014B00009B0BDE8F08FA4F88870002006E0A4F819
:1014C0008870D4F8940039460AF057FD238D9DF8B2
:1014D0001A20C4F8840043F40073238596F88330FF
:1014E00003F001039A4263D0256B95F88230002BFC
:1014F0003DD0022B13D1A06F04A90AF0E7FC38B944
:1015000040F23B41B2E7A4F88870002FD5D0D8E76D
:10151000D5E93832013342F10002C5E9383295F895
:101520007E30002185F8821023B185F87E101020CE
:10153000FFF756FC95F87D30A3B14FF0000A85F80F
:101540007DA000F033FF10B940F252418EE75146C2
:101550000820FFF745FCD5E93832013342F100029B
:10156000C5E9383295F88330013385F88330238D0F
:1015700043F4006323854FF0000A96F8843003F0AB
:1015800001035B4544D19DF81830256B022B11D81F
:10159000EBB995F88430013385F88430002F37D0CB
:1015A000D5E93A32013342F10002C5E93A322FE07F
:1015B000C246E2E7032BECD1238D216C012043F4DA
:1015C000805385F87C002385FFF70AFCE1E7002FB4
:1015D000DFD0238D95F88C5043F48053238504F09D
:1015E000AFFF042894F8993006D1002D0CBF1F22BC
:1015F0001B22934228BF1346BB4262D3D4F88430E7
:1016000033B194F88D30002B74D02020FFF7F0FB1D
:10161000002796F88B309BB1D6F8E03096F868003A
:1016200023660025D6F8E430636684F868500AF033
:10163000D3FE324900950346FB22284604F0E4FB22
:10164000B9F1000F5CD1638C94F88E10180708D59F
:10165000626F137803F00303032B02D1D378022BBC
:101660004ED001294CD8E36F01209847002847D07D
:1016700094F83430002B43D11FB105A90120FFF7A6
:101680007DFE256B002395F88C208DF80D3094F8A5
:10169000483095F8681003EB8203FF2B03D195F8CF
:1016A00069308B4202D0FF2004F098FF95F8823019
:1016B000032B00F21781DFE813F07A00A500FC008D
:1016C0000D0194F83430012043F0100384F83430D5
:1016D00007F0C6FA9CE70BB104F092FC94F88E3048
:1016E000013384F88E30238D002743F480632385F3
:1016F000BA468EE747468CE7EC1200203C130020E8
:1017000005F038FA002F4DD14FF00109238D5A060C
:1017100006D44020FFF76CFB238D43F04003238564
:10172000BAF1000F0DD0B4F80720B4F80530134318
:10173000B6F8802013431EBFB4F809300133A4F873
:101740000930B8F1000F00F0D580B4F8053001334E
:10175000A4F80530002384F88E30694801F084FF36
:10176000049830B10AF07AFC216B0022027201F079
:1017700063FB059B33B1216B00221A720C22059882
:1017800001F028FBB9F1000F7FF490AE238D1B060A
:101790003FF58EAE8020FFF72BFB238D43F08003B7
:1017A000238585E605A90320FFF7E8FDACE794F85B
:1017B0009830ADF80E305348A5F8583000F0E6FDEB
:1017C00028B1012385F87D3084F890301CE0A06FAB
:1017D0000DF10D020DF10E010AF053FB606788B1A7
:1017E00095F8C73073B99DF80D302BB9038083701D
:1017F000606F01210BF071FD636FBDF80E205A7010
:101800000123E1E7404B6367D4F874B095F8832077
:101810009BF80000D20002F0080200F0F30313432B
:1018200095F88420920002F0040213438BF80030F4
:1018300000F00300FFF774FB9BF8003023F0100367
:1018400043EA00138BF8003095F88B30606F002B63
:101850004BD04378002B48D0E06C05F0D7F800233C
:1018600084F86830D5F8E0302366616FD5F8E4304D
:10187000E06C636604F012FB95F86910012005F036
:101880006DF90125606F84F88F500BF036FD636FA2
:1018900084F880001B7884F83C5003F0030384F83C
:1018A0008130002F3FF432AF05A90220FFF766FD1B
:1018B0002CE7B5F85830A06FADF80E300DF10D02E1
:1018C0000DF10E010AF0DDFA6067002898D140F2B0
:1018D000F121CBE50B4800F059FD002890D140F2F2
:1018E000FB21C3E540F20931C0E505F08FF804F0B3
:1018F00033FBC1E7B4F807300133A4F807302CE715
:10190000181300206013002076130020F50E00004D
:101910004D140000550F0000610E0000F0B5070CDB
:10192000A7F5AA42144B543A012A03EA90231FD97F
:1019300027F4004042F6AA22801A18BF0120002294
:10194000162116461F2487EA060562EA05050135B9
:1019500010D0DD03ADB245EA5606E503ADB201395C
:1019600045EA52024FEA53034FEA5404EBD1F0BD6B
:101970000020E4E70020FAE7E0FF3F0010B5012176
:101980000020FFF74DF8044670B90121FFF70CF86D
:10199000044620B940F291313920FEF783FC034B15
:1019A00093F906100CF0EFFA204610BD88130020C2
:1019B00008B50BF069FA00F057FE00F077FB0BF06A
:1019C000FFFC01F0BFFE00F0EFFF094B00221A60A0
:1019D000084B1B214FF4A47098801A805980064B45
:1019E000064818605A829A7599805A749A8208BD7E
:1019F0004C05002088130020B417002003021B00B0
:101A0000044B41F64C52C3E902221B221A74FFF721
:101A1000CFBF00BFB417002073B5244DAB6803637C
:101A2000234B836104460CF069F9064600F02EFB57
:101A3000830654BF1B236B88A4F85A3058BF1A463C
:101A40001C4B297C1B6848BFAA88A4F85C2084F83A
:101A5000381066871BB194F9701020889847164E8D
:101A6000204631460BF0AFFA01236A886978E38596
:101A7000AB88019116F8121C0091033303329BB21C
:101A800092B204F1140104F11000FFF73BF823694E
:101A900023B940F2C5613920FEF704FC636913B92C
:101AA00040F2C661F7E7002002B070BDB417002015
:101AB00000093D0050050020C6170020F7B5044678
:101AC0000D460CF093FA00286DD020460CF06AFB0E
:101AD00038B1B5F80130013B7F2B02D9122003B099
:101AE000F0BD20460CF062FB08B90C20F7E7204659
:101AF0000CF0FAF90028F8D120460CF035FA064629
:101B00000028F2D1204603F01BF80028E6D0B5F8F3
:101B10000170E97842F2107320465F430CF02EFB0F
:101B200020460CF037FB014648B93A46204602F001
:101B3000B7F9B0B341F69D413920FEF7B3FB31460A
:101B40000DF10600FEF7F8FE054608B90D20C6E7C0
:101B5000314600F077FEBDF806302B80204629463E
:101B60000CF02EFB20460CF027FB88B9216A20469A
:101B70000CF024FB01462846FFF74EFF3A46294663
:101B8000204602F08DF9024620B14FF4E651D3E72A
:101B90000121F0E7054B9B681BB105F58D712846C7
:101BA000984700209BE7422099E700BF8813002058
:101BB000024B1B6803B118470C2070474C050020EE
:101BC000034B5A8802801B7883700020704700BF47
:101BD000B417002037B583781A2B054608D8042B94
:101BE00004D9144A22FA03F3DB0705D412241AE0BD
:101BF000292B01D03B2BF9D12888B0F5706FF5D295
:101C000069460BF081F988B9019B93F8182102F01D
:101C1000FF046AB9AA7883F81921FF2283F81821F2
:101C200068460BF0A8FB204603B030BD0224FAE75B
:101C30000C24F8E72000380438B50278447802F024
:101C4000010354EA030102F0020201D1112038BD60
:101C5000BAB98578002DF9D0002B18BF002400E018
:101C60001D4620460AF0C8FB0028EFD028460AF09F
:101C7000C3FB0028EAD0054B00209C74DD749882D9
:101C8000E5E7002BECD000242546EAE7B417002056
:101C900013B5008869460BF037F918B102242046C5
:101CA00002B010BD019A92F8DC31DBB292F8A820A4
:101CB000002AF3D113F0FB0FF0D0019890F82A31ED
:101CC0000BB13A24EBE790F8D23003F0FF04002B7D
:101CD000F7D190F8C9309B0706D1FF2380F82A314D
:101CE00068460BF048FBDAE70249CA300BF090FB7C
:101CF000D5E700BF9BD90000F7B50778EF2F054661
:101D00000C460FD890F901204378002A0ADB82782C
:101D1000900707D113F010001DD1990603F00302BC
:101D200002D51AB1122442E0032AFBD01E07F9D4CF
:101D30002979EA78EE7942EA0122697942EA014298
:101D4000A97941EA06212E7A41EA06418A42E9D878
:101D50001F2A0FD8E6E713F0600FE3D103F0070264
:101D6000052A05D003F00F010D22CA40D107D9D5AD
:101D70001A07DDD56A7A013A062AD3D8AA7A032A45
:101D8000D0D813F0040102D1023A012A03D8EA7A2A
:101D9000012AC7D811B9AA7C032AC3D82A7D48B121
:101DA000012ABFD12A7E012ABCD830B9112420468D
:101DB00003B0F0BD022AF5D1B4E7DB0712D46B788B
:101DC0002A7D03F01803082B11D1022AEED101213C
:101DD0003846FEF725FE064678B10CF085F8B8B116
:101DE0000C24E4E700F016F90028E8D1DEE7022A27
:101DF000EDD02B7F002BEAD0D8E701213846FEF743
:101E0000D3FD064640B3154B93F906100CF0BBF812
:101E100030460CF0BCF929462070E87430460CF0CE
:101E200001F9EB7E0446002BC1D00028BFD1316BF5
:101E300002466846FEF72EFF306B224601210AF06B
:101E4000F3F9316B68460422FEF724FF306B22461B
:101E500021460AF0E9F9AAE70724A8E78813002039
:101E600030B50279042A8BB003464FD84088B0F5CC
:101E7000804F4BD826498D5C114400244A79ADF837
:101E8000004042F0100242EA45028D7AC97B8DF88B
:101E9000084042EA850242EAC10202F01F028DF8C0
:101EA0000020BDF80020ADF809201A888DF80B201D
:101EB0008DF80E00120A000A8DF80C208DF80D40E6
:101EC0008DF80F008DF810405A7B8DF811205A794B
:101ED0008DF812209A79D3F807008DF81320B3F803
:101EE0000B209B7B8DF81A307F2305908DF81B30DB
:101EF00069464FF0011302A8CDE90734ADF8182068
:101F00008DF82440FFF7F8FE0BB030BD1220FBE740
:101F1000585C02000278034672B1427862B142888E
:101F20001A2A09D982881A2A06D9044A0068106038
:101F30009B8893800020704712207047B4170020C0
:101F4000024B02689A600020704700BFB41700205F
:101F50000378A3F10A02112A9DBF024A00201374DC
:101F600012207047B417002008B502F0D1FD02F02E
:101F700083F8BDE80840014802F0B4BD9413002086
:101F800010B50B4A0123144682F8023102F0C8FD55
:101F90000CF0BEFA0AF076FF04F203112046FFF7B8
:101FA00097F800200AF0DCF8BDE8104000F0F8BE19
:101FB0009413002010B5064C064904F502700AF08F
:101FC00021FE04F503700449BDE810400AF01ABE72
:101FD00094130020540500205C05002010B5094C26
:101FE000094904F502700AF00DFE04F50370074973
:101FF0000AF008FE04F504700549BDE810400AF037
:1020000001BE00BF94130020640500206C05002071
:1020100074050020014B93F80201704794130020CF
:1020200010B5074C00F098FED4F808020AF0E2FD63
:10203000FFF7E6FC00F0B2FF012384F8143210BD74
:1020400094130020014B93F814027047941300205E
:1020500010B5074CD4F80C020AF0CCFDD4F81002ED
:102060000AF0C8FDFFF7A4FC002384F8143210BD69
:1020700094130020C208044900F0070001238340A4
:10208000885C03438B54704710050020014BD3E953
:102090000001704710050020034B1868C0F30020B2
:1020A000400040F0010070471005002008B507F01F
:1020B00077FF084A002332F82310814205D302EB50
:1020C00083029378044A137008BD01330C2BF2D1BC
:1020D0000023F7E76C5C0200A915002010B54468E6
:1020E0002388A4F8683194F8683084F86711012BCC
:1020F00006D0022B04D04FF461710620FEF7D2F80F
:1021000084F86A3194F86930012B01D0022BF2D1A6
:1021100084F86B31044904F5AF700BF079F90023B2
:1021200084F8243110BD00BF7FCC0000406808490E
:102130000388A0F85A3190F8603080F85C3190F84C
:10214000613080F85D3100F251100BF05BB900BFD7
:1021500095CC00002DE9F0438946097999F805806E
:10216000456801F0070108F007084B1E08F1FF322F
:1021700002EA08020B40134395F8872095F8866021
:10218000232A85B004463BD105F18707FBB94046B9
:102190000AF0C1FD00283DD095F86830984239D04A
:1021A00095F8262118EA020F11D0212E32D095F889
:1021B000612018EA020F2DD10138013B4D4AC0B20F
:1021C000DBB2032B105C20D8D35C834222D995F874
:1021D0002431012B53D11E212046FFF77FFF212EF2
:1021E00051D16368182283F80921092283F88620D7
:1021F00093F8C230002B3ED14FF43171AE2007E08E
:10220000212E75D105F18607C0E74FF40F71062026
:10221000FEF748F808460AF07EFD38B195F86930B7
:10222000834203D095F827311942D0D0B9F806601F
:1022300003AB00932846334642460AF079FD6368B3
:10224000054678BB93F82421012A28D1014620466F
:10225000FFF744FF3D70636803F18702974202D1A4
:10226000002283F88720636803F1870297423BD1FD
:1022700020460BF096F9002005B0BDE8F08300235E
:1022800085F82431ABE7002320463B700BF089F939
:102290001821204605B0BDE8F0430BF0AAB983F839
:1022A0002401D8E7B3F88020A3F83C62013EB61AB7
:1022B000B6B247F6FD72964206D9282283F8A920C5
:1022C000204600F0CFFFCEE793F887200D2A02D0FA
:1022D0000A3A012A01D82A22F0E7BDF80C20A3F817
:1022E0003E2225233B70BEE7002283F8C220C2E7CE
:1022F0000220C1E79C5C0200044B002283F82220EC
:102300004FF6FF729A84DA841A857047AA15002066
:10231000054B9A8C824201BF002283F822204FF69F
:10232000FF729A84704700BFAA150020014BD88421
:10233000704700BFAA150020084B998C4FF6FF721A
:10234000914206D193F82220012A04D00360012093
:102350007047002303600020704700BFAA150020CB
:10236000064B93F82220012A1FBF0120DA8C83F844
:1023700022009A8408BF0020704700BFAA150020E1
:10238000014B1885704700BFAA150020064B024676
:10239000198D988C884205D193F8220018B11360EA
:1023A0000120704700207047AA150020094B998C26
:1023B0001A8D914201D0002070474FF6FF729A8427
:1023C00093F82220002AF6D0002283F82220012050
:1023D000704700BFAA150020054B998C1A8D9142B9
:1023E00003BF93F82200B0FA80F040090120704743
:1023F000AA15002050B90A4A1346012003F8010B20
:102400000868C2F801008A889A807047012805D1BF
:10241000034B0A689A608A88D8719A81704700BF16
:10242000D415002050B90B4B187888B1D3F801208F
:10243000B3F805300A608B8001207047012806D16F
:10244000044BD87920B19A680A609B89F3E7002091
:10245000704700BFD415002010B9044B187870479E
:10246000012806BF014BD87900207047D415002001
:10247000F7B500238A888DF80600ADF804200868B7
:102480000B4A8DF80730019D1478014602F5A872B9
:10249000D8B2844201D8082008E052F8087F566874
:1024A000AE4208BF8F4203F10103F1D103B0F0BD8A
:1024B000E815002030B5094B01465C78002203F294
:1024C0000113D0B2844201D8082005E013F8015F5F
:1024D0008D4202F10102F4D130BD00BFE8150020A9
:1024E000F0B5254D95F8984189B0224605F299112D
:1024F000684608F099FC214668460AF0E4FC044668
:10250000B8B300EB4001C9B202A8FEF711F8631E90
:1025100095F8A161DBB2012495F8981105E0721CD1
:10252000B2FBF1F001FB1022D6B206F120020DEB56
:10253000020010F8202C002AF1D103EB43012031D6
:10254000694406EB46022A4411F8187C82F8A2710D
:1025500011F8177C11F8161C82F8A37182F8A411E7
:1025600000F8204C013BAA19DBB2FF2B82F89941FD
:10257000D2D109B0F0BD00BFE815002070B5064605
:1025800088B00C46002A4ED0294A92F8A131D018C2
:1025900090F8991119B9FF212820FDF783FE03EB6C
:1025A00043011144013391F8A251E57091F8A35110
:1025B00091F8A41161710021257180F8991192F8A8
:1025C0009811B3FBF1F001FB103382F8A13192F8BE
:1025D000C23123B9174902F5DD700AF016FF65799B
:1025E00005F03F0545F0400565710D220021684664
:1025F00008F0DAFBE3788DF80F3023798DF80E3090
:1026000004AA0423694630468DF80D5008F02AFAD2
:102610009DF81F3023709DF81E3063709DF81D30AB
:10262000A37008B070BD03216018FDF781FFD6E7E5
:10263000E8150020E1240000044B5A78824286BF4E
:102640001B1893F84A010020704700BFE8150020CE
:10265000044B5A78824286BF1B1893F8420100202F
:10266000704700BFE8150020064B00224FF461714F
:102670001A8083F8C32183F8C421A3F8C61183F814
:10268000C2217047E8150020014BB3F8C60170471E
:10269000E815002030B50A4B5C7884420ED9184406
:1026A00090F802012B3003EBC004A5790D7053F8AC
:1026B00030001060A3889380012030BD0020FCE72B
:1026C000E81500200246074810B590F8C34124B130
:1026D000417821B1023003F00DFB204610BD0C46BD
:1026E000FBE700BFE81500202DE9F74F2F4C9A4675
:1026F000637883428046894656D9231893F842511D
:1027000085F00105F9B193F84A31E3B945F00207C4
:102710000135BAF1000F18D1FA070AD5062101FBDD
:10272000084104EB0810524601F585718230FFF72D
:1027300025FFBB0734D504EB08105246494602304A
:10274000FFF71CFF2CE02F46E3E794F8A1614FF060
:10275000010B002DE0D0A319019393F8991199B9B9
:102760000092DAB100F0EAFB06EB46012144019B3E
:1027700081F8A2014FEA102C009A81F8A3C1000C45
:1027800081F8A40183F899B194F898310136B6FB29
:10279000F3F103FB1166F6B2013DDAE747F00407F7
:1027A000384603B0BDE8F08F0027F9E7E8150020B0
:1027B000074B5A78824209D91A1892F842212AB94D
:1027C000062202FB003000F585707047002070473C
:1027D000E8150020064B5A78824281BF1B1893F8F7
:1027E0003A01B0FA80F0400998BF0020704700BF5E
:1027F000E815002030B50024A0F84040B0F844406F
:1028000042F210754C43B4FBF2F4A0F84440541E5D
:1028100005FB0343B3FBF2F3A0F84230084BB3FBD4
:10282000F2F30133A0F84830838F05FB0344436B78
:10283000B4FBF2F459438463B1FBF2F1416330BD60
:10284000005A620270B504460D4659BB4FF41A7225
:1028500008F0AAFA012384F88E306FF0360384F86A
:10286000D930042384F8DA306FF03B0384F8DB308E
:102870006F2384F8DC306FF03C0384F8DD306FF0B8
:102880007F0384F8DF302B2384F8D830FE2384F8CC
:102890000E317F2384F88530202384F8DE5084F8BD
:1028A000F73170BD012923D10023A0F8B43180F89D
:1028B000AB31826940F6B833A0F8B4301146438C8E
:1028C0007830FFF797FF104B1B68062B01D00133C0
:1028D0000CD10E4B1B68063B083307D9E069FFF7A4
:1028E0001DF818B9012384F89F31DAE70023FAE7CD
:1028F0000229D6D1B0F84A32D0F844228169BDE825
:1029000070407830FFF776BF101B0020141B0020AA
:10291000034B80F870101B680BB100881847704794
:102920007C0500200B2808B504D940F2C7112920E6
:10293000FDF7B8FC014B33F8100008BDA05C0200A5
:10294000074B93F900301844142804DC10F17F0F72
:1029500003DB40B27047142070476FF07E00704771
:10296000B017002007B57F230DF107008DF8073061
:1029700004F0DCF803469DF9070053B1094B5B787E
:102980005B4240FA83F0142806DC10F17F0F05DB70
:1029900040B203B05DF804FB1420FAE76FF07E004C
:1029A000F7E700BFB0170020024B00221A705A70E0
:1029B000704700BFB017002003464078B0B1DB7805
:1029C0003F2B0BD80A4AD35C03F07F0290420CD015
:1029D0008CBF0120002000EAD310704703F10A02E7
:1029E000D2B2022A01D8B63BECE70120704700BF03
:1029F000B85C02003F2908B5C17005D80C4B5B5C80
:102A000003F07F03437008BD01F10A03DBB2022B20
:102A100004D8074B0B4413F8B63CF1E7FF2904D068
:102A200040F243412A20FDF73DFC0123EAE700BFC5
:102A3000B85C02002DE9F347894669461546984679
:102A40000AF062FA044620B9019E35B9012386F8DE
:102A50008D30012002B0BDE8F0873769294638463D
:102A600009F0B9F901460028F4D0164B5B88AB4257
:102A700025D3384609F0EEFA96F88D300480002B05
:102A80000CBF49460221824684700AF026FC41466A
:102A90002A460AF1030008F0C7F92946384609F02A
:102AA000D5F918B97E212B20FDF7FCFB68460AF00A
:102AB00062FC019BA3F8A24186F88D40C9E720463D
:102AC000C8E700BFB4170020024B987DC04300F058
:102AD00001007047B417002083230B70014B1B7853
:102AE000CB707047CC1700202DE9F84FD0F8048048
:102AF000D8F8146030460D4609F09EFA044618B91D
:102B0000FF211020FDF7CEFB0146304609F0A2FA66
:102B1000B4F800B01FFA8BF98246B9F1000F02D168
:102B200040F20311EDE71E4B1B68C71C8BB9B8F8C8
:102B30000030AB8000236B72A5F806B09AF8003025
:102B400003F00303012B0FD0022B0DD040F21D1117
:102B5000D7E7B8F800004A463946984704460028A7
:102B6000E5D12046BDE8F88F2B72304609F078FA9F
:102B7000044610B94FF49371C3E7B9F1FB0F02D9C2
:102B800040F23511BDE7286810B94FF49B71B8E7E2
:102B90004A46394608F048F9304609F0BCF9E0E702
:102BA000800500202DE9F347DFF8508182468946F1
:102BB00005270026D9F8103053B11B7A1BB98021A4
:102BC0001020FDF76FFBD9F81040B4B9002071E078
:102BD000D9F80440237A012BF8D0EFF3108372B6B2
:102BE000D9F804201268C9F8042003B962B6C9F8FC
:102BF0001040237A0BB9A621E2E7257AEDB22772BD
:102C00006B1E0B2B6AD8DFE803F066061C34636981
:102C10003D6969696958636813B94FF4D771CFE7A3
:102C20002046514698470420EFF3108272B6237A6B
:102C3000052BD9B25CD12672C9F81060B2B962B660
:102C400014E0636813B940F2B711B9E75146204662
:102C500098470346C3F30723012BADF80400C0B225
:102C60003FD0022BE0D10023C9F810300028A1D0BA
:102C700020E0636813B940F2BF11A1E720469847EE
:102C80000020D1E763680BB9B52199E70B228AF8D8
:102C9000002019881869AAF80310012200248AF874
:102CA00002208AF805208AF8064009F034F9C9F8AC
:102CB0001040042002B0BDE8F087D8F8003051463B
:102CC00020469847034660B1C9F810600220F1E73A
:102CD0004FF4FB7174E740F2F91171E74FF4FE71A4
:102CE0006EE725720028E5D1002B7FF463AF6DE716
:102CF00011B940F21D2163E700209FE78405002001
:102D000038B5134C14220021201D08F04DF8012580
:102D10002574142204F10803002104F11800C4E909
:102D2000013308F041F884F8245004F11C03C4E98D
:102D30000633084A0023E362236384F83430C4F87E
:102D40003530C4F8393084F83D30136038BD00BFE9
:102D5000CC1700208005002010B5084C2378FF2BED
:102D600004D04FF4A0711020FDF79CFA07F0C0FECC
:102D70002070BDE81040FFF7C3BF00BF1D05002055
:102D800010B5034C207807F0CDFEFF23237010BD53
:102D90001D050020014B187807F0D4BE1D0500204A
:102DA000014B024A1A60704784050020E92A00009E
:102DB00010B506490446FFF7F5FE28B92046044938
:102DC000BDE81040FFF7EEBE10BD00BFE4170020C5
:102DD000D017002010B51346027A22B140F2992193
:102DE0001020FDF75FFA0A46BDE810400146014891
:102DF0000AF0E8BAD0170020044890F834301BB924
:102E000003492C300AF0FBBA704700BFCC170020F2
:102E1000B7D300000346064890F83E203AB190F838
:102E20003D2022B900F8353B02490AF0E8BA704764
:102E3000CC170020D92A000010B50A46037A23B126
:102E400040F2A1211020FDF72DFA0146BDE8104007
:102E5000014807230AF0B6BAE41700201346027AA5
:102E60000AB1037270470A46014601480AF0AABA3D
:102E7000D01700201B234FF01B1283840384826130
:102E80008382C260038539B94FF4A473034AC384B3
:102E90004384C261C3820261704700BF4801480198
:102EA0000346F0B4B3F85420B3F84840B3F8446094
:102EB000DF8FB3F84250944228BF14460846B3F857
:102EC0004C20B3F85610DC878A4228BF0A46B3F874
:102ED0004610A3F84220914238BF1146A64238BF9F
:102EE0002646A742A3F84460A3F846101FD1AA1AA9
:102EF00018BF0122B3F84A50B3F85040B3F85270EB
:102F00009E8FB3F84010A54228BF2546B3F84E4027
:102F10009D87BC4228BF3C46AE42A3F8404002D148
:102F2000A14200D12AB1F0BC03490AF071BA0122D2
:102F3000E0E7F0BC704700BF17D40000094AD2E9AF
:102F40000003434083EAB01181EA43214FEAF3438F
:102F50005360054B116058434FEAF06000EB80006E
:102F6000704700BF0C180020BB79379E094AD2E990
:102F70000003434083EAB01181EA43214FEAF3435F
:102F80005360054B116058434FEAF06000EB80003E
:102F9000704700BF20050020BB79379E10B50A4C52
:102FA00009480821FDF7C4FAD4E900321343F7D0E9
:102FB000064CFFF7DBFF2060FFF7D8FF2368606057
:102FC0001843F6D010BD00BF200500200C180020CB
:102FD000174B184A9A60184A5A60184A1A60184AD9
:102FE0009A62184ADA62184ADA60184A9A61184AEC
:102FF0001A63184A1A62184ADA64184A9A64184A14
:103000005A62184B184A9A60184A5A62184ADA6289
:10301000184A1A61184A5A61184A9A61184A1A637A
:10302000184A9A64184ADA64184A9A63704700BFCB
:103030008805002087D60000B7D6000023D70000FF
:10304000DFD7000033D800008D33000049D80000DE
:10305000D13500007134000017D9000033D90000C9
:10306000B934000094060020A3D60000E9D800007F
:103070006BD800000FD800008FD80000113400007A
:10308000B9D9000061D9000053D90000CFD80000A1
:10309000054B064A9A65064A1A66064B064A9A6521
:1030A000064ADA65704700BF88050020B3CD0000EE
:1030B0005521000094060020FDCC000065CE0000E4
:1030C000252A034610B5084618D8012A19D9023A0C
:1030D000232A16D8DFE802F01A15252424311533E7
:1030E000152439434715154B24245E5E7474151559
:1030F0001515151515151515157B868EFF2A00F06B
:10310000818040F2DD415120FDF7CCF81A785B68F0
:10311000012A02D193F8103101E093F819310371BB
:1031200010BD5968D1F8BE214260D1F8C221826039
:103130005B68D3F80431C360F2E75B68EAE70146F5
:10314000BDE81040184600F00DBA59224271002225
:10315000102382717E220371C2710372E0E75B6803
:1031600093F80A31DBE7BDE8104000F0EBB95A688C
:103170001B784BB992F8103133B192F80D310371CD
:1031800092F80C314371CBE792F80B31037192F84E
:103190000A31F7E75B68B3F854200271120A4271F2
:1031A000B3F812218271120AC271B3F85020027270
:1031B000120A4272B3F8103183721B0AC372AFE76E
:1031C0005B6893F82621027193F82731DAE7124AF7
:1031D0001468002CA4D001461A4623202346BDE8DB
:1031E000104018470C4A1468002C99D001461A4622
:1031F0002420F3E7084A1468002C91D001461A46AF
:103200002520EBE75B68BDE8104093F83722D3F840
:1032100038120AF076B800BFA00700203F2803D874
:10322000064B53F82000704700F10A03DBB2022B73
:1032300001D8B638F4E70020704700BF88050020A9
:103240003F2803D8064B53F82000704700F10A03CB
:10325000DBB2022B01D8B638F4E70020704700BF7C
:1032600094060020F7B545682E6904464FF6FF77AF
:103270000DF102010DF101023046ADF8027008F0C7
:1032800000FE01A9304608F021FE40B1019808F087
:10329000E5FE616800220272FFF7CEFDE8E704490F
:1032A00005F1A00003B0BDE8F0400AF0ABB800BFE4
:1032B00015D60000F0B5044685B00D46FF2600F88F
:1032C000856C10F8863CF3B1184F3B781BB1482150
:1032D0001F20FCF7E7FF0C21381DFDF729F93E7090
:1032E000002304F8853C2A46072302F8033BD4F860
:1032F0000930C5F80330D4F80D305360D4F81130DC
:10330000936005B0F0BD01A80C21FDF711F9A4F5FB
:103310001373039AC3F8042101AB03CB44F88E0C5A
:1033200044F88A1C04F8866CDAE700BF1418002001
:1033300010B5054C23782BB90C21201DFDF7F8F8AA
:10334000FF23237010BD00BF14180020024690F820
:10335000C631BBB990F8C73103F0FF010BB10020B3
:103360007047094B18780028F9D01970D968C2F84D
:103370000411043303CBC2F8BE01C2F8C211FF230B
:1033800082F8C631012070471418002038B5426811
:1033900092F8873004460D463BB1132B05D0113B04
:1033A0000B2B8CBF0120082038BD92F8C83013B910
:1033B00020460AF0ECF86268D5F80E30C2F8B63153
:1033C000D5F81230C2F8BA316368D5F81620C3F8C0
:1033D00000211A88A3F855226A68C3F85722AA6800
:1033E000C3F85B226368AA89A3F85F22636800259B
:1033F00083F8C6516068054900F5137009F0FFFFB6
:103400006368152283F887202846CDE7B53200008F
:1034100038B5436893F887201C2A044604D04FF43B
:10342000DE711F20FCF73EFF93F8C8101D880022B4
:1034300083F8C72003F5C97069B10B4983F8C82028
:10344000A3F89C5183F89B2109F0D9FF63680022FF
:1034500083F8872038BD012283F89B11A3F89C5183
:10346000024983F89E21EFE7CBD70000BDD70000CB
:1034700038B54568AB6F13F0010417D14A680C4B9F
:10348000896813400B4AC5F8D830C3F3076343F08B
:1034900008030A4085F8DB30C5F8DC200AF077F82D
:1034A000AB6F43F00103AB67204638BD0120FCE75A
:1034B0002FC904F76FDB008008B5406890F88630AC
:1034C000042B28D14B688A68C0F8D830C3F307634F
:1034D00043F0080380F8DB300023C0F8DC2080F8DC
:1034E000C23080F8863090F8743103F0FF020BB1DF
:1034F000002008BD0388A0F8763180F875214B685C
:10350000C0F878318B68C0F87C31044900F5B6709A
:1035100009F075FFECE70120EBE700BFADD8000034
:10352000406890F8743153B90388A0F876311A23B3
:1035300080F87531024900F5B67009F060BF704738
:10354000ADD8000010B50446FEF7A0FD034A044BB9
:1035500002400B406260A36010BD00BF2FC904F79A
:103560006FDB008037B50C464568FEF78FFD084AD3
:10357000084B0A4095F8D8100192034000930B4085
:103580008DF800306B4603CB6060A16003B030BDA6
:103590006FDB00802FC904F738B5DB04154604D56E
:1035A000037D13B10023436338BD446B013444638E
:1035B0000AF0E3F9836B9C42F6D30023436303498B
:1035C0002846BDE8384009F023BF00BF09D90000F4
:1035D00038B5446894F88630012B054602D0A36FB5
:1035E00098073CD494F8C9309A0715D40A7984F81E
:1035F000D320B1F80520A4F8D420B1F80720A4F80E
:10360000D620D80743F0020284F8C9200FD5154907
:1036100004F1CA0009F0FCFE94F8C930D90711D4AE
:10362000A36F9A0708D555214020FCF73BFE94F87C
:103630002A31002BEBD1EFE743F00203A3672846C2
:1036400009F0A5FF94F88630012B4FF0000301D05C
:10365000002038BD84F8863084F8C230F8E70120B5
:10366000F7E700BF9BD9000070B545680446FFF737
:1036700079F9054B85F885001B6801461BB120468A
:10368000BDE87040184770BDA8070020024B1B68BA
:1036900003B11847704700BFA4070020F0B51F4DC5
:1036A0002B78002414709BB1013B6D68DBB21E1BAC
:1036B000012E0FDC05EBC40655F8347076688E4297
:1036C00008BF874227D0B84271EB060612D21470A9
:1036D0000020F0BD1E19771005EBC70E55F837C056
:1036E000DEF804708445C6F347068F412CBF33468D
:1036F0003446DCE705EBC30455F8335064688C426C
:1037000008BF854206D0A84271EB040428BF0133EC
:103710001370DDE71C4614700120DAE7341800202E
:1037200010F0070208B503D063214820FCF7BAFD6A
:1037300018B1034B197258601A70C80008BD00BF59
:1037400034180020014B00221A70704734180020F2
:103750000A46822302F8033B04480368C1F8033099
:103760004368536083689360704700BF3D18002032
:1037700002481622002107F017BB00BF3D180020A9
:1037800082B002AB03E903000B48437D93B15306BB
:1037900010D50A880280D1F81822B1F88030426032
:1037A000D1F81C2205498260438002220C3002B00D
:1037B000FFF754BB02B070473D180020513700009E
:1037C000094B53F8203070B503F523430C461646D9
:1037D000A1334FF47A72B3FBF2F503F01FFB3444CC
:1037E0002C44204470BD00BFC85D02002DE9F04F9D
:1037F0008DB09A4690F86930029304468946069245
:1038000009F03BFA834694F87300FFF78BF8834482
:103810000AF00AF994F887300393069B1FFA8BFB92
:1038200000F1500783BB94F8DC31032B2CD1039BB0
:103830000D2B29D1B4F83C324B4525D1D4F8E431D5
:10384000C4F8D031A369B4F8B421C4F8D431B4F8C1
:103850002A321344C4F8D831204602F001FAD4E9E0
:103860009023A262B4F83E22A285D4F848222262B4
:1038700041F64B529342A3618CBF0023012384F88D
:103880007230022384F8DC31B4F82852B4F8808016
:10389000A9EB05052DB204F5FC73002D0493BFBF01
:1038A000D4E98423C4E9882301230493CD4BA8BF22
:1038B000CDF810A0A9EB08081B780FFA88F8B8BF5C
:1038C000454613B106F050FB58B9002694F8DC3198
:1038D000032B00F2DC81DFE813F069006301BA001A
:1038E0008901B4F8C831012BEFD994F8DC31022BEF
:1038F000EBD094F8F661002EE7D194F87300FFF74F
:1039000011F894F8DC3100F5C86B012B1FFA8BFB22
:10391000D9B23ED194F88A20A36A032A32D1D4F8CE
:10392000D42113445946D4F8D401079306F0E0FAA1
:10393000D4F8D061079BD4F8D821C4F8D001861BF5
:1039400059461846564306F0D3FAD4F8E031C4F885
:10395000E001C31A5946A0691E4406F0C9FAB4F83A
:10396000B431D4F8D82143445B1B9B1AD4F8E4212A
:10397000013B821A02FB03660123C4F8E40184F8C8
:10398000F631A3E73046079309F032FB079B034467
:10399000C8E7A069594606F0ABFAB4F8B461D4F8A8
:1039A000E4314644761BC31A5E43E5E7012100205B
:1039B00009F01EFB8046A06A5946404406F098FA7A
:1039C0005946C4F8E001A06906F092FA09A9C4F8C2
:1039D000E4010AA803F0DEF8099B0093D4E988010A
:1039E000DDE90A2305F03EF9029020460AF034F89A
:1039F000A16AD4F82C2294F869008D1803F016FA05
:103A0000D4F8E011029B203D6D1AED1B454400F5F2
:103A10002340ED1AA1304FF47A73B0FBF3F0A38D7D
:103A200030312D1A03EB410194F869003A46FFF753
:103A3000C7FED4F82C32EB1A2230B3F5917FC4F8CC
:103A4000E80159D240F2FC413020FCF72BFCA36A7C
:103A5000D4F8D4015946184406F04AFA5946C4F835
:103A6000E001A06906F044FAC4F8E401204609F038
:103A7000F3FFA36AD4F8D4511D44B4F8B431002B39
:103A800040F08A80BAF1000F00F0868094F8690057
:103A900003F0CCF9D4F8E011D4F8183294F8692086
:103AA0006D1A203D1D44D4E984BC4F4B53F82220AD
:103AB000A5EB0B054FF47A7302F2E732B2FBF3F297
:103AC0001544ED1B00F52340A130B0FBF3F02D1A97
:103AD000D4F8D821D4F8D03194F8690002FB03134C
:103AE000A18D303301EB43013A46FFF769FE012314
:103AF000C4F8E80184F8DC31A369D4F8E421E73B99
:103B00009B1ADF1B002384F8F831D4E988328742FE
:103B1000A5EB060528BF07465B1942F10002C4E980
:103B20008232C4F8B07104F1300009F09CFCD4E991
:103B30008223C4E98823B4F8A031A4F82892A3EB27
:103B400009031BB2002BD4BF00220122520084F8CB
:103B50000022039A38440D2AC4F8FC0100F09A8030
:103B6000BAF1000F40F0998094F8DC31002B00F09E
:103B7000B180A169D4F8E43104F5FC70C91A09F0E8
:103B8000D0F980B2002800F0A580169B03B1188000
:103B900001200DB0BDE8F08FD4F8E0116D1A97E761
:103BA000D4F8E411A369B4F8B421D4F8D8015B1AAD
:103BB0004244121A5D43D4F8E03102F1FF3CD4F8DC
:103BC000D021303302FB003301FB0C33A18D94F87C
:103BD00069003A4601EB4301FFF7F2FDC4F8E80142
:103BE0008AE700BF60180020C85D0200D4F8E4E155
:103BF000A369A3EB0E035D4394F88630252B03D015
:103C000094F88730252B0CD1B4F83C32A9EB030390
:103C10001B0406D4029A94F83F32002B18BF1A46B0
:103C20000292049BB4F8B4C143B3BCF1000F25D198
:103C3000D4E98623D4E98401904271EB030302D3D3
:103C40004FF4AA6100E794F869102C4B53F8213027
:103C5000D4E98401CDE904010498203A121A03F250
:103C6000E7314FF47A7B03F52343B1FBFBF10A44C0
:103C7000A133B3FBFBF3D21AD21B15440CEB0801A2
:103C80000EFB01F1303102983A464900A4E74FF4A7
:103C9000AD61D9E6BAF1000F1CD0B4F8C80118B371
:103CA000B4F8CA1194F8CC21A4F8CA1101FB02227D
:103CB000904201F101050DDD002B0BDD002384F89E
:103CC0000032A4F8CA51FFF739F900F007000130BB
:103CD00084F8CC0194F8F70104F5FC7104F0BAFD06
:103CE00020B940F2B151AFE60146DBE7069B83F015
:103CF000010384F8F43100204BE700BFC85D0200E7
:103D00002DE9F341044618B9E2213020FCF7CAFA44
:103D1000072900F2BF80DFE801F00486474742BD73
:103D200033BA04F083FFC4E94001204601F030F8C3
:103D3000D4F8F400CB3804F075FE10B940F27B21C2
:103D4000E3E720460AF02EFA0546F8B90146204678
:103D50000AF051F900F1E506D4F8F400B04209D2B6
:103D6000301A322838BF3220032104F07DFE051EB0
:103D700018BF0125C4F8F46020460AF02DFA3DB1C1
:103D8000204602B0BDE8F0410AF027BA0025F3E76B
:103D9000D4E94023C4E93A2302B0BDE8F08102B07F
:103DA000BDE8F04102F002BF0AF030F9002384F8C8
:103DB000F93007460E4604F085FC0722A7FB0235C2
:103DC00002FB0655D4F8EC200192D4F8E82013EB5E
:103DD0000208019BD4F8CC2045EB030532B157EA29
:103DE000060203D0404571EB050216D2022284F888
:103DF000F820D4F80821D4F80C31121A63EB010C26
:103E000094F818E1BEF1000F09D1012A7CF1000EEF
:103E100011DA204600F0C4FF05E00122E7E7012A9D
:103E20007CF1000CF5DB94F8C80004F065FC00237D
:103E300084F81031B0E7404571EB050E0FD23E43D8
:103E40000DD0B8EB000365EB01019A427CEB010059
:103E500005DB012B71F10000A4BF1A468C460F4907
:103E600094F8C8000123914284F811314FF0000307
:103E700084F8F03073EB0C03B8BF0A4604F1F0018C
:103E800004F0FEFE002887D140F2EF613DE74FF4D9
:103E900080713AE74FF4827137E700BF0040420F6C
:103EA0002DE9F04104460E46154690F8103103F016
:103EB000FF071BB10C273846BDE8F0810146474893
:103EC00004F02CFC20288046F4D05722394604F117
:103ED000C90006F069FF84F8C880C4F8CC60FF23ED
:103EE00084F8103136B1FFF741F800F007000130D7
:103EF00086F8CC0102234FF00008A4F8F83084F8CB
:103F0000F08006F057F800F19E0620460AF04AF9C4
:103F1000B6B20146C8B308F0B0FE00F5CD6189B273
:103F2000284605F0E5FF2844C4F8F40004F0CAFB75
:103F3000301841F10001C4E94001012084F8D000AB
:103F4000A4F826800AF0EDF9E53D2D1AC4F8D45006
:103F50004FF0FF356FF00041D4E94023C4E94251EE
:103F60000025C4E93823C4E93A2394F8C80084F84A
:103F7000115142F2107204F1F00104F081FE38BBDD
:103F800040F2EB113020FCF78DF920460AF033F8AF
:103F9000DFF84C80E530C4F8F400B8F8020048B10E
:103FA000E08C38B1FEF7E2FFB8F80230B0FBF3F274
:103FB00002FB1300064404F085FB361841F10001B2
:103FC000C4E94061002DC3D0AD1941F10001C3E740
:103FD000294620460AF003F96DE700BF013D0000C5
:103FE00060180020F0B5002385B0CDE9003301232F
:103FF0008DF806306846FCF74DFD70B11D4E01236B
:1040000033710027CDE9027702A8FCF743FD05468E
:10401000C8B10023337105B0F0BD009809F037FE38
:10402000E8E790F8F70104F0A9FC94F8F70104F030
:10403000DFFD94F8F70184F8DC5104F05DFB2023E8
:1040400084F8F731DEE7029B002BDDD093F8F721EF
:10405000202AD9D018884FF6FF739842D9D0294624
:10406000FCF7DEFC04460028DBD140F2371130209B
:10407000FCF718F960180020054B002201215A7145
:1040800019701A7142F210725A80FFF7ABBF00BF6D
:1040900060180020014B5871704700BF6018002065
:1040A00008B502F053FA044B9A6882422ABF187985
:1040B000002080F0010008BD601800202DE9F347C2
:1040C0000446062900F2DA80DFE801F004867383F3
:1040D0008A8FD300D0E98401D4E98623904271EB22
:1040E000030354D294F8F631002B50D094F8DC310D
:1040F000032B4CD109F098FC94F869A0814608F094
:10410000BCFD064694F87300FEF70CFC064494F8D8
:104110007300FEF707FCD4E98423D4F81872D4F8AE
:10412000B05180465046BF1A02F078FE554A52F808
:104130002A20A5F1500302F52342A1324FF47A71EF
:10414000B2FBF1F29B1AA3EB09031B1A09F17909DF
:1041500009EB5309B6B2603B08F5C86873431FFA10
:1041600088F8B3FBF8F360335A08A9EB53039F4276
:1041700002D391444F4501D905F0FCFEA0693146B8
:1041800005F0B6FE0023C4F8E40184F8F6313E4B96
:104190001B7903F0FF0263B90092B4F8A411012364
:1041A0002046FFF723FB38B140F21E713020FCF7A8
:1041B00079F8042384F8DC3102F0DAFB04F086FAA3
:1041C000B4F88020A4F8F2210023A4F82A3284F85D
:1041D000F53102B0BDE8F087032380F8DC31F8E761
:1041E0000AF041FAC4E98601F3E790F86900264F26
:1041F00009F022FCB530D4F8E431A56995288CBFCC
:104200000020C0F19600C218954288BFED1A7B7954
:104210008CBF2D1A00251BB9236B9D4228BF1D465C
:1042200004F13000D4F8B06109F01DF90644022011
:1042300004F0D4FCAD1B25EAE575854228BF054690
:104240000221284604F010FC00B92E44012340F25C
:1042500045123146204609F05CF9D4F8B031B86017
:10426000A069184404F0DEFB0028B2D140F2A3316B
:104270009CE702B0BDE8F04709F0EEBB40F2ED71FB
:1042800094E700BFC85D0200601800202DE970436C
:104290000C4615466ABB0246174994F8C80004F05C
:1042A00067FA20B940F2FD713020FBF7FBFF02F006
:1042B0004DF9D4E94089064684F8D05084F810516D
:1042C0000121D4F8CC00FEF7BDFAD4F8CC00C0E947
:1042D000848994F8C83080F8F731C0E98889C0F83B
:1042E0002C6209F0A9FC02F043FBBDE8704304F026
:1042F000EDB940F61801D7E773DA0000014B58809A
:10430000704700BF60180020074A03461068D3F8C2
:104310005120C0F80320B3F85520A0F8072093F8E7
:10432000501008F05FBF00BF6C18002070B5044645
:104330000E466588407F15F00401134618BF04F14E
:104340005F013246FEF7D0F94107054621D4C20786
:104350000BD5012384F85030607FFEF729FA0368FB
:10436000C4F851308388A4F85530AB0701D401203C
:1043700070BD094B1868D4F85F30012184F85E10D5
:10438000C0F80930B4F86330A0F80D3008F033FFFE
:10439000EDE70020ECE700BF6C18002038B5C38DB6
:1043A0000F4D0133C3F30E03C385AB7C04462BB121
:1043B00002F0AEFB01F0D0FC0023AB7400232B71A4
:1043C00094F871302BB101212046BDE8384009F046
:1043D0000ABD637C13B1E28D9A42F4D20021F3E767
:1043E0006C18002010B5094C2379012B02D02379D9
:1043F000022B05D1A37C1BB102F08AFB01F0ACFCBF
:10440000E069BDE81040FFF7C9BF00BF6C1800208D
:1044100070B5294C2379012B07D02379022B04D0C6
:1044200040F65C412D20FBF73DFFA0B90125A37CA0
:104430001BB102F06DFB01F08FFC002D3AD0E0695A
:1044400009F04AFC002830D002F040FA236ABDE8A7
:1044500070409B6818472168E26911F8095B02F116
:104460005103E80992F8502008F00FFD0028DDD034
:104470002068002108F0E4FE0028D7D02379E06905
:10448000012B05D02379022B02D040F63541C9E734
:104490002379226A03F180435269013B05F00F0141
:1044A00052F8233098470546C1E7E069BDE87040FF
:1044B000FFF774BF70BD00BF6C180020074A0346A9
:1044C000D06903B909B9FFF769BF1379126A03F11B
:1044D00080431269033B52F8233018476C180020C0
:1044E0002DE9F043032985B00546174607D14388D7
:1044F000980723D40024204605B0BDE8F083428805
:1045000090F87030D107DBB2F4D5002BF2D14FF028
:104510000108DFF8D49099F81260C6B108F0EAFCFF
:104520000828387016D002AA0DF10701FEF7B2F87C
:1045300038B940F6D4612D20FBF7B4FE4FF00208E5
:10454000E7E79DF8070002A909F064FA06463B7800
:10455000082B08D1D9F8001011F8030BC0F3801014
:1045600009F058FA0646D9F8001095F8572011F8C6
:10457000030B05F15803C0F3801008F086FCD9F84E
:104580000010044611F8030BC0F3801008F0A8FCDB
:104590008146FEF71FF940B1B9F1080F1BD048461C
:1045A000FEF74AF880F00103D8B23A78082A14D00E
:1045B0001CB96C7FA21A544254416A8853079AD49A
:1045C000002897D176B9EC7C444518BF002C0CBF6D
:1045D000012400248FE70020E7E780F00102224059
:1045E000D4B2EAE7344686E76C1800202DE9F04F94
:1045F00085B008230DF10702052104468DF8073028
:10460000FFF76EFF064620B90026304605B0BDE82C
:10461000F08F744F3968FA7C11F8030B07F114031B
:10462000C0F3801008F031FC80460028ECD13B68D4
:10463000216A184691F88E2010F8035B02EA5512A1
:1046400002F0010281F88E20D3F80320C1F8032084
:104650008288A1F807201D46226A15F81F1BC1F3A6
:1046600080119170D3F81F00029002A92879087177
:10467000D3F80F00D061587D1D7D000440EA05206D
:10468000DD7C28435062B3F8190082F8728040F252
:10469000E24909FB00F090619D7DC5EB451005EBFB
:1046A000800505EB85056D009585B3F8170009FBBE
:1046B00000F09062B3F81B001084B3F81D00508422
:1046C00093F8243003F01F005B0982F89A0082F807
:1046D0007330256A94F912A005F18E0008F0DEFC13
:1046E00040F20113A5F868304FF0FF0B85F86AB06F
:1046F000414605F13000FEF7BDFB51462846FEF766
:1047000007F9236A84F87B801A88A4F87C2084F84F
:1047100099B04FF6FF72A4F89A209A69B2FBF9F2A9
:10472000A4F892201A8CA4F894205A8CA4F896200D
:1047300093F8732084F89820227F9DF8070004F1F5
:1047400086015AB394F85020012A27D194F85620B4
:1047500002F0C002402A21D1D4F85120C4F88620AA
:10476000B4F855208A809A7884F87F20082803F1CD
:10477000030504F18C01D3F8033004F1800227D043
:10478000C4F88C30AB888B8004F17F01FDF782FF89
:1047900040B940F6BB312D20FBF784FD0022C4F860
:1047A0008620DFE794F87F3043F0020384F87F30FF
:1047B00004F172000C4908F022FE0C4B206A1B68C1
:1047C00000223A71002B3FF420AF214698471CE7A6
:1047D000C4F88030AB8893800023C4F88C308B8081
:1047E000E6E700BF6C1800200DDF0000B0070020D6
:1047F000032973B5044604D0052952D0012002B024
:1048000070BD08230DF107028DF80730FFF768FE31
:104810000028F3D0237C274D03B39DF8070094F8BC
:10482000BE30DBB9237884F8BF30082804F1C10218
:1048300028D004F1C001FDF72DFF20B940F64A71E0
:104840002D20FBF72FFD94F8C03043F0020384F8CD
:10485000C030194904F1B60008F0D1FD2B680622DA
:1048600004265A701E702046FFF74EFD286894F803
:104870004020E16B08F0D5FC28682E7102F0C6F8E4
:104880000020BCE72868034613F8031BC1F380111E
:1048900084F8C010D0F80310C4F8C1109B8893802E
:1048A000D7E7064B1B68002BEAD0984780F0010041
:1048B000C0B2A4E76C180020F5DE0000AC070020B1
:1048C000F8B504460F4619B300F12805284609F04B
:1048D00001FDA0B963881A072ED5284609F011FDFD
:1048E0000646284609F0F6FC301AC0B209F019FD58
:1048F000474A936803442846936009F0C7FC28465A
:1049000009F0C9FC01F048FF2179252001F066FE7D
:104910003F4E94F85E203068002303704370638834
:10492000103B0D2B64D8DFE803F05F635B0C634042
:1049300063636363636363402046BDE8F840FFF749
:104940002DBD06234370202303702046FFF7DCFCB7
:10495000638823F008039BB2152B05D094F8382008
:10496000616B306808F04EFC306802F04FF80323AA
:1049700021793371002001F039FF054607B9F06055
:1049800063881B0704D509F0C9FC0544C4F8D85056
:104990006388103B0D2B36D8DFE803F038352F2F16
:1049A000352F353535353535352F0C2343700346D6
:1049B000212103F8091B52B1D4F85F20C0F8092067
:1049C000B4F863209A80012108F015FCBDE7A26DC0
:1049D000C0F80920B4F85C209A8094F85710F3E7E7
:1049E000062303704370B0E7022303700623F9E740
:1049F00040F236612D20FBF755FC21790120BDE8FE
:104A0000F84002F0ABB840F6CF41F3E7F8BD00BF85
:104A10006C18002038B54388102B044604D1BDE83B
:104A200038400121FFF74CBF0B4DAB7C23B101F0A7
:104A300079F9402002F060F8286801F0E7FF60880B
:104A400010F0040002D1217902F088F8002002F071
:104A500031F801232B7138BD6C180020024B012165
:104A6000D869FFF72DBF00BF6C18002010B5134C9C
:104A7000A37C1BB102F04CF801F06EF9E06909F07B
:104A80002BF970B12379012B10D12379226AE069C7
:104A9000D26803F18043013BBDE8104052F8233057
:104AA0001847E069BDE81040FFF778BC2379022B76
:104AB000EBD040F65E312D20FBF7F4FB6C180020A4
:104AC00010B50748037903F0FF0433B918222146D3
:104AD000043006F069F9204610BD0C24FBE700BF46
:104AE0006C18002010B5094C002323712060FFF7DB
:104AF000E7FF20B140F2EF212D20FBF7D3FB236A23
:104B000013B940F2F221F7E710BD00BF6C18002086
:104B1000014B024A1A6270476C180020EC4D0000ED
:104B2000034B044A1A60044B044A1A60704700BFE2
:104B3000AC070020ED450000B00700208D420000CA
:104B4000F8B5057DAF1E0446FFB2002D3AD0012F07
:104B50002DD800F1580190F8570008F0C1F9082845
:104B6000064624D0FDF774FD10BB023D18BF012599
:104B7000012F8CBF0027012784F8505027776677D4
:104B8000FDF782FD054603F09DFD174B0022E5FB76
:104B90000301C4E9120184F85E2011462046FFF7A4
:104BA000C5FB70B940F27A412D20FBF77BFB08264C
:104BB000022D09D104F151010020FDF733FC80B929
:104BC0000020F8BD0826F5E7E37E002BF8D0D4F8E6
:104BD0001530C4F85130B4F81930A4F85530012517
:104BE000C6E70025C4E700BF40420F00F0B5464EBF
:104BF000327985B0044602F0FF0312B90278FF2A29
:104C000004D140F6B9112D20FBF74CFB3382B36081
:104C10007371B37180F871303C4B00933C4B01933E
:104C20003C4B0293336A68465B68039301F0E6FEEF
:104C300001F018FD01F06CFF01F08EF8364801F02C
:104C4000A1FD04F12805354801F0D2FE284609F0FF
:104C50001DFB284609F01FFB01F09EFD2179252050
:104C600001F0BCFC94F9120001F086FD04F134015E
:104C7000206B07F0FEFA04F13C010746206B07F0B9
:104C80001FFB0546E7B194F82430CBB1B4F92E50A0
:104C9000ED43ED0F237F13B963885B0709D5D4E992
:104CA00012126FF000439A4208BFB1F1FF3F0ED1DC
:104CB000A5B930680330FDF705FDB07405B0F0BD4F
:104CC000002DE7D094F82550002DDFD1E2E703F066
:104CD000F9FCD4E9122390429941E9D301222946F3
:104CE0002046FFF723FB50B1FDF7CEFC054603F04D
:104CF000E9FC0B4BE5FB0301C4E91201D9E7002DE8
:104D0000D7D040F6F6117EE76C1800206D4A0000FF
:104D100011440000BD440000D6BE898E5555550093
:104D200040420F0073B50446FFF760FF00212046A4
:104D3000FFF7C6FDA36E0BB101221A606388DB0783
:104D400020D50023104E256ACDE90033FF23F374EC
:104D50006846FBF79FFEA8B9009CA542F8D06A7A86
:104D6000607A05F10A0304F10A0108F08EF80028C0
:104D7000EED0A378F374D4F803007061034BB4F859
:104D800007209A8002B070BD6C18002080180020A7
:104D9000024BD8611B6A1B68184700BF6C180020C3
:104DA00043881B0710B5044611D5036A0A493C2203
:104DB00080F87B201B88A0F87C30FF2380F8993096
:104DC0004FF6FF73A0F89A30723008F018FBFF23FB
:104DD00084F8713010BD00BF0DDF00005FDF000000
:104DE000154A000065DF0000F1470000254D000076
:104DF000E54300005D4A0000DC4D0000E04D00008E
:104E0000E84D00000138022808B503D9C3212F203E
:104E1000FBF748FA13290A4B05D811290CD8102999
:104E200007D0D121F3E71529FBD103EB4003D88844
:104E300001E033F8100008BD03EB40039889FAE75E
:104E40003C5D02000C4A1178034689B9906833B979
:104E5000B0F85810828F91420AD8FFF721B9938990
:104E60001B0707D590F88800073818BF0120704746
:104E70000020704701207047901800202D4AF8B597
:104E8000948903461C43402B9068948104D10421EB
:104E9000BDE8F840FFF712B9802B01D10521F7E7F3
:104EA00003F00304032C04D140F6CE213120FBF79C
:104EB000F9F913F0020418BF1161DD0705D551613E
:104EC000C97806290DD00B2917D02CB11169C978E2
:104ED00005291DD00B2927D09B0644BF082313703A
:104EE000F8BD90F887101829EFD10026002701217E
:104EF000C0E9386780F88B10E7E790F8871012292F
:104F000001BF002180F88B10012180F8C810DCE778
:104F100090F887101629DFD100240025C0E93A4512
:104F2000012180F88C10D7E790F887101129D3D190
:104F30000021F6E79018002037B5044601A8FDF7D8
:104F4000FBF920B940F6AE013120FBF7ABF9222284
:104F50000021019805F028FF019D0321284608F053
:104F6000BCF92B7823F010032B7001982146FDF734
:104F700041FD019905482246FEF7A2F8FDF7F0F938
:104F800010B940F6B801DFE703B030BD9418002037
:104F9000264B70B59C6894F83E5294F83F62002D01
:104FA0003DD194F86810002E3BD194F8693084F814
:104FB000681084F86930FF2384F86A301C4B1B6842
:104FC0000BB12046984794F82431012B01D035438A
:104FD00003D018480021FDF781F804F1300630466F
:104FE00008F041FA04F2351105462046FDF758FF56
:104FF00020460621FFF762F8304608F034FA854271
:10500000044610D203F0DEFD0146601B322838BF93
:10501000322003F029FDB0FA80F0400970BD294626
:10502000C1E73346C3E70120F8E700BF901800202E
:10503000C00700209418002010B5154B1B69197982
:10504000436893F88620092A09D193F809218A42F6
:1050500005D1002283F8862083F8C22010BD9A6F04
:1050600012F0080406D022F00802BDE810409A674A
:1050700008F097BAFF2905D1332283F8862083F8F8
:105080003442EBE740F24E513120FBF70BF900BF01
:1050900090180020F8B50D79A5F10E03DBB2152BA1
:1050A00004460DD8012606FA03F740F251221742B2
:1050B00008D14268152B92F8862028D0082B08D0FA
:1050C0000020F8BD024631462846BDE8F84009F008
:1050D0002CB9212A01D02E2AF2D1204608F04EFA0E
:1050E000636893F88720222AEAD093F8D92022F027
:1050F000010283F8D920626892F8D93023F00803BE
:1051000082F8D9301A212046FCF7E8FFD8E7282A90
:10511000D6D1034B1B68002BD2D09847D0E700BFF5
:10512000BC0700202DE9F041A0F10E040029E4B2F3
:1051300008BF1F21172C13460AD80126A64040F2AB
:1051400051273E4207D116F4600F23D1082C07D017
:105150000020BDE8F081BDE8F041002109F0E5B88C
:10516000546894F88620212A08D11846FCF7B6FF27
:10517000002384F8863084F8C230E9E72E2AE7D18C
:1051800094F88720A2F120010629F1D92E2AEFD028
:105190002A21EAE7054A1468002CD9D00A460146BC
:1051A00018462346BDE8F041184700BFB807002065
:1051B0002DE9F7437F4D0646AC68002840F0A480F7
:1051C000AB891A0724D594F80E31FE2B04D140F296
:1051D000D1513120FBF766F8FE2384F80E3194F8A4
:1051E00087301A2B06D184F8C700281D08F0D9F99A
:1051F00084F8876094F88630202B33D0332B3FD04F
:1052000094F88830072B02BF02232B7684F80E31E6
:10521000AB89DB073DD4AB895F0700F1AB80990711
:1052200040F1B280AB68012283F80F212B69DF784F
:105230000D2F00F0A680112F00F0B180072F00F095
:10524000B0803846FDF7FCFF0346002840F09A8006
:10525000FF2F40F0A880AA68332182F8861082F8D8
:10526000340291E094F88730A3F12002062A05D990
:105270002E2B03D0212384F88630C1E72E23FAE7B2
:10528000012384F83532002384F8863084F8C23054
:10529000B6E7D5F80890D5F8148099F88730113B17
:1052A0000B2B0BD898F80330023BDBB2092B7DD8CF
:1052B00040F2333222FA03F3D80777D54046FDF7A0
:1052C0007BFB98F8037020B939463B4808F091F908
:1052D00049E0012F01D9162F30D199F8860008F046
:1052E00075F940B199F88630202B04D0212B07D1D5
:1052F0002E2389F886303846FDF790FF03462AE0D2
:10530000162F14BF022620262B781B0712D594F8DF
:105310008730113B0B2B4BD9002501A903200195A8
:10532000FCF72CF8019B2BB11D720C220198214631
:10533000FDF750FD304603B0BDE8F083112F0ED0CD
:1053400005D8072F14D00D2FD5D11C4B08E0142FF2
:10535000D1D11B4B1B681BB998F80310B5E7194B4B
:1053600069691548984700283FF455AF0646CBE7D2
:10537000154BF5E794F88820062A04BF01222A7607
:105380004DE7124B0C489847AB89DA06BCD594F828
:1053900087300A2BB8D10B2384F88730B4E70C4B45
:1053A000F0E70C4BEEE740F2C45112E70826ABE7FA
:1053B0000820C0E7901800209418002069E400003D
:1053C000B4070020B1E4000095500000F9E30000AC
:1053D00017E40000395000002DE9F74FB64F0E4694
:1053E000B989BC688D0556BFB4F8B82000230132D6
:1053F00004F1780A804646BFA4F8B83084F8AF318B
:10540000A4F8B820504609F01EF830B10B4604F558
:10541000967221465046FEF7BFF8BB8903F4C0637D
:105420002BB194F88A30002B47D0032B4CD094F842
:105430008A20BB89012A04D1180544BF022284F8BE
:105440008A20B8F1000F40F0958059065DBFB4F88E
:10545000C821013292B24246A4F8C82103F00A02E0
:105460000A2A0DD13A69D278022A09D123F0080319
:105470003046BB81FFF79CFE08233043C6B2BB8198
:105480003046FFF795FEBD6895F80E313043FE2B90
:10549000C6B23CD1DEBB95F88830063B012B36D92D
:1054A00095F81831ABB195F81931A5F8BC6085F8BD
:1054B00010310122022128462BE1012184F88A10B3
:1054C0002046FEF7FBFDB2E7022384F88A30012173
:1054D000F6E795F88790A9F110095FFA89F9B9F113
:1054E0000C0F40F2ED80AB6FDA0702D5324609218E
:1054F000E1E7980740F1938032460C21284608F0F6
:1055000062FF95F8C93043F0010385F8C930B4F85B
:10551000A83194F8AC510133A4F8A831002D00F063
:10552000FD81FBF71DFF10B10023A4F8A83194F80A
:105530008A10012940F2278294F88830072B40F026
:105540000582B4F8B830022B40F21D82B4F8BA508C
:105550000135ADB2B4F880302B44A4F8A03194F8F2
:10556000AD31002B00F013820123B4F880201344E6
:10557000A4F8A431BB89BD685B065FBFB5F8B43140
:10558000B5F8A6219B189BB248BF0023A5F8B431FB
:1055900095F8183123B995F88830063B012B06D8C9
:1055A000B5F8BC30B5F8A6211344A5F8BC3095F881
:1055B000C21031B1B5F8BE30B5F8A6211344A5F834
:1055C000BE3095F9C620002AC1BFB5F8C430B5F881
:1055D000A6011B18A5F8C43095F8A93063B9B8F135
:1055E000000F40F065823B7E022B40F0178295F859
:1055F0001031062B18BF162395F8A82022B92F4882
:1056000085F8A930FDF72EFE284608F08AFF002312
:1056100084F8AB3103B0BDE8F04FFCF7C7BE5907C3
:1056200002D53246132146E71A0706D595F8083108
:1056300085F81031324607213DE713F0300F35D0A1
:1056400095F81B31002B4AD195F81A31CBB195F85A
:105650008730252B05F58D7105F23E2224D095F873
:105660008630A3F1250043424341284607F0FFFE60
:10567000AB6F23F0200343F01003AB67002385F8E2
:105680001A31AB6FDA062AD505F235112846FDF737
:1056900007FCB5F85230A5F81031B5F85630A5F82A
:1056A00012310022152106E70123DEE75B0616D53D
:1056B00000222421FFE600BF90180020941800204B
:1056C000D7F808B09BF88730113B0B2B0ED8DFE8DA
:1056D00003F01D0D0D0D232C0D0D0D0D0D55B8688E
:1056E00090F88730222B4FD0312B4AD095F8863056
:1056F000002B59D195F88730103B0C2B5CD995F8CD
:10570000B630002B58D001221221D4E600220B2102
:10571000584608F058FEFAE65846FDF717FE0028EE
:105720003FF4F5AE00220421F2E79BF83032012B62
:1057300008D100220521584608F045FE00238BF8C9
:105740003032E4E69BF83032022BD9B27FF4DFAE80
:105750009BF8C85025B106238BF810310022EAE7E8
:1057600003210622B34807F02BFF9BF8D83013F033
:10577000040F2A460CBF0D211121DCE7002206216F
:10578000C6E700221121C4E790F82431022B02D190
:1057900000221721BDE790F82431012BA6D190F803
:1057A0002531002BF4D0A1E7092B05D195F809315B
:1057B00085F8103101223EE7B9F10C0F7FF6A7AE54
:1057C000D7F8089099F886B0BBF1000F40F08C80B4
:1057D00099F82B313BB101220E21484608F0F3FD28
:1057E00089F82BB1ADE799F82A3193B199F8C9B08E
:1057F0001BF003030DD101220C2148464BF0010B95
:10580000019308F0E0FD89F8C9B0019B89F82A31BD
:1058100097E799F81A3133B399F81B311BBB99F804
:105820008730252B09F58D7109F23E2219D099F8A0
:105830008630A3F1250043424341484607F017FE56
:10584000002389F81A3101221421484608F0BBFDD3
:10585000B9F85230A9F81031B9F85630A9F8123118
:1058600055E60123E9E799F82431012B4BD199F84A
:105870002531002B47D199F88730A3F12002062A61
:1058800041D92E2B3FD099F86800012806D0022874
:1058900004D04FF461710620FAF704FD99F86910FD
:1058A000012901D00229F4D1022899F826210BD030
:1058B000012A14BF0022012242B90A3B042B13D94A
:1058C00001221621484624E7022AF2E7022999F824
:1058D000272116D0012A14BF00220122002AECD071
:1058E00054480021FCF7FAFB95F88630002B7FF432
:1058F0000EAE95F83432002B3FF409AE0122FF21A1
:10590000D9E5022AE7E74C4B1B68002BECD049484D
:105910009847FE280146E7D00122D3E7FBF71AFD9E
:1059200008B1A4F8A851FBF723FD00283FF4FFAD10
:1059300094F8AF310133DBB2022B84F8AF3182BF70
:105940000023A4F8A83184F8AF31F0E594F8B6301C
:105950001BB194F886300F2B15D1B4F8BA50B4F8B7
:10596000B8305046ED1A033D08F06DFD68B1D4F82B
:10597000B030D4F8AC20033B9B1A9D42A8BF1D4613
:10598000012D3FF7E6AD0125E4E52B46F5E7012DB6
:105990007FF6EAAD94F8873013B10B2B7FF4E4ADBA
:1059A00094F88630002B7FF4DFAD94F88830002B1C
:1059B0007FF4DAAD02297FF4D7AD94F8AF31002B34
:1059C0007FF4D2AD2069B4F82E9006F0AEFA00282C
:1059D0003FF4CAAD94F80E31FE2B7FF4C5ADB4F898
:1059E000A231012B7FF6C0ADB4F8A821238C9A42D6
:1059F000BFF4BAAD9B1A9BB2013DADB2B5FBF9F550
:105A00009D4228BF1D4619FB05F3003D03F101032C
:105A100018BF01259BB284F8AA51A6E5012B0DD130
:105A200095F88930002B7FF4E7AD00212846FEF77A
:105A300045FBECE594180020C40700205EB1F00699
:105A400034D4310734D4B20634D4B30734D140F659
:105A50004F21312020E739B1B5F8BE10B5F8C0307C
:105A6000994201D32223C7E5002A05DDB5F8C420F9
:105A7000B5F8C0309A42F5D2B5F8BC20B5F8BA30C6
:105A80009A420AD295F88A20B5F8B83052B1B5F8E2
:105A9000BA209A42C9D80823AEE595F81831002BF0
:105AA000E0D1EFE7052BC0D93E23A5E51E23A3E5F2
:105AB0003D23A1E523239FE52A239DE5634B73B591
:105AC0000025012604461E7198609D811D701D767B
:105AD000FF2380F8AB310088FCF728FC2088FCF716
:105AE0004FFCB4F8A231E3B194F80E31FE2B18D17B
:105AF00094F81831ABB194F88830063BB34210D912
:105B000094F81931A4F8BC50204684F8103132467C
:105B1000022108F058FC84F8AA510220FFF70CFA81
:105B200003E094F80E01FE28F8D1B4F8A611B4F8F9
:105B3000A821E38D013989B2B1FBF3F31344A4F832
:105B4000A831B4F8B83004F178060B44A4F8B830A2
:105B5000304608F078FC20B1D4F8AC300B44C4F8DF
:105B6000AC30B4F8A231012B9CBF0133A4F8A231B0
:105B7000002509B184F8AF5194F8873084F8AA5110
:105B8000A3F10A02012A1DD8B4F88030B4F83C22EF
:105B90009B1A19042FD404F23E2104F18E0007F061
:105BA0007DFA84F88750FF2384F8C330B4F8A62127
:105BB0002146304607F0B8FA98B340F6D3113120A9
:105BC000FAF770FB252B16D1B4F83C22B4F88030DC
:105BD0009B1A1A040FD484F88750FFF7D9F90146AD
:105BE00030B984F8240102B0BDE87040FFF7F4BB7F
:105BF00084F82451DAE794F8863003F0FD03252B6E
:105C0000D4D1B4F88030B4F83C229B1A1B04CDD414
:105C1000002384F88630FFF7BBF901460028C5D180
:105C2000E1E70B4B0B49009303C90B4B0B4AFBF706
:105C300073FA94F88730113B0B2B04D802B0BDE8FF
:105C40007040FBF761BA02B070BD00BF9018002031
:105C5000D953000094180020454E00007D4E0000EE
:105C6000D0F844328269934210B5044604D1D0F88A
:105C70004812026A914215D02288A4F88A2140F283
:105C8000E242B3FBF2F3A4F88C31B4F84832A4F842
:105C90008E31B4F84A320949A4F8903104F5C07045
:105CA00007F0B6FB02212046FCF7CCFD002384F868
:105CB0008730032384F88A3010BD00BF03D700006B
:105CC000064BD3F8000138B1D3F8040120B1D3F862
:105CD0000801B0FA80F04009704700BF00F00040B2
:105CE000034B00221A705A7010229A70704700BF3E
:105CF000AB18002070B50646022014460D4600F091
:105D0000ADF9064B01221A70054B033CC3F8104550
:105D1000C3F80865C3F8045570BD00BFAB18002078
:105D200000F0004008B5022000F098F9084B01226D
:105D30001A70084B0022C3F80021C3F80421C3F8ED
:105D4000082103F580334FF40002C3F8042508BD91
:105D5000AB18002000F000400E4A08B5137883B15C
:105D60000D4B4FF40001C3F80815FFF7A9FF68B108
:105D700001235370094BD3F80034DBB29370002336
:105D80001370BDE80840002000F068B9507010237F
:105D9000F4E700BFAB18002000F0014000F0004025
:105DA000094B1A7862B1094BD3F8002152B1D3F8EC
:105DB000040140B1D3F80801B0FA80F040097047FF
:105DC0005878704702207047AB18002000F0004060
:105DD00008B5074B1A783AB1FFF772FF30B1054B9F
:105DE000D3F80004C0B208BD9878FCE71020FAE7A9
:105DF000AB18002000F00040024B00221A705A70CD
:105E00009A707047AE1800202DE9F0410446012039
:105E10001E460F46904600F021F904F0030040EAC8
:105E20000643184D18482E7143F08073C0F80435AE
:105E3000164BC0F808751B68062B07D001331EBF30
:105E4000D0F8183568F30703C0F81835104B114A1D
:105E5000C3F8082514F0FB0F01BF0F4AC3F89825BB
:105E6000FC3AC3F89C250122022C6A70EC7007D81A
:105E7000054B2A700021C3F80011C3F800121A6004
:105E8000BDE8F081AE18002000F00040101B00209B
:105E900000F001400000020200F1004070B5194C12
:105EA000637823B94FF407713C20FAF7FBF9164BDE
:105EB000C3F80C15C3F81005E5780122A270C5B926
:105EC00024780CB9E321EFE7104CC3F804514FF4E8
:105ED0000035C4F80455D3F8006116B15A60C4F80F
:105EE00008550B7803704B78043343708B788370BC
:105EF00070BD00212270C3F80411C3F800221A609B
:105F0000F6E700BFAE18002000F0004000F00140AE
:105F10000E4A08B5537823B94FF412713C20FAF7B2
:105F2000C1F90B4BC3F80C150121C3F81005917092
:105F3000127812B940F20F11F0E70022C3F80421E1
:105F4000044B4FF00072C3F8042508BDAE180020C2
:105F500000F0004000F00140084B1A784AB10849AF
:105F6000084AC1F808250022C1F89825C1F89C25E7
:105F70001A7000225A709A70704700BFAE18002045
:105F800000F0014000000202194B1B7870B523B9E4
:105F900040F28A213C20FAF785F9164CD4F80431F6
:105FA000BBB90223C4F80433134B144E1D691A699C
:105FB00042F0100205F010051A61D4F804317BB1EB
:105FC00025B90D4A136923F0100313610223C4F8A5
:105FD0000833084BD3F80004003818BF012070BD07
:105FE0004FF40043C6F8803108F013FDE5E700BF29
:105FF000AE18002000F0004000ED00E000E100E0FD
:10600000014B01229A60704700F0004008B50A4B2E
:10601000D3F80025032A04BF01229A600022C3F8A6
:106020000025C3F80025FFF797FF044B4FF400024B
:10603000C3F8082508BD00BF00F0004000F0014093
:10604000054B4FF40042C3F88020BFF34F8FBFF3DE
:106050006F8FFFF7DBBF00BF00E100E010B5044623
:10606000FFF7D4FF012C06D0022C0CD054B18C21A8
:106070003D20FAF717F90B4B0222C3F800250A4A14
:10608000C3F8142510BD074B0322C3F80025064AA8
:10609000C3F8142503F580334FF40002C3F8042538
:1060A000F0E700BF00F00040B3180020044B186870
:1060B000062818BFB0F1FF3F0CBF01200020704739
:1060C000101B002008B5FFF7F1FF38B1044B18682A
:1060D000063810F1080F94BF0020012008BD00BF52
:1060E000141B002008B5FFF7E1FF38B1044B186816
:1060F000063810F1080F8CBF0020012008BD00BF3A
:10610000141B0020064B0022C3F80021C3F80C2109
:10611000C3F81021C3F80421C3F80821704700BF59
:1061200000100040024B00221A809A701A717047CA
:10613000C019002038B5144D95F83D200346084697
:1061400022B940F6B2113E20FAF7ACF86BB9012A39
:10615000AC6B95F83C1005D100F086FE20442B6B0B
:10616000C01A38BD08F089FAF8E7012B0AD1012AD4
:10617000AC6B95F83C1002D100F068FEEEE708F039
:1061800087FAEBE70020EAE7C019002008B5094BC1
:10619000012883F82400084B06D0022808D040F6D6
:1061A000EC613E20FAF77EF80322C3F8102508BD03
:1061B0000422FAE7C01900200010004008B5144B73
:1061C00093F84A30D90720D59A070ED5114BD3F84A
:1061D000002242F00102C3F80022D3F8500500F07B
:1061E000F600023818BF012008BD5B070DD50A4B29
:1061F0000A4AC3F8AC25A3F5B833D3F8403123B12C
:1062000040F28A713E20FAF74DF80120ECE700BF1A
:10621000C01900200010004000F0014008100040AC
:1062200008B570B9104B2831D96018460F4900F0F5
:10623000C3FE0130012816D940F66D013E20FAF761
:1062400031F801280CD1084B2931D960184607498B
:1062500000F0B8FE0130012805D940F67701EDE7DE
:1062600040F67B01EAE708BD280500205C5D0200DE
:1062700008B50C4B9B78012B09D100F0A9FE013029
:1062800001280ED940F604213E20FAF70BF8022B24
:1062900007D100F0A3FE0130012802D940F60A21FF
:1062A000F2E708BDC0190020094B0A4A1B8DB3F55F
:1062B000166F3ABFA3F6381343F48073A3F5166341
:1062C00000F07F00C2F80835C2F85405704700BFDF
:1062D000C01900200010004037B50D460446FFF7F6
:1062E00055FF2846FFF7E0FF1B4A01AB92F9252036
:1062F0002946204600F0FAFD9DF8050000F074FEE6
:1063000020B140F255713E20F9F7CCFF9DF9040011
:1063100000F094FD114A40F20313C2F8343540F204
:106320005B63C2F83835FFF7CDFE90B14FF0805374
:10633000D2F88825D3F82033022C22F4FE420CBF79
:10634000C3F30663C3F3062342EA0323034AC2F8F6
:10635000883503B030BD00BFC019002000100040D8
:1063600010B50C46FFF712FF2046FFF79DFF0F4ABE
:106370000023C2F81C31D2F8003243F48873C2F80B
:10638000003240F20313C2F8343540F25B63C2F8C6
:106390003835FFF797FE40B9FFF7A4FE28B9D2F8C9
:1063A000683543F4C023C2F8683510BD00100040C2
:1063B000F8B5414C0D4616460746002847D1012343
:1063C000A3702378012B2BD13C4B33F812304FF4C0
:1063D0007A7203F5FA73B3FBF2F3CD1A236B384AE2
:1063E000384E1D44384BC6F84055C2F8A835236CCA
:1063F00043F4002323644FF40023C2F804352378C8
:10640000002B47D194F84A3043F0020384F84A3015
:10641000FFF7D4FE0446002843D100242046F8BDEF
:10642000104694F82610FFF757FF284B33F8163024
:106430004FF47A7203F5FA73B3FBF2F3ED1A237893
:10644000002BCBD11E4B224AC3F8AC25C6E701284E
:106450001BD10223A3702378012B0AD11C4B0022ED
:10646000C3F81C21D3F8002242F48872C3F800223A
:10647000B4E794F826101046FFF772FF2378293D01
:10648000002BABD10E4B134ADEE74FF413613E20D5
:10649000F9F708FF012BBBD194F84A3043F004030D
:1064A000B4E70123F364D6F84C35AB42B5DA29469C
:1064B0003846FFF7B5FEB1E7C0190020DA5D0200EB
:1064C00000F001400080004040810040D45D0200A7
:1064D000001000400410004008B56022114800215F
:1064E00004F062FCFFF71EFE0F4B1B6823F0040252
:1064F0000A2A05D0102B03D0082B0ED1402200E031
:1065000024220A48FF2104F04FFC4FF08043002270
:10651000C3F8082EC3F8102E08BD0D2BEED038227C
:10652000EFE700BFC0190020101B0020000E004044
:10653000024B0344187E00F5166070475C5D020054
:10654000014B93F83C007047C0190020024B986B38
:106550001B6BC01A704700BFC01900200A4B93F88C
:106560003C20D3E90C30C01A084B03EB82031B6CB0
:10657000C01A074B53F822304FF47A7203F2F31328
:10658000B3FBF2F3C01A7047C01900205C5D020033
:10659000C85D020008B50F4A92F83C10012906D0E8
:1065A000022914D040F2C6213E20F9F77BFE40F6C6
:1065B000B830D2E90C239B1A074A02EB8102126C15
:1065C0009B1A4FF47A72B0FBF2F0184408BD4FF4F6
:1065D000FA60EEE7C01900205C5D0200FF2808B5F4
:1065E00004D940F2E5213E20F9F75CFE124B012967
:1065F000A3F8480004D0022919D040F24131F2E753
:1066000000230E4A43F4801340F0007043F4847377
:1066100040F44030C2F81435C2F81805D2F85035AD
:1066200003F0F703032B05D14FF45671DBE74FF06E
:106630008073E6E708BD00BFC019002000100040CD
:1066400008B5FFF73FFD50B1054AD2F8743723F083
:10665000807323F0010343F08073C2F8743708BDE0
:10666000001000403D4B022270B5C3F88020BFF3FC
:106670004F8FBFF36F8F3A4A0023C2F8FC3F0123CC
:10668000C2F8FC3FFFF72EFD28B1D2F83C3743F4A7
:106690008063C2F83C37FFF709FD58B1D2F83C37A8
:1066A00023F0004323F0FF0343F0004343F096033D
:1066B000C2F83C37FFF706FD294C38B1D4F8403713
:1066C00023F47F4343F4B053C4F84037254BC4F858
:1066D000783700F09BFC38B14FF08053D3F830335B
:1066E0005A1C18BFC4F84C374FF010231C4C1A6EBC
:1066F0001D4D531C1EBFD4F88C3562F31743C4F8EC
:106700008C350123C4F8303585F824300323C4F8D0
:10671000103540F20123C4F850360226134BC4F85A
:106720000062187C00F078FC114B124AC3F8042573
:106730000023AB87AB6385F84A3002F089FA074B38
:1067400028631022C3F88061C4F804231E602B6EF6
:1067500003B19847BDE8704000F022BC00E100E0C2
:10676000001000402C000089C019002028050020DE
:1067700000F001400000020C014B83F82500704737
:10678000C0190020034B020E0002C3F82425C3F8F1
:106790001C05704700100040044B054A034482F872
:1067A00026001B7E03F51663138570475C5D0200AF
:1067B000C019002010B504460068FFF7E3FF094B3D
:1067C0006268C3F83C25207AFFF7E6FF617A6089AA
:1067D000FFF704FF607AFFF7D9FC034B227B83F8B5
:1067E000252010BD00100040C0190020F8B5294C2C
:1067F00094F84A30DA0706460F4604D440F6BE0144
:106800003E20F9F74FFD244DD5F8002243F0020356
:1068100042F00102C5F8002284F84A3020BB01236F
:1068200094F82610A3703846FFF756FDA378012B85
:1068300002D040F6CA01E3E7184AD3642B60174B35
:10684000D3F84C5530462946FFF7EAFC236BED1A86
:10685000EEB9134B33F817304FF47A7203F5FA732D
:10686000B3FBF2F35819F8BD0128E8D1022394F8DC
:106870002610A3703846FFF773FDA378022B02D0D1
:1068800040F6D201BCE7054BDE646E60D7E705F148
:106890002900E8E7C01900200010004000800040F7
:1068A000D45D020008B5FFF783FD58B9064BC3F865
:1068B0004005A3F5E04301221A610220BDE808402B
:1068C000FCF7A8BA08BD00BF0080004037B5244BD4
:1068D0002449D3F8044302224FF0FF30C3F80803E1
:1068E000C1F880212049C3F80022002281F84A2003
:1068F0001E49C1F8402501F5B8314FF46025C1F8B3
:106900000855D3F85015C9B204F01004D1B18DF870
:106910000700C3F8102101221A619DF8072012B167
:10692000D3F810213AB19DF807305BB940F6F21167
:106930003E20F9F7B7FC9DF80720013AD2B28DF856
:106940000720EAE7FFF794FC05490023C1F810315E
:10695000FFF7E8FB14B11023C1F8043303B030BDD6
:106960000010004000E100E0C0190020008000405D
:1069700038B51B4D0024C5F84845C5F84445C5F851
:106980004045C5F84C45FFF7A1FF00F00FFB154B44
:1069900015491A6C1C6442F0446242F40032C1F89A
:1069A0000825C3E90D441C77104BC5F84845022261
:1069B000C5F84445C5F84045C5F84C45C5F84841BB
:1069C000C5F84441C5F84041C5F84C41C3F88020A2
:1069D000BFF34F8FBFF36F8FC3F8802138BD00BF67
:1069E00000800040C019002000F0014000E100E0FC
:1069F000014BC3F83C0570470010004010B50FC8AC
:106A0000014C84E80F0010BD241A002008B50B4B80
:106A1000C3F804050A4B93F84A20586442F0010277
:106A200083F84A20FFF7CAFB30B9FFF74FFFBDE8F4
:106A300008400320FCF7EEB908BD00BF001000407D
:106A4000C0190020174B1A6B10449A6B824210B584
:106A5000154C09D30220FCF7DDF90023C4F84035BA
:106A6000124B01221A610DE001221A77186262644A
:106A7000D4F844150531814205D30C4BD3F80411E9
:106A80000029EFD010BD0022C4F84421C4F8440509
:106A90001A6C42F480021A64054B4FF48002C3F86A
:106AA0000425EFE7C01900200080004000100040DE
:106AB00000F0014010B50E4C034694F83D0094F8E8
:106AC0003C100222012822774FF0960094F82420EF
:106AD0000BD100F0D5F9074A20620023C2F84431F7
:106AE000A36B0344C2F8443510BD00F0E3F9F2E7AC
:106AF000C019002000800040044BC3F86005D3F8A3
:106B0000002242F04002C3F800227047001000400B
:106B1000054BD3F8002222F04002C3F800220022E5
:106B2000C3F86025704700BF001000400A4A0146C4
:106B3000D2F81C0182B068B1D2F8483503F07F0367
:106B40005B420B700023C2F81C31D2F81C31019358
:106B5000019B012002B07047001000400022044B4E
:106B600090421A7014BF02220122D9705A707047E5
:106B7000C0190020054B0022C3F84025044AD2F872
:106B80005035DBB20BB10123136170470080004028
:106B90000010004030B5044BD3E914459B6DC0E9AB
:106BA00000450B6030BD00BFC01900202DE9F04743
:106BB000954D964C0123EB64D5F84C25236BB4F826
:106BC0004870A2EB030802F049F8C4F85880C4E901
:106BD0001401FFF74DFB8E4B226CC3F808250021F2
:106BE0008C4A2164D2F8003223F48E7323F001031F
:106BF000C2F80032237F84F84A1023B1D5F844311B
:106C00005B1A18BF0123A17801290AD1D2F80C51CF
:106C1000002D43D17F4BD3F81031A3B145F01005BF
:106C200011E0022938D17B4AD2F80C51D2F8002465
:106C3000003D18BF01256D00D10758BF45F0040580
:106C400033B345F00105FFF75DFAEA06A37803D5F3
:106C5000012B08BF45F020056B4A94F80190D2F84B
:106C60004815A163D2F8442584F83D3094F82430C7
:106C7000626384F83C30B9F1000F11D1FFF752FA8A
:106C800084F81C90EE0740F1A280636E984763E0A1
:106C900015F00B0FD7D1BDE70025BBE70825D2E7DC
:106CA00015F0110F0ED123792678B9F1010A18BF1A
:106CB0004FF0010A012B67D0022B7AD02BB14FF491
:106CC000456169E0FFF702FEDCE796215046FFF7D9
:106CD00031FA0146FFF726FA012E74D1B9F1010FFE
:106CE00014BF252337239844884567D90220FCF731
:106CF00091F8484B1E61A8076BD5FFF7E3F9E0B99F
:106D0000FFF7F0F9C8B9434BD3F85034D90114D583
:106D10001A0705D013F0F00F02D013F4706F0CD1E6
:106D20003C4AC3F304410129D2F8542405D1012A75
:106D300003D0C3F34253022BA7D9636C5B78BB42E9
:106D400088BF45F00405C5F3800080F00100A36E04
:106D5000314600F001009847A378022B12D1237F1F
:106D600083B1022B284A43D1A36B216A0B44C2F89A
:106D70004435236C43F480032364254B4FF4800295
:106D8000C3F80425BDE8F0872348FFF713FD94F806
:106D90003D3023B940F6B5013E20F9F783FA012BC7
:106DA00004D1FFF7F7FBA369C11893E7FFF7D6FB00
:106DB000F9E71948FFF7FEFCA1698BE7124B267033
:106DC0000022C3F84021E2785046FFF76BFD002611
:106DD00091E715F0280F05F0200105D0B1FA81F1F7
:106DE000E36E49093046B6E7EB06B5D5236F4DE7AC
:106DF000012B02D040F6AF51CEE7236AA16B8B4244
:106E0000B5D84FF45B61C7E700800040C01900208F
:106E100000F0014000100040C8190020024B03EBB5
:106E20008003186C704700BF5C5D0200024B03EBEF
:106E30008003D86C704700BF5C5D0200024BC0B29B
:106E4000C3F80C05704700BF00100040054B33F835
:106E5000113002384FF47A7203F2E733B3FBF2F3E6
:106E600018447047C05D0200044B4FF47A7233F847
:106E70001130B3FBF2F3013318447047C05D0200D8
:106E800038B51D460A4B33F8114003EB8203053534
:106E90009B681C4404F6B7344FF47A7303FB004438
:106EA0001046B4FBF3F4FFF7B9FF2544284438BD7E
:106EB000C05D020070B5064608461546FFF7B6FFEE
:106EC000094B03EB85039C684FF47A7304F6B734DF
:106ED00003FB0644241A2846B4FBF3F4FFF79EFF95
:106EE0000530204470BD00BFC05D02002DE9F04FA9
:106EF000264C87B0074698460D46164602F0F4FB2E
:106F00002378BB42814611D16378AB420ED194F90C
:106F10000230B3420AD1E378834207D1A388A8F8AC
:106F2000003094F9060007B0BDE8F08F7B1EDBB29D
:106F3000032B0DD8164A12F803A029460DF11703AA
:106F40003246504602F0D6FB38B14121A92002E07A
:106F500040F2FE410620F9F7A5F9039028469DF975
:106F600017B0FFF7E5FA039A0092034652464146EE
:106F7000584600F03FF8B8F80030A071A3802770A1
:106F80006570A67084F80390CBE700BF4005002031
:106F9000E05D0200014B1B681B681847C807002012
:106FA000014B1B685B681847C8070020014B1B6832
:106FB0009B681847C8070020014B1B681B691847CE
:106FC000C8070020014B1B685B691847C8070020F1
:106FD000014B1B689B691847C8070020014B1B68C1
:106FE000DB691847C8070020014B1B689B6A1847DC
:106FF000C807002030B4044C9DF80850246802955E
:10700000E468A44630BC6047C8070020014B1878EC
:10701000704700BF4C21002010B500220C491346D8
:1070200040FA02F4E40744BFCA545C1C02F10102B6
:1070300048BFE3B2042AF3D1054AFF24D118032B39
:1070400001D9107110BD013301F8014BDBB2F6E735
:107050005821002008B5074801F0F6F9054800F06E
:1070600039F801F09BFE01F07DFE00F0A3FC012049
:1070700008BD00BF5C1B002008B501F0C1F901F09C
:1070800031FF01F00DFFBDE8084000F0AFBC00BFCC
:1070900002F020B801F00ABA10B5EFF3108472B60E
:1070A00001F004FA04B962B610BD00BF01F010BAD5
:1070B00002F0EEB802F084B902F096B902F0E4B939
:1070C00002F0E8B902F0A8B808B52721032003F0C0
:1070D0007BFB00BF024B186000221A719A60704758
:1070E000641B002070B582B01E4C2379012B11D097
:1070F000DAB2022A0BD1A0680DF1070100F08EFC74
:107100000023A36023719DF8070002B070BD012029
:1071100002B070BDA0680DF1070100F075FCA56814
:107120006B7DDB07ECD5AB7F042BE9D001F014FAC3
:1071300006460028E4D001F015FA2A69B3682E68E3
:107140006D68961945F1000500220A3342F10002EC
:107150001B1842EB0102B342AA41D1D3A06800F050
:1071600041FDCDE7641B0020837F0BB100207047F9
:1071700010B50A684B688C68D1F80CC0C0F80CC018
:107180008460026043600A694B69436101240261C3
:107190008477054B1A792AB998601C7101F078F947
:1071A000204610BDFFF790FF641B002070B5044619
:1071B00082B00D4601F0D0F9A37F012B17D02B68C8
:1071C0006A68A9680646E868E060A16023606260BA
:1071D0006A692B69626101222361A2770DF10701BF
:1071E000204600F011FC2EB1012002B070BD00203D
:1071F00002B070BD024B0421186807F0B1FBF3E741
:10720000641B002070B5044682B00D4601F0A4F95D
:10721000A37F012B1CD02B686A68A9680646E86822
:10722000E060A160236062606A692B69626101228B
:107230002361A27720460DF1070100F0E5FB084C21
:107240004EB12068062107F08BFB012002B070BD13
:10725000002002B070BD2068042107F081FBF0E738
:10726000641B0020024B0621186807F079BB00BFA1
:10727000641B002010B5EFF3108472B601F06CF9B6
:1072800038B1064B0621186807F06AFB04B962B6EC
:1072900010BDC921032003F097FA00BF641B002032
:1072A00010B5084B1A7952B90446986002221A7137
:1072B00001F0EEF8A07FB0FA80F0400910BDFFF7B2
:1072C00003FF00BF641B002038B5837FC3B10446B1
:1072D00009E0A37F042B09D0A37F012B11D007F075
:1072E00098FBA37F63B1A37F032BF2D1EFF310854B
:1072F00072B6204600F0B0FB05B962B6A37F2BB989
:1073000038BD4FF48971032003F05EFA40F20D118D
:10731000032003F059FA00BF38B5194B1A7962BB44
:107320000446986002221A7101F0B2F8A37F5BB99B
:1073300038BDA37F032B0BD0A37F042B08D0A37FE2
:10734000012B15D007F065FBA37F002BF1D1EFE7F0
:10735000EFF3108572B6204600F07EFB05B962B6E9
:10736000A37F002BE4D040F20D11032003F02CFA90
:107370004FF48971032003F027FAFFF7A5FE00BF41
:10738000641B002010B582B00DF1070100F046FB30
:10739000044601F0E1F810B1204602B010BD40F201
:1073A0002F11032003F010FA70B50D46044601F0CA
:1073B000D9F8A4680346E41841F10006284633468C
:1073C000224600F0A1FBA04271EB06034FF000053E
:1073D0000CD3001B6FF0010361EB0601834275EBD8
:1073E000010100D370BD4FF0FF3070BD284670BD65
:1073F000F8B504460E46EFF3108572B601F0B2F808
:10740000A468241841F1000730463B46224600F0AC
:107410007BFBA04271EB07034FF000060ED3001B6D
:107420006FF0010361EB0701834276EB010102D3A8
:1074300005B962B6F8BD4FF0FF30F9E73046F7E71F
:107440002DE9F04185680C46002349195B4113B1D1
:107450000020BDE8F0811746064601F083F82A189F
:1074600041F100033846A51843F1000800F04CFB39
:10747000A84271EB0801EBD301F02CFE00F0EAFA10
:10748000B368377523440120B360BDE8F08100BFC5
:107490002DE9F843EFF3108872B6846863184FF053
:1074A00000035B4133B10020B8F1000F00D162B698
:1074B000BDE8F88317460D46064601F053F822183A
:1074C00041F100033846AC1843F1000900F01CFB01
:1074D000A04271EB0901E6D301F0FCFD00F0BAFA1D
:1074E000B36837752B440120B360DDE7837F012B40
:1074F00001D00020704700F019BC00BFD0E90001A6
:10750000704700BF0069704701F02CB810B5EFF369
:10751000108472B601F026F804B962B610BD00BF3F
:1075200080687047007D7047F8B50369002B4ED125
:10753000044601F0CFFD05460E4602F00FFD78B37C
:10754000D4E90003643546F10006A84273EB060255
:1075500023D3C4E90003EFF3108672B600F0FCFFFA
:10756000054698B100F0FEFFAB6800220B3342F1F4
:1075700000021B1842EB0101D4E90002834271EBC7
:1075800002053CBF03461146C4E9003106B962B6A4
:107590002046BDE8F84000F04DBB28463346D8E70A
:1075A00002F008FD074600F0F3FFB8422168626868
:1075B00038BF3846963546F10006401946F10003BB
:1075C000884273EB02053CBF08461346C1E740F210
:1075D000D511032003F0F8F8F8B5254C00222260FD
:1075E000EFF3108172B6636823606260A26009B92C
:1075F00062B623686BB300259A79032AA3F11800B9
:1076000028D01F6877B3BA79042AA7F118038446F3
:107610004FF000060FD1818B9A8B521A12049A698F
:1076200044BF0CF11806184642B19C46A2F118035B
:107630009A7F042AEFD09B7F032B15D196B1336834
:107640001B683360C3688577022198472368002B45
:10765000D2D1F8BD196853F80C2C9D71216001211D
:107660009047F3E72760EDE763219F2003F0ACF834
:10767000701B00202DE9F84F3A4B4FF00008C2F87C
:107680000080D3F80CE0BEF1000F5ED0AEF1180C14
:10769000E1469246D9F81850002D45D0DCF800405C
:1076A00055F8186CDCF8042055F8147CA64277EBEA
:1076B0000203A5F1180E50D3844272EB01030BD2E2
:1076C000DCF810301B1942F1000298421C4671EBA5
:1076D00002033CBF04460A46864277EB01030BD205
:1076E00055F8083C9B1947F1000798421E4671EB7C
:1076F00007033CBF06460F46DCF808300A3348F162
:10770000000B1B1942EB0B029E4277EB02020BD2DD
:107710009CF8143015F8042C9A4209D00ED3F14687
:10772000D9F81850002DB9D1E6467046BDE8F88F5B
:10773000AB88BCF81C209B1A1B04F0D509F1180378
:10774000CAF80030D9F8183013B97046BDE8F88F80
:10775000F446A3F1180EF146E2E7BF219F2003F0A3
:1077600033F800BF701B00202DE9F047234EF4686A
:107770007CB30025A8464FF0040AAE46234653E9E1
:1077800006C2844572EB0109246824D253F8087CB0
:1077900017EB0C0C42F1000284458A411BD205B361
:1077A0002A6812682A6083F806A0726883F800E0ED
:1077B00083F801E083F802E083F803E07AB1B2686D
:1077C0001360B3604FF00108002CD7D1B8F1000F5F
:1077D0000DD1BDE8F0871D46002CCFD1F6E77360D0
:1077E000EFE7F268002ADED01268F260DBE7044BB4
:1077F000BDE8F047187803F0A5B900BF701B002062
:10780000110800202DE9F04F684B0468D3F80C8074
:1078100085B0054682838A464068B8F1000F00F0C3
:10782000BA800026A8F11802B446D2E900366F7D6E
:107830009C4270EB060107F00107C1462AD3F7B15D
:1078400092F814C0297D8C4519D89168C91846F161
:10785000000311F10A0843F1000E444570EB0E06D7
:1078600057D22E69361940F1000CB0457EEB0C0B57
:1078700001D24646F4468E427CEB030C4FD393690B
:10788000944673B1A3F11802D2E900369C4270EB22
:107890000601D4D2C846002F00F085801346624608
:1078A00002E0C846002F57D0AE68361940F10009F3
:1078B000002B65D0CDE90082D3E9007116F10A0CE6
:1078C00049F10002BC458A4158D31A7D95F814C08D
:1078D000944519D39A68D21941F1000112F10A08AE
:1078E00041F1000E444570EB0E0751D22F693F194C
:1078F00040F1000CB8457EEB0C0B01D24746F44634
:1079000097427CEB010C0AD39B69002B36D0183BC5
:10791000D2E7264684468E427CEB030CAFD2234A44
:107920000423AB77516800232B766B76AB76EB762E
:1079300005F118021D4B002933D09B681A601C4BBF
:107940001A4918788A6003F0FDF800258AF800507B
:1079500005B0BDE8F08F9369294641F8183F916161
:1079600003AA00210020FFF785FE2D1AB5FA85F540
:107970006D098AF8005005B0BDE8F08FDDE900829E
:10798000002AE8D12B46094A43F8188FD360E7E76D
:1079900027468446B4E76B7DDB07F3D54246434672
:1079A00082E75A60CBE76246EAE700BF701B00201F
:1079B0001108002010B50A4C2378FF2B0AD1094882
:1079C00003F096F8084B20700022DA605A609A6043
:1079D0001A8210BD4FF484719F2002F0F5FE00BFA3
:1079E00011080020D9750000701B002010B5054C4F
:1079F0002078FF2800D110BD03F094F8FF232370F6
:107A000010BD00BF11080020034B1A8A02F1010CBF
:107A1000A3F810C0F6E600BF701B002030B583B09D
:107A200004460D4601AA00210020FFF723FE03466D
:107A3000E31AB3FA83F35B0905482B7004F11801CC
:107A400006F0B4FF10B10023A377012003B030BDCE
:107A50007C1B002088E600BF70B5154E7368054694
:107A600000F11801BBB17368002423B913E01A6850
:107A70001C4682B113469942F9D10CB1AA69226021
:107A80007268914204BF1B687360B36899420AD060
:107A90000023AB7770BD064806F088FF0028F9D0B8
:107AA0000023AB77F6E70023B460AB77F2E700BFC3
:107AB000701B002030B5054683B00C46FFF754FE1E
:107AC00001AA28462146FFF7D5FD28B1054B00F154
:107AD00018025A6103B030BD024B02465A6103B02E
:107AE00030BD00BF701B002010B5064C616904F169
:107AF0000C0006F05BFF18B1606900231838636161
:107B000010BD00BF701B00201C49C96839B3A1F12A
:107B1000180C9CF8141081421DD870B5DCE90041A6
:107B200012F10A0543F1000EAC4271EB0E0620D2B1
:107B3000DCF81060341941F10001AC4271EB0E0128
:107B400015D2DCF8181071B1A1F1180C9CF81410C2
:107B50008142F6D8E2E7DCF818100029D7D14FF0BF
:107B6000FF30014670474FF0FF30014670BD2C4694
:107B70007146B4F10A0041F1FF3170BD701B002065
:107B800010B5837F022B06D0837F012B02D0837F29
:107B9000042B1DD110BD437D13F0020313D103212B
:107BA0000E4A81775468037600F118014376837694
:107BB000C3765CB193681960094B9160BDE81040D1
:107BC000187802F0BFBF0023837710BD5160F3E740
:107BD0004FF4FB719F2002F0F7FD00BF701B0020E7
:107BE0001108002070B5114D00F118060446314609
:107BF00005F10C0006F0DAFE98B10423A3776A6859
:107C0000002323766376A376E37642B1AB681E60E9
:107C1000074BAE601878BDE8704002F093BF6E600D
:107C2000F6E74FF400719F2002F0CEFD701B00209C
:107C3000110800202DE9F04F066983B0002E6ED1A7
:107C4000D0E900158368077DEFF3108472B6DFF882
:107C5000D8C0DCF80C20002A52D0BCF8108013F1F8
:107C60000A0E46F10006CDE90008183AB046D2E9FE
:107C7000003611EB0E0A45EB08099A4579EB060C24
:107C80003DD38B4276EB050C27D3106910EB030C28
:107C900046F1000BD4457BEB090B34BF4FF0010CD0
:107CA0004FF0000CBCF1000F13D092F814C0BC458B
:107CB0002DD034BF4FF0010C4FF0000CBCF1000F81
:107CC00007D013F10A01936846F10005591845F1F0
:107CD000000592699AB1183AC9E7906813F10A0C45
:107CE00046F1000910EB0C0C49F10009614575EBF8
:107CF000090934BF4FF0010C4FF0000CD2E7009897
:107D000004B962B6C0E9001503B0BDE8F08FB2F85F
:107D10001CC00198ACEB000CCCF3C03CCEE740F2A9
:107D20001F219F2002F050FD701B002070B50546FA
:107D300082B00C4601AA00210020AE8BFFF79AFC0E
:107D40000346EB1AB3FA83F35B0910488DF803304E
:107D500005F1180106F02AFE98B10023AB77A4467E
:107D6000BCE80F002C460FC49CE80300324684E8B0
:107D7000030028460DF10301FFF744FD012002B086
:107D800070BD40F24A219F2002F01EFD7C1B0020A6
:107D9000024B0521186806F0E3BD00BF881B0020D8
:107DA000042970B512D00CD905292ED1194E757938
:107DB00005F0FD05012D11D040F2BF11B02002F0F9
:107DC00003FD0239012920D8002070BDFFF78AF990
:107DD0000028F9D00F4B01221A71F5E70446B0795B
:107DE0000028E9D1B3689847D6E90401B3690A4A83
:107DF000B571323841F1FF31C01841F1000101F095
:107E0000F3F8064B2360022070BD40F2C911B02088
:107E100002F0DAFC881B0020917D000081810000C7
:107E2000054BD86910B1C3680621184710B540F258
:107E30008D21B02002F0C8FC881B00202DE9F843FA
:107E40001646002B6AD0D3E90089804579EB0103FF
:107E50003CBF89468046474F04460D46404649464A
:107E6000C7E9088901F08CFB3B8DB8EB040403F1F2
:107E7000640369EB05050022A342AA410FDBBB693D
:107E800003F5E1739C4275F1000519DA3A4A404660
:107E9000494601F0A9F8394B3360BDE8F883BA7957
:107EA0007B791AB39A1E012A1AD9B9690022012BCB
:107EB00001F5E171BA7144D08C4275F10005E5DB42
:107EC00001F06AFB02F044F8BB692B4AB8EB0300EF
:107ED00069F1000101F088F8294B3360BDE8F883AF
:107EE000BB68012098470023BB717B79BA69012BDD
:107EF00002F5E172114624D0032BDDD1944275F1D5
:107F0000000522DA388D1C4AB8EB000069F1000147
:107F100001F06AF81B4B3360BDE8F883154FBB795D
:107F20001BB17B79023B012B20D90023BB7101F0EF
:107F300033FB02F00DF801F025FB134B3360BDE875
:107F4000F8838C4275F10005DCDB01F025FB01F0C4
:107F5000FFFF388DBB698342B7D2B8EB0000064AF9
:107F600069F1000101F040F8084B95E7BB6801207A
:107F70009847DAE7881B0020917D0000818300008C
:107F800031820000917F0000D18200000183000057
:107F9000042970B5044612D00CD9052931D11B4EE5
:107FA000757905F0FD05012D1DD04FF40D71B02040
:107FB00002F00AFC0239012923D8002070BDFFF726
:107FC00091F80028F9D001F073F801F083F8064623
:107FD0000D46FFF76FFD2246034629463046FFF760
:107FE0002DFF022070BDB0790028DED1B36898471C
:107FF000D6E90801064AB57100F0F6FF054B23608B
:10800000EFE74FF40F71B02002F0DEFB881B002079
:10801000917D00008183000002392DE9F04104299F
:108020002DD8DFE801F00309292C0C00164A5379FA
:10803000003B18BF012393710020BDE8F081044686
:1080400000F09EFF01F046F80E460746FFF732FDAE
:108050000D4D8046E869FFF793FD224638463146CC
:108060004346002400260027C5E90867EC61FFF7B6
:10807000E5FE0220BDE8F081FFF734F8DCE740F2CE
:10808000EF11B02002F0A0FB881B00202DE9F04F7B
:10809000364E96F80690B56983B08046B9F1000F68
:1080A00032D1737903F0FD03012B3ED001F012F8B9
:1080B000431941F1000204460F4618461146019348
:1080C0000092FFF7F7FC00283BD0D0E900ABAA45AF
:1080D0007BF10001DDE9002319D200200146C6E949
:1080E0000832234A00F080FF5046594601F048FA12
:1080F000B9F1000F02D0338D9D421CD01D4BC8F842
:10810000003003B0BDE8F08F4FF00009CEE7BAEBC6
:1081100005006BF10001844277EB01033CBF04468C
:108120000F46631947F10002D9E7328D954299460F
:1081300038BF1546BAE7104BC8F8003003B0BDE8A9
:10814000F08FB3791BB17379023B012B09D900235E
:10815000B37101F017FA094BC8F8003003B0BDE85D
:10816000F08FB36801209847F1E700BF881B00201B
:10817000917D00003182000001830000D182000067
:10818000023970B503294AD8DFE801F00502240757
:10819000254B00221A71002070BD044601F004FA3C
:1081A00008B3214D2E796EBBFFF79EFC50B3E861FA
:1081B000C5E90B6600F0D8FEE869022383773146F3
:1081C000C3689847D5E90801FFF744FC174B2360C3
:1081D000022070BDFEF786FF0028DCD0124B012282
:1081E0001A710020D8E700200021FFF763FC08B1D6
:1081F000FFF7F8FC01F0D0F901F0AAFE2046FFF7E6
:1082000045FFE5E700F066FF06460D46FFF752FC26
:108210002246034629463046FFF710FED8E740F2D3
:10822000A511B02002F0D0FA881B002019800000B0
:10823000042938B5044621D01BD905293BD1204D4E
:1082400001F0A2F901F07EFE6B7903F0FD03012B32
:108250001ED000F03FFFAB691A4A323B65EB0505C3
:10826000181845EB010100F0BFFE174B23600220F8
:1082700038BD023901291ED8002038BDFEF732FF73
:108280000028F9D000F014FF2046FFF7FFFEEEE7CC
:10829000AB79002BDDD100F01DFF2A8DAB699B1A55
:1082A000C5E904011818074A41F1000100F09CFEDD
:1082B000064B2360DBE740F26B11B02002F084FA3A
:1082C000881B0020917D000081810000A17D0000BD
:1082D000032910B506D801290AD840F21711B02099
:1082E00002F072FA0429F8D10446FEF7FBFE08B941
:1082F000002010BD2046FFF7C9FE022010BD00BFC0
:10830000042970B5044612D00CD905292CD1194E78
:10831000757905F0FD05012D14D040F23311B02020
:1083200002F052FA023901291ED8002070BDFEF772
:10833000D9FE0028F9D000F0BBFE2046FFF7A6FECC
:10834000022070BDB0790028E7D1B3689847B369BF
:10835000306A716A084AB571C01A61F1000100F013
:1083600043FE064B2360EBE740F23B11B02002F0E6
:108370002BFA00BF881B0020917D00003182000095
:10838000042970B504461FD019D905292FD1FFF74C
:10839000ABFBF8B1184D0026E861C5E90B6600F0AB
:1083A000E3FDE869022383773146C3689847D5E93E
:1083B0000801FFF74FFB114B2360022070BD02390B
:1083C000012914D8002070BDFEF78CFE0028F9D0DA
:1083D00000F06EFE00F07EFE06460D46FFF76AFBDB
:1083E0002246034629463046FFF728FDE5E740F2DE
:1083F0001721B02002F0E8F9881B00201980000046
:1084000010B5EFF3108472B60B4B0C4A1B681B6857
:1084100093420DD00A4A93420AD00A4A934207D0A7
:1084200001F0BAF801F094FD01F0ACF800F040FE64
:1084300004B962B610BD00BF881B0020D1820000C5
:10844000018300003182000010B5054A054C02602E
:1084500000232060637101F0ADFD3230A06110BDDA
:10846000D1820000881B002008B5074B074A196815
:108470000968914202D13230986108BD40F2722100
:10848000B02002F0A1F900BF881B0020D1820000BB
:1084900010B5EFF3108472B6034B0421186806F090
:1084A0005FFA04B962B610BD881B002008B5064B00
:1084B000DB6923B1BDE80840044A00F095BD40F2F5
:1084C0009321B02002F080F9881B0020217E00005B
:1084D00008B5064BDB691BB1BDE8084000F0E8BDFC
:1084E00040F29921B02002F06FF900BF881B0020F4
:1084F00008B5054BDA690AB1D86208BD40F29F2180
:10850000B02002F061F900BF881B002008B5054BC0
:10851000DA690AB1186308BD40F2A521B02002F063
:1085200053F900BF881B0020044B1B6B03B1184795
:1085300010B540F2AB21B02002F046F9881B0020B4
:10854000044BDB6A03B1184710B540F2B121B020EB
:1085500002F03AF9881B0020014BD869704700BF30
:10856000881B002008B5054BDA6912B1D3E9080170
:1085700008BD4FF42F71B02002F026F9881B0020AF
:10858000024B323158719A6019857047881B002060
:10859000044A537903F0FD03012B0CBF108D00201A
:1085A000704700BF881B0020054B1B681BB1D3E937
:1085B00008200521104710B57621452002F004F966
:1085C000C01B0020054B1B681BB1D3E90820042108
:1085D000104710B57021452002F0F6F8C01B0020AE
:1085E0002DE9F0412A4E2B4A06F10803C31ADB108D
:1085F00002FB03F305460F46DBB206EB43045A00C9
:1086000094F80835C9B93368ABBBD6F84835B3BB65
:1086100006F5A163134430601F48C6F84835FFF7DC
:1086200067FF1E48FFF772FFD6F848355BB3FEF7C9
:108630006BFF94F8093580462BB9D5E908303946E7
:10864000BDE8F0411847FEF733FD18F12008A8EB0C
:108650000000C6F84C0500F08DFD0028FBD0104B43
:108660000022C3F8A8253946C3F8AC25D5E908305F
:10867000BDE8F04118478E21452002F0A5F88F2172
:10868000452002F0A1F84FF4F671452002F09CF865
:10869000C01B0020CDCCCCCCC5850000A985000036
:1086A00000F00140FFF724BFFFF730BF044B00216B
:1086B000402203F5A1601960C3F8481502F074BBAD
:1086C000C01B0020FEF7E4BC704700BF08B5084B94
:1086D0001A684AB1002107481960C3F84815D060EC
:1086E000BDE80840FEF7BEBDC121452002F06CF890
:1086F000C01B0020E18500001F280AD8064B03EBB1
:10870000400393F8082522B1002283F808250120B0
:1087100070470020704700BFC01B002070B50023C9
:10872000114C0D4602E00133202B19D004EB430C11
:108730009CF8082502F0FF01002AF4D1DEB2FF22E6
:108740008CF8082503EB830304EBC304C4E90A0592
:108750000648202200EBC30002F026FB304670BD25
:108760001E46304670BD00BFC01B0020C81B002045
:108770001F2814D810B40B4B03EB400494F80845A1
:108780004CB100EB800003EBC003C3E90A120120E7
:108790005DF8044B704700205DF8044B70470020E3
:1087A000704700BFC01B002030B50A7887B0002397
:1087B000CDE90033CDE90233CDE904330D4604465B
:1087C000002A3ED1D1E90401203841F1FF316B7A12
:1087D0009DF815200191C3F340035B0022F00302D2
:1087E00043F0010313438DF815306B68174A297A5B
:1087F0008DF8141020330293154B039353680090A7
:10880000C3F308038BB1103B5BB2002B13DB03F106
:10881000604303F5614393F800335B092BB9694664
:108820002046FEF7C3FC07B030BD69462046FEF780
:108830009BFC07B030BD03F00F031A44137D5B09A6
:10884000ECE7FEF725FC2B690493C0E700ED00E0A0
:10885000E18500001F285CD830B5044687B0344A53
:1088600002EB400292F8083513B9002007B030BD82
:108870004B7A0D46C3F3800181F0010182F809159E
:108880000022CDE90022CDE90222CDE904222A7896
:10889000002A46D128696969203841F1FF319DF8E5
:1088A00015200191C3F340035B0022F0030243F063
:1088B000010313438DF815306B681E4A297A8DF831
:1088C0001410203302931C4B039353680090C3F39E
:1088D0000803A3B1103B5BB2002B1CDB03F1604328
:1088E00003F5614393F800335B0943B9134804EB84
:1088F0008404694600EBC400FEF758FCB6E70F4855
:1089000004EB8404694600EBC400FEF72DFC07B0BD
:1089100030BD0020704703F00F031A44137D5B093C
:10892000E3E7FEF7B5FB2B6904936B7AB7E700BF6B
:10893000C01B002000ED00E0E1850000C81B002006
:108940000D4A5368C3F308036BB1103B5BB2002BB5
:108950000BDB03F1604303F5614393F800335B09DC
:108960000BB9FEF70FBDFEF79BBC03F00F031A44D3
:10897000137D5B09F4E700BF00ED00E0124A536885
:10898000C3F3080393B1103B5BB2002B15DB03F17B
:10899000604303F5614393F800335B0933B90B4B34
:1089A00000EB800003EBC000FEF7ECBC074B00EBD4
:1089B000800003EBC000FEF773BC03F00F031A4402
:1089C000137D5B09EAE700BF00ED00E0C81B002053
:1089D00010B5027886B0FAB9D0E90431044640688F
:1089E0000592203B00F1200041F1FF3100930290FD
:1089F000237A8DF814306846CDE903220191FEF701
:108A000093FDDDE9003220334FF0010042F1000216
:108A1000C4E9043206B010BD4FF4AA71452001F03C
:108A2000D3FE00BF0C4BD3F8483510B573B10446E4
:108A3000FEF76AFD20344FF0000343F100032018D5
:108A400043EB0101FEF726FB012010BD4FF4F67148
:108A5000452001F0B9FE00BFC01B002008B54FF44F
:108A6000BA71452001F0B0FE10B50B4C0A46D4F89F
:108A7000481559B1034619462068FEF7E1FC08B9CC
:108A8000022010BDFEF712FB002010BD40F279114C
:108A9000452001F099FE00BFC01B002010B51D4C01
:108AA0006368C3F3080386B053B3103B5BB2002B7B
:108AB0000A4628DB03F1604303F5614393F8003372
:108AC0005B09EBB91169547A203900915169CDE9FC
:108AD0000433C4F340045368127A8DF8142041F132
:108AE000FF310D4A01916400203344F001046946CE
:108AF000CDE902328DF81540FEF7F8FC06B010BD46
:108B0000002006B010BD03F00F031C44237D5B0959
:108B1000D7E700BF00ED00E0E18500001F2805D881
:108B2000244B03EB400393F808350BB90020704742
:108B30000A4621494B68C3F30803002BF6D0103BCB
:108B40005BB2002B2FDB03F1604303F5614393F825
:108B500000335B09002BE9D110B5D2E9044186B09E
:108B6000CDE9043392F809C0144B00EB8000203C9F
:108B700003EBC000CCF3400C5368127A8DF814203C
:108B800041F1FF310E4A01914FEA4C0C4CF0010CBF
:108B900020336946CDE9023200948DF815C0FEF706
:108BA000A5FC06B010BD03F00F0319440B7D5B0953
:108BB000D0E700BFC01B002000ED00E0C81B002074
:108BC000E1850000044BD3F8482512B11868FEF780
:108BD000A9BC0220704700BFC01B0020024B014609
:108BE0001868FEF7E1BB00BFC01B0020FEF76CBB9E
:108BF0001F2808B50ED80C4B03EB400292F808254D
:108C00006AB1083300EB800003EBC000BDE8084008
:108C1000FEF75ABB40F2E511452001F0D5FD4FF4B7
:108C2000F371452001F0D0FDC01B002008B5074BB3
:108C3000D3F848352BB1FEF767FC203041F1000135
:108C400008BD4FF4F671452001F0BEFDC01B0020A9
:108C5000014BD3F84C057047C01B0020FEF72CBA1F
:108C6000704700BFFEF726BAFEF728BAFEF728BA0B
:108C700008B5FFF785FC002008BD00BF00F0AABCC6
:108C800010B50C7886B064BB0492D1E90432059427
:108C9000203B164C009342F1FF324B7A019200EBDD
:108CA000800E04EB40020834C3F3400C04EBCE000A
:108CB000C3F380034C68097A8DF8141083F0010324
:108CC0000B4982F8093520344FF00002CDE902410A
:108CD0006CF3410269468DF81520FEF745FA06B09F
:108CE00010BD40F23121452001F06EFDC01B002077
:108CF000E185000070B4EFF3108672B617490D7865
:108D0000ADB1174BD3F80445D3F848314FF6FF7295
:108D100094421FD0E3B147F6FE739C4218D84B68CB
:108D2000013306B962B6C0E9004370BC70470C4A13
:108D3000D2F80445D2F8043153B14B6801334B608B
:108D4000C2F80451D2F80445D2F80431002BF4D112
:108D50004B68E6E7002BFBD11C46F9E71021002009
:108D600000B0004010B50A4C002222742277094B53
:108D7000094801215960C3F84025C3F840214FF448
:108D800000221961C0F8082501F02AFF206210BDF9
:108D9000102100200080004000F001403749384B8E
:108DA000F0B44D6A374C002201204A605860986048
:108DB000C3F80843C3F84843C3F80421C3F840216B
:108DC000C3F84421C3F84821002D55D02E4C2F4E16
:108DD000C4F8A8652E4AC4F8AC55C4F85C394FF401
:108DE0000023C4F804350523C2F840351060D2F8DA
:108DF0004031002BFBD02448002301244FF40025F0
:108E0000C0F808555460D460C2F84031C2F840350B
:108E1000C0F8A835C0F8AC35C0F8AC350B7833B322
:108E200091F82840184816491A4E1B4DE30003F1EB
:108E3000804303F5F8330122A2404FF6FF774FF449
:108E40008024C0F80825C1F84443C1F84875C1F82A
:108E50000443C3F81065C3F81455C0F804250F4B3C
:108E60004FF40062C3F88021F0BC1A607047044BD5
:108E70000222C3F80423F2E71860CFE71021002094
:108E800000B000400200070000F0014040810040B7
:108E90000080004048B1004008B0004000E100E020
:108EA0000D4B0E4A30B4012000210D4C58604FF498
:108EB0000025C3F84015C3F840114FF480711861C4
:108EC000C4F80855C2F88011C2F88010BFF34F8F64
:108ED000BFF36F8F30BC70470080004000E100E0BE
:108EE00000F0014030B41B4A1B4C1C4D1C480023B1
:108EF0000121636051609160C2F80853C2F8485381
:108F0000C2F80431C2F84031C2F84431C2F84831E5
:108F10002278C0F8A835C0F8AC3572B194F8282092
:108F20009140D20002F1804202F5F832C2F81035C9
:108F3000C2F81435C0F8081523700A4B4FF40062CC
:108F4000C3F88021C3F88020BFF34F8FBFF36F8F2A
:108F500030BC704700B00040102100200200070024
:108F600000F0014000E100E0044B4FF080411A6A3C
:108F70000123C1F808351360704700BF102100209D
:108F800010B4144C1449154A0023C4F8A835012024
:108F9000C4F8AC354FF0FF3448600861C1F80843AD
:108FA0000F4891684FF48074C0F8804141B10D4979
:108FB0004FF48030C1F808031374C1F84031936056
:108FC000126A5DF8044B4FF080410023C1F8083568
:108FD0001360704700F00140008000401021002025
:108FE00000E100E000B0004070B52E4CA36888B0EE
:108FF000002B51D10DF10B03009304ABA26003AA27
:1090000001F080F89DF80B300F2B06D9DDE9043212
:10901000013342F10002CDE9043206A8FFF76AFEEF
:10902000069B2678079800220533DDE9041542F1F6
:109030000002B6B94FF08076E0FB0632994275EB3C
:10904000020220D30B0E43EA052321F07F41164A8A
:109050004FF48030C2F84015E360C2F8040308B052
:1090600070BD4FF48036E0FB0632994275EB020288
:1090700009D30B0C4FF6FF7289B243EA054300296E
:1090800008BF1146E3E7FF232374084B4FF4006247
:10909000C3F8002108B070BD40F26121052001F045
:1090A00093FB00BF1021002000B0004000E100E071
:1090B000064B9A684AB106494FF48032C1F808233A
:1090C00000221A74C1F840219A60704710210020D4
:1090D00000B0004038B5EFF3108572B621490C7826
:1090E000BCB1214BD3F80405D3F848314FF6FF72D9
:1090F00090422ED05BB347F6FE73984227D84C6857
:109100000134CDB100F0BAFF184D0021E4FB050198
:1091100038BD154AD2F80405D2F8043153B14B6872
:1091200001334B60C2F80441D2F80405D2F804318F
:10913000002BF4D14C681DB962B60B78002BE1D13D
:109140000B4D00F09BFF0021E4FB050138BD4C688E
:10915000D7E7002BFBD14C680DB92846ECE7034D4F
:109160001846EEE71021002000B0004080841E0069
:109170000080841E70B5EFF3108672B6224C217801
:1091800091B1224BD3F80405D3F848314FF6FF7262
:10919000904230D06BB347F6FE73984229D8656889
:1091A0000135A6B11A4E17E0184AD2F80405D2F8D4
:1091B000043153B1636801336360C2F80411D2F81B
:1091C0000405D2F80431002BF4D165681EB962B6EB
:1091D0002378002BE6D10F4E00F050FFD4E90C129B
:1091E0000023E5FB0603884293412CBF01200020A9
:1091F00070BD6568D5E7002BFBD165680EB93046B8
:10920000E5E7034E1846E7E71021002000B00040D4
:1092100080841E000080841E194B1A4810B501225C
:1092200000214FF400245A60C3F84015C3F84011E0
:109230001A61C0F80845D3F8040520F00300C3F80C
:109240000405D3F8080540F003001021C3F8080511
:1092500091FAA1F1B1FA81F109290CDC0A48C3F8AD
:1092600010154FF48074DA60C0F8804104605A60D1
:10927000DA601A6010BD05484FF4737101F09AFA74
:109280000080004000F0014000E100E0AC66020018
:109290002DE9F047444D454E012100234FF40022B3
:1092A00084B06960C5F84035C5F840312961C6F819
:1092B0000825D5F8042522F00302C5F80425D5F8C1
:1092C000082542F00302C5F80825102292FAA2F2FE
:1092D000B2FA82F2092A62DCC5F81025344ADFF8B6
:1092E000DC80E9604FF48070C2F880011060314A80
:1092F0006960E960C6F8A82598F80020C6F8AC5562
:1093000002A85AB3019304E00123C6F808A56B60D4
:10931000EB60FFF7EFFCDDE90243019A4FF4803781
:109320004FF4002AE3FB0742C6F804A59146FFF775
:10933000E1FCDDE902320199E2FB0731494508BF52
:10934000A342E1D1601C49F1000100F0A5FE0246F4
:109350000B46C8E90C2304B0BDE8F087019204E095
:109360000123C6F808A56B60EB60FFF7C3FCDDE9DD
:109370000243019A4FF080774FF4002AE3FB074243
:10938000C6F804A59146FFF7B5FCDDE90232019964
:10939000E2FB0731894508BF9C42E1D1D2E706488C
:1093A0004FF4737101F006FA0080004000F00140B4
:1093B00000E100E000B10040AC6602001021002096
:1093C00010B5029C201841F10001801A61EB0301E5
:1093D000B0F1004F71F1000100DA10BD40F23131FF
:1093E000052001F0F1F900BF38B5EFF3108572B632
:1093F00021490C78BCB1214BD3F80405D3F848318E
:109400004FF6FF7290422ED05BB347F6FE73984240
:1094100027D84C680134CDB100F030FE184D002142
:10942000E4FB050138BD154AD2F80405D2F8043131
:1094300053B14B6801334B60C2F80441D2F80405C4
:10944000D2F80431002BF4D14C681DB962B60B7808
:10945000002BE1D10B4D00F011FE0021E4FB0501D2
:1094600038BD4C68D7E7002BFBD14C680DB92846B6
:10947000ECE7034D1846EEE71021002000B0004055
:1094800080841E000080841E014B5861704700BF1D
:1094900010210020F0B5304C636989B0002B55D005
:1094A000EFF3108572B60DF10B03009303AA04AB22
:1094B00000F028FE9DF80B300F2B06D9DDE90432B1
:1094C000013342F10002CDE9043206A8FFF712FC95
:1094D000069B2778079E05334FF00002DDE9041054
:1094E00042F10002C7B94FF08077E6FB073299429C
:1094F00070EB020222D30B0E43EA002321F07F41DE
:10950000164AA3614FF40033C2F84415C2F804337D
:1095100005B962B609B0F0BD4FF48037E6FB0732FB
:10952000994270EB020209D30B0C4FF6FF7289B21D
:1095300043EA0043002908BF1146E1E7FF232377F0
:10954000074B4FF40062C3F80021E1E740F24131DC
:10955000052001F039F900BF1021002000B00040C3
:1095600000E100E0014B1878704700BF1021002097
:10957000024B01221A7083F8280070471021002046
:10958000704700BF704700BF024B0122C3F844235D
:10959000704700BF00B00040024B0122C3F84823CF
:1095A000704700BF00B0004008B500F0D7FC30B9EC
:1095B000074A936B0133312B936304D808BD044BE6
:1095C00000229A6308BD4FF46271052001F0FCF897
:1095D00010210020014B5862704700BF102100206D
:1095E00010B53F4C237882B0002B55D03D4BD3F8BB
:1095F000042352035BD43B4BE168D3F80423D0032C
:1096000034D5D3F84031002B30D0636899425DD80F
:1096100000232374334AA168C2F840314FF48030EC
:10962000C2F80803002955D0A36088472D4BA169D3
:10963000D3F80423920324D5D3F844310BB36368E1
:109640008B423FD300222277264B6169C3F8442125
:109650004FF40030C3F8080300293BD08847214B62
:10966000D3F840310193019B02B010BD6268237CA6
:10967000002BCDD19142D9D91A4B0022C3F84021F9
:10968000D4E76268237F002BDCD18A42E7D2154BF6
:109690000022C3F84421E2E7124AD2F8041100295B
:1096A000A9D0C2F80431636801336360A3E7D3F83B
:1096B0004821002A9FD00022C3F848216368013363
:1096C000636098E7237F002BE1D0BBE7237C002B6E
:1096D000D2D09DE740F2CA31052001F075F800BFF5
:1096E0001021002000B00040014B187D704700BFE2
:1096F000381A0020042810B511D883B104280CBFF3
:1097000010242824A1420AD2064C54F8200018B193
:1097100041568A42A8BF0A461A70002010BD6FF059
:109720001500FBE7381A002030B50346114890F9C0
:109730001C209A4219DD90F924209A4217DA9A1ACD
:10974000846AA05C0C4A15569D420DD00E32002949
:1097500018BF01309442C0B206D129B1013BDBB23F
:10976000012B01D80130C0B230BD0D20FCE7002034
:10977000FAE700BF381A0020E45D020008B5054B87
:1097800093F91C30984203DAFFF7CEFF024B1B56C9
:10979000184608BD381A0020E45D020008B5184BD1
:1097A00093F82C20FAB9012283F82C20154A12686C
:1097B000A2F10800082803D813490141C90709D5B7
:1097C000911F092910D9013212D04FF4DF71742092
:1097D00000F0FAFF0D4A9A62D8221A6283F8242018
:1097E00008229A611A7708BD094A0A41D207ECD4C7
:1097F000084A9A62D8221A6283F824200422F0E7E9
:10980000381A0020101B0020DEFEFFFF1F5E020042
:10981000EEFCFFFFF25D020010F0FF0008B508D17A
:109820004FF0804301225A60C3F80001034B1870C7
:1098300008BD8421B52000F0C7FF00BF651A0020D5
:10984000014B01221A707047651A002008B548B90B
:109850004FF08043D3F8003113B9044B187808BD9A
:109860000120FCE7D021B52000F0AEFF651A0020F2
:10987000044B1868062818BFB0F1FF3F0CBF012049
:1098800000207047101B002008B5094B1A680A2AEF
:1098900002D1084B1B6823B1FFF7EAFF08B9082A79
:1098A00004D14FF080430222C3F8342C08BD00BF1E
:1098B000101B0020141B0020F8B50F4E0127375451
:1098C00004460D4604F03DFF60B934B94FF08043C3
:1098D000B7707560C3F80473F8BD4FF494716D20D0
:1098E00000F072FF002DF7D01CB92046A847746025
:1098F000F2E740F24311F2E7681A0020044B19180E
:1099000000228A7003EB80011A544A60704700BF3E
:10991000681A002010B5034CA08100F085FCE0819E
:1099200010BD00BF681A0020014B188A704700BFA5
:10993000681A0020014B9889704700BF681A002000
:1099400010B5EFF3108472B6064B03449A7C0132D3
:10995000D2B29A749B7C012B01D104F0E6FE04B9CB
:1099600062B610BD681A002010B504F012FF04F0B2
:10997000E8FE4FF08044084940B1FFF785FF01231E
:10998000236104230B7500234B7510BD03230B7556
:109990000123C4F80433F6E7681A002010B5EFF38A
:1099A000108472B6094B03449A7C22B940F26721B5
:1099B0006D2000F009FF9A7C013AD2B29A749B7C28
:1099C0000BB9FFF729FF04B962B610BD681A002071
:1099D000024B187D003818BF01207047681A00201C
:1099E00038B5164CA37D23B940F216316D2000F036
:1099F000EBFEE37DC3B9237EB3B1627D013B9A42A6
:109A000012DA04F09EFE054601F036F8237E012BA3
:109A100082BF637D0133637555B1E369C31A0133B6
:109A2000022B09D935B1E061BDE83840FFF79CBF92
:109A3000236AF3E72062F7E738BD00BF681A002009
:109A400073B51B4DEB7D63B9686A00F0030004F049
:109A500090FE30B1EFF3108372B62A7D1AB103B9CC
:109A600062B602B070BD01222A7503B962B64FF02A
:109A700080430822C3F808234FF42073ADF8063062
:109A8000BDF80640A4B2631E9BB2ADF80630002CB0
:109A9000F6D14FF080460748C6F80C4104F09BFF12
:109AA00085F82940FFF760FF0823C6F80433D8E79C
:109AB000681A0020901A00202DE9F347484CA37D36
:109AC000002B00F08A800323ADF804304FF0804370
:109AD000D3F80051F5B9D3F80481B8F1000F09D0DB
:109AE0004FF080430022C3F804210222C3F8082368
:109AF000FFF7A6FF94F829603A484FF08047F6B286
:109B0000D7F80C8104F06BFF48B340F253316D205D
:109B100000F05AFE00258DF804500122D3F804818C
:109B2000C3F808230DF10409271DA61C19F8010B21
:109B300003280AD0337843B13B684FF0000A86F817
:109B400000A013B19847C7F800A06B1C022B07F1C7
:109B5000040706F101064FF00105E7D1BDE745B165
:109B6000237D032B05D104232375FFF78DFE0123ED
:109B70003B61B8F1000F1FD04FF080430022C3F8C3
:109B80000C21237D042B02D040F27931BFE7164B24
:109B90001A680A2A02D1154B1B6823B1FFF768FE29
:109BA00008B9082A04D14FF080430022C3F8342CAE
:109BB0000223237504F0F0FD4EB1002384F8293010
:109BC000237D022B01D1FFF7CFFE04F0E5FD054810
:109BD00002B0BDE8F04704F011BF02B0BDE8F08765
:109BE000681A0020901A0020101B0020141B00206F
:109BF00010B5054C606A00F0030004F0BAFD0028BF
:109C0000F8D0002010BD00BF681A0020F8B5054646
:109C100050B10278042A07D8437842B9013B1F2B80
:109C200002D88378212B07D96FF0150076E0002B3E
:109C3000FAD18378002BF7D17B4B0127C3F88070D2
:109C4000BFF34F8FBFF36F8F4FF08046C3F8807123
:109C5000764C0B23C6F808330023C6F80031C6F84B
:109C60000431C6F80C31A374E374AB88238204F08A
:109C70006BFD08B12770A774D6F80C24D6F80C3405
:109C8000D20303D5DF0701D5FFF7DAFD4FF4AF604C
:109C9000FFF740FE2B78A978E375002262622176F7
:109CA0006275042B4DD8DFE803F005033A484A00FB
:109CB0000123636204F04FFD00284DD004F052FDF3
:109CC000636A03F00303984246D1AB79002B3DD180
:109CD000FFF78EFF237E6BB12B785BB904F031FD6B
:109CE000054600F0C9FE6FF00043002D00F099809A
:109CF000C4E907034FF08043D3F80C24D3F80C34A5
:109D0000D20303D5DB0701D5FFF79AFD464A0123AD
:109D100000202075A375C2F880311360F8BD04F0EF
:109D200038FD4FF08043D3F80C14D3F80C24CE0345
:109D3000F9D5D007F7D50223BBE73D4BB9E73D4B3B
:109D4000B7E740F22E516D2000F03EFD4FF080430A
:109D50000222C3F80423BDE74FF080430122DA60FA
:109D60000022C3F80421626AC3F81825324A136836
:109D7000A3F10E01012904D90A2B02D0FFF778FDC7
:109D800048B14FF080534FF08041D3F84432C3F3D1
:109D90004233C1F83C351368A3F10E02012A04D9FD
:109DA0000A2B02D0FFF764FD20B14FF0804301225F
:109DB000C3F84C254FF0804301229A600222C3F879
:109DC0000423AA79002A85D1D3F80423910702D469
:109DD00040F2E141B7E7194A1669116941F01001F3
:109DE0001161D3F8043106F010060BB904F013FE2C
:109DF0004FF08047D7F8043183B1FFF7F9FE26B959
:109E00000E4A136923F0100313614FF080430222BE
:109E1000C3F808230022C3F804215BE704F0F9FD2E
:109E2000E8E7C4E9073065E700E100E0681A0020D0
:109E30000100020001000300101B002000ED00E003
:109E400010B50D4C04F1280004F0C9FD48B9237D7C
:109E5000022B01D1FFF788FDBDE81040074804F050
:109E6000CDBD074A012384F82930BDE81040C2F86F
:109E7000003104F08EBC00BF681A0020901A002048
:109E800000E100E038B50C4B0C46197919B18D2171
:109E90006F2000F099FC60B95D790DB1002038BDEC
:109EA00001225A71FFF74CFD21462846FFF704FDB9
:109EB000F4E76FF01500F2E7941A002038B50B4D67
:109EC0002B7904461BB1A4216F2000F07DFC50B912
:109ED0006B790BB9002038BDFFF710FD20466C717F
:109EE000FFF75CFDF6E76FF01500F4E7941A002029
:109EF00010B501B3F0B14FF0FF33104A1C46E0FB40
:109F00000134944203D9E5216F2000F05DFC1A0D65
:109F100042EA0432C3F30F10094B00EB02404FF248
:109F20002444B2FBF4F103FB1100B0FBF4F040EA6F
:109F30000140013010BD0846FCE700BF3F420F0062
:109F4000000024F4014B9B68184700BF941A0020BE
:109F5000014BDB68184700BF941A0020014B1B69B6
:109F6000184700BF941A0020014B1B6A184700BF16
:109F7000941A0020014BDB69184700BF941A002097
:109F800008B5064B1B7923B140F241116F2000F058
:109F90001BFCBDE80840FFF723BD00BF941A00205A
:109FA000034B1A790AB9FFF7BFBC988D704700BF01
:109FB000941A0020034B1A790AB9FFF7BBBC988AA0
:109FC000704700BF941A0020024B1B790BB9FFF7B2
:109FD00037BD7047941A0020014B9B69184700BF9A
:109FE000941A002010B5144C2379A3B1636A9847E2
:109FF000002806DB94F82E3023B1012384F8323098
:10A00000002010BDFFF7E8FF0028F6DA40F2A511A6
:10A010006F2000F0D9FB094BA361094BE361094BA9
:10A020002362094BA360094BE360094B2361FFF7EF
:10A03000EDFD0028E1D0E4E7941A0020F19B000038
:10A04000419E0000D199000093E7000099E70000CD
:10A050009FE7000038B5084B1D79044625B140F252
:10A06000F9116F2000F0B0FBFEF7FEF92046FFF774
:10A0700051FC284638BD00BF941A002043F609520F
:10A08000C0F3080302FB03F3400A03F5807302FBED
:10A0900000F000EB5320704710B5C0F34E22C0F320
:10A0A0000804000E40EA012043F60953090E03FBA1
:10A0B00004F403FB02F24FEA401E4B01BEEB000E1C
:10A0C00043EAD06304F5807402EB542263EB01048D
:10A0D0004FEA841C4FEA8E13B3EB0E034CEA9E6CDE
:10A0E0006CEB040C4FEACC0C4CEA537CDB001B18E5
:10A0F00041EB0C01D803C903101841EA534141F167
:10A10000000110BD2DE9F04180460C4617461E4661
:10A11000FFF728FAD0B13D4B9C426FD83C493D48EF
:10A120004FEA585242EAC422A1FB0243C8F34F143B
:10A130009B0B04EB024400FB1344A1FB0414A40B8F
:10A1400044EA0344344B03FB148819E0334B9C422C
:10A1500058D82F492F484FEA587242EAC402A1FB4F
:10A160000243C8F34F349B0B04EB024400FB13443F
:10A17000A1FB0414A40B44EA0344294B03FB1488F9
:10A1800048F237624FEA583302FB03F31B0C43F6E5
:10A190000952244D02FB138101FB05F56D0D05FBF2
:10A1A00002F205EB432502F574530833B1EB532F4C
:10A1B00021D802F58072A1EB5221C9B2069B197019
:10A1C000FFF7D0F958B123045D194FEA144444F164
:10A1D0000004C6E90054C7F80080BDE8F0812306FA
:10A1E0005D194FEA142444F10004C6E90054C7F88D
:10A1F0000080BDE8F08101350021DFE79D219B2033
:10A2000000F0E2FAA6219B2000F0DEFA7F841E0017
:10A2100083DE1B43000024F480841E00FF7F841E25
:10A220000080841E6F0C0100420B48F2376303FB71
:10A2300002F2120C43F6095C084B0CFB120101FB05
:10A2400003F303F586336E335B0D0CFB03FC500206
:10A25000B1EB5C2F88BF0130184470476F0C0100D0
:10A26000034610B3007888B91A79012A1ED85A79A2
:10A27000012A1BD89A680E49643A8A4216D8D868CF
:10A280000C4B98422CBF00200120704701280CD1B4
:10A290001A79012A09D85A79012A06D8DA680449B4
:10A2A000643A8A4201D89868EAE70020704700BF04
:10A2B0003C8601000040420FF8B5044620B94FF437
:10A2C000DC716A2000F080FA90F82C50072900F227
:10A2D000FF80DFE801F004B65D5D8D97A1A890F8DE
:10A2E0002A30033B012B02D940F2C311E9E70523D1
:10A2F00080F82A30002380F82D3003789BB3237830
:10A30000012B3DD1FEF792FC94F8286063686362EC
:10A31000C4E90601BEBB734B0122DA60C3F8406595
:10A32000C3F84061C3F84465C3F84461C3F84865A5
:10A33000C3F84861C3F84C65C3F84C616A4B4FF4ED
:10A340008072C3F880213146204604F045FA236A22
:10A350003146284698470146204600F0F1F8022889
:10A3600040F0B980F8BDFEF7ADF906460F46FEF79E
:10A370005DFC1F3647F1000786428F41F3D3BEE7ED
:10A38000D4E90401C0E72046BDE8F84000F0AEB8CB
:10A3900090F82A30DA1E012A02D940F2FB1190E728
:10A3A00090F828202AB121462846BDE8F84004F05C
:10A3B000F9B9042B14BF01230223022980F82A30A3
:10A3C000036A0AD10521284698470028CAD0037895
:10A3D000002BC7D04FF4047173E706212846984735
:10A3E0000028BFD00378002BBCD040F2152168E7CD
:10A3F00090F82A30052B02D04FF4077161E7036A09
:10A400000221A6E790F82A30052B02D040F2222143
:10A4100057E7036A01219CE790F82A30052BB2D058
:10A420004FF40A714DE790F82A30052B02D040F224
:10A430002D2146E7036A0A21284698474FF40C71FC
:10A440003FE790F82A30052B07D090F829200AB171
:10A45000032B02D04FF40D7133E794F82820002A23
:10A46000A1D194F82D3093B1022384F82A3084F8D6
:10A470002D20236A08212846984700283FF472AF10
:10A480000378002B3FF46EAF4FF4107119E794F886
:10A49000292062B194F82B0084F829302146FEF778
:10A4A000D9F900287FF45EAF40F2452109E7022385
:10A4B00084F82A300721236A2846984700283FF469
:10A4C00051AF0378002B3FF44DAF4FF41371F8E612
:10A4D00040F25121F5E60128236A0CBF0421032133
:10A4E00037E700BF0080004000E100E070B504469F
:10A4F000FEF7E8F8D4E90632656A503342F100020B
:10A500005B1942F1000205F5DF6540F2F966B5FB23
:10A51000F6F55B1942F1000283428A4103D207211A
:10A520002046FFF7C9FE054C236813B19847002366
:10A530002360BDE87040FEF7C9B800BFC81A00200C
:10A5400070B504460D4639B9012380F82D30FFF768
:10A55000CDFF0226304670BD0E78032E6AD801A3C7
:10A5600053F826F053A5000075A50000D7A50000FC
:10A5700093A500004868C72801D80026EAE704210F
:10A58000FEF772FA0028F8D16968204604F024F931
:10A59000E0E790F82860F6B94D682846FFF760FEBE
:10A5A000002847D02B78C3B9012222702B79003BB9
:10A5B00018BF012363726B79002B14BF042302239D
:10A5C0002372AB686F336360EB682361032384F805
:10A5D0002A3084F829202046B9E794F82A30052B40
:10A5E00004D04FF4CF716A2000F0EEF826702B797A
:10A5F00094F82B00003B18BF012363726B79002B8A
:10A6000014BF042302232372EB68A9686F336360CD
:10A61000D4E906325B1842EBE172C4E90432042348
:10A6200084F82A302146FEF715F90028D3D14FF4DB
:10A63000D071D8E7012384F82D30CCE72DE9F84319
:10A640008846074688B300F035F84FF00009054604
:10A650005FFA89F6B54203D86FF00B00BDE8F883C6
:10A66000304600F02DF890F82A4009F10109002C3D
:10A67000EED1304600F024F80546048580F82A40E3
:10A6800080F82C6001460A48FEF748F8202885F833
:10A690002B0002D16FF02200E0E701232F6285F842
:10A6A0002A30204688F80060D8E76FF01500D5E71B
:10A6B000B9A20000014B1879704700BFCC1A0020E6
:10A6C000044B1A79824283BF1B68302202FB0030A0
:10A6D00000207047CC1A00200A4610F0030110B584
:10A6E0000AD1074C2271206008B9002010BD302328
:10A6F0005A4300F059FBF8E76FF00D00F6E700BF92
:10A70000CC1A0020BFF34F8F0549064BCA6802F4EC
:10A71000E0621343CB60BFF34F8F00BFFDE700BF84
:10A7200000ED00E00400FA05094B01225A604FF0E9
:10A73000FF32C3F80823074B4FF48042C3F8802050
:10A74000BFF34F8FBFF36F8FC3F88021704700BFF7
:10A7500000E0004000E100E0094B01225A604FF0A8
:10A76000FF32C3F80823074B4FF48052C3F8802010
:10A77000BFF34F8FBFF36F8FC3F88021704700BFC7
:10A7800000C0004000E100E0084B0022C3F8FC2FAD
:10A790000122C3F8FC2F064B0222C3F88020BFF32E
:10A7A0004F8FBFF36F8FC3F88021704700100040B8
:10A7B00000E100E008B572B6024B5B6803B1984750
:10A7C000FFF7A0FFD41A00201FB572B6134B5D68C7
:10A7D00095B9FFF797FF2346B2FBF6F25C1C002AFF
:10A7E000F9D104AEDCB256FA83F303F80C2C0A223A
:10A7F00034B901A8A847ECE7024600230A26EDE792
:10A80000631E04AEDCB256FA83F3B0FBF2F602FB31
:10A810001600303003F80C0C3046E9E7D41A00205B
:10A82000F8B51F4E337805460C461746A3BB00F01B
:10A83000CBF9FEF7B3FF77603472FFF7A5FFFFF7A0
:10A840008BFFFFF771FF174B002D14BF28461846EA
:10A85000FFF7C8FB0546E8B9FDF728FFFFF7B4FB93
:10A8600003F0D1FFFCF7F6FB18B9BE211120FFF76A
:10A87000ABFF002C0CDB04F01F026409A40004F100
:10A88000604404F5614401239340C4F8803123609F
:10A89000012333702846F8BD4FF0FF35FAE700BFBB
:10A8A000D41A0020505E0200074B93F90830002BA9
:10A8B00009DB5A09012103F01F03994002F140030B
:10A8C000024A42F823107047D41A002000E100E049
:10A8D000014B1878704700BFD41A00202DE9F047CB
:10A8E000DFF8D890324C334D334F82B00246012608
:10A8F00099F800805FFA88F8FF2389F80030B8F1F2
:10A90000000F01D089F80130EFF3108172B60023F7
:10A910006660C4F80031C4F80431C4F80425266028
:10A9200039B962B605E0D4F8043133B92B69DB06D6
:10A9300021D4D4F80031002BF5D0D4F80431002B09
:10A94000E2D1B8F1000F13D199F80130DBB289F8E8
:10A95000018003204FF48041C4F80803C4F8048147
:10A96000C4F80081C7F8801189F80080002BBFD19E
:10A9700002B0BDE8F0874FF48043C7F88031EFF3B1
:10A98000108A72B60323C4F80433D4F8003113B923
:10A99000D4F804311BB1BAF1000FCAD1C1E701925A
:10A9A00004F037F8019ABAF1000FC2D1B9E700BF3D
:10A9B00000E0004000ED00E000E100E0E01A0020CF
:10A9C00070B51446DA078CB01D4686468C4633D5E2
:10A9D000C36842681BBA0093CB681BBA04938368B0
:10A9E0001BBA019303681BBA03938B6812BA1BBA94
:10A9F000029205934A680B6812BA1BBA6E46069219
:10AA000007933046FFF76AFFAB070DD5DDE90A1063
:10AA1000DDE9083200BA09BA12BA1BBA20606160D7
:10AA2000A260E3600CB070BD08AD0FCD2060616026
:10AA3000A260E3600CB070BDDEF80410DEF8082000
:10AA4000DEF80C300068EE46AEE80F00DCF80000DF
:10AA5000DCF80410DCF80820DCF80C306E46AEE8B8
:10AA60000F00CEE710B5002482B0CDE90044FFF717
:10AA7000A7FF02B010BD00BF1A4B4FF4805270B553
:10AA8000C3F88020BFF34F8FBFF36F8F164C174D65
:10AA90000021C4F80011C3F880212E692B6943F00E
:10AAA00010032B610123C4F8043306F01006236061
:10AAB000D4F800319BB11EB92B6923F010032B6130
:10AAC0000123D4F808056360C4F808330023C4F8F0
:10AAD0000031044B4FF48052C3F8802170BD03F065
:10AAE00098FFE5E700E100E000C0004000ED00E075
:10AAF0000B4938B5042301EBC302157905F0FF04B7
:10AB00002DB1013BF7D240216920FFF75DFE41F8EE
:10AB100033000121547194711171D8B238BD00BF56
:10AB2000E41A0020042808B503D947216920FFF75B
:10AB30004BFE034B03EBC00300221A7108BD00BF9C
:10AB4000E41A0020042808B503D950216920FFF732
:10AB50003BFE094B03EBC0000379012B01D05121CF
:10AB6000F4E7437982790133DBB29A4218BF43712B
:10AB7000BDE80840FFF798BEE41A002038B5114D33
:10AB8000052495F8281005EBC1031A79012A09D18B
:10AB900058799A79904205D05A79D2B29A7155F87B
:10ABA0003130984795F828300133DBB2052B04F19A
:10ABB000FF3428BF002314F0FF0485F82830E0D1CB
:10ABC00038BD00BFE41A00204FF08052034BD2F88A
:10ABD00030111960D2F834215A607047101B0020E0
:10ABE000084B1B68083B082B0AD840F2211222FAB6
:10ABF00003F313F0010F044B044818BF18467047C5
:10AC000002487047101B002000E701400C0500407F
:10AC1000144B1B68062B03D0013301D020BF7047B3
:10AC2000EFF3108072B6104A1369116941F01001F8
:10AC300011610E49D1F80021D1F804110A4303F043
:10AC4000100300D040BF20BF00BF00BF00BF00BF47
:10AC500023B9054A136923F01003136100B962B6E2
:10AC6000704700BF101B002000ED00E000E100E095
:10AC7000914270B53FD2B2FA82F33BB1C3F12004E6
:10AC800020FA04F49940214398409A40150CB1FBF6
:10AC9000F5FC05FB1C1E4FEA0E4E030C84B20EEBB6
:10ACA00010401FFA82FE0CFB0EF6864206D9361AB9
:10ACB000964294BF01260226ACEB060C03EB01433F
:10ACC0000CFB1233B3FBF5F005FB103304EB03442C
:10ACD00000FB0EFEA6454FEA0C4C09D9AEEB040E64
:10ACE000964594BF4FF0010E4FF0020EA0EB0E0000
:10ACF00040EA0C0070BD73219620FFF765FD00BF90
:10AD00002DE9F8431C4652EA040349D0074615468C
:10AD10000E4684B9914204D2FFF7AAFF2146BDE84E
:10AD2000F88321463046FFF7A3FF04462A463846FB
:10AD300004FB1561F0E74FF00108B4FA84F908FA52
:10AD400009F3A3FB021220FA08F003FB042240EAF5
:10AD5000C67026FA08F1FFF78BFFC9F11F0230FA1F
:10AD600002F34FF0000C08D140461946AF42A6410D
:10AD70003CBF18466146BDE8F8835A1E61466CEB3D
:10AD80000C0C05FB0CFE02FB04EE18461346A5FB5B
:10AD90000228BA1A0EEB080766EB07061746E5E726
:10ADA000A6219620FFF710FD10F0030FC9B203464D
:10ADB00007D0BAB303F8011B13F0030F02F1FF32FF
:10ADC000F7D170B5032A01EB012404EB04441ED92A
:10ADD000161FB508032E05F1010521D94FEA550EBE
:10ADE00003EBCE0E9C46CCE900440CF1080CF44574
:10ADF000F9D115F0010F04D025F0010503EB85050D
:10AE00002C6026F003060433334402F0030232B10F
:10AE1000012A197003D0022A597018BF997070BDA9
:10AE20001D46EDE7704700BF844641EA000313F07A
:10AE300003037DD1403A51D3F0B4F0C9F0C0F0C95A
:10AE4000F0C0F0C9F0C0F0C9F0C0403AF5D2F0BC93
:10AE500044E0403A42D300BF51F8043B40F8043B81
:10AE600051F8043B40F8043B51F8043B40F8043BE4
:10AE700051F8043B40F8043B51F8043B40F8043BD4
:10AE800051F8043B40F8043B51F8043B40F8043BC4
:10AE900051F8043B40F8043B51F8043B40F8043BB4
:10AEA00051F8043B40F8043B51F8043B40F8043BA4
:10AEB00051F8043B40F8043B51F8043B40F8043B94
:10AEC00051F8043B40F8043B51F8043B40F8043B84
:10AED00051F8043B40F8043B403ABDD2303211D324
:10AEE00051F8043B40F8043B51F8043B40F8043B64
:10AEF00051F8043B40F8043B51F8043B40F8043B54
:10AF0000103AEDD20C3205D351F8043B40F8043B23
:10AF1000043AF9D2043208D0D2071CBF11F8013B21
:10AF200000F8013B01D30B8803806046704700BFE7
:10AF3000082A14D38B078CD010F0030389D0C3F1F7
:10AF40000403D21ADB071CBF11F8013B00F8013BD8
:10AF5000FFF47FAF31F8023B20F8023B79E7043A77
:10AF6000D8D3013A11F8013B00F8013BF9D20B7834
:10AF700003704B7843708B7883706046704700BFD6
:10AF800081F0004102E000BF83F0004330B54FEA9A
:10AF900041044FEA430594EA050F08BF90EA020F07
:10AFA0001FBF54EA000C55EA020C7FEA645C7FEA9A
:10AFB000655C00F0E2804FEA5454D4EB5555B8BFBD
:10AFC0006D420CDD2C4480EA020281EA030382EA2E
:10AFD000000083EA010180EA020281EA0303362DC0
:10AFE00088BF30BD11F0004F4FEA01314FF4801C93
:10AFF0004CEA113102D0404261EB410113F0004FA5
:10B000004FEA03334CEA133302D0524263EB43035B
:10B0100094EA050F00F0A780A4F10104D5F1200EF9
:10B020000DDB02FA0EFC22FA05F2801841F1000154
:10B0300003FA0EF2801843FA05F359410EE0A5F128
:10B0400020050EF1200E012A03FA0EFC28BF4CF059
:10B05000020C43FA05F3C01851EBE37101F000450F
:10B0600007D54FF0000EDCF1000C7EEB00006EEB1C
:10B070000101B1F5801F1BD3B1F5001F0CD34908A6
:10B080005FEA30004FEA3C0C04F101044FEA4452FD
:10B0900012F5800F80F09A80BCF1004F08BF5FEA84
:10B0A000500C50F1000041EB045141EA050130BD64
:10B0B0005FEA4C0C404141EB0101013C28BFB1F576
:10B0C000801FE9D291F0000F04BF01460020B1FAC1
:10B0D00081F308BF2033A3F10B03B3F120020CDA94
:10B0E0000C3208DD02F1140CC2F10C0201FA0CF072
:10B0F00021FA02F10CE002F11402D8BFC2F1200CD7
:10B1000001FA02F120FA0CFCDCBF41EA0C0190408C
:10B11000E41AA2BF01EB0451294330BD6FEA0404D5
:10B120001F3C1CDA0C340EDC04F11404C4F12002C0
:10B1300020FA04F001FA02F340EA030021FA04F3D2
:10B1400045EA030130BDC4F10C04C4F1200220FA29
:10B1500002F001FA04F340EA0300294630BD21FA67
:10B1600004F0294630BD94F0000F83F4801306BF2D
:10B1700081F480110134013D4EE77FEA645C18BF21
:10B180007FEA655C29D094EA050F08BF90EA020FB8
:10B1900005D054EA000C04BF1946104630BD91EAB0
:10B1A000030F1EBF0021002030BD5FEA545C05D1B3
:10B1B0004000494128BF41F0004130BD14F58004F2
:10B1C0003CBF01F5801130BD01F0004545F0FE4166
:10B1D00041F470014FF0000030BD7FEA645C1ABF9B
:10B1E000194610467FEA655C1CBF0B46024650EAD2
:10B1F000013406BF52EA033591EA030F41F40021FE
:10B2000030BD00BF90F0000F04BF0021704730B583
:10B210004FF4806404F132044FF000054FF0000158
:10B2200050E700BF90F0000F04BF0021704730B519
:10B230004FF4806404F1320410F0004548BF4042EE
:10B240004FF000013EE700BF42004FEAE2014FEA43
:10B2500031014FEA02701FBF12F07F4393F07F4F1E
:10B2600081F06051704732F07F4208BF704793F021
:10B270007F4F04BF41F40021704730B54FF4607434
:10B2800001F0004521F000411CE700BF50EA010237
:10B2900008BF704730B54FF000050AE050EA0102E0
:10B2A00008BF704730B511F0004502D5404261EB50
:10B2B00041014FF4806404F132045FEA915C3FF491
:10B2C000D8AE4FF003025FEADC0C18BF03325FEA2E
:10B2D000DC0C18BF033202EBDC02C2F1200300FADF
:10B2E00003FC20FA02F001FA03FE40EA0E0021FA04
:10B2F00002F11444BDE600BF70B54FF0FF0C4CF4F2
:10B30000E06C1CEA11541DBF1CEA135594EA0C0FA3
:10B3100095EA0C0F00F0DEF82C4481EA030621EADE
:10B320004C5123EA4C5350EA013518BF52EA033519
:10B3300041F4801143F4801338D0A0FB02CE4FF0CB
:10B340000005E1FB02E506F00042E0FB03E54FF0FB
:10B350000006E1FB03569CF0000F18BF4EF0010EF3
:10B36000A4F1FF04B6F5007F64F5407404D25FEAEF
:10B370004E0E6D4146EB060642EAC62141EA5551A2
:10B380004FEAC52040EA5E504FEACE2EB4F1FD0CE4
:10B3900088BFBCF5E06F1ED8BEF1004F08BF5FEA62
:10B3A000500E50F1000041EB045170BD06F0004614
:10B3B00046EA010140EA020081EA0301B4EB5C04C1
:10B3C000C2BFD4EB0C0541EA045170BD41F48011B9
:10B3D0004FF0000E013C00F3AB8014F1360FDEBFDE
:10B3E000002001F0004170BDC4F10004203C35DABA
:10B3F0000C341BDC04F11404C4F1200500FA05F33D
:10B4000020FA04F001FA05F240EA020001F00042DD
:10B4100021F0004110EBD37021FA04F642EB060153
:10B420005EEA430E08BF20EAD37070BDC4F10C047D
:10B43000C4F1200500FA04F320FA05F001FA04F241
:10B4400040EA020001F0004110EBD37041F100012D
:10B450005EEA430E08BF20EAD37070BDC4F1200538
:10B4600000FA05F24EEA020E20FA04F301FA05F2A0
:10B4700043EA020321FA04F001F0004121FA04F248
:10B4800020EA020000EBD3705EEA430E08BF20EA18
:10B49000D37070BD94F0000F0FD101F00046400052
:10B4A00041EB010111F4801F08BF013CF7D041EAD4
:10B4B000060195F0000F18BF704703F000465200D8
:10B4C00043EB030313F4801F08BF013DF7D043EAA9
:10B4D0000603704794EA0C0F0CEA135518BF95EA5F
:10B4E0000C0F0CD050EA410618BF52EA4306D1D1E6
:10B4F00081EA030101F000414FF0000070BD50EA05
:10B50000410606BF1046194652EA430619D094EA8E
:10B510000C0F02D150EA013613D195EA0C0F05D178
:10B5200052EA03361CBF104619460AD181EA0301CC
:10B5300001F0004141F0FE4141F470014FF0000084
:10B5400070BD41F0FE4141F4780170BD70B54FF01F
:10B55000FF0C4CF4E06C1CEA11541DBF1CEA13559F
:10B5600094EA0C0F95EA0C0F00F0A7F8A4EB050481
:10B5700081EA030E52EA03354FEA013100F0888078
:10B580004FEA03334FF0805545EA131343EA126341
:10B590004FEA022245EA111545EA10654FEA0026F6
:10B5A0000EF000419D4208BF964244F1FD0404F5AF
:10B5B000407402D25B084FEA3202B61A65EB03050B
:10B5C0005B084FEA32024FF480104FF4002CB6EBC8
:10B5D000020E75EB030E22BFB61A754640EA0C0048
:10B5E0005B084FEA3202B6EB020E75EB030E22BF88
:10B5F000B61A754640EA5C005B084FEA3202B6EBC9
:10B60000020E75EB030E22BFB61A754640EA9C0087
:10B610005B084FEA3202B6EB020E75EB030E22BF57
:10B62000B61A754640EADC0055EA060E18D04FEA15
:10B63000051545EA16754FEA06164FEAC30343EAB5
:10B6400052734FEAC2025FEA1C1CC0D111F4801F82
:10B650000BD141EA00014FF000004FF0004CB6E77B
:10B6600011F4801F04BF01430020B4F1FD0C88BF1A
:10B67000BCF5E06F3FF6AFAEB5EB030C04BFB6EB25
:10B68000020C5FEA500C50F1000041EB045170BD18
:10B690000EF0004E4EEA113114EB5C04C2BFD4EB45
:10B6A0000C0541EA045170BD41F480114FF0000EC9
:10B6B000013C90E645EA060E8DE60CEA135594EA45
:10B6C0000C0F08BF95EA0C0F3FF43BAF94EA0C0F48
:10B6D0000AD150EA01347FF434AF95EA0C0F7FF4BD
:10B6E00025AF104619462CE795EA0C0F06D152EA11
:10B6F00003353FF4FDAE1046194622E750EA4106F5
:10B7000018BF52EA43067FF4C5AE50EA41047FF405
:10B710000DAF52EA43057FF4EBAE12E74FF0FF3C6A
:10B7200006E000BF4FF0010C02E000BF4FF0010C3B
:10B730004DF804CD4FEA410C7FEA6C5C4FEA430CB4
:10B7400018BF7FEA6C5C1BD001B050EA410C0CBF03
:10B7500052EA430C91EA030F02BF90EA020F002065
:10B76000704710F1000F91EA030F58BF994208BFCC
:10B7700090422CBFD8176FEAE37040F00100704789
:10B780004FEA410C7FEA6C5C02D150EA013C07D1E0
:10B790004FEA430C7FEA6C5CD6D152EA033CD3D02B
:10B7A0005DF8040B704700BF8446104662468C4625
:10B7B0001946634600E000BF01B5FFF7B7FF002858
:10B7C00048BF10F1000F01BD4DF808EDFFF7F4FF81
:10B7D0000CBF012000205DF808FB00BF4DF808ED0C
:10B7E000FFF7EAFF34BF012000205DF808FB00BF2F
:10B7F0004DF808EDFFF7E0FF94BF012000205DF851
:10B8000008FB00BF4DF808EDFFF7CEFF94BF012005
:10B8100000205DF808FB00BF4DF808EDFFF7C4FFFE
:10B8200034BF012000205DF808FB00BF4FEA410C47
:10B830007FEA6C5C02D150EA013C0AD14FEA430C2A
:10B840007FEA6C5C02D152EA033C02D14FF0000067
:10B8500070474FF0010070474FEA410212F50012A5
:10B8600015D211D56FF47873B3EB625212D94FEA47
:10B87000C12343F0004343EA505311F0004F23FA31
:10B8800002F018BF404270474FF00000704750EA86
:10B89000013005D111F0004008BF6FF00040704743
:10B8A0004FF00000704700BF53B94AB9002908BFE4
:10B8B00000281CBF4FF0FF314FF0FF3000F00CB8F4
:10B8C000ADF1080C6DE904CE03F0C9F8DDF804E031
:10B8D000DDE9022304B07047704700BF01F083B96F
:10B8E00001F084B91FB5014601A800F006F801A8CF
:10B8F00001F04BFD05B05DF804FB0B88C3F30B03AF
:10B9000083804B88C380002343724B78C3F30113B9
:10B91000012B03D09A1E534253415B000431037242
:10B920000160704710B58B880370437803F0F00313
:10B9300043708A88C2F3032213434370CA8882701B
:10B94000CA8803F0CF03120A4370C2700A7A120148
:10B9500002F03002134303F03F0343704A7A43EA94
:10B96000821343700C4609680430814205D0E28896
:10B97000FB2A28BFFB22FFF757FAE0880430C0B249
:10B9800010BD70B50B78192B05460C4612D8CBB1FB
:10B99000013B182B16D8DFE803F01A2615999FA54E
:10B9A000ABB1B5B7C7CD1515152ABBC1D1D7DDE3EE
:10B9B000E9EFF500822B4FF0FF0200F0E980832BC6
:10B9C00000F0EA8040F26721C720F4F76BFC0C23FB
:10B9D0000B7008236370667802363246214628468B
:10B9E000FFF722FA49E01A230B700123F2E729201E
:10B9F000F4F752FE30B13E232370222363702923D3
:10BA0000A370E8E70A20F4F747FE3E2305F1080299
:10BA100004F108012B7090B30A23AB70E378EB704C
:10BA2000A3882B71A3881B0A6B71A379AB71E3798F
:10BA3000EB71A368AB608B889380D4F80E30C5F8A7
:10BA40000E30638A6B8263696B61238B2B83638BFC
:10BA5000AB76638B1B0AEB76A38B2B77A38B1B0A2E
:10BA60006B77E38BAB77E38B1B0AEB7794F8203093
:10BA700085F820301F266E700236304670BD0123D7
:10BA8000AB70E378EB70A3882B71A3881B0A6B71F2
:10BA9000A379AB71E37903F00103EB71A368AB60A9
:10BAA0008B889380638BAB73638B1B0AEB73A38BC5
:10BAB0002B74A38B1B0A6B74E38BAB74E38B1B0A95
:10BAC000EB7494F820302B751326D4E73E230B70CB
:10BAD00004234B70142393E73E230B700C234B700D
:10BAE00004238DE73E230B700A234B70032387E763
:10BAF0003E230B700D234B70052381E70523237034
:10BB0000042367E70823FAE730230B70032361E778
:10BB10003E230B700B234B70072371E73E230B7002
:10BB200006234B700C236BE713230B708B789B0061
:10BB300001334FE757230B7002234BE73E230B7073
:10BB400006234B7012235BE73E230B7009234B70D7
:10BB5000132355E73E230B7005234B7020234FE73B
:10BB60003E230B7009234B70212349E7FF230B7001
:10BB70000B234B70A22343E7FF230B7005234B706D
:10BB8000A3233DE7FF230B700D234B70802337E782
:10BB90000A700D22627033E70A700222FAE708B5D4
:10BBA00010B96FF0150008BDFFF79CFE0028F8D013
:10BBB0000020F8E710B50C4648B141B1F4F7C6FCD7
:10BBC000002820700CBF6FF02200002010BD6FF025
:10BBD0001500FBE708B5F4F73DFD002008BD00F0B7
:10BBE000F3BC08B5F4F748FD002008BD00F074BFB1
:10BBF00000F082BF034602221A709A7082225A71A4
:10BC00006FF045029A716FF03502DA716FF02F0212
:10BC10001A727D225A726FF0720200209A723C22D0
:10BC20005870D8701871DA72704700F01ABD70B58C
:10BC3000044602F0CCFC012805461AD1601C02F033
:10BC4000CDFCB0B1A37963F03F03A3710020F6F7F8
:10BC500003FCE61D38B1102200213046FFF7A4F89E
:10BC60002570002070BD304602F0CBFC0028F2D0D9
:10BC7000F6E70025F4E710B5102204460021FFF78F
:10BC800093F804F11003102200211846FFF78CF8F6
:10BC900002F0D0FC0020F6F7DFFB20B1204602F0D6
:10BCA000B0FC002010BD02F092FC0028F6D0F8E7AE
:10BCB00010B50446FEF7E0FEB0F5007F09DA10F596
:10BCC000007F08DD031EB8BF03339B1023700020E4
:10BCD00010BD7F23FAE76FF07E03F7E7012070477E
:10BCE00000F06BBF0078003818BF012000F065BD80
:10BCF000F6F726B98178008800F02BBF00F046BF28
:10BD000037B505460C4600880DF1060100F05AFDD6
:10BD10002B882380BDF80630638003B030BDF6F772
:10BD200017B900F065BF00F03DBC00F08FBC08B54E
:10BD3000F4F7AAFC002008BDF5F742BF00F06FBD84
:10BD400000F0A0BCF6F78CB800F06CBC00F063BE4D
:10BD500000F02DBE00F074BE00F0A1BC00F03FBDAD
:10BD600000F06BBC00F02ABC03880B8000F099BE89
:10BD700003880B8000F0A3BE00F0B6BCF5F75CBFF3
:10BD800000F0F0BC00F03DBC00F020BFF5F722BF92
:10BD9000F5F77EBFF8B5941C0C446343B3F5004F30
:10BDA000A8BF4FF0FF330E4610F0030105461746BB
:10BDB0009CB203D0B0211420F4F774FAB4F5004F0C
:10BDC00001D9B121F7E714220430FEF7EDFFEF743B
:10BDD0006C802E80F8BD38B50388C48805898B42F5
:10BDE000C4F30E0203D2D1211420F4F75BFA84EAE3
:10BDF0000503C3F30E030BB9AC4206D102F11803DD
:10BE00000122C1528274184438BD1846FCE7023141
:10BE100001444A43B2F5004FA8BF4FF0FF3290B241
:10BE20001B3020F00300B0F5004F34BF00B24FF0DC
:10BE3000FF30704740881B3020F00300B0F5004F02
:10BE400034BF00B24FF0FF3080B2704738B503887E
:10BE50008B4203D2F7211420F4F724FA857C65B1D4
:10BE6000C388C3F30E031833C25A8A4207D3C152A0
:10BE7000811DF4F739FC00238374284638BD002562
:10BE8000FBE70346F0B59E88DD88B4B2A54200F119
:10BE90001800C6F30E0616D05F89DD7C845B3D4436
:10BEA00002353544E41B28440D88A4B2A54288BF5E
:10BEB0000C805989B1FA81F14FEA511188BF2546AA
:10BEC0001170DD81F0BD00252846FAE7F8B58288BB
:10BED000C389002604460D4692B20E60CBB1C2F370
:10BEE0000E024189183287180B44825A9BB2934242
:10BEF000438104D94FF4A2711420F4F7D3F904D18B
:10BF0000011DF4F7F1FB46812F600023E38101203E
:10BF1000F8BD1846FCE7838802899BB29A42014625
:10BF200002D00831F4F7E0BB70478388C0889BB229
:10BF3000C31A584258417047828873B5C48895B275
:10BF4000AC42C2F30E0202F1180212D04189C68936
:10BF5000835A314499420EDB0DF10601ADF80650CB
:10BF6000F4F7C2FBBDF80600001B18BF012002B0A9
:10BF700070BD0020FBE70120F9E770B5C488068991
:10BF800084EA0602C2F30E020346C4F30E0518301B
:10BF90000AB9B4420FD19C891A880CB1465B921B36
:10BFA000914207DCDA7C2C440232224410440A46D7
:10BFB0001A8270BD00221046FAE7F8B5038A002BFA
:10BFC00038D08B4236D3C488858900F11803C4F376
:10BFD0000E041E1995B91D55757085891E5B0D449B
:10BFE000ADB2314485811953D2B1811DF4F77CFB88
:10BFF00000238381002303820120F8BD1E5BAE4233
:10C0000004D04FF4F6711420F4F74CF9C57C878AFC
:10C010002644023535445E195F53857DB570DCE7F3
:10C02000C27C254402322A4499189B5A83828B7819
:10C030008375DFE70020E0E78388C2889BB29A42DD
:10C0400006D0428922B9C3F30E031833184470474F
:10C0500000207047C37C0233C81870470230704715
:10C0600038B58388C2889BB29A4209D043893BB9CC
:10C07000C5893DB9011DF4F737FBC581012038BDE5
:10C080000020FCE71846FAE700238381038270470B
:10C0900003881380C388C3F30E03183303440B6073
:10C0A000808970470368002223B9C0E90132031D6B
:10C0B0000360704759681B680A44F5E7072970B5A3
:10C0C000034604D84FF4EC711520F4F7EBF8006840
:10C0D000C0B144681A688C42064610D0106860B936
:10C0E00001F10805AC420DD3546850501868651A28
:10C0F000541800686560505002E01346E9E7146880
:10C100001C60304670BD0023C1E9003203680B603B
:10C110000160704730B590B18478B1FBF4F304FB53
:10C12000131300EB430252898A4201D1D8B230BDC9
:10C13000C27822B900F10803D0B2844201D8FF20AE
:10C14000F5E733F8025F8D4202F10102F4D1EEE728
:10C150008278038805324B4303EB4203184470474F
:10C1600037B50024CDE9004405468DF80600684641
:10C17000ADF80440F4F78EFCBDF8044008B103B0FC
:10C1800030BD29462046F4F761FC0028EFD040F28C
:10C1900015211720F4F786F870B50D4609211E46C3
:10C1A000FFF735FE3246044609212846FFF72FFEE9
:10C1B00040EA04031B0454BF00194FF0FF3070BD68
:10C1C000012303707047F8B50C4684F00104640045
:10C1D000054611461E46E4B2FF23837003191B7DFA
:10C1E000012B06D0631CDCB250FA83F31B7D012BBC
:10C1F0000AD105EB44073B8B3A8C9819904205DD38
:10C200002C4400233B8323750020F8BD05EB8404F8
:10C21000324660681844FEF707FE3B8B1E443E839F
:10C220000023AB700120F0E781F00101490010B557
:10C23000C9B2FF23837043181C7D012C07D10C3138
:10C2400020F8112002221A750023837010BD0131DD
:10C25000CBB250FA81F10C7D012C05D10C3320F8C2
:10C26000132002230B75EFE74FF48C710920F4F7CC
:10C2700019F830B50246837803F0FF00F3B9137D57
:10C28000022B19D0537D022B15D10346012089B111
:10C29000D5180C3300242C7522F8134013180324EE
:10C2A0001C7502EB80035B680B6000F10C0332F835
:10C2B00013308B80012030BD0123E8E70020FAE72E
:10C2C00030B50346827802F0FF00E2B99A7D022A77
:10C2D00017D0DC7D022C13D1032281B11D190C343F
:10C2E0000020287523F8140098180324047503EB24
:10C2F00082000C32406833F8123008608B800120D5
:10C3000030BD0324E9E70020FAE7037D012B01D1CA
:10C31000008B7047437D012B0CBF408B0020704782
:10C32000837D012B01D1808B7047C37D012B0CBF16
:10C33000C08B00207047038B23B9408B003818BF97
:10C340000120704701207047838B23B9C08B0038D0
:10C3500018BF0120704701207047027D022A01D1D9
:10C36000008B7047437D022B01D1408B7047032A1D
:10C37000F6D0032BF9D000207047827D022A01D12C
:10C38000808B7047C37D022B01D1C08B7047032A7D
:10C39000F6D0032BF9D000207047F4F7E3BC2DE969
:10C3A000F041044608460D4691F8008000F0A1FFD8
:10C3B0000746284600F099FF0646284600F09DFFF4
:10C3C00008F003086B78E07084F800806770A6704E
:10C3D000A3802046BDE8F081012808B506D00228D8
:10C3E00006D040F29D410620F3F75CFF002008BD17
:10C3F0000120FCE7F4F702BD10B5044638B1F5F7AB
:10C400004BFE24EA0000B0FA80F0400910BD012084
:10C41000FCE707B50023CDE9003301238DF8063092
:10C420006846F4F737FB08B1002004E0009801F0FB
:10C430005BFD0028F4D003B05DF804FB1FB50022BB
:10C44000009240F6881303A9FAF7D4FD05B05DF811
:10C4500004FB38B5054601F0C9FDF0B1284601F0EE
:10C4600043FD08B9002038BD284601F00DFC044604
:10C47000284601F00CFC054688B9002CF2D0208833
:10C48000F5F746FF20882946F4F7E0FA0028E9D0BE
:10C4900041F6E3413920F3F705FF4220E3E70C20A2
:10C4A000E1E710B5FFF7B5FF60B1F5F767FA0446AD
:10C4B00001F074FE40B9204601F06CFE80F00100EE
:10C4C000C0B210BD0120FCE70020FAE72DE9F043DF
:10C4D00085B006468846008802A900F015FD05468D
:10C4E00040BB039C94F8593103F0FF051BB1B8F130
:10C4F000020518BF012594F88730222B94F8D93013
:10C5000043EAD3030CBF85F001094FF00009DB07B4
:10C5100002D4B9F1000F3BD0B77817B9F5F7BCFDDD
:10C520000746F078B0BBF5F7B7FD3FB9B9F1000F9A
:10C5300029D10925284605B0BDE8F0830028F5D0AB
:10C54000FF2384F825310DBB94F8243103F0FF0557
:10C55000E3B984F8270184F8248184F82671B3783C
:10C560008DF80430F3788DF805303379727901A9AC
:10C5700043EA02232046ADF8063000F024FD0023F4
:10C5800084F82531D6E700200746D9E73A25F6E7B3
:10C590001A25CFE7002FD3D1C8E708B5F5F758FD26
:10C5A000002008BD1022027041F27E03C2705922A1
:10C5B000A0F801308280C3800020704708B50821B0
:10C5C000F3F7B6FF002008BD73B506460D46008898
:10C5D000694600F099FC044688B9B3785BB9019BC1
:10C5E00093F97000A87033882B80F6F7A9F9A8702A
:10C5F000204602B070BD7F20FFF720FFF2E7022443
:10C60000F6E710B504466FF07F00FFF717FFF6F767
:10C6100097F920707F20FFF711FFF6F791F960700E
:10C62000002010BD10B50446F5F7A8F901F0AFFDE4
:10C63000F6F786F92070002010BD08B50A460723DA
:10C6400000F11001FEF70EFA002008BD10B50146FA
:10C6500004460020F5F7E6FE08B92060A08000201F
:10C6600010BD10B50446F5F7EDFC28B900202146B1
:10C67000F5F7C0FE002010BDFFF713FF0028F5D12D
:10C680000C20F8E710B50446FFF70BFF28B1012096
:10C690002146F5F7AFFE002010BD0C20FCE7F7B5F2
:10C6A0000C4605466946008800F02EFCA21C034695
:10C6B00090B9019901F18F0781F8C3303868106093
:10C6C000387910712888208091F8C36006F0FF0047
:10C6D000002EF1D103B0F0BD0023C4F802300220D7
:10C6E000137123706370F5E737B505460C46008873
:10C6F000694600F009FCD8B9019B83F86A0093F8F9
:10C700006820012A06D0022A04D04FF46171062065
:10C71000F3F7C8FDA27093F86920012A01D0022A1C
:10C72000F3D1E27093F86A20002AE6D12B882380A7
:10C7300003B030BD10B58388022B044610D8C078F2
:10C74000FFF75AFE08B9112010BDA078FFF754FE7C
:10C750000028F8D020460121BDE81040FFF7B6BE02
:10C760001220F1E737B58378C178027903F001042C
:10C7700051EA040503F002031DD052EA03051AD062
:10C78000002C18BF0021002B18BF00228DF80320B9
:10C79000037842788DF8021043EA0223ADF80030A6
:10C7A00043798279684643EA0223ADF80430FFF703
:10C7B000C1FF03B030BD1120FBE708B5F4F7C4FD9D
:10C7C000002008BD13B50C46694600F09DFB20B95A
:10C7D000019BB3F880300133238002B010BD07B550
:10C7E0000088694600F090FB38B99DF80020019B55
:10C7F000012A05D093F82B216AB103B05DF804FB40
:10C8000093F8DC21D2B293F8A81011B912F0FB0F03
:10C81000F0D10220F1E7FF2283F82B21EDE710B5DC
:10C820000446F5F733FC20606160002010BD2DE95F
:10C83000F3410546477800780121F4F7F1F8044602
:10C8400000285ED001F093FCEE78864228BF0646B1
:10C85000042FB6B22FD1002E39D1204601F0ACFC06
:10C860006B78032B37D107F0FD08B8F1010F44D1E5
:10C87000204601F0A1FC00283CD1012F08BF4FF059
:10C880000208216B42466846F4F704FA6A68206B96
:10C8900033460121FFF797FC002834D06B78023B28
:10C8A000012B2CD8206BFFF730FD01210246206BB5
:10C8B000FFF7BAFC23E0206BFFF727FD304480B27E
:10C8C0001F2804D8FB1E012BC7D9002EC5D112206A
:10C8D00002B0BDE8F0810028F9D1042BC3D1204675
:10C8E00001F002FB0028F2D0206BFFF724FD0028A6
:10C8F000B9D1ECE74FF00008C3E7042FC6D1002000
:10C90000E6E74220E4E70720E2E72DE9F3410746A6
:10C91000457890F8038000780121F4F781F8044607
:10C9200000283CD001F03AFC0028206B08BF4FF0F3
:10C930000008FFF7F5FC00EB0806B6B21F2E30D852
:10C94000042D2ED0032D0CD1204601F035FC20BB48
:10C95000012D14BF05220622216B6846F4F79AF9CF
:10C9600008E0B8F1000F1CD0204601F0BDFAD0B9A4
:10C97000012DE9D07A68206B43460021FFF723FCA4
:10C9800098B1023D012D04D8206B32460021FFF7FB
:10C990004BFC002002B0BDE8F0810422DCE742201D
:10C9A000F8E71220F6E70C20F4E70720F2E713B5CA
:10C9B0000446F4F7E3FF4FF44073ADF80030002372
:10C9C0008DF80230684614F8013B8DF8033001946D
:10C9D000FFF79BFF02B010BD38B501210546007876
:10C9E000F4F71EF80446A0B101F07EFA28B92046FB
:10C9F000691C01F00EFB002038BD204601F0CEFB83
:10CA000008B10C20F8E7204601F0C4FB0028EED066
:10CA1000F7E74220F0E713B50446F4F7AFFF14F848
:10CA2000013B8DF803304FF44073ADF80030684699
:10CA300000238DF802300194FFF7F9FE02B010BD1B
:10CA400073B50546F4F79AFF2B78044663B10023CB
:10CA50000DF1010101208DF80030F5F7E3FC18B16C
:10CA60006846FFF7B9FF88B9002620468DF80060B8
:10CA700001F098FB2B788DF80360C001012BADF815
:10CA8000010005D169462046F5F718F802B070BDDF
:10CA90002BB9204602B0BDE87040FFF7DABC122087
:10CAA000F4E710B5002104460088F3F7B9FF20B180
:10CAB000A11CBDE8104001F041BD022010BD08B529
:10CAC00000880021F3F7ACFF20B1BDE80840002149
:10CAD00001F034BD022008BD37B505460C4600887C
:10CAE000694600F011FA28B92B882380019BB3F81E
:10CAF000B430638003B030BD37B503880B80044683
:10CB000098B2638813B9122003B030BD694600F0B3
:10CB1000FBF90028F8D16588019B42F21072A9B296
:10CB20009C695143DA8D62431C8C04FB02229142C2
:10CB3000E9D39A699C699442FBD10022C3F8AC20E6
:10CB4000621E0A44A3F8B450B2FBF4F2C3F8B0205A
:10CB5000DAE710B50C460021F3F762FF90B1022C22
:10CB600012D804F00102C4F3400480F8AD2180F82B
:10CB7000AC4112B190F8AA310BB9002010BD01F000
:10CB8000CDF8FAE70220F9E71220F7E710B50446DE
:10CB90000078FF280AD00121F3F742FF58B16378EB
:10CBA000A27843EA0223C384002010BDB4F8010038
:10CBB000F7F7A4FBF8E74220F7E708B5007800385C
:10CBC00018BF0120F7F766FA002008BD10B504462B
:10CBD000F4F7D4FE6178C1F3400201F0010101F0E5
:10CBE00001FB002010BD0820F5F744BA01F0D0BCCD
:10CBF0001220704710B5044604B910BD2368984749
:10CC00006468F9E703680BB9016070471A465B680E
:10CC100013B18A42FAD170478A4218BF51607047F7
:10CC200008B50020FFF79CFAF3F7BEFFF5F764FBA9
:10CC3000F4F73EFA20B140F221119320F3F732FBD2
:10CC400008BD08B5F7F7CEF9F7F73AFF20B140F283
:10CC500041119320F3F726FBBDE808400120FFF7C0
:10CC60007FBA08B5FFF7EDFF01F050FC20B14FF49B
:10CC7000AB719320F3F716FB08BDFDF791B90B4696
:10CC8000122203F8032BD0F80920C1F80320427BBD
:10CC90001A71704737B504460D46F5F715FF18B3FE
:10CCA0006FF4A873E01802210388ADF8003034F85F
:10CCB000ED3CADF80230684634F8EB3CADF804309A
:10CCC000FFF704FC18B14221AE20F3F7EBFAADF800
:10CCD00000009DF80030002063F307009DF801304C
:10CCE00063F30F2003B030BD18232B70D4F8093044
:10CCF000C5F803300423ADF80030EAE708B543680F
:10CD000093F886201AB18521AE20F3F7CBFA2022C2
:10CD100083F8862008BD034610F0010007D19A076A
:10CD200004D4C3F380039B00D8B27047022070473D
:10CD30002DE9F84F0746104692461D46FFF7EBFFD8
:10CD400083460846FFF7E7FF4BEA0006F6B2003ECF
:10CD50000A9C8846814618BF0126F5F79DF910EA1E
:10CD60000A0A18BFDA46F5F797F997F8683010EA1B
:10CD7000080118BF4946534508BF4FF0000A84F820
:10CD800000A097F869308B4208BF002161705AEA11
:10CD900001010BD1B7F88030013DED1AADB247F675
:10CDA000FD739D428CBF002606F001063046BDE8AB
:10CDB000F88F70B5446894F88750A5F12003062BCE
:10CDC00006464DD92E2D4BD0002D47D194F88630F4
:10CDD000252B45D00B7913F0070335D04A7912F093
:10CDE000070231D084F8612084F8603094F825314E
:10CDF00013BB94F82431012B1ED094F8693094F8B9
:10CE00006020D91E012998BF04239A4222D194F8A8
:10CE10006830DA1E012A94F8612098BF04239A42F0
:10CE200018D10223B4F8642084F82431B4F86630B1
:10CE3000A4F82621A4F82831222384F8873030462C
:10CE400000F0A5FB284670BD3046C978BDE87040AB
:10CE500000F0CFBB3046F5F769F9EDE70125F1E7C2
:10CE60002025EFE708B5436893F88720222A05D0EC
:10CE700022B140F2EA31AE20F3F714FA232283F80C
:10CE8000872008BDF5F738BA704730B542401C78A6
:10CE900008785D7860404C786C4020449D788C78B0
:10CEA0006C402044DD78CC786C4020441D790C79AE
:10CEB0005B7949796C4020444B4018441044B0FAE7
:10CEC00080F0400930BD024600200139C9B2FF2977
:10CED00000D17047535C83F001030344D8B2F4E7F8
:10CEE00008B5F5F7C5FA082803D0BDE80840F5F7FE
:10CEF000E1BA08BD08B501F058FB18B1BDE808401B
:10CF0000F8F766BF082008BD10B50C460021F3F7FE
:10CF100087FD606018B101232370002010BD02203E
:10CF2000FCE7F8B5D0E9047605460C46FBF750FD62
:10CF300020B940F207112920F3F7B4F9ECB1D5E993
:10CF40000423D21B63EB0603012A73F100014FF0A7
:10CF5000000114DB6FF001009042994102DA40F2C7
:10CF60001111E8E7631E1344B3FBF4F35C43E419C7
:10CF700046F10006C5E904461C462046F8BD0C46AD
:10CF8000FBE7CB1E012B10D803290CBF96234FF4CF
:10CF9000167303F5BC730CBF10224022984210D9BF
:10CFA000C01A90FBF2F080B27047022904D13C28ED
:10CFB00007D980100F38F6E7702802D9C0100E3854
:10CFC000F1E70020704738B50D460446F5F764F8E0
:10CFD0002B78002B08BF034684F864306B78002B55
:10CFE00008BF034684F865306B88A4F8663038BD06
:10CFF000012908B5034606D002290CD040F2891158
:10D000002920F3F74FF940F6C41040F2E242002B1A
:10D0100008BF104608BD40F6C410FBE707B5002363
:10D0200001A80193F9F7B6FF019810F0030018BFAB
:10D03000012003B05DF804FBC2B292FAA2F2030A27
:10D0400093FAA3F31B0E100E40EA0320704770B54D
:10D050000131C9B20530002210F8013F8B4216D3CE
:10D0600010F8054C0023012505FA03F626421CBFE3
:10D0700001F1FF31C9B269B10133082BF4D101329A
:10D08000D2B2052AE8D199214620F3F70BF9C91A43
:10D09000C9B2F4E703EBC200C0B270BD0B6870B553
:10D0A000C0F801300B7903F01F03437100230446DD
:10D0B000C3720546461D15F8010F00F04EFA68715F
:10D0C000E37AB5421844E072F5D170BD70B581EADB
:10D0D00011418CB20546C17A032682EA0400FFF7AB
:10D0E000ABFF013E00EB0010221816F0FF0690B2D5
:10D0F000F5D144402522B4FBF2F302FB1343C3F302
:10D10000C4022A44D8B2567803F00703012202FA77
:10D1100003F31E4207D161432846C1F30741BDE82E
:10D120007040FFF794BF70BDF8B590F821506B1EAA
:10D13000242B044654D80AB90020F8BD807D18B1CC
:10D14000012844D01F20F8E794F8233094F82210E7
:10D1500002FB01322523B2FBF3F103FB1123DBB207
:10D1600004EBD30284F82330D17D03F007060122BB
:10D17000B240114202D084F82430DDE7B3FBF5F26F
:10D1800005FB1233013303F0FF0304F11B0111F817
:10D19000012F934218D811F8055C0022012606FAE7
:10D1A00002F72F4208D0013B13F0FF0304D102EB3A
:10D1B000C00284F82420BFE70132082AEFD10130F1
:10D1C000C0B20528E3D1BDE79B1ADBB2F7E722899D
:10D1D000C96904F11600FFF779FF84F82400ABE772
:10D1E0001220AAE70378890123F0400301F04001EF
:10D1F0000B4303707047037803F07F0343EAC113C6
:10D20000037070471F2A38B50546144603D9B72165
:10D210002A20F3F747F809300634FDF705FE6C7055
:10D2200038BD1F2A38B50546144603D9D9212A200E
:10D23000F3F738F809300634FDF7F6FD6C7038BDA9
:10D24000037803F00F03032B02463ED0052B42D197
:10D25000C37F90F82000034392F82100034392F823
:10D260002200034392F8230000F01F00184333D03C
:10D270005378222B2FD1B2F81930B1B1B3F5506FDA
:10D2800013D940F607518B4225D8B2F81B30B3F5BD
:10D29000FA7F20D2B2F81D000A3880B240F67643F9
:10D2A00098428CBF002001207047991F89B240F638
:10D2B0007A4081420FD8917D481E07280BD89942A9
:10D2C00009D2B2F817109942DEE74078A0F10C03BA
:10D2D00058425841704700207047037801F003011D
:10D2E00023F003030B43037070470078C0F3800002
:10D2F00070470078C0F3C00070470078C0F300109A
:10D3000070471B2A08B504D940F24D412A20F2F794
:10D31000C9FF4270BDE808400330FDF785BDB0F895
:10D320000730B1B1B3F5506F13D940F607529342AD
:10D330001FD8B0F80930B3F5FA7F1AD2B0F80B0055
:10D340000A3880B240F6764398428CBF0020012014
:10D3500070479A1F92B240F67A418A4209D8027900
:10D36000511E072905D89A4203D2B0F805209A42E7
:10D37000DEE700207047406890F8AA3123B100230F
:10D3800080F8AA3100F0CABC704708B5017A19B11B
:10D3900001290AD0002008BD0368C28802218088C4
:10D3A000F5F748FB20B10120F5E70368C288F6E7EE
:10D3B000F5F722FDF7E702230B7001238B7070470E
:10D3C000F5F79EBC10B521B94FF410711020F2F79B
:10D3D00069FF4A600B72EFF3108472B6031D0B6095
:10D3E00042681AB1127A012A08BF03600368196003
:10D3F000016004B962B6BDE81040F5F7CBBC02226B
:10D40000F5F7E8BC0322F5F7E5BC0422F5F7E2BC2A
:10D410000222F5F723BD11230B706FF49A731844A1
:10D420000388A1F80330838FA1F80530B0F84030AD
:10D43000A1F80730C38FA1F80930B0F84230A1F845
:10D440000B307047012908B503D10E30C00080B2FF
:10D4500008BD022902D10F308000F8E74FF42E7189
:10D460000620F2F71FFF40687047C08A704710B56A
:10D470008A880B89CC884988A0F85010A0F85440BD
:10D48000A0F85220A0F8563010BD38B5C58B438C9B
:10D4900004469D42007A28BF1D46FFF7D3FF6389EB
:10D4A000AB4228BF2B46984238BF184680B238BDE1
:10D4B0002DE9F04106460F468089194698461446E4
:10D4C000FFF7C0FF414605463046FFF7DEFF8542C5
:10D4D00028BF05469DF81810B08AFFF7B3FFF38AFE
:10D4E000834228BF0346ADB2A01D15FA83F338442A
:10D4F0001844BDE8F08107B590F86930009390F8C2
:10D500006830002296213030FFF7D2FF03B05DF87B
:10D5100004FB38B50D4619461446FFF7ECFF963468
:10D520002044A84294BF281A002038BD38B50D46C3
:10D5300011460446FFF7DFFF2844606338BD836966
:10D54000006B984228BF184601F19C0383423DBFFF
:10D55000401A9C3840080020704700F055034008EE
:10D5600000F05500034403F033009B0803F033033D
:10D57000034403F00F0000EB1310704743680022D0
:10D5800083F8862083F8C220A3F8BE207047436842
:10D590000022A3F8C42093F8C620013283F8C620E5
:10D5A000704708B5426892F8C630013B5BB2002B69
:10D5B00082F8C63003DA52214A20F2F773FE08BD22
:10D5C000436883F80B1183F80A217047A0F10A031E
:10D5D000042B0CD9A0F14303012B08D9A0F120039F
:10D5E0002E2818BF062B94BF012000207047012071
:10D5F00070474268936F10B513F0080408D143F0E8
:10D600000803936782F80811FFF7C1FF204610BD99
:10D610000120FCE730F8023CF7B530F8A07C054665
:10D620000E4673B1012268468DF80020ADF80170F6
:10D63000ADF80330F4F7BCFA18B195216320F2F786
:10D6400031FE082300243370B470A6F803706B7A9F
:10D6500055F88C0C7371FEF768FC08B9BA21EDE738
:10D660003846F4F755FE21463846F3F7EFF94FF404
:10D67000017303F00402204662F307001B0A63F300
:10D680000F2003B0F0BD436893F88820063A012AC2
:10D6900081BF0A7983F88920062283F88820002038
:10D6A0007047426892F88830063B012B84BF0723FD
:10D6B00082F88830704770B5426892F88750F5B9A3
:10D6C000B1F80930B2F88060A2F83C32013B9B1BF4
:10D6D0009BB247F6FD76B34206D9282382F8A930DB
:10D6E000F5F7C0FD284670BD4B68C2F83E320B7A94
:10D6F00082F8423243680A2283F88720F2E7012544
:10D70000F0E70B46062203F8032BD0F80920C1F8F6
:10D710000320D0F80D205A60427C1A720023CB708F
:10D72000704770B5436893F8875006460C46002D45
:10D7300042D129462046FFF7F2FD28B9E17830466C
:10D74000BDE87040FFF755BF7268B4F80D30B2F80D
:10D750008010A2F83C32013B5B1A9BB247F6FD7188
:10D760008B4207D9282382F8A9303046F5F77AFD95
:10D77000284670BDB4F8073040F2E2414B43C2F88E
:10D7800044322379C3EB431003EB800303EB8303A1
:10D790005B00A2F83E32B4F805304B43C2F8403289
:10D7A000B4F80930A2F84832B4F80B30A2F84A3283
:10D7B0000D2382F88730DBE70125D9E709230B70B9
:10D7C000D0F80930C1F8023070470B460A2203F83E
:10D7D000022BB0F809204A80C27A9A70704738B597
:10D7E000436893F88740054634B1113C0B2C8CBF3D
:10D7F00001240824204638BD93F88C30002BF9D042
:10D80000FFF7C5FE6B68112283F88720F2E708B5A1
:10D81000436893F88720152A04D04FF4BD711F2068
:10D82000F2F740FD012283F8C720162283F88720F3
:10D8300008BD436893F88720122A03BF13220020F3
:10D8400083F887200220704710B5436893F887302B
:10D85000182B044607D1FFF7A4FE63681C2283F847
:10D860008720002010BD0220FCE708B5436893F82C
:10D870008720112A04D040F2A3111F20F2F712FDD5
:10D88000012283F8C720122283F8872008BD08B53B
:10D89000436893F88720162A04D040F2AB111F206A
:10D8A000F2F700FD182283F8872008BD0B460522F9
:10D8B00003F8032BD0F80920C1F80320D0F80D207D
:10D8C0005A60B0F811201A81C27C9A72704708B56C
:10D8D000436893F886201AB1C5211C20F2F7E2FCB8
:10D8E000042283F8862008BD426808B5936FD907E3
:10D8F00003D4D3211C20F2F7D5FC23F00103936756
:10D90000BDE80840FFF74DBE0C23A0F596700B70E4
:10D9100003884B807047436893F886200F2A01BF25
:10D92000002283F8B62083F8C22083F886200020E6
:10D93000704738B54568AB6F13F0040407D1FFF7A3
:10D9400026FEAB6F43F00403AB67204638BD0120D1
:10D95000FCE74268936F23F004039367FFF721BE4F
:10D9600008B5436893F886201AB170214B20F2F76E
:10D9700099FC0F2283F8862008BD10B5D0E90D422E
:10D98000A24206D30B8CC98D05334B43121B934225
:10D9900002D3012380F83E3010BD01230B70002319
:10D9A0008B7030F8CA3CA1F80330437A4B7143893D
:10D9B000CB8083890B81704710B5446894F8C930D7
:10D9C0009A070ED494F886301BB174214020F2F7E8
:10D9D00069FC012284F8862084F8C220A4F8BE30B5
:10D9E00010BDA36F9B0705D5FFF7DBFDA36F23F0E9
:10D9F0000203A367002384F82A31F1E710B50B79FD
:10DA00004C790A68012843EA042108BF41F48031B7
:10DA1000104610BD07B5FFF7F1FF0DF10702F5F74E
:10DA20003DFE03B05DF804FB08B5FFF7F7FA0028E8
:10DA300014BF1420002008BD10B5F9F7F7F904460B
:10DA4000FFF7F2FF04F55F43D0304FF47A724133B1
:10DA5000B3FBF2F3184410BD10B5044690F869000A
:10DA6000FFF7EAFF012201462046BDE81040FFF71C
:10DA70005DBD7FB5044618B9AA213020F2F712FC2B
:10DA8000072900F2D780DFE801F004C933332ED52F
:10DA9000C1D390F8F431B0F88020DBB1B0F8F231A6
:10DAA000934208BFB0F8A4319A1AA0F8A621A4F8AE
:10DAB0008030D4E982232046C4E98423F7F7FEFFAF
:10DAC00094F8AB31002B00F09F8004B0BDE87040AB
:10DAD00000F025BDB0F8F0319B1AA0F8A631B0F8DF
:10DAE000F0319BB2E3E704B0BDE87040F9F75EB8EF
:10DAF000FAF7E8FDD4E98423801A61EB03010128D9
:10DB000071F1000302DA40F23C61B6E76FF0010305
:10DB100083424FF000038B4102DA40F23D61ACE7F3
:10DB2000A3690BB1B0FBF3F394F88710B4F8F221BA
:10DB30000D2932D10132A4F8F221B4F82A32B4F816
:10DB400080500133A4F82A32B4F8BA301D44B4F836
:10DB5000B830013DED1AADB202AEB4F8F2116B1A55
:10DB6000180435D4002300961A462046F5F73EFEE9
:10DB7000012849D1B4F8F221B4F8A011BDF8083059
:10DB80001344521A12049BB204D5EA1A12F4004F3D
:10DB900018BF0B46A4F8F231DFE7B4F880100B444D
:10DBA0009BB2D11A0D044DBF0133013293B29BB227
:10DBB000A4F8F23194F8F531002BBED1B4F8A431B9
:10DBC000B4F8F221934204BF0133A4F8F231B4E770
:10DBD00094F88A300394002B14BF08233E2384F862
:10DBE000A930304601238DF80830F5F73BFB20467D
:10DBF00000F097FC002384F8DC3194F8F701FAF781
:10DC00007BFD202384F8F73104B070BD0120FBF7C1
:10DC100027F804B0BDE87040FEF7ECBB90F8DC31AB
:10DC2000042B01D0D02128E7002380F8DC31EBE77A
:10DC3000D62122E7DA2120E713B5002380F8DC3172
:10DC4000A0F828321A46009319460446F5F7CEFD8F
:10DC500020B140F21D213020F2F724FB012384F88B
:10DC6000DC31C4F8D801C4F8D001A4F8F201A4F85A
:10DC7000F00184F8F501B4F88030A4F82A02013BE1
:10DC8000A4F8803002B010BDD0F8CC00704710B5B9
:10DC9000044690F81031EBB1FF2380F818310121D0
:10DCA00000F09DFA94F81031A3B194F8C800FAF787
:10DCB00065FE94F8C800FAF79BFF94F8C800FAF7DD
:10DCC0001BFD20B940F209213020F2F7EBFA0023C6
:10DCD00084F81031002010BD08B590F8182142B921
:10DCE00090F8D02042B1D0E93531994202D9F7F706
:10DCF00057F80022104608BD0122FBE710B5044684
:10DD0000FFF792FE00F2DB112046FFF718FC40F609
:10DD10004803984228BF184680B210BD7FB504461C
:10DD200090F8AB3103F0FF05002B5AD190F8DC31AD
:10DD3000032B56D1FAF7C6FCD4E98423801A61EB91
:10DD40000301012871F100034BDB6FF001038342F3
:10DD500075EB010104DA40F2E5513020F2F7A2FA46
:10DD6000A269B4F880300AB1B0FBF2F20133134477
:10DD70009BB2A4F8F031B4F8F021B4F8A4319B1AA6
:10DD80001BB2002B2DDD94F8F701FAF7F7FD40B335
:10DD9000FF2384F8F531B4F8BA30B4F880501D444C
:10DDA000B4F8B830013DED1AADB20DF10E06B4F87D
:10DDB000F031EB1A1B0414D4B4F8F01100960023D0
:10DDC000012289B22046F5F711FD012809D1B4F8E6
:10DDD000F031BDF80E2012FA83F39BB2A4F8F031B3
:10DDE000E5E704B070BD70B5044621B1012977D0D4
:10DDF00040F6280171E000F009F994F81131054668
:10DE00000E46DBB150EA010318D0D4E93832D4E928
:10DE10004001C01A61EB020133462A46FCF770FF4D
:10DE200005FB01F300FB0633A5FB00021344D4E914
:10DE30003821121843EB0103C4E93823E08C30B1D8
:10DE4000F5F77CF8E38CB0FBF3F202FB1300D4E9A6
:10DE50003832ED1846EB02062D184FF0000346F15C
:10DE600000060222C4E93856C4E9405684F8F0306E
:10DE7000A4F8F82084F8113194F8183103F0FF0168
:10DE8000DBB9D4E942026FF000439A4208BFB0F117
:10DE9000FF3F18D02046D4E9405600F0ACF8D4E952
:10DEA0004232E5305B1B62EB06021B1A62F1000294
:10DEB000002A08DA2046F6F773FFF8F759FDBDE8A7
:10DEC0007040FAF703BC94F8C80004F1F001FAF7C7
:10DED000C1FC0028F1D14FF4EA613020F2F7E2F9F9
:10DEE000002380F8D030E8E790F81001003818BF20
:10DEF000012070470B46142203F8032BD0F80920A9
:10DF0000C1F80320D0F80D205A60704738B50B4691
:10DF1000102203F8032B0C4600F10902293052F8B5
:10DF2000041B43F8041B8242F9D112781A70A588A9
:10DF30000123A37100212846F2F772FD70B1E37846
:10DF400063B10088F4F7E4F900212846F2F77EFD7A
:10DF500020B140F22B212D20F2F7A4F938BD012188
:10DF6000F6F7AEBCFFF7FBBF90F87A300BB101209B
:10DF7000704790F8B22002F0FF03002AF7D190F822
:10DF8000A4201846704737B504460D464FF49072EA
:10DF90000021FCF709FFFF2323701323638042F263
:10DFA0001073E384F2F748FE0022014620636846BE
:10DFB000F2F770FE206B00220121FEF735F9216B8C
:10DFC00068460422F2F766FE0022206B1146FEF737
:10DFD0002BF904F12800A57403B0BDE8304000F02F
:10DFE0003AB9FF23086B0B70FEF7EAB80078FF38E8
:10DFF00018BF0120704710B50446283000F081F9A1
:10E0000061882822F6F7FEFE6D3010BDD0E90201CE
:10E0100070470B68C0F815308B88A0F819300123C1
:10E02000C37670472DE9F04F06460C4607460FCEE3
:10E0300091B006AD0FC50FCE0FC596E803000DF1E8
:10E04000100885E80300404600F005F9667894F86A
:10E05000149094F80AA094F800B006F07F05B9F186
:10E06000010F2E4607D0B9F1020F04D040F29A31C9
:10E070000620F2F717F9617A404600F0F3F8237DA5
:10E08000227F022B08BF617D02F1010206BF013130
:10E09000C9B20121D2B2404600F0E6F815F00803FB
:10E0A00062D14046019300F02CF928223146F6F760
:10E0B000A9FEE578019B00F2D722207945EA0025E8
:10E0C000607940F2712145EA00454D43B2FBF1F21F
:10E0D0004A43AA420AD9E079A57945EA0025207A7F
:10E0E00045EA00454D43954228BF1546227E0393DD
:10E0F000531E5A425A41A17C386B02910192FEF79D
:10E100002CF9386BFEF739F9039B019A0299ADF8A7
:10E110001A6008958DF828208DF82B108DF82CA00A
:10E120008DF818B08DF81C90099306AE0FCE3D46C1
:10E130000FC50FCE0FC596E8030085E8030098E8E9
:10E140000300B862B985E37A03F0FD03003B18BF12
:10E15000012387F85730E368BB65238AA7F85C3052
:10E16000002011B0BDE8F08F00252B46BEE74388A4
:10E1700013F0040F0CBF1F20002070474FF4004322
:10E18000C38543881D2B08BF00214174704790F957
:10E1900012007047408800F0010070478078C0F39B
:10E1A000400070478078C0F3C000704708B5006B2E
:10E1B000FEF7CAF8012008BD012070470120704712
:10E1C00090F8503001624B72D0F85130C1F80A30EB
:10E1D000B0F85530CB8170477047F6F7DFB880F85C
:10E1E0007010704780F8241080F8252070478278DE
:10E1F000034612F0010002D0D978C90710D5900764
:10E2000002D5D97889070AD512F0040008D0D87849
:10E21000C0F3800080F001008000C0B2704702208F
:10E220007047C0F34002C0F38003134400F00100C4
:10E2300018447047022808B507D0042807D00128E1
:10E2400007D039212E20F2F72DF8262008BD2720EF
:10E25000FCE72520FAE70023C0F8023001234370D1
:10E26000037070478170704710B5427001708078FC
:10E270001446FFF7D6FF10FB01F010FB04F2FE2A54
:10E2800003DD5C212E20F2F70DF810BD0023C370D2
:10E2900043710371704710B50446FFF7A8FF637917
:10E2A00062780133DBB29A4263710FD1E378A178CF
:10E2B0000343DBB29942E37008BF23794FF00002B9
:10E2C00008BF0133627104BFE2702371BDE81040E2
:10E2D000FFF7B0BF38B501468078FFF7A2FF0446CC
:10E2E000C8784D78FFF79DFF0A790B789B1A13FBCE
:10E2F00005F34A7913FB04F39B1A00FB1530C0B2F7
:10E3000038BD08B501468078FFF78BFF4B780A7857
:10E3100013FB02F313FB00F0C0B208BD40F2EF2084
:10E32000704740F25A335843704738B553680E3837
:10E3300014460D4693F8862009283FD8DFE800F000
:10E34000053E3E3E0F3E173E3E26042A05D120469E
:10E35000FFF714F92046F5F7E3F8002038BD0F2A3F
:10E36000FBD120460021BDE83840FFF7D4BA1D2A72
:10E37000F3D12046FFF702F9002DEED0626892F843
:10E38000D83023F0200382F8D830E6E793F88720CE
:10E39000232AE2D1002583F887502046FFF701F9B0
:10E3A000636893F82431012B03D129462046F3F703
:10E3B00095FE6368002283F82421CEE74FF416719E
:10E3C0003120F1F76FFF08B590F80E31FE2B04D025
:10E3D00040F6BE013120F1F765FF002380F80E11F1
:10E3E00080F80F3112B9A0F8C42008BDA0F8BE30E3
:10E3F000012380F8C230F8E708B5436893F8872016
:10E40000162A04D040F254513120F1F74BFF1A2262
:10E4100083F8872008BD08B5436893F88720312A20
:10E4200006D1002283F88720BDE80840FFF7B9B87D
:10E43000162A03D11A2283F8872008BD40F26951B9
:10E440003120F1F72FFF037D63B9C37BA3F11002E5
:10E45000032A07D990F8500028B11C2B8CBF00204C
:10E46000012070470120704702464068097990F802
:10E4700086301D2B14D00BD8042B13D00F2B13D0A8
:10E4800090F88730232B0CBF1720FE20F6F74ABEEA
:10E49000282B0BD02E2B01D0212BF1D11620F5E704
:10E4A0001420F3E70E20F1E71220EFE72320EDE739
:10E4B000024640680B4690F8D81041F0040180F8FD
:10E4C000D81059791879F6F72DBE38B50C4605469F
:10E4D000D1E90401F2F754FB94F8F70120280FD09A
:10E4E000FAF74CFA94F8F701FAF782FB94F8F7017F
:10E4F000FAF702F920B940F628113120F1F7D2FEDF
:10E5000028460221BDE83840F2F7A0BA0020704743
:10E5100008B5F4F75DFDBDE80840F4F709BFF2F770
:10E52000F7BE0022A0F8862080F88A2090F8AB3150
:10E5300013B10221F5F7C2BD0321FBE738B504464C
:10E54000084694F8303213B10C25284638BD94F8AB
:10E550008730153B012BF7D894F8543203F0FF05B0
:10E56000002BF1D191B194F8C63123B940F6A42122
:10E570003120F1F797FE052304F1F00204F5DB7179
:10E58000FCF770FA012384F83032DEE70223FAE761
:10E59000F4F77EBD08B5F7F79FFFF7F751FDF7F7E2
:10E5A0009FFBBDE80840F7F727BC08B5C821F7F77F
:10E5B000F7FB022807D1013911F0FF01F7D1EB2158
:10E5C0003B20F1F76FFE431E5842584108BD4FF003
:10E5D0008053D3F8A00000F0010070474FF0805343
:10E5E000D3F8A420D3F8A830511C9BB203D14FF626
:10E5F000FF718B4203D002608380012070470020AE
:10E6000070474FF0805330B5D3F89050D3F8944012
:10E61000D3F89810D3F89C2005EA04030B4013406C
:10E6200001331FBF056044608160C2600CBF0020E1
:10E63000012030BD4FF0805330B5D3F88050D3F86F
:10E640008440D3F88810D3F88C2005EA04030B40EB
:10E65000134001331FBF056044608160C2600CBF7E
:10E660000020012030BD10B5F7F778FF0446FAF717
:10E67000DDFA201841F1000110BD10B5044608462E
:10E68000F8F7D4FB4FF47A73B0FBF3F0201A10BD07
:10E6900010B504460846F8F7C9FB023C00F2E73320
:10E6A0004FF47A72B3FBF2F3E01A10BD08B5FCF731
:10E6B0008BFABDE80840FBF771B8801A00F3070039
:10E6C00038B540B20D4659B21446FBF757F800234F
:10E6D00028706B70204440B238BD0023036070473F
:10E6E0007047002070474FF0FF3070474FF0FF3009
:10E6F000704770474FF0FF30704700207047002090
:10E7000070470023037070479DF800300022FFF728
:10E71000D4BF4FF0FF307047002070474FF0FF30FC
:10E7200070474FF0FF3070477047C0B208B520B94E
:10E730004FF0804301221A6008BD5121B520FCF73B
:10E7400043F80020FBF782B84FF08043D3F8080469
:10E7500000F0010070474FF08043D3F8140400F03C
:10E76000010070474FF08043D3F81C0400F0030011
:10E7700070474FF08042D2F81834D2F81824C3F30F
:10E78000004302F00302824214BF002003F00100A4
:10E7900070470020FBF7D4B80020FBF7FFB800203B
:10E7A000FBF754B838B5054691F82B000C46F9F73D
:10E7B000A3FF18B9F6216A20FCF706F80023238589
:10E7C00084F82A300921236A2846984718B103782B
:10E7D0000BB1FA21EFE738BD08B5426A0346114490
:10E7E0001A785962012AA1F1500006D1FAF71AF9F4
:10E7F00040B9DA216A20FBF7E7FFFAF713F908B905
:10E80000DF21F7E708BD70B5FBF754FF002405468C
:10E810002646E0B2854200D870BDFBF751FF0134B7
:10E82000068580F82A60F4E7F8B504460D46FBF744
:10E8300041FF00270646F8B2864204D8082D0CD9BD
:10E840006FF0150008E0FBF73BFF90F82A30013726
:10E85000002BF0D04FF0FF30F8BD2CB129462046F8
:10E86000BDE8F840FBF738BF21462046F8E710B571
:10E870000446FBF725FF014688B190F828308BB994
:10E8800090F82A3073B1013B012B04D82046FFF7E2
:10E8900089FF002010BD012380F82830F9E76FF0D0
:10E8A0000100F7E76FF02200F4E770B50D46FBF7C3
:10E8B00007FF0446002848D090F82A60731E012BF9
:10E8C00049D8002D44D02846FBF7CAFC00283FD089
:10E8D0002B78FBB9012323702B79003B18BF012350
:10E8E00063726B79002B14BF042302232372AB687D
:10E8F0006F336360EB682361032394F82B0084F883
:10E900002A302146F9F7A6FF40BB40F2E2216A20F7
:10E91000FBF75AFF022E1ED1002323702B79003BF8
:10E9200018BF012363726B79002B18BF042626726F
:10E93000EB68A9686F336360D4E906325B1842EB79
:10E94000E172C4E904320423D7E76FF0010070BD1F
:10E950006FF01500FBE76FF02200F8E70020F6E704
:10E96000F8B5037904461BB11B219D20FBF72CFF52
:10E970004679017126B901234371217909B9617181
:10E98000F8BD276826712046B84702280546F4D10D
:10E9900003212046B84708B12F21E6E7236829461E
:10E9A000204698470028E8D03021DEE7034600687B
:10E9B000884204D109B10A681A600846704728B92C
:10E9C0007047884202D10A681A60F6E70346006879
:10E9D0000028F6D170470346002018707047EFF307
:10E9E000108272B603780121DBB2017002B962B6FF
:10E9F000012B0CBF6FF0220000207047EFF3108353
:10EA000072B60022027003B962B600207047FCF7AC
:10EA1000B5B8FCF7FDB8FCF7FBB800280CBF6FF0E9
:10EA20001500002070470020704707230370002066
:10EA30007047002070470020704710F8012B11F834
:10EA4000013B012A28BF9A42F7D0D01A70470346EB
:10EA500013F8012B002AFBD1181A013870472DE951
:10EA6000F04786468C460846089E15467446194669
:10EA7000002B40F0C2808542B2FA82F245D94AB1F9
:10EA8000C2F1200300FA02FC2EFA03F3954043EA98
:10EA90000C0C94404FEA154EA8B2BCFBFEF8230CB8
:10EAA0000EFB18CC08FB00F943EA0C43994528D922
:10EAB000EB1808F1FF3704D2994502D9A8F10207F3
:10EAC0002B44A3EB0903A4B2B3FBFEFC0EFB1C33E7
:10EAD0000CFB00F044EA0344A04214D92C190CF1B9
:10EAE000FF3304D2A04202D9ACF102032C44241A11
:10EAF00043EA07401EB1D440002334607360BDE890
:10EB0000F0874746DDE76346F1E792BB431B0121EF
:10EB10004FEA154EAFB2B3FBFEFC200C0EFB1C33CC
:10EB20000CFB07F840EA0343984562D9EB180CF157
:10EB3000FF3004D2984502D9ACF102002B44A3EB7C
:10EB40000803A4B2B3FBFEFC0EFB1C330CFB07F75F
:10EB500044EA0344A7424ED92C190CF1FF3304D2E6
:10EB6000A74202D9ACF102032C44E41B43EA004063
:10EB7000C0E7C2F1200320FA03F1954090402EFA3D
:10EB800003F303434FEA154EAFB2B1FBFEFC0EFB9D
:10EB90001C10190C0CFB07F841EA0041884504FAE7
:10EBA00002F422D969180CF1FF3004D2884502D949
:10EBB000ACF102002944A1EB08019BB2B1FBFEFCC1
:10EBC0000EFB1C110CFB07F743EA01439F420ED9D1
:10EBD000EB180CF1FF3104D29F4202D9ACF10201D3
:10EBE0002B44DB1B41EA004192E76046E3E76146C4
:10EBF000F7E76046A3E76346B7E7834206D916B94D
:10EC0000002108467BE7C6E900E0F9E7B3FA83F79D
:10EC10008FB9834201D3724508D8BEEB020460EB82
:10EC2000030301209C461EB9002168E73846FAE735
:10EC3000C6E9004CF8E7C7F1200CBB4022FA0CF4FF
:10EC40001C432EFA0CF120FA0CF3B84001434FEAB2
:10EC500014490EFA07F5B3FBF9F81FFA84FE09FB15
:10EC600018300B0C08FB0EFA43EA00439A4502FAEF
:10EC700007F240D9E31808F1FF3004D29A4502D9CF
:10EC8000A8F102002344A3EB0A0389B2B3FBF9F80D
:10EC900009FB183308FB0EFE41EA03418E452CD9CF
:10ECA000611808F1FF3304D28E4502D9A8F102039E
:10ECB000214443EA0040A0FB0298A1EB0E0141452C
:10ECC000CE46434602D306D14D4504D2B9EB020EDF
:10ECD00068EB04030138002EA6D0B5EB0E0261EB01
:10ECE000030101FA0CFC22FA07F34CEA0303F94092
:10ECF000C6E9003198E74046C5E74346D9E700003A
:10ED00002DE9F04F2DED028B87B0544C204615F0C5
:10ED10006BFC002836D02269A168136823F4003305
:10ED200013600B684FF420221121204698474C486D
:10ED3000112112F0C1F8494815F056FC80B1226942
:10ED4000A1681368454823F0806313600B684FF493
:10ED500080321A219847434803221A2112F0ACF856
:10ED6000DFF854B1584615F03FFC054670B93E48EF
:10ED700012F0A2F84FF0FF36304607B0BDEC028B20
:10ED8000BDE8F08F394812F097F8D4E7DBF8083087
:10ED900037491B6858469847064620B10146354812
:10EDA00012F08AF8E8E704F0CDFB014600284AD0CB
:10EDB000314812F081F8002006F096FF0146002845
:10EDC00048D02E4812F078F82D4815F00DFC10B9F7
:10EDD0002C4812F071F84FF47A612B4812F06CF85D
:10EDE0002A4812F069F82A4812F066F8294B2A4896
:10EDF0001978022212F060F878220321274812F0D5
:10EE00005BF8274812F058F8264B27481A78274B0A
:10EE100093F9001012F050F8254812F04DF82549EA
:10EE20008D74DBF8083024485B6898470146002859
:10EE300048D0224812F040F840F6CD40002115F0AD
:10EE4000CCFE0025EBE712F0B2FF01460028B2D05D
:10EE50001B48AEE702F01AFBB6E700BF5C570200A2
:10EE6000BD690200126A0200486A0200EB690200F2
:10EE70008C670200656A0200836A0200BE6A0200B3
:10EE80001C580200D46A0200196B0200556B020084
:10EE9000896B02009F0E0020966B0200C46B02007B
:10EEA000036C0200423B0020366C0200433B002012
:10EEB000676C0200F80A0020DC570200B36C020005
:10EEC000A46A0200C04D00260027024635F9023B25
:10EED0000131181842EBE372B1F5C87FC3FB8367B9
:10EEE000F4D11146FCF7DAF9B84B0022FCF72EFBFF
:10EEF0008046894630463946FCF7D0F9B34B0022AC
:10EF0000FCF724FB424606460F464B464046494620
:10EF1000FCF7F2F902460B4630463946FCF734F866
:10EF200002460B4643EC182B00220023FCF756FC4C
:10EF300008B19FED9F8BB0EE480AF0EE680A10F022
:10EF4000DFF857EC106B9CA3D3E900233046394619
:10EF5000FCF762FC002800F0CA8000224FF07D53CD
:10EF600030463946FCF7C8F941EC100B01F0D0F8F7
:10EF7000974B51EC100B0022FCF7BEF906460F46EA
:10EF8000944D95F90000FCF74DF98DA3D3E90023CA
:10EF90008046894630463946FBF7F8FF02460B4665
:10EFA00040464946FBF7F2FF8B4BDFF89882002280
:10EFB00006460F46FBF7EAFFFCF74EFC874B1B7833
:10EFC00000F30F00A8F800003BB1854B1B7823B17C
:10EFD00084480222414611F0AFFCDFF86CA29AF897
:10EFE0000030002B4FD095F90000DFF86082DFF889
:10EFF0006092FCF717F902460B4630463946FBF79C
:10F00000C3FFD8E90023FBF7C1FF0646D9F800008B
:10F0100001300F461228C8E90067C9F8000032DD48
:10F02000FCF700F902460B4630463946FCF78EFAEB
:10F0300002460B4606460F4600206B49FBF7A4FF2D
:10F04000654B0022FBF7A2FFFCF706FC674A00F3C2
:10F05000070023232870664813700FF025F93946FE
:10F060003046FCF7F9FB95F9005001462A46614805
:10F0700011F022FF9FED4E7B88ED007B0023C9F845
:10F0800000308AF80030DFF8BC815B4BB8F900A093
:10F0900093F8009015F02DFE4FF47A73574A584FAD
:10F0A000A0FB030603FB016613680133C50B092BA4
:10F0B00045EA46454FEAD6361CDC13603B78012B07
:10F0C00034D0022B00F0C680002B61D1CA455FDB33
:10F0D0004C4BB8F900104C48C3E900564B4BC3E900
:10F0E000005601233B70022211F0E6FE50E0484F2B
:10F0F000002645E7002313603A78AAB1454B4649FC
:10F10000012A08BF0B46454A454812780292334A05
:10F1100012780192434A12780092374AB8F90010E7
:10F12000127811F0C9FEC9E73F4BECE7CA45374BEF
:10F130001DDBC3E90056334BD3E90023AA1A66EB63
:10F140000303B2F5FA6F73F1000321DB374BC3E918
:10F150000056344B01221A7002F06EF9344B3548D8
:10F16000C3E9005602233B7078220321BCE7D3E9B0
:10F17000002340F2BD21AA1A66EB03038A4273F111
:10F180000003D8DB00232C483B70022111F094FED1
:10F190002A4D2B68002B40F091802C60284815F0F8
:10F1A00023FA002840F08A8028604AE6AFF3008006
:10F1B00000000000000000008DEDB5A0F7C6B03ED5
:10F1C0000000000000C057400638002000007940D1
:10F1D00000003440433B00200000E03F403B002063
:10F1E0009E0E00208860020000804140423B0020CB
:10F1F000E80A0020D26C02009F0E00206C33002031
:10F200003E3B002088210020456D02008021002027
:10F21000000054C0AA690200B66902003F3B00200A
:10F22000016D02003D3B0020B16902007021002009
:10F2300078210020A96D0200736D02006833002060
:10F240005C57020004380020413B00206821002068
:10F2500070330020574B5849D3E90023AA1A66EBB4
:10F2600003030020914270EB030311DA534B54491E
:10F270001B7808701BB15348012211F05DFB524806
:10F28000782111F019FE514A00233B7013707FE77B
:10F290004F4FD7E9002340F6B831AA1A66EB0303B3
:10F2A0008A4273F10003FFF673AF484A13780133C3
:10F2B000137002F0C1F8C7E9005669E728680569CC
:10F2C000836805A95B689847064620B92B68059EA8
:10F2D0005E40C6F38066721E5542554115F009FD29
:10F2E0004FF47A72A0FB02033A4F02FB0131012E68
:10F2F0004FEAD03343EA41433A784FEAD13138D12B
:10F30000DFF8E4C032B934488CF80020C0E900319D
:10F310003D7096E59CF80020002AF9D12E4AD2E9EA
:10F320000002181A40F6B83361EB0202984272F1FB
:10F330000002EDDB29488CF8006011F0BDFD284B80
:10F340001B780BB107F002FB264815F04DF950B1C0
:10F3500023691B689B03A36822484CBFDB681B69B9
:10F360004FF40031984700214FF4004015F035FC70
:10F37000F9E7002ACCD01C4A1678002EC8D1164ACC
:10F38000D2E900021B1A61EB0201282B71F1000186
:10F39000BEDBDFF84C8098F800303BB107F0D6FABE
:10F3A000124888F8006011F087FDB1E702F06EF8AE
:10F3B000AEE700BF70210020BFD401003F3B00201A
:10F3C000443B0020FC5F0200E26D02003D3B002058
:10F3D000782100203B3B0020602100200F6E0200BE
:10F3E0003C3B00205C5702003A3B0020336E020099
:10F3F0002DE9F04F9FB08246039117461C46002529
:10F40000387810B9284600F0A6BD252809D0039900
:10F41000D0470028C0F29F857B1C01350593059FCE
:10F42000EEE71822002110A815F072FD7B78252B3D
:10F4300000F0BC800023791C98469E469C461846E6
:10F440000E4611F8012B2B2A00F0E38000F2DA803F
:10F45000202A00F0E180232A00F0E1802BB19DF802
:10F46000483043F040038DF84830B8F1000F05D024
:10F470009DF8483043F020038DF84830BEF1000F6E
:10F4800005D09DF8483043F010038DF84830BCF1AA
:10F49000000F05D09DF8483043F008038DF8483040
:10F4A00028B19DF8483043F004038DF848309DF8AA
:10F4B000483003F04401442903D16FF386138DF8DB
:10F4C00048309DF848300E9643F080032A2A8DF884
:10F4D000483040F0A9809DF8493043F001038DF891
:10F4E0004930731C1A782E2A9DF849200CBF01213F
:10F4F000002161F341028DF849200CD15A1C0E9273
:10F500005A782A2A40F0A0809DF8492042F004024F
:10F510008DF8492002331A786C2A00F0C18000F27D
:10F52000A380682A00F0A9806A2A00F0C2804C2AD1
:10F5300000F0C78013F8012B0593782A8DF84B2033
:10F5400000F209816D2A00F2C980692A00F2038164
:10F55000572A00F2E280412A04D0A2F14503022B8F
:10F5600000F2F9809DF84A3002F0DF020421A2F196
:10F57000410961F30203D9F100029DF849108DF8A9
:10F580004A3042EB090262F3C7110A068DF84910AE
:10F59000CBB200F11F8103F07802182A40F00981F4
:10F5A0006FF3C6038DF849300023F8E08DF84B3037
:10F5B000BB1C05939DF849309DF84A20DE0702F0F8
:10F5C000070040F1098154F8041B0491002908DA6E
:10F5D0009DF8481041F004018DF848100499494203
:10F5E0000491590740F1008154F8046B002E80F219
:10F5F000FF809DF849306FF341038DF849304FF09B
:10F60000FF36F5E02D2A0DD0302A7FF427AF0123F5
:10F6100016E74FF0010C13E74FF0010E10E74FF023
:10F6200001080DE701200BE70EA802F02DFB0E9B51
:10F63000B3423FF457AF9DF848201390C00F60F3DA
:10F6400041028DF848204DE70EA802F01DFB9DF801
:10F6500048301490C3F3400242EAD07262F341038F
:10F660008DF848300E9B56E7742A26D07A2A7FF40C
:10F6700061AF9DF8492006210CE05A78682A9DF870
:10F68000492006D1012161F3C6028DF849200233D9
:10F6900050E7022161F3C6028DF84920013349E7A2
:10F6A0005A786C2A9DF8492001D10421EBE7032107
:10F6B000F0E79DF849200521ECE79DF84920072156
:10F6C000E8E7BDF8482022F4F04222F0020242F4BA
:10F6D000804242F00202ADF84820DFE76E3AD3B232
:10F6E00001229A4040F282431A429DF8493039D1B2
:10F6F00012F0240F61D1D1072DD59DF84A2003F0D7
:10F700007803A3F14008032161F30202D8F100035A
:10F710008DF84A2043EB080341E0A2F15801C9B239
:10F72000012000FA01F111F4624F7FF41BAF40F6A3
:10F73000010319429DF849301AD111F4043F0AD04F
:10F740009DF84A2060F3020203F07803402B8DF805
:10F750004A207FF429AF9DF8483043F001038DF82B
:10F76000483021E79DF84A20022161F30202EBE7CD
:10F770009DF84A10022003F0780360F30201402B49
:10F780008DF84A1002BF9DF8481041F001018DF834
:10F790004810632A7FF408AF003B18BF01239DF88F
:10F7A0004820C2F340010B4363F341028DF8482027
:10F7B00000E713F0380FCED1F6E69DF84A2003217A
:10F7C00013F0780F61F302028DF84A2014BF012371
:10F7D0000023E4E70123E2E79DF948100029B4BFC4
:10F7E00013994FF0FF31FBE69E077FF508AF149E9B
:10F7F00000230428CDE913339DF8493007D1990738
:10F8000005D49DF949100029ACBF06260D2602F04B
:10F810000702012AC3F3C30332D1DA1E042A04D833
:10F82000DFE802F02045452020002268012B4FEA46
:10F83000E271CDE910211BD19DF94020D117CDE90E
:10F84000102104349DF84820069292074FD0059B62
:10F8500003993A46504611F082FB0028C0F27B83A0
:10F860000544DCE554F8042BD117CDE91021E9E774
:10F87000022BE6D111B242F3C032CDE91012E0E71B
:10F88000022A24D1DA1E042A04D8DFE802F0181074
:10F8900010181800012B54F8042B4FF0000114D05D
:10F8A000022BCDE91021CDD192B21092CAE70734D4
:10F8B00024F00704F4E80201CDE91001C2E754F88E
:10F8C000042B109200221192BCE7D2B2CDE7042A99
:10F8D00008D1073424F00704D4E900010834CDE945
:10F8E0001001AFE7032AADD154F8042BDDE79DF8F2
:10F8F0004B80B8F1780F3FF692ADB8F1570F5CD856
:10F90000B8F1250F00F0A480B8F1240F7FF687AD81
:10F91000B8F1410F04D0A8F14503022B3FF67FADAB
:10F92000DDE91023002BC0F24D810699080700F194
:10F930004C81C1F300194FEA4919C3F30A51C3F3CB
:10F940001303002940F0448152EA030014BF4FF032
:10F95000010C4FF0000CD80240EA5250D702CDE91A
:10F960000C70B8F1460F47EA010740EAE17008BFA2
:10F970004FF06608384300F0B881BCF1000F10D09A
:10F980001B0343EA125317033A4618464FF0000C84
:10F99000002880F25681BCF1000F40F05981CDE97A
:10F9A0000C730D9B43F00043A1F2FE3B0D9300212D
:10F9B000DDE90C230F46052060E1A8F15802202A5A
:10F9C0003FF62DAD01A151F822F000BF97FB0000DA
:10F9D0001FF400001FF400001FF400001FF40000DB
:10F9E0001FF400001FF400001FF400001FF40000CB
:10F9F00021F900001FF4000043FB000057FB00004A
:10FA000021F9000021F9000021F900001FF4000095
:10FA100057FB00001FF400001FF400001FF400005B
:10FA20001FF400009DFB000097FB0000E7FA0000B8
:10FA30001FF400001FF4000061FA00001FF4000032
:10FA400097FB00001FF400001FF4000097FB00006C
:10FA500003994046D0470028C0F27D820135DEE49C
:10FA6000002E109F3BDB3146384615F084FB002FFB
:10FA70003FF4D5AC3E18F31B4FF000099DF84A2027
:10FA800012F01001069100F05B82023312F0400286
:10FA9000DDF84C80089218BF149ACDF81C804344BE
:10FAA00018BF9B18049A002A40F36582D31A9DF868
:10FAB000482004935007C2F3800B00F15C8251068A
:10FAC00040F14C82B9F1000F07D003994846D04766
:10FAD0000028C0F240820135D94630223FE2384644
:10FAE000FEF7B5FFC6E71098002800F024820DF15C
:10FAF0007503009312AA17AB002102F0DBF8BDF8E2
:10FB00004A3003F0EF0343F4F04343F01003074699
:10FB1000ADF84A304FF00009002E0CDB9DF848206C
:10FB20000DF17503DB1B6FF386129E428DF84820A2
:10FB300001D9F31A1393002F3FF471AC0DF1750640
:10FB40006DE0109B8DF85C304FF000090DF15D0603
:10FB500017AF012392E7069B1F0758BFC3F3001995
:10FB6000DDE9102354BF4FEA49194FF02B09002B50
:10FB700006DA524263EB4303CDE910234FF02D091F
:10FB80000DF175030093DDE9100117AB12AA02F025
:10FB900091F80746C0E74FF00009F1E7109A072BEC
:10FBA0003FF63DACDFE803F00C04060C08080C0C33
:10FBB000157034E4158032E4EB17C2E900532EE4EB
:10FBC00015602CE44FF02D09B7E64FF02B09B4E691
:10FBD00040F2FF70814231D108F10108A2495FFA79
:10FBE00088F8134311F8081001F003011ED1012910
:10FBF0000BBF492369234E216E210CBF462266228A
:10FC00008DF85C309DF848308DF85D106FF38613E9
:10FC10008DF85E208DF848300DF15F0617AFF31BAD
:10FC2000B9F1000F3FF42AAF013327E7012915BFCF
:10FC30006E234E23612141211A46E1E74FF0000C6B
:10FC400089E6921801F1FF3140414FF0010C9FE627
:10FC5000CDE90C20A5E6520842EAC3725B08B3F175
:10FC6000333F59460BF1010BF5D200FB03FCA2FB1D
:10FC7000002301F1020B6344013F01211BF1020F3C
:10FC8000E9DB09B1CDE90C23BBF1000FDDE90C3252
:10FC90002EDCCBF10401A1F120000BF11C0B02FAC8
:10FCA0000BFB22FA00F0CA40CB40079208F0DF02BB
:10FCB00043EA0B03472A43EA00037DD1F91C01DB29
:10FCC000BE422BDAA8F10208002E5FFA88F87CDD2C
:10FCD0009DF84820920606F1FF3676D4B6F1000B67
:10FCE00018BF4FF0010B721C27E04FF0000B5EE6CF
:10FCF000023342F100020CA8CDE90C3211F000F9F8
:10FD0000DDE90C320BF1FF3B0137DB185241002AD1
:10FD10000BF1FF3BF9DACDE90C32B5E79DF848204D
:10FD20009006A6EB07064DD4B6F1000B18BF4FF0B6
:10FD3000010BF2194FF066084AD4102AA8BF10220E
:10FD40009FED477B8DED0E7B10200B90DDE90E01C2
:10FD5000002A3FD1079A1B1842EB0101B1F1805FE5
:10FD600047D2CDE90C31069BB8F1660F03F02002B3
:10FD700040F0C180002F47DC30238DF85C30002A32
:10FD800074D1002E40F3BA812E238DF85D3087B1F7
:10FD90007B42B342A8BF33469DF84A201393002B01
:10FDA000A6EB0306D4BF0023012363F345128DF8AD
:10FDB0004A200DF15E0340E0B8F1660F4FF0000BF2
:10FDC000B7D090E74FF0000BB3E74FF0000B8AE796
:10FDD0000022B5E7400840EAC1704908CDE90E01AC
:10FDE0000EA8CDE9082311F08BF8089A099B013A77
:10FDF000ACE75B0843EAC1730CA84908CDE90C31B4
:10FE0000013711F07DF8AEE717AB0B9900290BDD38
:10FE10000BA90CA8CDE9063211F08AF8069B079AC7
:10FE200003F8010B013FF0D11397AAB9002E40F35C
:10FE300063812E2103F8011B0027002E1FDD0B9A82
:10FE4000002A1CDD0BA90CA8069311F071F8069B83
:10FE5000013E03F8010BF0E72E2203F8012BEBE73C
:10FE60000000000000000008009002002E238DF822
:10FE70005D30002F9DD0002E8ADC0DF15E03BBF1BA
:10FE8000000F4CD114961E4608F0DF03452B21D1FC
:10FE9000002FBABF7F422D232B23632FC8BF6422BC
:10FEA0007370C2BFB7FBF2F303F1300102FB1377AB
:10FEB0004FF00A0286F80080CABFB17002360336DE
:10FEC000B7FBF2F303F1300102FB137330333170EF
:10FED00073700236139B002B2BDC149B002BD4BFBA
:10FEE000002301239DF84A2063F3861200238DF836
:10FEF0004A20337092E60BA90CA8069211F018F86C
:10FF0000069A8DF85C00302818BF07F1FF3712B948
:10FF1000002E40F3F3802E238DF85D3049E71E4616
:10FF2000013B16F8012C302AF9D02E2A08BF1E46B4
:10FF3000AAE70123D6E7734E8146771F05239DE587
:10FF4000110748BF0133A1E5104609920399D04734
:10FF50000028099A05DA1FB0BDE8F08F2022DDF8ED
:10FF600010B0594600290BF1FF3BEDDC049BCDF8A6
:10FF700010B02B445D1AB9F1000F05D00399484623
:10FF8000D0470028E7DB0135089B002B79D09DF98D
:10FF90004930002B29DBDFF870913B46187819F8BF
:10FFA000002052079B4603F101033FD49DF84A30DD
:10FFB000EF1B98065F4407D44246002A08F1FF3839
:10FFC0003BDC079B3B449F1A9BF800002E280AD17C
:10FFD0000399D0470028BEDBB8F1000F07F10107F5
:10FFE00031DC0BF1010B5D4638E0B94699F80000B1
:10FFF0007028C84609F1010913D1EF1B149D47442D
:020000040001F9
:100000003D44EB1B002B34DC0399334642465046FB
:1000100010F0A5FF00289EDB3844049E05460644E8
:1000200065E00399D0470028E0DA94E70693039946
:10003000D0470028069BB1DA8DE703993020D047DE
:100040000028B9DA87E703993020D04708F1FF3854
:10005000C0E70399D0470028FFF67DAF287819F84C
:1000600000305907A84605F10105F2D4A7EB0B07AC
:10007000C4E703993020D0470028FFF66CAF013762
:10008000BFE79DF84A30DA0601D41B0706D503996D
:100090003020D0470028FFF65EAF0135069B3BB10C
:1000A00003999DF84B00D0470028FFF654AF013567
:1000B000A84406E003993020D0470028FFF64BAF54
:1000C0000135A8EB0503002BF4DC039933463A46CF
:1000D000504610F044FF0028FFF63DAF28449CE74F
:1000E00003992020D0470028FFF635AF0135731B58
:1000F000002BF5DCFFF793B91746C0E60DF15D0361
:10010000BDE600BF186F0200019002000000000071
:1001100038B52DED028B55EC104B00F041F81E4B1D
:10012000B0EE408AF0EE608A93F9003001331AD0C5
:1001300022462B4620462946FBF778FB98B9002239
:10014000002320462946FBF753FB60B10022002321
:1001500020462946FBF738FB60B111F09AFF9FED6E
:100160000C8B22230360B0EE480AF0EE680ABDEC67
:10017000028B38BD11F08DFFBDEC028B2123036093
:10018000BDE83840054800F097B800BFAFF30080E5
:10019000000000000000F0FFB00F0020B26C020071
:1001A0002DE9F84355EC104BB5F5801F2DED028B72
:1001B0002B462EDA25F0004222430BD13A49002289
:1001C00000230020FBF7C2F9BDEC028B41EC100BC1
:1001D000BDE8F883002D07DA224620462946FAF7C3
:1001E000D3FE00220023EDE7304B002220462946B3
:1001F000FBF782F86FF0350204460D460B462C499A
:100200008B4208DD22462B4620462946FAF7BEFEE1
:10021000DAE70022F3E71815A0F2FF3010444FEAA6
:10022000D07900EBD070C3F31308FAF7FBFFC9F5E0
:100230007F73033348EA035515A3D3E9002345EC44
:10024000184B06460F46FBF757F8B0EE480AF0EE9B
:10025000680A04460D4600F037F80FA3D3E90023DF
:1002600051EC100BFBF748F822462B46FAF78EFEAE
:100270000BA3D3E9002304460D4630463946FBF76D
:100280003BF802460B4620462946BFE7AFF3008005
:10029000362BF111F3FE593D0EE526157BCBDB3FE6
:1002A00000609F501344D33F000050C300005043F0
:1002B000FFFFEF7F000000009FED010B704700BFC4
:1002C000000000000000F87F2DE9F04F51EC100B0A
:1002D000B1F5801F87B00D4626DA21F000430343B5
:1002E00002460AD1CE49002200230020FBF72EF956
:1002F00041EC100B07B0BDE8F08F002905DA0B4682
:10030000FAF742FE00220023F0E7C64B0022FAF77C
:10031000F3FF6FF035030D46C34A954206DD0246F2
:100320000B46FAF733FEE3E70023F5E72C15A4F2BA
:10033000FF34C5F313051C4405F5152303F6647358
:1003400003F4801383F07F5282F4401242EA0501E5
:1003500004EB13540022B54BFAF716FEAB1CC3F3A3
:100360001303022B82468B464FF0000253DC00231E
:10037000FBF72AFAD0B1002C00F020812046FAF7D2
:1003800051FF91A3D3E9002306460F46FAF7B4FFC5
:100390008FA3D3E9002304460D4630463946FAF7C9
:1003A000ABFF02460B4620462946BAE78AA3D3E9AB
:1003B000002350465946FAF79FFF02460B4600209D
:1003C0009B49FAF7E1FD524606460F465B4650460A
:1003D0005946FAF791FF02460B4630463946FAF77E
:1003E0008BFF06460F4614B932463B46A0E0204636
:1003F000FAF718FF74A3D3E9002380468946FAF779
:100400007BFF73A3D3E9002304460D4640464946CB
:10041000FAF772FFA5E04FF08043FAF7B7FD024606
:100420000B4650465946FBF791F8CDE900012046AE
:10043000FAF7F8FEDDE90023CDE90201104619467E
:10044000FAF75AFF02460B46CDE90423FAF754FFA8
:1004500063A3D3E9002380468946FAF74DFF62A3E0
:10046000D3E90023FAF792FD42464B46FAF744FFE0
:100470005FA3D3E90023FAF789FD42464B46FAF71A
:100480003BFF5DA3D3E90023FAF780FDDDE90423F8
:10049000FAF732FF5AA3D3E90023CDE9040140461D
:1004A0004946FAF729FF58A3D3E90023FAF76EFD6E
:1004B00042464B46FAF720FF55A3D3E90023FAF74B
:1004C00065FD42464B46FAF717FFA5F5C2260246E0
:1004D0000B46C5F5D725DDE90401FAF757FDA6F26D
:1004E0007A4651353543002D8046894648DD504BCC
:1004F000002250465946FAF7FFFE52465B46FAF78D
:10050000FBFE02460B4606460F4640464946FAF7B2
:100510003DFDDDE90023FAF7EFFE8046894664B928
:1005200002460B4630463946FAF72EFD02460B4688
:1005300050465946FAF728FDDAE623A3D3E900230B
:10054000DDE90201FAF7D8FE21A3D3E9002304462E
:100550000D46DDE90201FAF7CFFE42464B46FAF7B7
:1005600015FD02460B4630463946FAF70DFD524658
:100570005B46FAF709FD02460B4620462946D9E7B5
:1005800002460B4650465946FAF7FEFCDDE90023C9
:10059000FAF7B2FE06460F46002C3FF425AF0AA339
:1005A000D3E90023DDE90201FAF7A6FE08A3D3E9A7
:1005B000002304460D46DDE9020129E79FED160BF5
:1005C00098E600BFAFF300800000E0FE422EE63F59
:1005D000763C7935EF39EA3D555555555555D53F5A
:1005E00044523EDF12F1C23FDE03CB966446C73F62
:1005F000599322942449D23F935555555555E53F7B
:100600009FC678D0099AC33FAF788E1DC571CC3F85
:1006100004FA97999999D93F000000000000000062
:10062000000050C300005043FFFFEF7F0000F03F89
:100630000000E03F000000002DE9F04F476A97B04E
:100640008DED000B55EC104B209E089183460C92CB
:1006500012937FB910200EF03FFE0246CBF8240023
:1006600020B9A74BEA21A7480FF07CFDC0E901772C
:100670000760C760DBF82430196859B15A684A60CE
:10068000012393408B6058460FF092FADBF8243038
:1006900000221A602B1EB9BF23F0004301930023F0
:1006A0003360019F984BBCBF01223260BB4319D11C
:1006B000129A42F20F731360C7F31303234300F03F
:1006C000DD85219B53B9914B21E0914B0393083376
:1006D000219A1360039817B0BDE8F08F8B4B0393FA
:1006E0000333F5E79DED007B002251EC170B00234F
:1006F0008DED0A7BFBF768F8804650B1129A012312
:100700001360219B13B1219A824B1360824B039398
:10071000E0E79DED0A0B14AA15A958460FF0CAFC94
:10072000C7F30A560290002E78D00B9BCDF84C8070
:10073000C3F31303DDE90A0143F07F5343F440138D
:10074000A6F2FF3619460022744BFAF71DFC66A389
:10075000D3E90023FAF7D0FD65A3D3E90023FAF724
:1007600015FC044630460D46FAF75CFD62A3D3E95A
:100770000023FAF7C1FD02460B4620462946FAF748
:1007800005FC04460D46FBF767F8002207460023E8
:1007900020462946FBF722F840B13846FAF742FDD9
:1007A00022462B46FBF710F800B9013F162F52D80E
:1007B0005B4B03EBC703D3E90023DDE90A01FBF739
:1007C0000DF8002849D0013F00231193149B9B1B77
:1007D0005A1E45BFC3F1010306930023002307926D
:1007E00054BF06930793002F39DB079B10973B44B8
:1007F000079300230993089B092B66D8052BC4BFD8
:10080000043B0893089BA3F10203CCBF00240124FE
:10081000032B65D8DFE803F02B383657DDE9146386
:100820001E4406F23243202BC1BFC3F140039F4058
:1008300006F2124324FA03F3D6BFC3F1200347EABA
:10084000030004FA03F0FAF7DDFC0122A1F1F873CA
:10085000013E139276E70123B7E71190B6E7069BB6
:10086000DB1B06937B42099300231093C3E700230D
:100870000D930C9B002B57DC0123049399461A46D9
:100880000C920CE00123F3E700230D930C9BFB1863
:1008900003F1010904934B46012BB8BF0123DBF898
:1008A00024000021042202F114059D4240D9416038
:1008B00058460FF03DF9039000283CD1194B0246F1
:1008C0004FF4D571CFE60123DFE70124002308931D
:1008D0000D944FF0FF330493994600221223CFE783
:1008E00001230D93F5E700BF61436F63A787D23FF4
:1008F000B3C8608B288AC63FFB799F501344D33F0F
:100900003C910200539102000000F07F38910200F8
:100910002F910200C17C0200C07C02000000F83F61
:10092000905E0200C79102000C9B04939946B6E7C3
:1009300001315200B7E7DBF82430039A1A60B9F1AD
:100940000E0F6FD8002C6DD0002F36DDA14B07F0B5
:100950000F0203EBC20393ED007BF8058DED0E7BD8
:100960004FEA271417D59C4BDDE90A01D3E9082388
:10097000FAF7ECFDCDE9000104F00F044FF0030895
:10098000954D5CB9DDE90E23DDE90001FAF7DEFDE6
:10099000CDE900012BE04FF00208F1E7E10709D5AE
:1009A000DDE90E01D5E90023FAF7A6FCCDE90E0139
:1009B00008F1010864100835E3E700F007817C4284
:1009C000844B854D04F00F0203EBC203D3E90023EF
:1009D000DDE90A01FAF790FCCDE9000124110023BA
:1009E0004FF00208002C40F0E580002BD0D1119B85
:1009F000DDE90045002B00F04C81784B00222046B9
:100A00002946FAF7EBFE002800F04381B9F1000F08
:100A100000F03F81049B002B00F3E480DDE90A3401
:100A2000CDE90034159B002B02DB0E2F40F34282F0
:100A30000D9A002A40F06782099CDDF81880002595
:100A4000B8F1000F0DD0079B002B0ADD4345069A35
:100A5000A8BF4346D21A0692079AA8EB0308D31AF6
:100A60000793099B0BB30D9B002B00F0A682002C73
:100A700000F0A1822946224658460FF0C1F9029A99
:100A80000146054658460FF011F9029906465846A8
:100A90000FF08EF8099B1B1B099300F09182099AB5
:100AA000314658460FF0ACF90290012158460FF03C
:100AB000E7F8109B0446002B00F084821A4601469A
:100AC00058460FF09DF9089B012B044603DC009B60
:100AD000002B00F07C820026236904EB8303186955
:100AE00014F0DDFB1096C0F12000079B184410F0B5
:100AF0001F0000F09182C0F12003042B40F381829B
:100B0000069BC0F11C0003440693079B03448044EA
:100B10000793069B002B05DD02991A4658460FF0F5
:100B2000C9F90290079B002B05DD21461A4658465D
:100B30000FF0C0F90446119B002B00F0768202985A
:100B4000214614F0FBFB002880F26F8200230299FB
:100B50000A2258460FF04EF80D9B02907E1E002B85
:100B600000F05C82002329460A2258460FF042F822
:100B7000049B002B054603DC089B022B00F35E82DE
:100B8000B8F1000F05DD2946424658460FF092F9AC
:100B90000546109B002B00F0D082696858460EF085
:100BA000C7FF0746002840F07F820D4B024640F207
:100BB000EA2158E5E20706D5D5E90023FAF79CFBC0
:100BC00008F101080123641008350BE74FF0020813
:100BD0000DE700BF905E0200685E02000000F03F7B
:100BE000C79102002046AD4B00222946FAF784FB4C
:100BF000CDE90001049C7E1E08F101084046FAF789
:100C000011FBDDE90023FAF777FBA54B0022FAF789
:100C1000BDF9A1F15073CDE90E010F93002C3BD12A
:100C2000DDE900019F4B0022FAF7AEF902460B46C0
:100C3000CDE90023DDE90E23FAF7EEFD002840F0B0
:100C40005781DDE90E2101F10043DDE90001FAF7EA
:100C5000C5FD00283FF4E2AE002425460C9BDDF8DC
:100C60000CA0DE434FF00008214658460EF0A0FFCE
:100C7000002D00F0A980B8F1000F05D0A84503D0E1
:100C8000414658460EF094FF294658460EF090FF14
:100C90009AE03E464C46B1E7834B03EBC40353E96D
:100CA0000201039B1C440D9B002B4AD002460B46BD
:100CB00000207E49FAF74AFCDDE90E23FAF764F9D1
:100CC000CDE90E01DDF80CA0DDE90001FAF7C4FD65
:100CD0000546FAF7A7FA02460B46DDE90001FAF7E6
:100CE00053F93035CDE9000102460B460AF8015BA5
:100CF000DDE90E01FAF790FD002865D1DDE900235A
:100D00006B490020FAF740F902460B46DDE90E0177
:100D1000FAF782FD002840F00D81A24500F0EA803C
:100D2000DDE90E015D4B0022FAF7E6FA5B4BCDE9F7
:100D30000E010022DDE90001FAF7DEFACDE900013B
:100D4000C2E7DDE90E23FAF7D7FACDE90E01DDF8A7
:100D50000CA0A046DDE90001FAF77EFD0546FAF792
:100D600061FA02460B46DDE90001FAF70DF930356C
:100D70000AF8015B02460B46A245CDE900234FF07D
:100D8000000223D1494BDDE90E01FAF7FFF80246D4
:100D90000B46DDE90001FAF73FFD002840F0CA806C
:100DA000DDE90E2341490020FAF7EEF802460B4632
:100DB000DDE90001FAF712FD70B1C24608F1FF3813
:100DC0001AF8013C302BF8D0374655E0334BFAF790
:100DD00093FACDE90001BDE7DDE90A34CDE900343D
:100DE000159B002BFFF628AE0E2F3FF725AE2E4B9E
:100DF00003EBC70393ED007B0C9B002B8DED047B75
:100E000002DAB9F1000F64D0DDE90045DDF80CA08D
:100E1000DDE9042320462946FAF798FBFAF71CFD82
:100E20000646FAF7FFF9DDE90423FAF765FA024608
:100E30000B462046294606F13004FAF7A5F80AF8D1
:100E4000014B039CAAEB0404A14502460B4640F06B
:100E50008280FAF79BF8DDE9042304460D46FAF791
:100E6000DBFC002865D1DDE9042320462946FAF79A
:100E7000ABFC08B1F3075CD4029958460EF098FE1B
:100E800000238AF80030129B01371F60219B002B42
:100E90003FF420ACC3F800A01CE400BF00002440D5
:100EA00000001C4000001440905E02000000E03F83
:100EB0000000F03FA24B03EBC70393ED007B0C9BBC
:100EC000002B8DED047B9FDAB9F1000F9CDC7FF4E1
:100ED000C3AE9C4B0022DDE90401FAF70DFADDE90F
:100EE0000023FAF78FFC044600287FF4B5AE3E4697
:100EF0002546B4E0DDE90A34CDE90034159B002B2A
:100F000001DB0E2FD6DD089A012A36DC139A82B354
:100F100003F23343099CDDF81880069A1A440692BE
:100F2000079A01211A44584607920EF0A9FE054679
:100F300086E53E4653469A4613F8012D392A06D1D6
:100F4000039A9A42F7D10399302201360A701A782F
:100F500001321A7038E77C4B0022FAF7CDF90022F3
:100F6000002304460D46FAF72FFC00283FF450AF4B
:100F700082E7149BC3F13603CCE7099B09F1FF34E8
:100F8000A34208DBB9F1000FA3EB04040EDBDDF88C
:100F900018804B46C1E7099B109A0994E31A1A443A
:100FA000DDF8188010924B460024B6E7069BA3EBB1
:100FB00009080023B1E7029E71E5099A029970E5DC
:100FC000029672E5089B012B17DC009BABB9019BD5
:100FD000C3F313039BB9019B23F00046360D36057E
:100FE00036B1069B01330693079B01330793012615
:100FF000109B002B7FF470AD1096012075E5002644
:10100000F6E73FF486AD069A1C331A440692079A17
:101010001A44984407927CE50346F4E7049B002BAE
:101020002BDC089B022B09DC27E0B9F1000F1DDC4B
:10103000089B022B1ADDCDF810903E46049B002B36
:101040007FF40CAE2146052258460EF0D3FD014632
:101050000446029814F072F900287FF7FFADDDF81E
:101060000CA031230AF8013B0136FBE50D9BCDF8BE
:1010700010903E46002B7FF483AD039F02982146DB
:1010800014F085F800F1300907F8019B039B049ADE
:10109000FB1A9A4240F3CB80029900230A22584659
:1010A0000EF0A8FD0290E9E72A690232920005F1EC
:1010B0000C010C3013F01EFF0122394658460EF089
:1010C000F9FE039B03F1010ADDE9032313440793AF
:1010D000009B03F00103A846099305460AF1FF337C
:1010E00021460298049314F052F84146069000F10C
:1010F0003009029814F022F92A462146074658463C
:101100000EF044FFC268014602B358460EF050FD8F
:10111000002F3ADA0299012258460EF0CBFE214602
:10112000029014F00BF9002803DC29D119F0010F0B
:1011300026D0B9F1390F1DD132E02846C1E700BFF2
:10114000905E020000001440000024400A900298C3
:1011500014F0F4F80A990C9058460EF029FD0C9AF8
:101160005ABB089B53B9099B43B9B9F1390F17D042
:10117000002F05DD069B03F1310901E0002F2ADA7B
:10118000DDF810A00AF8019B6EE5089B3B4304D1F3
:10119000009B03F00103002BBCD0B9F1390F36D10D
:1011A000049F392307F8013BBA46013F1AF8013C76
:1011B000392B5BD001333B7056E5002F06DB089BD3
:1011C0003B4306D1009B03F0010313B9002AA1DCC5
:1011D000D6E7002AE1DC079B0AF8019C53455746F5
:1011E0002FD0029900230A2258460EF003FDA8458D
:1011F00002904FF000034FF00A02414658460BD1CF
:101200000EF0F8FC804605460AF1010A66E7DDF8B3
:1012100010A009F10109B5E70EF0ECFC2946804663
:1012200000230A2258460EF0E5FC0546ECE7049B35
:10123000002BC8BF1F46039BD8BF01271F444FF098
:1012400000080299012258460EF034FE2146029011
:1012500014F074F80028A7DC02D119F0010FA3D113
:10126000BA4617F8013D302BFAD0FDE4039BBB4290
:101270009AD1039A312301361370F5E4219B002B98
:101280007FF423AA014BFFF742BA00BF2F9102005F
:101290000129064B064907480CBF012200221A709B
:1012A000054B08BF19460FF007BE00BF403B0020AA
:1012B000E0670200E9670200D86702000129064BD7
:1012C000064907480CBF012200221A70054B08BFCF
:1012D00019460FF0F1BD00BF3F3B0020E067020060
:1012E00006680200D867020008B5BDF8081059B9B1
:1012F000012B09D11378012B04D1054A054813703D
:101300000FF0DAFD012008BD6FF00C00FBE700BF15
:10131000413B00201D68020008B507480FF0CCFDD6
:10132000064A00231370064A1370064A1370064AD1
:101330001370064A137008BD42680200403B00204B
:101340003F3B00203E3B00203D3B0020443B002033
:1013500008B508490848012201F086FF07490848F6
:10136000012201F081FFBDE808400649064801223C
:1013700001F07ABF9F0E00205E680200433B002010
:1013800071680200423B00208568020070B5104978
:10139000064614461D46FDF750FB30B90D490122A3
:1013A0002846A04700EAE07070BD0B493046FDF7C3
:1013B00044FB10B909490122F2E709493046FDF71B
:1013C0003CFB10B907490122EAE76FF00100EBE7A7
:1013D000676802009F0E00207A680200433B0020ED
:1013E0008E680200423B002011B103480FF064BD3B
:1013F00002480FF061BD00BF9A680200B8680200A1
:1014000013B59DF814400194BDF8104000940FF0FE
:1014100068FA041E07DB054B054819780FF04CFDF0
:1014200004480CF041FF204602B010BD9F0E002082
:10143000C8680200E80A002010B50D4B0D491B7862
:101440000D4C01220A7063B10C480FF075FA0C4A7A
:101450002178B2F900200346BDE8104009480FF09A
:101460002BBD21780848BDE810400FF025BD00BF16
:101470003F3B0020443B00203D3B0020FC5F02003E
:1014800004380020EA6802001A69020030B50E4DE7
:101490000FCD89B003AC0FC42B68236001240B4926
:1014A0000B4B0094022203A805F020F9014620B15D
:1014B00008480FF001FD09B030BD074B07481C700C
:1014C0000FF0FAFCF7E700BF005C0200605F02006B
:1014D000585F02006E6902003C3B00208A690200EE
:1014E0002DE9F04F91B08407009302F004030293BA
:1014F000C2F3C20303F10103DDF8688003920546DD
:101500000E46059340F0BA81041D30B1072909D871
:101510006FF01B0011B0BDE8F08F01F007063444F6
:10152000C6F10806009B4FF00009591E4FF0040A4F
:101530004FF0FF330193CDF810904F46CB46534602
:101540000DB1009820600598002800F3E8809848C5
:10155000009A824203D397488242C0F0E080039A07
:10156000A4EB050E92074FEA9E0000F103810F2FB6
:1015700000F2B180002D00F0058107F140020DEB73
:10158000020C019A0CF8200C0CF8102C0498013075
:101590000490E7E07A285DD84B280ED8472859D820
:1015A00029282DD8252852D054D820287AD023385D
:1015B000D0F1000B4BEB000B74E04C382E2849D8CF
:1015C000DFE800F0704848484848484848484848DC
:1015D0004B484848484848484859484B4B5959593E
:1015E000704B6D487048184B184848827F4B4848EC
:1015F0004B487F0000204FF0000B4FF0040A38E00A
:101600002A38C0B2012202FA00F010EA0E0F49D1C6
:1016100010F0625C2FD110EA020B43D06046013C0F
:101620005444B4FBFAF40AFB04F4002D61D0A3EB9C
:10163000050CA444B4453FF66BAF002868D1042BD9
:1016400047D158F8043B2360043404232AE0019A6C
:10165000013A01924FF0000B24E011F8010C6C28C4
:1016600034D111F8023C00206C2B8346C5D14FF0D9
:10167000080A5346D3E708F1070828F0070807349B
:10168000F8E802AB24F0070435B106982044B042D4
:101690003FF63EAFC4E900AB08344FF0000B4FF00B
:1016A000080A534611F8010F002878D0BBF1000F4B
:1016B0007FF470AF2528F5D1019B013301934FF0E2
:1016C000010B4FF0040AECE7584694E700208346EC
:1016D000A5E7082B02D06FF015001BE708F10708FB
:1016E00028F00708B8EC027B84ED007B083408235F
:1016F000D8E768B9042B02D108F10408A4E7082B45
:10170000E9D108F1070828F0070808F10808EDE713
:1017100005980138059058F8040B009010E7039ADB
:10172000900720D5A4EB050E4FEA9E004FF0010C68
:10173000BEF5007FCFD20F2FCDD8F5B107F1400213
:101740000DEB020EC0B2019A0EF8200C0EF8102C10
:10175000BCF1000F3FF41AAF60F07F000EF8200CD0
:1017600009F101090137C5F10802043406924FF668
:10177000DA7E97E74FF0000CDAE7BCF1000F01D0FA
:101780000136EFE7029A0236002AEBD10098CDE944
:101790000631FDF75CF9DDE906310644E2E7631B3B
:1017A000B3F5806F97D23DB9A6F10804E018B1E611
:1017B0006C560200A0920200029A28609B082B70CF
:1017C0009DF81030C2B1EB7085F80290B9F1000FAE
:1017D00005D008A80022C5F1010C97420ED1C5F131
:1017E00001030DF120084FF0000A01930DF1300BB9
:1017F000574512D1601B8DE66B70E5E710F8013B91
:10180000190608D50CEB040EB64503F07F033FF62E
:101810007FAE04F8013B0132DFE7B9F1000F03D0DE
:1018200098F90020002A17DB029BD3B11AF80B208D
:1018300004F8012B0022019B18191044B0423FF616
:1018400067AE98F8000004F8010B00990392204657
:1018500013F050FB039A14440AF1010A08F101083D
:10186000C6E798F8002055F822300093029B45F80F
:1018700022300098FDF7EBF8421CDCE76FF00D001A
:1018800048E600BF2DE9F04F97B000AF90F802A0F6
:10189000D7F880B03B62CBF3C0030446FA62BB6169
:1018A000894641B9457800780AEB800020444D45CF
:1018B00017D8A0EB0409E378FB61BAF1000F02D05E
:1018C0001BF0010F16D1FB6953BBFB6A1BB13A6ACF
:1018D0004946204698474D4628465C37BD46BDE8F8
:1018E000F08F461C3046FDF7B2F80130304409F164
:1018F0000109DCE7237862687A62FA6A9900796103
:1019000004EB8301002A40F000814D460E4601EBB6
:101910000A094FF000084E454CD101EB0A0610E0D1
:101920001BF0020FD1D023789A007A6162687A6244
:10193000FA6A04EB8301002A77D14D4601EB0A06CF
:1019400090461BF0050F0CBF02230123FB62FB69CD
:1019500006EB430A0BF00203BB625645BCD016F8F7
:10196000021B16F8013C54F82390994B994502D379
:10197000984B994536D3BB69002B40D0786A0FF05D
:1019800060FA00283BD0E9468AB06A46924B536120
:101990007B6AC2E906314FF4007313848F4B42F81F
:1019A000103F8F4800234FF4125101F0D1F8023D4F
:1019B000CD46D2E716F8013BF96254F82300FDF753
:1019C00046F8D7F88430F96A01304BB1D7F888303F
:1019D00098453EBFD7F8843023F8180008F1010875
:1019E000054498E7BB6923B1786A0FF02AFA00280A
:1019F000C9D11BF0010F05D1FB6AED1AADE7BB6A37
:101A0000002BAAD04846FDF722F8D7F8843053B10E
:101A1000D7F8883098453FBFD7F88420431C22F878
:101A2000183008F10108054497E7BAF1000F72D0A9
:101A30001BF0040672D0D046002607F1480052463B
:101A40003B61B96213F056FAB96A3B6901EB0A02CD
:101A5000BA62FA69F9695200FA60BA6A02EB4102A5
:101A60003A610BF00202BA603A69B96A8A4257D108
:101A700062787A621BF0020F32440CBF4FEA5801C1
:101A800000211BF0010FD2B240F09F801BF0040F29
:101A900014BF40460020BB616270A070E1703A6ADA
:101AA0007969FB6A20469847051EFFF615AFBB69AA
:101AB00023707B6A6370FB69E37041463A6AFB6A94
:101AC00084F802A007F148009847B0F10008C0F27E
:101AD000BB807B693A6AA9EB0A01C91AFB68C91A7B
:101AE000D7E90A0398470028C0F2B080A84408EB61
:101AF00000054FF0000B07F1380AB34572D30021FF
:101B00003A6AFB6A08469847E6E656464FF00008F0
:101B100007F1380093E75646D04697E7B04695E779
:101B2000BA6A12F8021BBA6212F8015C284A54F829
:101B30002500904202D3274A90421ED3BA6932B19F
:101B4000786A7B600FF07DF97B6800288CD1BA68D9
:101B500002BB08F1280207F1300C08F1010094449F
:101B600007F1580252FA80F008F102080CF8101C34
:101B70005FFA88F800F8105C76E7BA693AB1786ADB
:101B80007B600FF05EF97B6800287FF46DAF1BF07F
:101B9000010F09D006F1280207F13000711C161858
:101BA00006F8205CCEB25FE71BF0040F3FF45CAF99
:101BB00008F1280207F1300008F1010102EB0008EA
:101BC00008F8105C5FFA81F84EE7002063E700BF79
:101BD0006C560200A09202005F6E02000400000139
:101BE000345B02001BF80A3087F8373054F8239032
:101BF000D7F884302BB3D7F888309B4521D2D7F85B
:101C0000843033F81B803A6AFB6A012107F1370000
:101C1000984700281ADB0544B8F1000F06D1484662
:101C2000FCF715FF00F101081FFA88F83A6AFB6A11
:101C3000414648469847002808DB05440BF1010B54
:101C40005BE74FF00008DEE7454645E6054643E61C
:101C5000014B1860704700BF0C0B002030B587B0F7
:101C60000025CDE903010446009503A90548059523
:101C7000FDF7BEFBDDE904309842B8BF255407B03C
:101C800030BD00BF910E0200F0B5094E016802465A
:101C90000A2700200B4601311C78355D6D0701D401
:101CA0001360F0BD07FB0043A3F13000F2E700BF73
:101CB000019002002DE9F84F15469A46D378234A41
:101CC00012F803B06F2B81460F460BF0030B2BD09D
:101CD00026D8582B0CBF10260A26DDF8288032465D
:101CE000002348463946F9F7DFFD092A08F1FF3895
:101CF000D4B21ED83034B145E4B277F1000788F889
:101D0000004001D3D04511D82B789B0605D5082E6D
:101D100015D1AB7843F00803AB704046BDE8F88FAF
:101D200003F0F703702BD5E70826D6E781460F4668
:101D3000D5E7BBF1010F0CBF37345734DBE7102E6A
:101D4000EBD1AB7843F01003E6E700BF019002004F
:101D50002DE9F047058B04462807904611D4022947
:101D600005F0070540F0CC8020460FF085FB78B1E8
:101D70000138218B042811D8DFE800F0C2106D85EE
:101D8000950001290CBF45F0100545F0200525837D
:101D900088F31188BFF36F8FBDE8F08701F0070A61
:101DA000AA4500F0A5800027B9463E46A368002B4F
:101DB00000F0BC8041F00801218388F31188BFF353
:101DC0006F8FA168002900F0BA800D68002900F02B
:101DD000B680D1F80480334652462046C047002DD5
:101DE00076D02B6829461D46F0E701F007035A1FFD
:101DF000012A1BD8002221F00701062B276889B28F
:101E0000C4E9002209D13B4603E0628B01326283C0
:101E10001B68002BF9D141F00201218320460FF00D
:101E20002BFB00287AD041F0200176E0042B0AD168
:101E300021F0070189B2218320460FF01DFB10B16C
:101E400041F020012183218B01F0070AAA454FD0E0
:101E50000027B946AAE7236921F0070141F00601EE
:101E6000062DD3F8009021832DD1B9F1000F3FD07A
:101E700041F00801218388F31188BFF36F8F3A493D
:101E80002046C84729E021F00701236941F00401F9
:101E900089B2042DD3F804902183E6D000273E4672
:101EA0004FF0040A82E721F00701236941F00501A0
:101EB00089B2052DD3F808902183D6D000273E465D
:101EC0004FF0050A72E700273E464FF0060A6DE71D
:101ED0002B4687E7B9F1000FD1D1EFF311884023EA
:101EE00083F31288BFF36F8F238B23F008032383C0
:101EF000258BEA062ED525F01003238305F0070570
:101F00006669218B002EBFF670AF00232768C4E9F5
:101F1000003321F0070141F001012183218B01F001
:101F2000070AAA454FF000097FF440AF002F9CD06C
:101F300041F00801218388F31188BFF36F8F002FD0
:101F4000C8D03D6839463346524620460FF0C0FAA5
:101F50002F46F4E7AB067FF51BAF25F02003238364
:101F600005F0070500E700BFFD1402002DE9F74367
:101F70000F4606460821C06ADFF850900FF0CEFBEE
:101F80003C68241A80463C6004EA0905AC4203D848
:101F9000002003B0BDE8F08308236A46214630469E
:101FA0000FF052FB0028F4D1694630460FF0C0FB19
:101FB00040B1BDF80230BDF804203C6005EA0905D7
:101FC00013441D44A4EB0804E0E700BF0000FFFF3A
:101FD00073B504460821C06A124E0FF09FFB4FF6FE
:101FE000FF726368ADF800208DF80620E2681918CA
:101FF00033401344181A002560606846ADF802109B
:10200000ADF804500FF081FB694620460FF050FCFC
:102010002046211D0FF051FB636828463340A36022
:1020200002B070BD0000FFFF2DE9F04704468AB002
:1020300000F11407384612F073FBA06A8368DB686E
:102040009847E06250B98D4A8D4801210FF042FB5C
:102050006FF0150528460AB0BDE8F087A06A8368CE
:10206000DB6898470368013B1F2B01D9854AEBE7E2
:10207000E368B3F5803F08D94FF48032009280487E
:10208000814A01210FF0CBFDE2E7A06A216807AA8F
:1020900011F06BFB08B17D4AD6E7E5682DB1089BCE
:1020A000B5FBF3F203FB12550DB1794ACCE7238A55
:1020B000012B01D8774AC7E7E36A029593F80590A8
:1020C0004FF0FF334FF0FF3238460BF0FFFDE06A70
:1020D00008210FF023FBA8460646238A1FFA85FA3B
:1020E000534508D8238A434523D138460BF066FE72
:1020F0006FF02C05AEE7E1682B04891B13FA81F120
:102100004A460823204602910FF0ACFA78B102A9A2
:1021100020460FF0D2FA08F10108029908234A4636
:1021200020461FFA88F80FF09DFA0028DAD0013512
:10213000D3E79A450BD1029908234A46891B2046CA
:102140000FF090FA18B902A920460FF0B6FA02A9CA
:102150002046FFF70BFF054618B138460BF02EFE60
:1021600078E7029B63604FEA13484FEA0848C4F8D7
:102170000880D4E9011399420FD3082303AA20460B
:102180000FF062FA05460028E7D103AB13F8012BE4
:1021900091453DD10135082DF8D163681B0C1B0416
:1021A00002A9204602930FF088FAE36802994A4692
:1021B00020460FF057FA051ECFDB63687ED006EB92
:1021C00003084FF6FF79E368CDF808801FFA88F21C
:1021D0009B1B9A4238D3304A294803210FF07AFAE0
:1021E000616820460FF078FA05460028B5D163688B
:1021F0002A4AE16813400B44A3EB46036360134093
:10220000A36020460FF07CFB0546002D72D0A4E7AA
:1022100003A920460FF08CFA626810B9921B626025
:10222000A7E7BDF81050BDF80E10E06AC4F80880AA
:1022300029440FF073FA40449042A060EED1002D83
:10224000ECD06FF01C0580E0082305AA414620462B
:102250000FF0FAF9054600287FF47FAF05A9204664
:102260000FF066FA38B1BDF814304B4503D1BDF814
:102270001830002B6FD0B044A5E700BF2D6F0200CF
:102280005C5B02004F6F02006C6F0200956F0200F2
:10229000AD6F0200C16F0200337002000000FFFF4B
:1022A0005B1A4A4620460FF0DDF9051EFFF655AFD2
:1022B00008D0E26AA36812681344A360D4E901312C
:1022C0008B42EDD86168E36801EB46029A429CD1EB
:1022D000DFF8BC80A26801EA08039A4295D0204644
:1022E0000FF0FAF9054600287FF437AF636803EA78
:1022F0000803A360E368A288A3EB46039A4220D0B8
:1023000038460BF05BFD0123A374E268238A1B4867
:10231000009203211A4A0FF082FC63689AB200927D
:102320001648184A1B0C03210FF079FCA3689AB2D7
:1023300000921248144A1B0C03210FF070FC002578
:1023400088E620460FF0C5FA054638460BF036FD04
:10235000002DD8D07EE60D4A084803210FF0BAF9C7
:1023600063681B0C1B0402A9204602930FF0A5F919
:10237000029920460FF0B0F946E700BF5C5B02000F
:10238000E46F0200FB6F02000D7002001E7002007D
:102390000000FFFF2DE9F04F1D4691B0837C0291B4
:1023A0000446009253B9644A644801210FF092F93F
:1023B0006FF00C06304611B0BDE8F08FC26A0821FC
:1023C00010460FF0ABF92946019010460FF0A6F920
:1023D000E368019AA3EB8203AB420746C0F0A880F2
:1023E0001DB1009B002B00F0A3806368059306AA33
:1023F00005A92046DDF814A00FF0D7F906460028FD
:10240000D8D1BDF81830029A934206D06268059B75
:102410009A42ECD1002D35D1CCE706A920460FF029
:1024200087F90028F2D0BDF81A80BDF81C303DB302
:102430009D4227D1E36ADDF800B01B684FEA1A4AD3
:102440005B424FEA0A4A03F02003D0440393AA46B2
:10245000039B534528BF534608AA41462046994648
:102460000FF0F2F800284AD14A4608A9584612F05F
:1024700031FD38B9BAEB090AC844CB44E8D199E731
:10248000002B97D0002F3DD1B84604F1140A4FF02D
:10249000FF324FF0FF3350460BF018FC238A9E4268
:1024A00043D0A168626808EB01039A422FD3029BD4
:1024B000ADF82030FF238DF82630009AADF82210B9
:1024C0002B462046ADF824500FF0B9F929460746AF
:1024D000E06A0FF023F9A3680344A36057B908A882
:1024E0000FF013F908A920460FF0E2F9002814BFF5
:1024F00007462F4650460BF061FC3E465AE7C1DCCA
:10250000064657E7019B1F441FFA87F8BDE72046A0
:10251000FFF75EFD07460028ECD120460FF0F0F9EA
:1025200007460028E6D10136B8E76FF01B07E1E760
:102530006FF015063EE700BF196F02005C5B0200FA
:102540002DE9FF471E46837CBDF8309004460F46B8
:1025500090464BB92C482D4A01210FF0BBF86FF083
:102560000C0004B0BDE8F087C06A08210FF0D6F86F
:10257000E368A3EB4003B34243D3D4F804A0CDF8FF
:1025800004A000254D455146DDF804A009D9636833
:1025900053451ED1BDF80830BB421AD06FF0010080
:1025A000DFE702AA01A920460FF0FFF80028D8D1E2
:1025B000BDF80830BB4206D102A920460FF0B8F89A
:1025C00008B10135ADB26268019B9A42DAD1514639
:1025D000E0E7BDF80C30002BE0D0A945DED8BDF80F
:1025E0000A00090CB3424FEA014128BF33460144B7
:1025F000424620460FF028F80028B2D1BDF80C0062
:10260000AFE76FF01500ACE75C5B0200196F0200EA
:102610002DE9F047DFF85880044607464FF00109DE
:1026200014B93846BDE8F08794FAA4F5B5FA85F5F3
:1026300009FA05F32E0108EB05156FEA030A24EAEF
:1026400003042B7B002BEBD058F806301B694BB9E9
:102650004644042273682846196807EA0A070FF0FF
:102660005BFADDE7284698470028D9D1F0E700BF9C
:10267000CC5B020030B51049104889B0002212F03E
:1026800080FB0F4D0F4900220023CDE906230024D3
:102690000E23CDE90334CDE901440B4B00944FF4F4
:1026A000407228460BF0E8FE0849284612F0E3F98C
:1026B000204609B030BD00BFD126010060260020B1
:1026C00090210020003D0020FD29010061700200E2
:1026D00001480BF0F5BB00BFD81000202DE9F047F2
:1026E000804621480F460FF0F7F90646002833D000
:1026F00000252846BDE8F087237B83B12368DB688B
:102700000BB120469847636883F8069023681B69DD
:10271000D3B963680422196820460FF0FDF9013629
:1027200010345445E8D3B8F1000FE2D0002DDFD0CB
:102730002846FFF76DFF0546002FF7D000214FF424
:10274000A47012F04AFAF1E7204698470028E0D03A
:1027500009FA06F31D43E2E7044CDFF814A005462E
:102760004FF00109DDE700BF84330020CC5B02009D
:10277000DC5B0200014B53F8200070479C610200B3
:1027800008B5034608462BB1044A136000F07AFCF2
:10279000002008BD6FF01500FBE700BF100B002004
:1027A00010B5044C237813B903480BF089FB0123BF
:1027B000237010BD453B0020D810002010B5044602
:1027C0000B480FF089F95CB1BFF35B8F094B53E8FD
:1027D000001F013943E80012002AF8D1BFF35B8FD4
:1027E000054812F0DAFA0548BDE810400BF068BB66
:1027F0007C3300208033002060260020D810002089
:102800000020064BBFF35B8F014653E8000F43E8FF
:102810000012002AF9D1BFF35B8F70477C33002090
:1028200070B5FFF7EDFF084C084E0546B44200D3E3
:1028300070BD63685B792BB123685B6813B129466F
:10284000204698471034F1E7CC5B0200DC5B0200C5
:1028500010B5044C044920460EF0A7FC034B1C6045
:1028600010BD00BFC80F0020886102007433002033
:102870000D4A0E48002310B513700D4A13600D4A1F
:102880004FF400411360FFF77BFFFFF7E1FF0A4BB6
:102890000A4918468B4200D310BD1A1A5C681211FF
:1028A000013222711033F5E7463B0020D51A0200B1
:1028B0007C33002080330020CC5B0200DC5B020014
:1028C00001460022014800230EF090BCC80F0020F2
:1028D00001480EF029BD00BFC80F0020024B014681
:1028E00018680EF075BD00BF7433002001480EF06B
:1028F000AABD00BFC80F002070B5294B187800286A
:102900004DD0FFF7E5FF0546002845D1254B264C65
:102910001B68002B19DD12F0ECF94FF47A72A0FB62
:10292000020302FB0131C30BD4E9002043EA414317
:102930009B1A4FEAD13140F2E93261EB0001934238
:1029400071F1000101D3FFF76BFFD4E9003213F5F9
:102950007A7342F10002C4E90032BDE87040FFF72B
:10296000C5BF63685B7923B1236829461B6820468D
:1029700098471034B442F4D32846FFF7AFFFBFF3B3
:102980005B8F0A4B53E8001F013943E80012002A0D
:10299000F8D1BFF35B8FB9E7054C064EEAE770BD8F
:1029A000453B00207C330020582600208033002047
:1029B000CC5B0200DC5B020070B50D4D297861B97B
:1029C0000120FFF78BFE0B4C0B4EB44206D3FFF7F2
:1029D00093FF0028FBD101232B7070BD63685B79E6
:1029E0001BB1236820469B6898471034EDE700BF71
:1029F000463B0020CC5B0200DC5B020000212DE99D
:102A0000F0470846FFF76AFE044648B340F267689D
:102A10004FF000090BF0F4FF1A4B186030B11A4B5D
:102A20001B68092B02DD19480BF04AFA184FDFF832
:102A30005CA0002544B12046FFF7EAFD044618B922
:102A40004FF0FF384FF0FF39FFF756FF064628B921
:102A5000B5B942464B4650460BF06CFA3546E9E7AD
:102A60004FF0FF384FF0FF39D4E72B689B691BB15B
:102A700000221146284698471035BD42F5D3E8E7B5
:102A8000044DFAE77833002080330020D81000206E
:102A9000DC5B0200CC5B020013B518480FF01CF899
:102AA000174B1B7873B1EFF31184402383F3128823
:102AB000BFF36F8FFFF720FF84F31188BFF36F8F91
:102AC00002B010BD0F4B1B68002BF9D050B900228B
:102AD0000023CDE900230C484FF4004200230CF002
:102AE00085FAEDE70928EBD1074812F056F90748B7
:102AF00002B0BDE810400BF0E3B900BF8033002006
:102B0000463B00207833002060260020D8100020AB
:102B100010B5064B1B68044698472146A060044840
:102B20000EF0E3FBBDE81040FFF7B6BF100B00202E
:102B3000C80F0020044A054B9B1AB1EBD30F34BFDA
:102B400052F8310000207047CC5A0200CC5B0200E2
:102B50002DE9F04F8FB004AFC1F34A28B8600D469D
:102B600091467B600C0DB8F1000F63D0002607F191
:102B700014034FF0040B4FF00A0AC7F80C80C7E9A2
:102B800007667E620193CDF808B0CDF800A007F18A
:102B90001C03F96832464846FEF774FEB0F5006F34
:102BA00003461CD36C468AB0D9F8041004AB2648FF
:102BB000C3E9050140F2FF71D9611A464FF4007173
:102BC0001984224B42F8103F214833464FF41251EA
:102BD000FFF7BEFFA5462C37BD46BDE8F08FC0F31A
:102BE0000A0804F11700184420F0070080083B6031
:102BF000FFF766FE68F35325044690B13B68154A1B
:102C0000C7E9083600F1100107F11403F961CDE9B5
:102C100000A3CDF808B0F96807F11C034846FEF799
:102C200031FE68F353257B68B9682A4620460EF0CA
:102C300093FFD0E704F1170020F007008008FFF7AA
:102C40003FFE0446EDE700BF76700200040000017D
:102C5000745B02002B1B02002DE9F04F87B0DDE909
:102C60001279DDE9105A0446039193469846BFB1A4
:102C7000CDF800903B46524610210020CDF814902C
:102C8000FEF72EFCB0F5006F06460AD3184A194825
:102C900040F2FF73022107B0BDE8F04F0EF0B5BF60
:102CA0003E4605F11700304420F0070004F0070409
:102CB0008008FFF705FE0BF0070BE40044EA8B14D5
:102CC00044EA462444EA0554054640B13FB1CDF8F4
:102CD00000903B46524631461030FEF701FC039906
:102CE00043462246284607B0BDE8F04F0EF034BFF9
:102CF000B5700200745B0200406820B1034BC01A3B
:102D000040F3CF0070474FF0FF307047CC5A0200BD
:102D10000EB403B503AB014653F8042B04480193EA
:102D20000EF0A4FF02B05DF804EB03B0704700BFE3
:102D30007B1C0200CA0605D48B064CBF024903491E
:102D4000FFF7E6BF704700BFB16C0200ED700200F4
:102D50002DE9F04F8BB09A46169B06939DF854B020
:102D6000179B0593189B199E049304460D469046A5
:102D7000BBF1000F00F09E8006F00103089306F0FF
:102D80000803079306F4807309930EF0C3FE06F060
:102D90000209024600283BD08F492046FFF7B8FFC2
:102DA0000746B9F1000F08D016F0440F32D18B4915
:102DB0002A462046FFF7ACFF0744089B53B1884BD7
:102DC000884953F82B20884B2046002A08BF1A4612
:102DD000FFF79EFF099B002B48D0079B002B62D179
:102DE000B8F1000F64D0814942462046FFF790FFBA
:102DF0000546069B3D44002B6BD1049B002B71D1F3
:102E0000F30700F1E38031462046FFF793FFD7E058
:102E10000746C6E7764B18680028CDD0754B4FF4AF
:102E20007A791B68B5FBF3F54FF46163B5FBF0F1FC
:102E300000FB115509FB05F54FF03C0CB1FBF3F21B
:102E400003FB1211B5FBF0FEB1FBFCF300FB1E55BA
:102E50000CFB131109FB05F50091B5FBF0F5664974
:102E6000CDE901E52046FFF753FFA5E7079BEBB14E
:102E7000624B634953F82B202046FFF749FF054674
:102E8000B8F1000F05D0594942462046FFF740FFF0
:102E90000544BAF1000FACD05A4952462046FFF71C
:102EA00037FF0544A5E74FF0000AE1E7079DE7E794
:102EB00045469EE7BAF1010F069B06D1002B65D16E
:102EC000049B002B7CD000250CE0002BF8D04E4852
:102ED0005DE04E48069B4E4922460DF081FF049B63
:102EE000002B69D0DFF83C81DFF83C91049F31462C
:102EF000102F204628BF1027FFF71CFF4FF0000AB5
:102F0000554546DC059B49461A782046FFF700FFE9
:102F10004FF0010A1AF0070F03D141462046FFF790
:102F2000F7FE57453CD9059B494613F80A20204631
:102F3000FFF7EEFE0AF1010ABAF1100FEAD13549A6
:102F400020464FF0000AFFF7E3FE5246059B9A5CCD
:102F5000314B995C11F0970F08BF2E222F49204664
:102F6000FFF7D6FE0AF1010ABAF1100F1DD01AF0D0
:102F7000070F03D141462046FFF7CAFE5745524688
:102F8000E4D841462046FFF7C3FEEBE71F485D4605
:102F9000A0E741462046FFF7BBFE0AF1010AAFE772
:102FA0001F492046FFF7B4FEC4E7059B3B44059349
:102FB000049BDB1B049399D1BBF1000F7FF420AF7E
:102FC00020460BB0BDE8F04F0EF043BE064A05495F
:102FD0002046FFF79DFE16E7F5700200F97002002B
:102FE000AC610200EC7B0200F07002001E71020076
:102FF0008C3300208833002002710200C06102007F
:103000002271020028710200B11C02007B1C020028
:103010006D1C02003771020001900200397102003C
:1030200033710200357102002D71020073B542F256
:103030000F738B4228BF0B4605680F4A04460521D3
:1030400068460DF046FF63680C495B6806460B2234
:1030500028460EF0F0FD63683246694628465B68F4
:103060000EF0E9FD636806495B681B2228460EF0F6
:10307000E2FD02B070BD00BF528E02005871020026
:103080003C710200074A00210123904206D8064AFB
:1030900001B901231360054B1860704740085B00BD
:1030A0000121F2E740420F00883300208C330020DA
:1030B000014B01221A707047473B0020014B002052
:1030C00019607047A43300200148FFF7AFBF00BF6D
:1030D000F061020010B5064B18680C46FFF74AFB7A
:1030E00021460346BDE8104002480F22184700BFA2
:1030F000A4330020F0610200F8B5094D094B0A4ED7
:10310000D5E9004701221A700CB92C60F8BD2146A0
:1031100030463A4600F01EF8241A0644F4E700BF91
:1031200098330020483B0020493B002010B9074B52
:1031300018707047064B1B781BB141F2883011F0B4
:1031400037BAA420002111F048BD00BF473B002042
:10315000483B00202DE9F047DFF87C901D4F80466A
:103160000E46042499F80050A5B911F014FA32461D
:103170008246414628460AF009FB0546504611F0B2
:1031800012FAE5B101233B7099F8003073B930466B
:10319000BDE8F0873246414600200AF0F7FA0546BE
:1031A000EFE72046FFF7C2FF651E2C4600200AF01D
:1031B00077FB0028EBD03B78002BF2D1E7E73B7898
:1031C000002BE4D0013C2046FFF7B0FF3B78002BFA
:1031D000C8D1DCE7473B0020483B0020014B03609F
:1031E000002070470062020070B5104B1C680D464D
:1031F000B4B10F4B196800238B4202DB6FF0010062
:1032000070BD224612F8106B864202D0013314467C
:10321000F2E7E06811F0E8F928B12C600020EFE750
:103220006FF00C00ECE76FF01200E9E7300B0020C4
:103230000062020010B588B0436802938368C068DA
:10324000CDE903320A680023CDE906230C4601AA22
:103250000449059310F08DFA079808B9059B23607F
:1032600008B010BD391D02002DE9F0410C4B1C685F
:1032700005460E4617467CB100F054F963682046B7
:10328000D3F8108032463B462946C047044600F03A
:1032900053F92046BDE8F0816FF00104F9E700BF63
:1032A000A833002000230360044B5A6812B9C3E915
:1032B0000000704710605860704700BFAC330020BA
:1032C000014B1860704700BFA833002030B585B0AF
:1032D0000023CDE902330546019000F023F9094BA4
:1032E0001C6844B9284600F0BDF8044600F024F9F3
:1032F000204605B030BD636820461B6801A9984789
:103300002468EEE7AC330020024B0022C3E9002220
:10331000704700BFAC330020024B0022C3E90022FB
:10332000FFF7F2BFB43300202DE9F74307460C4600
:1033300009B100230B601F4DDFF8809000264D453A
:103340000FD31D4B1D6885B355F8188C01AA414653
:103350003846183D0EF02EFD10B3D6B914BB2E46DC
:103360001EE0D5F8008001AA414638460EF022FD45
:1033700050B116B954B92E4606E0316800224046D5
:103380000EF018FD0028F5D11835D8E7019B236011
:10339000F1E73168002240460EF00CFD0028DDD137
:1033A000AD69D0E7019B2360D9E7304603B0BDE8A3
:1033B000F08300BFDC5B0200B4330020F45B02004A
:1033C0002DE9F04784B002AF0446D7F82890786022
:1033D0000D4616469846B9F1000F07D0D9F80010EF
:1033E00031BBD9F804A0BAF1000F28D1391D20460D
:1033F000FFF79AFF08B3D0F80C907868434632463E
:103400002946C847C8B16D468AB002AA124BD0619E
:10341000C2E905344FF400731384104B42F8103F97
:103420000F4800234FF41151FFF792FBAD4604E023
:103430003A1D0EF0BFFC0028D3D1002007E0D9F8D8
:10344000083000937868434632462946D04708370B
:10345000BD46BDE8F08700BF947102000400000182
:10346000B45B02002DE9F047DFF8B090DFF8B0A0C0
:1034700080464FF000470026274C3D464C450DD373
:10348000DAF80040002C42D0183CB8F1000F25D1EA
:1034900022695ABBA469F5E72F46EDE7B8F1000FA2
:1034A00003D122694AB91834E8E72068002241466E
:1034B0000EF080FC0028F4D1F5E76368BB4205DD1F
:1034C000AF4209D09D42A8BF1D46ECE7EBD1904723
:1034D000002E08BF0646E6E71D46E4E72068002206
:1034E00041460EF067FC0028D2D1D3E76368BB42A7
:1034F00005DDBD4209D09D42A8BF1D46CAE7C9D11E
:103500009047002E08BF0646C4E71D46C2E7AF42FB
:10351000C2D13046BDE8F087DC5B0200F45B0200FC
:10352000B433002003484FF0FF324FF0FF330AF06E
:10353000CDBB00BFC410002001480AF03FBC00BF53
:10354000C410002038B5094DFFF7ECFF2B783BB9CC
:10355000FFF7E2FE00F06AF8044610B901232B7071
:103560000024FFF7E9FF204638BD00BF593B00208B
:103570002DE9F047048FDFF8B0A0013498B006467B
:103580008946A4B200F10807651EADB2B5F5004F3B
:1035900047D04A2305AA294638460EF082FA04F598
:1035A0007F543F34A4B28046214601230DF10B0223
:1035B00038460EF076FAB8F1000F014610DC00280C
:1035C00010DC338FAB4209D132466B1E22F8383FF4
:1035D0004FF4004102233846FEF7DCFE2C46D3E7C9
:1035E000002808DC294638460EF057FA21463846AE
:1035F0000EF053FAE5E708F160030DEB0308002332
:1036000008F84C3C5246CDF8009003AB05A8039750
:10361000ADF81040FFF7D4FE0028DFD018B0BDE8A9
:10362000F0870020FAE700BF011E02007FB50125E8
:10363000694628460195FFF7D7FD044660BB02AAFC
:1036400001A928460EF09AFB044610B110F10C0FA8
:1036500022D10399B1F5803F23D2009A00239468C8
:103660001846084484421AD30133082BF9D10E4D71
:1036700069612B835368AB602846D368EB630EF017
:1036800057FC044640B9094E6E602846FFF70AFE13
:1036900028466E60FFF714FE204604B070BD9BB252
:1036A000E5E76FF02004F7E7BC330020140B00209F
:1036B00008B504480DF000FCBDE8084002480DF0D4
:1036C000FBBB00BFC8710200FD71020008B50348D2
:1036D000034A0021121A0EF060FC08BD58120020A7
:1036E000943C00200748084A084908B5121A0EF011
:1036F00056FC0748074A0849BDE80840121A0EF070
:103700004EBC00BF0005002054120020E8920200C9
:10371000B804002000050020A09202002DE9F84F17
:10372000804600AF0C46002965D0E9468AB0D1E951
:103730000012A3686D4639482E464FF0050AC5E9C8
:103740000501C5E9072346F810AF35483246002386
:103750004FF42151FFF7FCF9CD46D4E90312636918
:10376000AD463048C5F810A0C5E90501C5E90723F5
:103770002B48002332464FF42151FFF7E9F9CD469B
:10378000E369294A2648DFF8B0B001210EF03DFA7E
:10379000264600254FF00A0AE9468EB0D6E908E031
:1037A000D6E90A136A46C2F81CE005F1010EC2E927
:1037B00008E0A81CC2E90A01E91CC2E905B5C2E992
:1037C0000C1342F810AF1648002345F240010435AF
:1037D000FFF7BEF9102DCD4606F11006DCD1236EA1
:1037E000124A0F4801210EF010FAA369104A0C4842
:1037F00001210EF00AFAB8F1010F07D1EFF30583AA
:103800000C4A0748103B41460EF0FFF9214640465E
:103810000AF07EF8BD46BDE8F88F00BF2B720200AB
:10382000AC5B02005A72020089720200DB72020075
:10383000EA720200187302009872020030BFFFF7AC
:10384000FDBF00BF054B9A699B689A421FBF044A9F
:10385000536843F080535360704700BFC037002067
:1038600000ED00E070B5294C06460D462848294970
:103870000EF0A2FBA36AD9043CD5254826490EF0D8
:103880009BFB1720A36A1A0504D5214823490EF093
:1038900093FB18201D4CA36A9B0512D51C48204998
:1038A0000EF08AFBA36BA26A100409D51D4A1848C2
:1038B00001210EF0AAF91EB1A36A23F40043A3620A
:1038C0001920124CA36A590504D5114816490EF067
:1038D00073FB1A20A36ADA050ED50D4813490EF0C2
:1038E0006BFB1B20094A936A43F47F4393620023D6
:1038F0002B7070BD1620C5E7A36A9B04F2D504485F
:103900000B490EF059FB1C20ECE700BF00ED00E076
:10391000AC5B02002B730200417302005273020081
:10392000657302007E73020093730200AE7302009F
:10393000C673020010B5204C204921480EF03CFB14
:10394000A36A990136D51E481E490EF035FB1E208C
:10395000A36ADA0104D51A481B490EF02DFB1F207B
:10396000154CA36A1B0304D5154818490EF024FB17
:103970002120A36A590304D5114815490EF01CFBF8
:1039800022200D4CA36A9A0304D50D4811490EF06C
:1039900013FB2320A36ADB0304D509480E490EF06C
:1039A0000BFB2420044A936A6FEA03436FEA134334
:1039B000936210BD1D20CBE700ED00E0F57302001F
:1039C000AC5B02000D740200207402003A74020025
:1039D000587402007D740200977402002DE9F843C8
:1039E000364D804689463648364917460EF0E4FA89
:1039F000AB6ADE0627D5344931480EF0DDFA1124D2
:103A0000AB6A1D0704D531492D480EF0D5FA1224B2
:103A10002A4DAB6A980718D52D4929480EF0CCFAE3
:103A20006E6BAB6A190646D52A4A254833460121F2
:103A30000EF0EBF8B9F1000F03D0AB6A23F080036E
:103A4000AB62132403E01024DAE76FF015061B4D78
:103A5000AB6ADA0704D5204919480EF0ADFA1424F0
:103A6000AB6A9B0604D51D4915480EF0A5FA15242E
:103A7000124B9A6AD50602D49A6A90070AD55B68F7
:103A8000190507D54146304600F0CAFA10B180F357
:103A900009880224094B9A6A920642BF5A6A22F4A4
:103AA00000525A629A6A42F0FF029A6200233B7007
:103AB0002046BDE8F8836FF01506C2E700ED00E090
:103AC000AC5B0200C2740200D874020052730200A0
:103AD0000B7502002375020039750200C6730200DF
:103AE0002DE9F041634B9CB0D3F8048000AF05464C
:103AF000C8F30804002686F31188BFF36F8F02F025
:103B00007F43B3F17F4F07D102F00C03082B12D192
:103B100059495A480EF050FA002635460023FB71E9
:103B2000E31E092B00F28480DFE803F00A7A7D7639
:103B300082828282828010074CBF0D460126EDE70B
:103B40004F494E484B4C0EF037FA0023FB71E36AA5
:103B50009A0705D54B4949480EF02EFA002432E069
:103B6000E36A002B01DA4849F5E7E36A5B00F5D523
:103B7000464942480EF020FA6369AA6943F480730B
:103B80006361BFF34F8FBFF36F8F636932F8022C0D
:103B900023F480736361BFF34F8FBFF36F8F4DF6D4
:103BA00002739A4208D0A36ADBB243B3FA1D012123
:103BB0002846FFF713FF31E02B68354A2F480121D3
:103BC0000EF023F82C68FB79ABB96822294607F17F
:103BD000080011F08FF97B6A002E45D0C3F308026C
:103BE00022B96FEA53236FEA43237B6207F108018E
:103BF0002046FFF793FD7037BD46BDE8F081A36A0C
:103C000013F47F4F04D0F91D0120FFF72BFE05E0D0
:103C1000A36AB3F5803FA1D3FFF78CFE0446D2E739
:103C2000FA1D0021C4E7F91D0020EEE7194992E7CB
:103C3000194A1A4B18F4F87FE8468AB018BF1346A1
:103C40006A461749C2E905134FF400731384103C08
:103C5000144BD46142F8103F084800234FF411512F
:103C6000FEF776FFC54679E723F4FF7323F00103DF
:103C7000BBE700BF00ED00E086750200AC5B020010
:103C8000B1750200C8750200E9750200F7750200FF
:103C900016760200327602006D7502005875020039
:103CA0005676020004000001044B5A6942F01002EB
:103CB0005A615A6922F008025A61704700ED00E02B
:103CC000EFF30880EFF3098101B57246FFF708FFB3
:103CD00001BD00BF002080F31488BFF36F8F0F4831
:103CE00080F3088808F00EFB00200D490860BFF340
:103CF0004F8F00F02BF8402080F3118809484FF4D3
:103D00000861401880F30988EFF31480022108430A
:103D100080F31488BFF36F8F00F012F90064002065
:103D200094ED00E0804900200749D1F8902000235D
:103D3000C2F307221846934200DB7047C1F898305F
:103D4000C1F8A0000133F6E700ED00E008B572B657
:103D5000002383F31388FFF7E7FF144B4FF0FF3284
:103D6000C3F88020C3F88420C3F88820C3F88C20CF
:103D7000C3F89020C3F89420C3F89820C3F89C207F
:103D8000C3F88021C3F88421C3F88821C3F88C21AB
:103D9000C3F89021C3F89421C3F89821C3F89C215B
:103DA00062B6BFF34F8FBFF36F8F08BD00E100E035
:103DB000084B9B6883420BD1EFF3058343B1064B5D
:103DC0005A6842F080525A605A6A22F400425A629B
:103DD0000AF01CBEC037002000ED00E021498A68CF
:103DE00082F8C1E04FF030001044EFF3098C80E816
:103DF000F01F1EF0100F03D102F1800080EC108A3A
:103E0000402080F31288BFF36F8F174F4FF000668A
:103E10008A698A603E6092F9C1E0906F00239367DF
:103E200080F311881EF0100F03D00023E1EE103A4A
:103E300003E002F1800090EC108AEFF3148323F08A
:103E4000040383F31488BFF36F8F04B5104600F0AA
:103E500077F9BDE8044002F1300090E8F01F8CF3E0
:103E600009887047C037002004ED00E01EF0040F01
:103E70000CBFEFF30880EFF30980816911F8021C91
:103E80000229FFD001B572460EF08BF801BD00BFCC
:103E900040B2002807DB044A4109012300F01F005B
:103EA000834042F82130704700E100E040B2002832
:103EB0000CDB4309064900F01F0020330122824039
:103EC00041F82320BFF34F8FBFF36F8F704700BFC0
:103ED00000E100E0054B420900F01F0053F82220EA
:103EE000012303FA00F01040704700BF00E100E03A
:103EF00040B2D30754BF023100210028ACBF00F10B
:103F00006040074A4FEA4113ACBF00F5614000F042
:103F10000F00DBB2B4BF135480F80033704700BF0A
:103F200014ED00E0044B054A23F07F039360BFF3D8
:103F30004F8FBFF36F8F70470000000000ED00E06F
:103F400008B5FFF7EFFF104BD3F8882022F470027A
:103F5000C3F88820D3F8882042F4A002C3F8882050
:103F60004FF04042C3F83422BFF34F8FBFF36F8F3F
:103F70000023E1EE103AFFF7A9FBFFF7B3FB00F0D7
:103F8000B5F809F0E7FD00BF00ED00E042F8203C85
:103F9000009B42F81C3C019B42F8183C0A49029BDA
:103FA00042F8143C4FF0807342F8043C21F00101C8
:103FB000002342F8081C203A83674FF47D430265D2
:103FC000C0F8C030704700BFED0E0200037B13F055
:103FD000020F124B03D190F8C120D20611D45A6BB4
:103FE00042F080425A63D0F8C03019075CBF43F0FA
:103FF0000803C0F8C030037B43F002030373802042
:1040000070475A6B22F080425A63D0F8C0301A07CA
:1040100044BF23F00803C0F8C030F0E700EF00E031
:10402000094A0346906870B113F1160F806E05D0EF
:10403000A0F180029A4205D8834203D2814228BF70
:104040000020704700207047C0370020104B9B684D
:1040500083421AD1EFF30580B8B9EFF31181402202
:1040600082F31288BFF36F8F1A7B22F002021A7359
:10407000EFF3148323F0040383F31488BFF36F8FEB
:1040800081F31188BFF36F8F70476FF01500704791
:10409000C037002008B515460E460022E1EE102A72
:1040A000EFF3148222F0040282F31488BFF36F8FBF
:1040B000BFF36F8F094A906000F042F82C4686F3F8
:1040C00009880020034B9847204600210022002346
:1040D000014C2047CD1F0200ED0E0200C03700202A
:1040E000014B10221A61704700ED00E004480023E4
:1040F0004021C2180133302B82F80013F9D17047E8
:1041000000E100E008B5EFF30583064A103B02EB3F
:10411000C30152F8330049688847BDE80840FFF7FB
:1041200091BB00BF3C580200024B034A03480121E7
:1041300000F090B80000022000000020246202007D
:1041400010B50446FFF742FFA26E03460548D21A97
:10415000C0E90023044B8360BDE81040012100F05A
:1041600083B800BFFC33002000000B1508B50346E0
:104170001048D0F89020C2F30722013A934207D9A1
:104180000D480E4A01210DF040FD6FF0150008BDED
:10419000C0F898300A6822F01F021A4342F0100259
:1041A000C0F89C208A6842F00102C0F8A02018469E
:1041B000EDE700BF00ED00E08C5B02006D760200D1
:1041C000F0B50E4685B01F4604460025B5420DDA0F
:1041D000606810B397B1431E18420AD0104A1148C4
:1041E0002B4601210DF011FD6FF01502104605B0B0
:1041F000F0BD7F28F2D921680B42EFD123680193EB
:104200000DF007FFA36801A90343D0B20393FFF7A2
:10421000ADFF10F1160FE7D0421C01350C34D5E785
:10422000937602008C5B0200044B0522C3F89420B5
:10423000BFF34F8FBFF36F8F704700BF00ED00E0FB
:10424000BFF35F8F024B0022C3F89420704700BF7A
:1042500000ED00E010B5034C01232278FFF7B0FF1A
:10426000207010BD5A3B002008B50B4A002312787D
:10427000FFF7A6FF10F1160F07D0084A0021D2F869
:104280009030C3F30723984200DB08BDC2F89800C2
:10429000C2F8A0100130F2E75A3B002000ED00E028
:1042A0002DE9F04357485849D0F890300D68C3F3D2
:1042B00007239D4285B000F2A180FFF7C1FF496846
:1042C0000022954201F10C011AD1504C504F25703B
:1042D0006846FEF783FFDFF83C81DFF83C91064635
:1042E0000025AE421FD1237846490020D1F8902006
:1042F000C2F3072293427BDBFFF796FF00204CE0DE
:10430000C0F8982051F80C3C23F01F03134343F0EE
:104310001003C0F89C3051F8043C43F00103C0F88E
:10432000A0300132CDE7009800EB05114FEA051CE3
:10433000CB683B40B3F5000F44D00AD8B3F5001F5B
:104340002ED0B3F5800F34D0B3F5801F10D00135D7
:10435000C7E7B3F1807F3ED0B3F1007FF7D150F8CB
:104360000C3088684A680DF054FE40F4802009E063
:1043700050F80C3088684A680DF04BFE40F08850C9
:1043800040F43020039001A92078CDE90123FFF704
:10439000EDFE002828DA6FF0150005B0BDE8F083C7
:1043A00050F80C3088684A680DF033FE40EA080087
:1043B000E8E750F80C3088684A680DF02AFE40EAB9
:1043C0000900DFE750F80C3088684A680DF021FEDC
:1043D00040F08270D6E750F80C3088684A680DF0DB
:1043E00018FE40F08870CDE7237801332370AEE7E4
:1043F000C1F89830C1F8A000013377E74FF0FF30E3
:10440000CBE700BF00ED00E0306202005A3B002025
:104410000000F0FF0000081100000202014B1860CC
:10442000704700BF380B0020F8B5084F06460D4610
:104430000024AC4208DA3B6898470A28305504F15A
:10444000010401D00D28F4D12046F8BD340B002022
:10445000F8B50A4F0D46461EC0F10104A3199D424E
:1044600001DC2846F8BD73780A2B02D13B680D2089
:1044700098473B6816F8010F9847EFE7380B002084
:1044800010B5074C2368C2180648C0F1005101F569
:1044900000318A423ABF2260C0184FF0FF3010BD91
:1044A0000834002040B7002008B505480CF004FD92
:1044B000002383F31188BFF36F8F0423184602DFB4
:1044C000C576020070B54169867A0B4D044659B134
:1044D000437ADB0706D42C2303FB06535B6A1B6875
:1044E0009B689847002363612C20214606FB0050FF
:1044F000BDE8704010F0BCB920110020024B2C2206
:1045000002FB0030704700BF20110020827A064B6A
:104510002C2101FB02339A6A1B7F1B33801A23F084
:104520000303B0FBF3F070472011002038B5074BB0
:10453000827A2C2404FB02335B6AD3E901240C60E9
:104540001568FFF7E3FF04FB005038BD2011002081
:104550002DE9F04385B005466846039190461C4618
:1045600010F0C9FBDDE90067EFF31189402383F305
:104570001288BFF36F8F6B8B002B41D02A8B9A422E
:1045800025D900220023284609F068FC0446F0B132
:1045900089F31188BFF36F8F039B002B41D0324604
:1045A0003B46684610F0CCFBA27A264B2C2101FB3F
:1045B000023320465B6A1B6803A91D68DDE90023FE
:1045C000A847606170BB2046FFF77CFF24E0698B41
:1045D0004B1E6B8389F31188BFF36F8F2B7F2A8B60
:1045E000AC6A1B3323F00303521A02FB0344154B3E
:1045F000154AEB1A9B105343A3722B7FE372CBE750
:1046000089F31188BFF36F8F23464246284609F08D
:1046100025FC04460028BFD10024204605B0BDE893
:10462000F0836361012300252381039B6382E27A87
:104630006560294604F1180010F06AFC6369258260
:10464000E360EAE720110020A38B2EBA70B50D4C71
:104650002C2500B970BD037A4668002BFAD0013BC7
:10466000DBB20372002BF5D1C3604360837A05FB94
:1046700003431B6A13B198473046EAE7FFF722FF6E
:10468000FAE700BF20110020044A0123C2F8403598
:104690004FF080420020C2F87835704700E00140BA
:1046A00048B1054B054A1B68B3FBF2F35843044B72
:1046B00043F0010318477047A80C002040420F0048
:1046C000605E020008B50448044A3F23C0E90023A5
:1046D00007F0C8FE002008BD0C340020FFFF0100D9
:1046E0000E4B402970B528BF40210D4C46181D4681
:1046F000B04203F1020304D1002305F8113007484A
:1047000070BD02781209A25C03F8022C10F8012B8C
:1047100002F00F02A25C03F8012CE9E7793B0020CC
:104720004877020030B503788BB0044607AD032B01
:1047300021D8DFE803F0021A1C1E1249284610F0A7
:10474000FFFC059563780493A3780393E3780293C1
:104750002379019363790093A3790B4A0B481E21B7
:104760000CF0B7FB09480BB030BD0949E6E7094931
:10477000E4E70949E2E7094A0A2128460CF0A9FBC7
:10478000DFE700BF03770200257702005B3B0020D4
:104790000A770200117702001B770200F3860200FD
:1047A0000378012B30B513D0022B27D07BB9194BDE
:1047B0000A4603F1100453F8045B42F8045BA34279
:1047C000F9D11B78137043884B731B0A8B7330BD70
:1047D000104B0A4603F1100453F8045B42F8045BE3
:1047E000A342F9D11B78137043684B73C3F30722BC
:1047F0001B0CCB731B0A8A730B74E8E700F11003E0
:1048000050F8042B41F8042B9842F9D103780B702F
:10481000DDE700BF5977020010B50DF061FD10F023
:1048200024F90E4C30B1BFF35B8F2368BFF35B8F6D
:104830007BB910BD09F0F0FFBFF35B8F2368BFF3B6
:104840005B8F1BB9BDE8104009F0FABF0A209847FA
:10485000F8E7BDE810400A20184700BF14340020D4
:1048600038B5044608480DF01CFC054648B1631EE7
:10487000DBB21F2B96BF054A0021D15C0C300DF036
:104880007FFC284638BD00BFFC1100206A7702007B
:10489000054BBFF35B8F53E8002F43E8000100296D
:1048A000F9D1BFF35B8F7047143400200F2810B587
:1048B0000CD80D280CD90A480DF0F3FB044618B1AA
:1048C00004210C300DF05CFC204610BD1328F2D002
:1048D00009B10448F0E7BDE810400220FFF7C0BF6F
:1048E0002812002078110020C368034A1B7803486F
:1048F00002210DF065BD00BF99770200045B020044
:1049000070B5C6683378B6F8014083B90F212046E8
:1049100002F05CFBF378054650B90A4A118831B9B8
:104920006FEA04506FEA10501080074A137070BD90
:104930004372012102F062FA2846BDE8704002F09D
:1049400017BA00BF263B0020FA3B002070B5C368B1
:104950001D78BDB9B3F801600F21304602F036FB77
:10496000044638B93346084A0848BDE8704001217A
:104970000DF026BD294602F041FA2046BDE8704000
:1049800002F0F6B970BD00BFC1770200045B0200FF
:1049900010B5C368B3F801400121204602F016FBB0
:1049A00038B92346054A0648BDE8104001210DF0FC
:1049B00007BDBDE8104002F0DBB900BFE777020099
:1049C000045B020010B501210C300DF0FAFBBDE8CC
:1049D00010400378024A034801210DF0F1BC00BFEA
:1049E0000B780200045B0200014610B508480DF088
:1049F0005CFB084908480FF0E8FF031E06DABDE833
:104A00001040064A064801210DF0DABC10BD00BF77
:104A100074090020D00B0020982600202D78020079
:104A2000045B020010B5084C0146062294F86F00A2
:104A300002F0E4FD38B994F86F000449BDE8104075
:104A4000052202F0DBBD10BD28080020E976020037
:104A5000024A034801210DF0B1BC00BF4A780200B0
:104A6000045B0200B0B50B460D8A00AF0446294630
:104A7000D868FFF735FE8AB06A46094BC2E90534AB
:104A800040F202439384074BC2E907504FF432517E
:104A900042F8103F04480DF0A4FCBD46B0BD00BF75
:104AA0006478020005000001045B020070B5C5686F
:104AB000B5F801600121304602F088FA044638B9A1
:104AC00033460D4A0D48BDE8704001210DF078BC19
:104AD0002B783BB9D5F80330C0F89930D5F80730BA
:104AE000C0F89D30201D4FF480310DF06BFC204646
:104AF000BDE8704002F03CB9E7770200045B0200B9
:104B0000B0B53C2800AF04461AD101F0EBFD6FF4BC
:104B1000807110300DF068FC0020FFF783FF054620
:104B200030B9124A124801210DF048FCBD46B0BD13
:104B30004472002102F062F9284602F019F9F5E703
:104B40006D468AB06A460B4BC2E905300A4BD36109
:104B500040F201331384094B42F8103F04484FF4EC
:104B600012510DF03EFCAD46E0E700BF8678020032
:104B7000045B0200A7780200B26C0200040000018E
:104B80002DE9F74FDFF82CA1BFF35B8F80468946F4
:104B9000174600235AE8004F4AE80032002AF9D1AC
:104BA000BFF35B8F264644B93E4A3F484346012146
:104BB00003B0BDE8F04F0DF003BC2046FFF7A6FCA4
:104BC0003A4D4FF00C0B0BFB0050438843451FD070
:104BD0002046FFF79BFC0BFB00504388344A0093B0
:104BE0003148434601210DF01AF8BFF35B8F5AE8B4
:104BF000003F4AE80062002AF9D1BFF35B8F002B27
:104C00004DD01E46304603B0BDE8F04FFFF71EBD45
:104C1000A74208D020460DF03FFA3A8AF96804F11D
:104C20000C000DF0A4FA2046FFF770FC0C2707FBE0
:104C300000504368ABB1B9F1000F12D12046FFF725
:104C400065FC07FB005001214268D2E90003127A9B
:104C500003F01F07B9405B09DAB100EB83000DF0E8
:104C6000B1FB2046FFF752FC0C2707FB005083687E
:104C7000002BC7D02046FFF749FC784305F8009089
:104C80002046FFF743FC07FB0055A86809F018F918
:104C9000B8E7C94300EB83000DF0A6FBE1E703B0E2
:104CA000BDE8F08FC3780200045B020018340020D6
:104CB000EB7802007009002037B502EBC30304460D
:104CC00008469A4202D16FF05E0010E0114611F8DA
:104CD000085BA54211D1038A5178994209D9084845
:104CE000084A009401210CF09AFF6FF0150003B000
:104CF00030BD536898470020F9E70A46E1E700BF56
:104D0000045B02001E7902002DE9F8430C4609F00D
:104D100083FDE168238A0A78022A71D0042A0BD025
:104D200013463C483C4A01210DF04AFB2046FFF760
:104D30008DFC6FF015040AE0022B0DD8374A354878
:104D400001210DF03DFB2046FFF780FC002409F017
:104D500077FD2046BDE8F88348783E280AD1032B2A
:104D600001D12F4AEBE7CB78012B01D00A2B47D199
:104D7000032604E00DF010FB0646F0073ED504F1D3
:104D80000C0528460DF035FA012107462846B4F8EF
:104D900010900DF00EFA022128460DF012FA80460E
:104DA00000783E2816D1E3681B78012B2CD00A2B03
:104DB0002AD002251B4A1C491C4841F245130CF01D
:104DC000E5F8002383F31188BFF36F8F03231846A0
:104DD00002DF04E00DF0E0FAC1070546EAD5144A07
:104DE00098F80000062321460DF00AFBAA070DD50E
:104DF0006369A4F8109013FA87F7E760B307A5D5A5
:104E00002046FFF7F1FDA1E70325E8E72046FFF77D
:104E10001DFCF3E7045B0200E67902004079020022
:104E20005C7902007C790200B0790200C979020045
:104E3000D062020010B5012104460C300DF0C1F91A
:104E40002146034A0078BDE8104002230DF0D8BA8D
:104E50000063020073B53E480DF03CF9044600289B
:104E600073D000F10C0528460DF0B3F90228034673
:104E700003D0042847D0374A03E0238A032B05D800
:104E8000354A364801210DF09BFA13E004212846EB
:104E90000DF097F9FF23428806882376238AC6F30C
:104EA0000B009A42608309D02C48009201212C4AC1
:104EB0000CF0B5FE2046FFF7C9FB12E00F2102F00F
:104EC00085F8054610B9638B264ADAE702F0A4F8A4
:104ED000320B20762146284601F0D0FE284601F00C
:104EE00047FF214BD3F84C317BB3204920480FF0CA
:104EF0006CFD031E29DA1F4A1848012102B0BDE8E3
:104F000070400DF05DBA284602210DF05AF90546B1
:104F100000783E2812D00DF03FFA10F002060DD1B5
:104F2000154A1649164840F6A8430CF02FF886F3A8
:104F30001188BFF36F8F0323184602DF114A2878C8
:104F4000042321460DF05CFAB4E702B070BD00BF47
:104F5000740900208F7A0200FA790200045B0200D3
:104F60001B7A02003F7A020028080020D00B0020A4
:104F7000982600202D7802007C790200617A0200D8
:104F8000C97902001063020010B5012104460C30FB
:104F90000DF017F92146034A0078BDE810400623BA
:104FA0000DF02EBA30630200F8B5012100AF0446BF
:104FB0000C300DF006F90678114A002321463046E0
:104FC000FFF77AFE5F3018D1258AE0682946FFF79F
:104FD00087FB6C468AB06A460A4BC2E9053640F246
:104FE00002439384084BC2E907504FF4325142F810
:104FF000103F06480DF0F5F9A546BD46F8BD00BFC7
:1050000060630200A37A020005000001045B020055
:105010002DE9F04F83B0D0F80C80018A98F8004059
:10502000012303EB84038B4200AF62D96D468AB043
:105030006A463248C2E907310523C2E905044FF444
:10504000215142F8103F2E480DF0CBF9AD460C37F8
:10505000BD46BDE8F08F2B4A29484B4601210DF093
:10506000AFF9013598F800309D42F0DA08EB85037E
:105070000F21B3F80190B3F80360484601F0A6FF92
:1050800004460028E7D000F1C00936B1636943B98E
:105090001B485A4601210DF091F9204601F068FEA7
:1050A000DFE7A1691A6862618B4208BFA2612046EE
:1050B0007B6001F085FD08F003FF7B68C3F800A06A
:1050C000226A9AB9C4E90733BFF35B8F59E8003FFE
:1050D000013B49E80032002AF8D1BFF35B8F002181
:1050E0002046013E01F078FDB6B2CEE713602362A0
:1050F000EAE70025DFF810B0AA46B3E7D57A020048
:10510000045B0200007B02001C7B020073B5C568D3
:10511000B5F801600121304601F058FF044640B95E
:105120003E4A3F483346012102B0BDE870400DF0D1
:1051300047B92B781A2B00F1040619D1C378012B3B
:1051400050D14FF4804130460DF03CF942040FD469
:10515000D4F88C3000936946D4F8943001932046FB
:1051600002F040FD204602B0BDE8704001F000BEF4
:105170002B78BBBBB5F803302A4940F2E2425343D7
:10518000C4F88830B5F80520A4F89020B5F80720B9
:10519000A4F89220A3F5EA520C3A8A4204D9224A92
:1051A0001F4802210DF00CF9B4F89030B3F5FA7FE6
:1051B00004D31E4A1A4802210DF002F9B4F89230C5
:1051C000A3F10A0292B240F676418A4204D9184A03
:1051D000134802210DF0F4F86FF4805130460DF0C1
:1051E00003F917E0BFF35B8F6368BFF35B8FDB04EA
:1051F000F2D52B78202BEFD194F89830002BEBD000
:10520000013B84F898304FF42032002304F1400031
:1052100009F0BAF8204602F0E5F8A3E7E7770200C4
:10522000045B020095F03C00337B02005A7B0200D5
:10523000817B0200094BBFF35B8F1A68BFF35B8F62
:1052400002F00B02BFF35B8F53E8001F43E800201E
:105250000028F9D1BFF35B8F704700BFFC08002026
:1052600010B5C1E900239DF808300B720C46FFF71A
:105270004DF9034B0C2202FB00335C6010BD00BFF4
:1052800018340020F8B502460B4610480CF009FF10
:105290000446C0B104210C300CF058FF2046FFF743
:1052A00035F90B4D0C2707FB0050002646802046A1
:1052B000FFF72CF907FB005086602046FFF726F920
:1052C00007FB00556E602046F8BD00BFD0110020DE
:1052D0001834002010B592B004460749442201A8B2
:1052E0000FF008FE102C9BBF12AB03EB84040348A5
:1052F00054F8440C12B010BD145C0200AD7B0200E7
:10530000034B0146D3F86C0182689268104700BFD6
:10531000280800202DE9F84F042100AF45480DF082
:1053200051F86D4688B06A46434B5361434B9361D5
:105330004FF400739383424C424B42F8103F4FF4BA
:10534000E6514148414E0DF04CF8414BE279AD46F3
:105350002046012A88BF1E46FFF7E4F98AB06A4654
:105360003C4BD061C2E905363B4B13623B4B42F8E4
:10537000103F35483A4EDFF8F880DFF8CC904FF414
:1053800023510DF02EF8A346AD460125E3799D4249
:105390000BF1070B38DB94F870502846FFF79AFFA3
:1053A0006E468CB0B4F87210B4F876306A46DFF806
:1053B000C4C05362C2E907512A4B4FF40075C2E9D9
:1053C00005C015854FF4535142F8103F1E480DF0AB
:1053D00008F8B54694F871603046FFF77BFF8AB055
:1053E000B4F874306A4620499584C2E907631F4BBC
:1053F000C2E9051042F8103F13484FF433510CF046
:10540000F0FFBD46BDE8F88F5846FFF78BF9EA4636
:105410008AB06A4640F20133C2E90565D06113845F
:105420004FF4135142F8108F48460CF0DAFF013563
:10543000D546ABE7FC080020B97B0200CB7B02001D
:105440002808002003000001045B0200B26C020087
:10545000B57B0200CF7B02000002010304000002C2
:10546000DE7B0200060000012D7C02000500000129
:1054700004000001EF7B0200004870474C6E020000
:10548000014808F011BF00BFC00B002070B50546F1
:105490000C4659B94FF0FF304FF0FF31FFF7F2FEE5
:1054A000044618B96FF06805284670BD2046FFF71E
:1054B0002DF8194B0C2202FB0033A61830465D80F4
:1054C0000CF097FE03280BD9032130460CF060FE48
:1054D0000580238A033B8370012130460CF060FE77
:1054E00040F635439D420FD12046FFF709FF0546A0
:1054F0000028D9D00346094A094801210CF060FF71
:105500002046FFF7A3F8CFE7064821460FF0A5F99C
:105510000025FFF7B5FFC7E718340020547C0200D0
:10552000045B02007C09002073B5C368D9789A78BF
:105530001E8842EA0122ADF8002059791A7942EA20
:105540000122ADF80220D9799A7942EA0122ADF818
:1055500004201A7A5B7AB4B242EA0323012120467E
:10556000ADF8063001F032FD054658B91D481E4A17
:10557000012123460CF024FF022120460CF08FFF6E
:1055800002B070BD694601F081FF38B91E21204686
:105590000CF085FF284601F0EBFBF1E74FF0FF3000
:1055A0004FF0FF31FFF76EFE04460028F2D00E21C7
:1055B0000C300CF0D6FD00230680C0F80A30BDF890
:1055C00000304380BDF802308380BDF80430C380D2
:1055D000BDF806300381214642F22000FFF756FF56
:1055E000D8E700BF045B0200E777020038B5024647
:1055F0000B462B4DD5F8541109B9002038BD05F5DF
:10560000987008F097FC0028F7D10022002305F5D8
:10561000AA7008F023FC044668B9224A22492348AC
:1056200040F6B8430BF0B2FC84F31188BFF36F8FE0
:105630000323184602DFD5F848315BB11C4A1D48E8
:1056400001210CF0BBFED5F84801FEF7FFFF002357
:10565000C5F8483120460CF053FDC5F848012046F6
:10566000FFF74EFE0346C8B1134A124801210CF061
:10567000A7FE124808F024FC2046FEF747FF104B17
:105680000C2202FB0033588818B122461F21FFF775
:1056900077FA2046FEF7DAFFFFF7F2FE0120ADE7CA
:1056A000280800207C7902008D770200C979020069
:1056B000767C0200045B0200547C02005809002042
:1056C000183400202DE9F04F87B0064600AF904611
:1056D0000C4671B94FF0FF304FF0FF31FFF7D2FDAC
:1056E000044668B96FF0680528461C37BD46BDE81A
:1056F000F08F887AFEF702FF514B834240F0998089
:105700000122002138460FF0C1F82046FEF7FEFEC8
:10571000DFF860B10C2303FB00B0876020460CF07B
:10572000EFFC01463046FFF7B1FE054618B12046B2
:10573000FEF78CFFD8E709F063F9424B83421ED194
:1057400041480FF09FF8002182464FF4A020FFF758
:105750004DFF814688B93D4A3D493E484FF4F973B3
:105760000BF014FC3C4831460BF010FC89F3118817
:10577000BFF36F8F0323184602DF5445E0D14FF487
:10578000A0220023384608F0D5FB814698B14FF49B
:10579000FC732E4A31492F480BF0F8FB30484A463B
:1057A00031460BF0F3FB002383F31188BFF36F8FB7
:1057B0000323184602DF2046FEF7A8FE0C235843B9
:1057C0001BF80090B9F1000F2DD06D468AB06A46E3
:1057D000244BC2F81C90C2E90536234B136240F2F9
:1057E00002439384214B42F8103F21484FF4325139
:1057F0000CF0F7FD2046AD46A9F10909FEF726FF9A
:10580000B9F1090F0CD8DFE809F0170B0B08050BED
:105810000B0B0B146FF00B0566E76FF00C0563E7DD
:105820006FF0040560E7B8F1000F80D0C8F80040C1
:105830005AE76FF0150557E76FF06E0554E700BFA4
:10584000D0110020983100207C0900207C790200D2
:10585000917C0200C9790200997C0200B97C0200A7
:10586000C27C0200077D0200B26C0200050000014C
:10587000045B020018340020F0B5002285B0114608
:1058800002AF40F60340FFF71DFF044600285BD13E
:10589000FFF7D0FC21463A1D41F20300FFF712FF4B
:1058A0000446002850D17A68AE4DD168D1F8010085
:1058B000D1F8051005F1780303C31046FEF7C6FEC4
:1058C00021463A1D41F20100FFF7FCFE0446002884
:1058D0003AD17868C3685A7885F870205A88A5F854
:1058E00072201A7985F87120B3F80720A5F8742082
:1058F000B3F80530A5F87630FEF7A8FE21463A1D2C
:1059000041F20200FFF7DEFE0446E8B9D7F804C012
:10591000DCF80C2005F18006531C413218685968E8
:10592000344603C4083393422646F7D16046FEF757
:105930008DFE95F87C3058060AD48B4A8B4801219D
:105940000CF03CFD6FF0120420460C37BD46F0BD54
:105950003A1D002142F20300FFF7B4FE044600287E
:10596000F2D17A68824BD168D1F80100D1F80510E4
:1059700003C31046FEF76AFE21463A1D42F20200BA
:10598000FFF7A0FE04460028DED17E68F468B4F874
:1059900001309AB292B1E27882B1A5F80431E3788D
:1059A000032B06D0032200927048724A02210CF0A9
:1059B00036F9E278704811460EF068FF3046FEF77F
:1059C00045FE95F87C601F2316F02006A5F82031CF
:1059D00018D14FF0FF304FF0FF31FFF753FC044672
:1059E00000287DD002210C300CF0BBFB012303709A
:1059F00046702146324640F66D40FFF763FE04468E
:105A00000028A1D195F89C30190712D53A1D002124
:105A100042F21C00FFF756FE0446002894D1786835
:105A2000C368D3F80120D3F80530C5E93823FEF761
:105A30000DFE4FF0FF304FF0FF31FFF723FC04461F
:105A400000284DD008210C300CF08BFB95F8D83095
:105A500095F8D92013F0020F14BF2F230F2312F053
:105A6000090F18BF43F40063002203701B0A437040
:105A70008270C270027142718271C271214642F21B
:105A80000100FFF71FFE044600287FF45DAF95F884
:105A90007C30B5F804119A0625D4C9B93A1D41F2F3
:105AA0000500FFF70FFE044600287FF44DAFB5F860
:105AB00004317C684BB9E368B3F80120A5F80421F0
:105AC0009A882D4811460EF0E1FE2046FEF7BEFDF5
:105AD0004FF0FF304FF0FF31FFF7D4FB044660B9C1
:105AE0006FF0680430E70029F2D1244A1F480121F1
:105AF0000CF064FC6FF0040426E708210C300CF075
:105B000030FB1023037088230022437002262023D9
:105B10008270C670027142718271C371214640F673
:105B20000140FFF7CFFD044600287FF40DAF01468A
:105B30003A1D4FF60140FFF7C5FD18B3104A0B4858
:105B400002210CF03BFC00F09BFC044600287FF493
:105B5000FBAE01F039FE044600287FF4F5AEFFF7F6
:105B6000D9FBF1E628080020267D0200045B020034
:105B7000000900204A7D020030090020907D0200CB
:105B8000B37D02007B68DC68B4F80130032B96BF5C
:105B9000434A444952F823106E468AB002AA42484A
:105BA000D3614FF400731384404BC2E9050142F8FE
:105BB000103F3F484FF413510CF013FCB4F8012090
:105BC000B4F80330022AB54649D1052B47D8394AE3
:105BD00052F823106E468AB002AA3748D3614FF4B8
:105BE00000731384314BC2E9050142F8103F4FF4B2
:105BF00013512F480CF0F5FB637994F806C0D4F8E4
:105C00000900032BB54698BF2C4AB4F8076094BF2F
:105C100052F8231023496C468CB002AADFF8ACE09E
:105C2000C2E9073C4FF400739385254BC2E905E1B7
:105C3000C2E909604FF4735142F8103F1C480CF060
:105C4000D0FBA5467868FEF701FD3A1D00214FF60E
:105C50000240FFF737FD044618B11A4A6FE71149B1
:105C6000B8E77868C368B3F80130A5F8C130FEF72B
:105C7000EDFC95F8C1305B077FF565AF3A1D214615
:105C80004FF60340FFF71EFD08B10F4A57E778684B
:105C9000C3685B7885F8C030FEF7D8FC53E700BFD7
:105CA000C0620200AD7B0200D77D0200040000014B
:105CB000045B0200A8620200F07D0200986202000C
:105CC00007000001357E02005E7E0200087E0200B1
:105CD00010B5FFF7D1FD034B1B6813B1BDE81040B1
:105CE000184710BD3034002073B52A4D0646D5F84C
:105CF0006C010EF079FC48B9274A284801210CF0C4
:105D00005DFB6FF01204204602B070BD6FF002011F
:105D100005F1D4000CF068FB01210CF053FB10EAF4
:105D2000010434D11E4B1E600A4605F598700EF032
:105D3000ADFD05F5AA700EF084FD1A480EF070FE58
:105D40001949184800946FF007034FF4806208F077
:105D5000B1FA164913480EF08EFED5F86C011449BD
:105D600083681B689847044630B10346114A0B48C4
:105D700001210CF025FBC6E726B902B0BDE8704052
:105D8000FFF77ABD05F1C40008F08EFABBE76FF0AB
:105D90007704B8E728080020877E0200045B020031
:105DA0003034002098260020804000209F7E020092
:105DB000094D0100A87E02002DE9F04784B05A4B3E
:105DC000B0F80190198849F4704291424FF00006F2
:105DD00002BF1E80554B1E78C378012B08BF544B61
:105DE00000F1040800AF054640460CBF93F86F4031
:105DF00000240CF071FA414668B307F108000CF07A
:105E000060FAD5F81130C7F80130B5F81530A7F8A9
:105E100005304FF0010AEB78012B31D04046FEF7F8
:105E200081FC6C4688B06A46424BC2E905304FF4AB
:105E300000739383404B414842F8103F4FF4E251C6
:105E40000CF0CFFA1321A54648460CF044FB10375E
:105E5000BD46BDE8F08720460CF0BDFB0346006858
:105E6000B8609A889B796868BA81BB73B8F80420D7
:105E700098F8063095F804A03860BA80BB71CAE77C
:105E800007F10800FEF7CEFD04460028C6D0034601
:105E9000B5F8012023F8702BB868BA7BB989206760
:105EA0009A719980B5F8173040F2E2425343C4F832
:105EB0008830B5F81930A4F89030B5F81B30A4F844
:105EC0009230EB78E3700022012B62721AD187F8CE
:105ED00000A0BA88BB793868A4F87B2084F87D30AC
:105EE000C4F8770000F0FEFB237A1149C3EBC3032B
:105EF0005A18CB58C4F87E309388A4F8823093792E
:105F000084F884300721204600F078FF26B16672BD
:105F10000121204600F072FF204601F0BBF8204628
:105F200000F026FF93E700BF263B0020FA3B00204D
:105F300028080020C47E020003000001045B020068
:105F400000B5C368187889B020B109B05DF804EBDA
:105F5000FEF7D6BDB3F80120ADF80120DA788DF850
:105F600000008DF80320B3F80B20ADF81720B3F82C
:105F70000D20ADF81920B3F80F20ADF81B205A7C86
:105F80008DF81D20586801901A899B7A8DF80A3087
:105F9000094BADF8082068461A689B88CDF80B209D
:105FA000ADF80F30CDF81120ADF81530FFF704FF34
:105FB00009B05DF804FB00BFFD76020038B504218E
:105FC00004460C300CF0FDF8034640885D7818B1AB
:105FD00019782246FEF7D4FD35B1044807F070FF6A
:105FE000BDE83840FFF74CBA38BD00BF5809002063
:105FF000B0B50321044600AF0C300CF0E2F8E368C2
:106000000578B0F80100197840F63543984215D16B
:106010006C468AB06A460F4B0F48C2E905310F4BF8
:10602000D36140F2013313840D4B42F8103F4FF41B
:1060300012510CF0D6F9A546BD46B0BD10B12246AE
:10604000FEF79EFD002DF7D0064807F039FFFFF759
:1060500017FAF1E7E07E0200045B0200B26C020076
:106060000400000158090020F8B50A4DEF790646F2
:106070000024E3B29F4202D86FF0010007E02946F6
:1060800030460CF09EFA0735631C08B12046F8BD77
:106090001C46EEE72808002070B51A4E062231464D
:1060A00005460EF017FF38B34FF0FF304FF0FF31C9
:1060B000FFF7E8F8044608B3062229460C300CF036
:1060C00056F82146002242F20500FFF7FBFA04468B
:1060D00048B110F10D0F04D10B4A0C4802210CF00D
:1060E00078FA204670BD33462A6843F86929AA88A1
:1060F000B280012283F868200024F2E76FF0680480
:10610000EFE700BF91080020278002000C5B02002F
:1061100037B504460D4689B1184928460CF051FAA6
:1061200060B9174A2968C4EBC404A3181151AA889E
:106130009A80AA799A71002003B030BD68460CF0AD
:10614000B2F80028F8D16846FFF78EFF0028F5DA8C
:106150000B4A00989DF80610C4EBC404A318105114
:10616000BDF8040098809971002DE4D012592A607E
:106170009A88AA809B79AB71DDE700BFF0760200B8
:106180002808002070B50446B1B9C0B120490CF010
:1061900018FAA0B92046FFF767FF002831DA237804
:1061A000012B04D1A37903F0C003C02B07D0194AF7
:1061B000194801210CF00DFA6FF0150070BD174D54
:1061C000EB79012B20D0BFF35B8FD5F8D430BFF330
:1061D0005B8FDB0707D4002CEED00D4920460CF076
:1061E000F0F90028E8D1EE792146731C3046EB71B6
:1061F000FFF78EFF08B93046E0E7EB79013BEB7122
:10620000DCE76FF07700D9E76FF00B00D6E700BF4F
:10621000F0760200368002000C5B020028080020A5
:106220002DE9F341044640B91A4A1B4802210CF0FB
:10623000D0F9002002B0BDE8F08101AA002141F2AE
:106240000900FFF73FFA054608B1144AEDE7019E41
:106250001349D6F80C8008F10107062238460EF0E3
:1062600039FE28B10F49062238460EF033FE18B920
:106270003046FEF7EBF9DCE7D8F80130C4F801301E
:10628000BB88A4F8053030462570FEF7DFF9012001
:10629000D0E700BF648002000C5B02007D8002003A
:1062A000FD760200F776020007B56846FFF7B8FFF3
:1062B000044BD87118B169460020FFF729FF03B0DD
:1062C0005DF804FB28080020F0B5304DEC7989B06A
:1062D000002C53D195F8C26016F0010610D12C4A5B
:1062E0002C4802210CF075F9EC71162600240127C8
:1062F000EB79E0B298422CD3002B3FD000203BE05A
:106300006A4621464FF60940FFF7DCF908B1224AF8
:10631000E6E7DDF800C0DCF80C104B7823B96046E6
:10632000FEF794F91D4ADBE78B1C02AA01F1120467
:1063300018685968174603C70833A3423A46F7D18D
:10634000186838609B88BB806046FEF77FF934464A
:10635000CAE708AB06FB0033694653F8182C33F83C
:10636000143CCDF80120ADF805308DF80070FFF732
:10637000CFFE01340028BBD009B0F0BD0021084693
:1063800009B0BDE8F040FFF7FDBE00BF28080020BF
:106390009B8002000C5B0200C7800200E7800200C5
:1063A0002DE9F0410D4617461C46064650B14BB14B
:1063B0000A03037811D56D0708D52E4A2E4801210E
:1063C0000CF007F96FF01500BDE8F0810CF010F942
:1063D0000028F9D101232370F6E7A9072ED027481A
:1063E0000FB1AA0608D4C3EBC302825C012A13D002
:1063F00002B922700020E7E790F8D820510635D581
:10640000C3EBC302825C012A06D002B92270237852
:1064100043F002032370EDE74FF00108072111FB61
:106420000381014430460CF0DBF80028CCD184F81D
:106430000080002FDED0AB06DCD5E8E76A0712D576
:106440000E49C3EBC3028E5C012E09D1072212FB59
:10645000036319440CF0C4F80028B5D12670EAE7AC
:10646000002EE8D1FAE70CF0C3F8B3E76FF085002F
:10647000AAE700BF108102000C5B02002808002080
:1064800038B5104DEB7913B10024204638BDFFF725
:106490000BFF044628B10C4A0C4801210CF099F876
:1064A000F3E7EB79002BEFD1FFF70EFF044600284E
:1064B000F1D1681CFFF7F0FD04460028E5D0044A3E
:1064C000EAE700BF280800202F8102000C5B0200D1
:1064D0004E8102002DE9F74F8A4601904FF0FF31BF
:1064E0004FF0FF30FEF7CEFE044600284ED02021AC
:1064F0000C300BF036FE2022002180464FF00009C0
:106500000EF006FDDAF8007008F1010B4D46DAF8DE
:106510000420914509D3019888F8005000222146B3
:1065200003B0BDE8F04FFFF7CDB87A7897F800C018
:10653000A81C81181F2915D9BCF1090FC0F11F0231
:1065400001D1002A0CDC134A134801210BF054FB43
:106550002046FEF77BF86FF0150003B0BDE8F08F22
:106560004FF0080CD6B2711C0BF80510691CC9B2AB
:1065700002360BF801C079685BFA80F02E440EF009
:10658000B9FCF5B209F101090837C0E76FF06800FE
:10659000E3E700BF71810200D45A0200F8B54568F4
:1065A0006905064635D4046914B115F0030330D0EB
:1065B000194F3078FB7983422BD9C0EBC0001749C3
:1065C000072238440EF086FCA8B115F0030306D16B
:1065D00097F87020082A02D8B2689F2A19D915F0B6
:1065E000300F09D0ACB1EA060AD405F46035B5F530
:1065F000603018BF0120F8BDEB0601D4002CF4D1A7
:10660000D6E902239A4204D81F2A02D9B3F5804F53
:10661000EBD90020EFE700BF28080020F076020049
:10662000F7B5CDE90001694642F208009DF82070F7
:1066300016461D46FFF74EFF044668B97FB9BFF303
:106640005B8F0C4B53E8001F41F0040143E800123C
:10665000002AF7D1BFF35B8F204603B0F0BD694637
:1066600042F20900CDE90065FFF734FF0028E6D0CB
:106670000446F1E750080020F8B50446164B14F81C
:10668000097B83F86F7005460E46072213492046A2
:106690000EF020FC70B91249384600F033FF044672
:1066A00010B96FF00B00F8BD052100F0A7FB3460B6
:1066B0000020F8E72146384600F068FF40B921463F
:1066C000287800F01FFF04460028EAD00621ECE7F6
:1066D0006FF01500E7E700BF28080020F076020001
:1066E000E976020000487047400800202DE9F04F8D
:1066F0008E4ED0F810B089B09A460023BBEB03044D
:106700000546304618BF012403930BF09BFF0F464C
:106710004107914640F1EA802846FFF73FFF60B904
:106720006FF015043846002340F20111994540F0FE
:10673000E680204609B0BDE8F08F28460BF06FFFD9
:1067400080460028ECD0A6F1AC000BF07BFFC20520
:10675000C0F3002300F1CD80CDE90533CDF81B3027
:10676000AB686868ADF81030EB68ADF812300BF02C
:106770005AFF8DF81D00BFF35B8F56E8003F23F4EE
:10678000807346E80032002AF7D1BFF35B8F2A7886
:1067900006F8BC2C06F8652C696822460DF1150335
:1067A000A6F1BC00FFF7FCFD04460028BAD1A6F113
:1067B000B303BBF1000F11D02A69116846F8B31C6E
:1067C0009188998092799A716B689E074AD1980551
:1067D00002D4BAF1000F59D002230BE0544A1168D9
:1067E00046F8B31C9188927999809A716B689C07DE
:1067F000EDD05B468DF814304FF0FF304FF0FF3195
:10680000FEF740FD0446002876D00F2204A90C3084
:106810000BF0ADFC2146002242F20600FEF752FFCB
:10682000044600287FF47EAFBBF1000F32D06B68C6
:1068300099073BD13F4801210BF025FF0446002872
:106840003CD03D4A3D4801210BF0D6F9039D002D77
:106850003FF468AF2846002100F0D0FA284600F047
:1068600087FA5FE713F0100F0CBF012304238DF8A4
:1068700014302B691A68CDF816209A88ADF81A20C2
:106880009B798DF81C304FF00008B5E703238DF895
:106890001430F8E7129BCDF800805246494638463E
:1068A000FFF7BEFE04460028C1D03BE7214803A9FC
:1068B000FFF7E2FE04460028BCD033E7039808B196
:1068C00000F056FA6A681E4812F0030218BF01224F
:1068D00009210BF0BDFE42460A210BF0B9FE6A68A1
:1068E0000C21C2F380020BF0B3FE1BE76FF00A0429
:1068F00018E76FF0770415E76FF0680412E7028875
:106900008A4204D1426812B11278D20702D401330C
:1069100008300BE70B490C480EF088F84FF4702252
:106920000023094807F064FD03E700BFFC080020CE
:10693000F0760200400800208A810200D45A02004A
:1069400050080020C96901005808002010B51848F7
:106950000BF0BFFE17480BF075FE0346DA05C0F3D7
:10696000002023D513480BF06DFE830515D5124981
:10697000124807220EF0AEFA11490346087E93B979
:106980001049052200F03AFE044630B10021417260
:1069900000F034FA204600F0EBF9BDE8104004485E
:1069A00000210BF070BE06222131EBE710BD00BFC5
:1069B0004008002050080020F0760200490800201E
:1069C00028080020E976020010B5FFF7BFFF034654
:1069D00030B1044A0448BDE8104002210BF015B95B
:1069E00010BD00BFA5810200D45A020070B50C4B47
:1069F0001C68054644B154F8143C143C13B1697A40
:106A0000284698476469F5E7064C074EB44200D320
:106A100070BD236813B1697A284698471834F5E7A2
:106A200068340020645A02007C5A020010B5044603
:106A3000FDF76CFD044901EB001120460BF08DFCC5
:106A4000BDE81040FEF71CBD3434002070B5D1E91C
:106A5000015600220446C1E9012206480DF0FDFE60
:106A60003DB1314620462B466FF06D02BDE87040C7
:106A7000184770BD0811002070B505460F48002268
:106A8000002307F057FAB8B90D4B1C6834B154F81D
:106A90000C3C143C03B198476469F7E7094C0A4E73
:106AA000B44204D32846BDE8704007F0FDBBA3689C
:106AB00003B198471834F3E770BD00BFF010002011
:106AC00068340020645A02007C5A02002DE9F84321
:106AD000DFF85480044640270025EFF3118387F345
:106AE0001288BFF36F8FE16929B983F31188BFF36F
:106AF0006F8FBDE8F883206A0A68E261814208BFAF
:106B0000226283F31188BFF36F8FD1E90169404698
:106B1000C1E901550DF0A1FE1EB1002249462046F3
:106B2000B047FEF7ADFCD8E70811002037B5031DCC
:106B30000446BFF35B8F53E8002F42F4806143E8C3
:106B40000015002DF7D1BFF35B8F51052DD4BFF396
:106B50005B8F6368164DBFF35B8F13F4803F14D0D7
:106B600095F8D930DA0720D5022300211A46009182
:106B700020460BF0EFFC0346B8B10E4A0E48012147
:106B800003B0BDE830400BF040B895F8D8301B0793
:106B9000E6D50BF0C4FC034620B1084A06480121A3
:106BA0000BF033F8A37A072BDAD003B030BD00BF67
:106BB00028080020EC810200EC5A0200CB81020080
:106BC0000448B0F80431002B00F5847008BF0020A1
:106BD000704700BF2808002030B504468BB00D4632
:106BE00007F00EFF0B4BD3F8C820824205D1204698
:106BF0000BB0BDE83040FFF769BF2434214618468A
:106C00000DF0E3FE1DB1694620460DF0EEFE0BB01F
:106C100030BD00BF9831002038B5002204468A42BA
:106C200002D10024204638BD04F1C8030120BFF37F
:106C30005B8F53E8005F002D04D143E8000CBCF1EA
:106C4000000FF6D1BFF35B8F02D0D0340244E6E7E9
:106C5000002CE6D0C822002120460EF059F904F19C
:106C6000400004490DF0E2FE034904F124000DF058
:106C700090FED7E7AD760100F9260200F7B516467B
:106C80000D4601210446FFF7A7FF012E23D0022E57
:106C900050D123693BB13048304A01210AF0ACFFA2
:106CA00020460BF04DFD256121690B8A012B51D93E
:106CB000CA681288043292B293424BD341D9264813
:106CC00000920121264A0AF0AAFF204603B0BDE83F
:106CD000F0400BF035BD206940B9224A1E483146CC
:106CE0000AF08AFF20460BF02BFD01E02F8A2FB916
:106CF000284603B0BDE8F040FDF7A8BC0C300BF00F
:106D00007CFA87420CD9184A134831460AF074FFBE
:106D100021690022204600F039FF00232361E7E7C4
:106D200020692A8AE9680C300BF021FA2846FDF721
:106D30008DFCB9E70D4A0848334601210AF065FF8A
:106D4000D0E7002301222046236103B0BDE8F040D4
:106D500000F01CBF03B0F0BDEC5A02000382020039
:106D600083820200208202003E82020065820200CD
:106D700008B5C830BFF35B8F50E8003F013B40E8E7
:106D80000032002AF8D1BFF35B8F3BB9044807F00B
:106D900097F8BDE80840034807F086BA08BD00BF71
:106DA000F0100020F00B002010B504460BF0D1FCD1
:106DB00007F032FD104BD3F8241104F1BC0249B99D
:106DC000C4F8BC10D3F8281189B9C3E9492207F0E7
:106DD00037FD06E08A4208D107F032FD2046FFF772
:106DE000C7FFBDE81040FEF74BBB0968E7E70A6044
:106DF000C3F82821EBE700BF28080020F8B5867A01
:106E00008E4200AF04460D461AD1082E96BF554B50
:106E1000554B53F826306C4688B06A465349C2E950
:106E200005134FF400739383514B42F8103F5148C0
:106E300000234FF4E451FBF78BFEA546BD46F8BD99
:106E400081720EB90BF085FCA37A082B00F28680C4
:106E500001A252F823F000BFAD6E0100036F0100E4
:106E60003D6E01003D6E01003D6E01003D6E010072
:106E70003D6E01007D6E01003D6E01003E48002127
:106E800008F0ECF80023C4E90D33E378012BD5D1E9
:106E9000A378012B04BF032384F898304FF42032E9
:106EA000002304F1400007F06FFAC7E7082EC5D8A9
:106EB000DFE806F02005171C1C1C1720200004F139
:106EC000400528460DF0BEFD01212046FFF784FE57
:106ED00020460BF035FC00220023284607F088FAF4
:106EE000ACE7637A13B12046FFF780FD2046FFF739
:106EF0003FFFA3E7214A2B461E4802210AF085FEE8
:106F00009CE7637A3E2B0FD16D4688B06A461C4BD6
:106F1000C2E90534032342F8103F164800234FF41A
:106F2000C451FBF715FEAD46164D05F58476616933
:106F300011B9FEF7A5FA81E7A2690B686361914276
:106F400008BFA3612046FFF781FDB5F80431002B8F
:106F500014BF3046002006F0B3FFE8E70A4A2B468C
:106F6000CAE700BF746302009E820200A88202008A
:106F700003000001EC5A0200000C0020B98202005C
:106F8000D082020028080020F7820200F8B50746E8
:106F900009480D4616460BF0DCFB044650B18378D9
:106FA0001F4203D1BDE8F840FFF7E2BE3146A847D3
:106FB0002046F7E7F8BD00BF8027002002490022E5
:106FC0000120FFF7E3BF00BF3527020070B505467B
:106FD0000E480E460BF0BDFB0446A0B1837A012B90
:106FE00002D0073B012B0CD82388AB4208D1A378F1
:106FF0001E4209D1064A07482B4602210AF005FE27
:107000002046FFF7B5FE0024204670BD80270020F3
:1070100013830200EC5A0200034BC01A034B001109
:107020005843C0B2704700BF80270020C54EECC453
:107030002DE9F0411C46144305460E461746984676
:107040000BD007F0DDFC0F4BD3F8C830834206D1DC
:107050000D4A0E4802210AF0CFFD0027B8460C4920
:107060003A464346002D14BF284608460BF019F84F
:10707000044618B1711D0C300BF068F82046BDE8CD
:10708000F08100BF983100202A830200EC5A0200F0
:107090002011002010B50446054807F005F92046E8
:1070A00000F0BAFC2046BDE81040FFF79FBC00BFCF
:1070B000E00B00202DE9F04F87B000AF0023FB600C
:1070C0007B61BD4B5A8B3AB1BC4DD5F824413CB9DC
:1070D0001C37BD46BDE8F08F1B68002BF4D1F7E7E5
:1070E00054F8BC3903B1BC3BB549002601E01C464D
:1070F0001346B5F80421002A00F07181D5F810215B
:107100004AB904F1BC06002BE2D0D3F8BC20002A17
:10711000EDD0BC3AEBE70A68002AF2D0D4F8A820F8
:10712000002AEED0D4F8AC20002AEAD0D4F8B0205F
:10713000002AE6D0A37A072B6AD120469047002880
:1071400066D0BFF35B8FD4F8C030BFF35B8F022BE8
:107150005EDC20460BF0FDFA04460028B8D0A37A86
:10716000072B40F03981D4F8A830B5F8041107F1A5
:107170001002204698478146002800F00D81B5F89E
:1071800004213B699A4208D30146D4F8AC6007F168
:10719000140307F10C022046B0477B693B60B9F845
:1071A0001030D7E9038A002B00F0008148460BF02D
:1071B000EAF87860002840F0FC80B5F80431DFF888
:1071C00010B2002B14BF584600200022002306F006
:1071D000B1FE78B97A480022002306F03FFE064649
:1071E00000283BD1B5F80431002B18BF5E4630466D
:1071F00006F066FE6FF00B054846FDF727FAB8F17A
:10720000000F00F0B38039682A462046C047ADE041
:10721000D4F8BC3004F1BC02C6B9D5F82811C5F8C1
:1072200024318A4201D1C5F828310023C4F8BC308A
:107230002046D4F8B0309847002890D0A37A072B86
:1072400040F0CA802046FFF7AFFD88E73360D5F8ED
:1072500028319A4208BFC5F82861E6E73B68C0F8C4
:1072600004808360B5F804B15348DA454FF000025A
:107270004FF000034FF0000198BF1FFA8AFBFDF7A3
:1072800067F9804650B1FDF741F94E4B5A4603EB82
:107290000013494640460BF03BF88046B5F80431F0
:1072A00094F8C4909A4584BF01237B607B6884F87E
:1072B000C4309CBF09F102095FFA89F904F1C00AE0
:1072C000BFF35B8F5AE8003F01334AE80032002ADF
:1072D000F8D1BFF35B8F00233360A369002B5FD12C
:1072E000C4E90566A378012B5DD108F10C0B0421DC
:1072F00058460AF04DFF238809F0FD0943EA093397
:107300000380B8F81030043B4380022158460AF04D
:1073100047FF4046FDF7F4FF814600285CD0BFF3ED
:107320005B8F5AE8003F013B4AE80032002AF8D15F
:10733000BFF35B8F314604F114000BF0E0F9224AF1
:1073400022484B4601210AF060FC4046FDF77EF9D9
:1073500020463146FFF77AFBB5F804311C48002B74
:1073600008BF002006F0ACFD6FF004056E4688B043
:107370006B46184ADC61C3E905251A46042342F826
:10738000103F12484FF401510023FBF7E1FB13219A
:10739000B54620460BF0F9F92046FFF7E9FC97E6E1
:1073A0001E60A6619EE76FF01509B8E76FF07905DA
:1073B00022E76FF004051FE7A41100202808002031
:1073C0000811002034340020547C0200EC5A0200E2
:1073D0003009002053830200FEF752F8DCE793687F
:1073E000FFDE00BF2DE9F041D0F88860BFF35B8F6E
:1073F0004268BFF35B8F920440F2E2430446B6FB5F
:10740000F3F600F10403B6B217D5B0F88C20B242FF
:1074100013D8B0F88E20B2420FD3D0E92412914293
:107420000BD1BFF35B8F53E8001F21F4005143E8F9
:107430000012002AF7D1BFF35B8F114B1D6865B1B5
:1074400055F8047C143D37B1B4F89230B4F890206C
:1074500031462046B8476D69F1E70A4DDFF82880CC
:10746000454501D3BDE8F0812F6937B1B4F89230BA
:10747000B4F8902031462046B8471835F0E700BFF1
:1074800068340020645A02007C5A02002DE9F04161
:10749000074608460D460AF0DDFF064618B90026E5
:1074A0003046BDE8F081144B1C6884B154F8083CA8
:1074B000143C0BB96469F8E7294638469847002818
:1074C000EDD028460AF0C6FF0028F3D1E7E70B4CC1
:1074D000DFF82C804445E3D2E3680BB91834F9E7B0
:1074E0002946384698470028D9D028460AF0B2FFE6
:1074F0000028F3D1D3E700BF68340020645A0200AB
:107500007C5A020038B505460C460E480121FFF7AB
:1075100083FBB0B1057223680367A388A0F87430B9
:10752000A37980F8763001238370074BC0F8A83028
:10753000064BC0F8AC30064BC0F8B030054BC0F875
:107540008C3038BD802700200D790100E52602002F
:10755000D92602001800280070B505460A480E46D4
:107560000BF0F7F8044620B18378012B04D0FFF725
:10757000FFFB0024204670BD324629460BF025F95A
:107580000028F7D12046F2E780270020B0B500AFF1
:107590000D46FFF7E1FF044608B32846FDF7C2F8A1
:1075A000A37A082B96BF0F4A0F4B52F823306D4633
:1075B0008AB06A460D49C2E907030D4B53620D4B71
:1075C000C2E9051442F8103F0B4800234FF4425122
:1075D000FBF7BEFA2046AD46FFF7CAFB0120BD46C9
:1075E000B0BD00BF746302009E8202007683020079
:1075F0000103020405000002EC5A0200F8B505463A
:107600000E480E4617460BF0A4F8044620B18378C6
:10761000012B03D0FFF7ACFB00240DE036B132465E
:1076200029460BF0D2F808B92046F3E7A37ABB420B
:10763000FAD1237AAB42F7D12046F8BD802700204B
:1076400038B5044608460D460AF004FF48B3164B09
:1076500093F8D830990707D4E37883B129462046B8
:10766000BDE8384000F0BEBA94F899309A07F3D5D7
:10767000BFF35B8F6368BFF35B8F5B04ECD4294679
:1076800020460BF0C8F858B92B88A4F88C306B88CA
:10769000A4F88E30AB88A4F89430EB88A4F8963028
:1076A00038BD6FF01500FBE728080020F7B510F88B
:1076B000363C0446A0F140060BBB30460BF0FEF80A
:1076C0003A4B1D684DB155F8103C143D1BB114F8F0
:1076D000371C304698476D69F4E7354D354FBD424C
:1076E00005D3304603B0BDE8F040FFF741BB6B68FF
:1076F0001BB114F8371C304698471835EFE710F8DF
:107700003E3C012B31D1BFF35B8FA0F13C0555E826
:10771000003F23F4005245E800210029F7D1BFF3D0
:107720005B8F990429D5E36C00936946636D0193DF
:107730003046FFF785FF0346C8B9BFF35B8F55E8B6
:10774000003F23F4805345E80032002AF7D1BFF30D
:107750005B8FBFF35B8F55E8003F43F4006345E860
:107760000032002AF7D1BFF35B8F03B0F0BD124A9D
:10777000124802210AF049FAEBE7114A4FF42813A4
:1077800069463046CDE90023FFF75AFF034650B95A
:10779000BFF35B8F55E8003F43F4805345E8003268
:1077A000002AD4D0F6E7074AE2E700BF6834002099
:1077B000645A02007C5A0200AF830200EC5A0200B5
:1077C00018002800D483020010B50C480DF039F8D9
:1077D0000B490A480DF041F80A4908480DF03DF8F8
:1077E000094906480DF039F80BF0BCFC0BF00AFF14
:1077F000044608B90BF00CF9204610BD0811002012
:1078000044340020503400205C34002008B5034686
:10781000034A044801210AF0F8F9002008BD00BF1E
:1078200087840200145B020080B500AF88B06A460E
:10783000074BC2E90530032342F8103F05480023F7
:107840004FF4C251FBF784F96FF00B00BD4680BDC9
:10785000AF840200145B0200044B1A680AB1FFF700
:10786000E3BF034858600B60104670477034002037
:10787000C06302002DE9F0411D4652EA05030646A9
:107880000F46144609D10024254622462B46391DB1
:107890003046BDE8F041FFF7CBBB07F0B1F8034B32
:1078A000D3F8C8308342F0D1EDE700BF9831002013
:1078B00073B5054618462B680BB39B7A072B1ED170
:1078C000002A0E7A14BF022301239E4209DD0D4ACD
:1078D0000D48009601210AF0A2F96FF0150002B0E0
:1078E00070BDCB7A072BF8D9C8618A6105F13000E9
:1078F0000CF0B3FF28460AF0B8FF0020EFE76FF066
:107900007F00ECE7D6840200145B02002DE9F0470B
:10791000D0F8B44000AF0E4691464CB1483C236BC2
:107920006BB104F1300A50460CF0ACFF054660B96B
:10793000FDF7A6FD00252846BD46BDE8F087206876
:10794000B4300AF0B1FFA46CE7E70AF01CFD80B187
:107950006C4688B06A462D4BC2E90535032342F8D0
:10796000103F2B4800234FF4C251FBF7F1F8A54616
:10797000E0E728460AF0C4FBE36C0546B3B9A38CE4
:10798000B0F81080403B9BB23F2B03D8238D984525
:1079900028BF9846042105F10C000AF0F9FBA0F875
:1079A0000080A38C438008F10403E364E36C2A8A1B
:1079B000B3420FD8934216D0A38C403B9BB23F2BCF
:1079C00021D92068B4300AF06FFF236B13B1204631
:1079D0000AF04BFFE36CC9F800309E4234BF9E1B97
:1079E0000026E664A7E700220023504606F036FA98
:1079F000FCF72CFEA38CA3F140023F2AE1D8054AF4
:107A0000AA61EB61DDE700221346F9E7F684020084
:107A1000145B0200C1290200F7B5284D284F044627
:107A20000026BD4201D303B0F0BD298820460AF0EC
:107A3000BDFF6B68019001A920469847002838DBFC
:107A4000019B2A889A829A8403F11002BFF35B8F0C
:107A500052E8001F42E800600028F9D1BFF35B8FB5
:107A60009E64DE649E60A16B03F1080219BBC4E949
:107A70000D221C60DE6003F130000CF0E2FE019884
:107A800043681B6803B19847019BBFF35B8F1033BA
:107A900053E8001F41F0010143E80012002AF7D12A
:107AA000BFF35B8F01984368DB6913B100F11001EC
:107AB00098470835B5E70A60A263DAE74C5A020036
:107AC000645A020073B50D460646042105F10C0008
:107AD0000AF077FB2B8A42889A42044607D000922C
:107AE0001C4A1D4801210AF09AF802B070BD437883
:107AF0003BB91A4A1848012102B0BDE870400AF0AB
:107B00007BB80378012BF0D0132B06D1022AECD0DE
:107B1000022300931346124AE3E7124A0E48022159
:107B20000AF073F861783568022201200AF023FF19
:107B300004460028D9D002210C300AF012FB0023A1
:107B4000037043702146284602B0BDE870400AF039
:107B500044BF00BF0E850200145B02002F850200A7
:107B6000508502007B85020008B50B8A032B06D8DE
:107B7000044A054801210AF03FF8002008BDFFF73C
:107B8000A1FFFAE7A3850200145B020038B50B8A57
:107B9000032B05460C4609D80F4A104801210AF06C
:107BA0002BF82046BDE83840FCF750BD042104F115
:107BB0000C000AF006FB418828460AF01FFF30B986
:107BC000074A06480B4602210AF01FF8E9E7436816
:107BD00021465B699847E4E7C1850200145B020017
:107BE000DE85020070B5124B0C4619780131C9B21E
:107BF000012938BF012105460822122019700AF018
:107C0000BAFE064688B108210C300AF0AAFA22888A
:107C1000028062884280A2888280E288C2803146E7
:107C20002846BDE870400AF0D8BE6FF00B0070BD6A
:107C3000FB3B002023281FD81A2804D8431E182BEA
:107C40000ED906207047A0F11B03082B1ED8DFE8D1
:107C500003F0051D1B231D19251D0500032070477A
:107C60000F4A012383401A40C2B90E4A1A40002A23
:107C700014BF01200620704700F07F03522B05D16E
:107C800000207047012070470520704710F0400F1A
:107C90000CBF062000207047042070470220704768
:107CA000AAAA8A02545545012DE9F84F074608460D
:107CB0000C46FCF72BFCDFF8CC80E168182343432B
:107CC00008EB03020646D2F808A0BFF35B8F786D7D
:107CD000BFF35B8FC00709D4264A274801210AF069
:107CE000BAFE6FF015052846BDE8F88FE068007809
:107CF0001071002248F803200B78D22B0FD13B687B
:107D0000214618680BF07BFC054640B11B4A1A4817
:107D100001210AF0A0FE2046FCF798FCE3E704F1FD
:107D20000C000AF066FA182303FB0683B4F810B0BF
:107D30009F60002381461A462146381DFFF7B8FD93
:107D400005460028CFD010F1690F04D10C4A0A482B
:107D500001210AF080FE6369A4F810B013FA89F3D8
:107D6000E36018235E4308EB060348F80650C3F8A7
:107D700008A0B8E71A860200DC5A02003486020026
:107D800047860200C0340020011F01480CF07EBC71
:107D900028100020024A034801210AF05CBE00BFFF
:107DA0006A860200DC5A020010B500F15003044656
:107DB000BFF35B8F53E8001F41F0010143E800125D
:107DC000002AF7D1BFF35B8F201F0AF023FF04F1D5
:107DD000740004490CF02AFE2068BDE8104001F050
:107DE000A7BD00BFAD8D010070B503788AB0044611
:107DF0000E4607AD032B20D8DFE803F002191B1D48
:107E0000114928460DF09CF9059563780493A378F1
:107E10000393E37802932379019363790093A37921
:107E20000A4A1E21304609F054F80AB070BD0849CC
:107E3000E7E70849E5E70849E3E7084A0A21284651
:107E400009F047F8E0E700BF03770200257702005A
:107E50000A770200117702001B770200F386020006
:107E60002DE9FF4105460E464FF000084FF4205320
:107E7000006817688DF8088002A91446ADF80A302A
:107E80000AF0C3F9A0B142F6010328688DF80C800E
:107E900003A9ADF80E300AF0B8F948B123691BB157
:107EA0005A88B24200D25E80012004B0BDE8F08161
:107EB000616828680AF0A9F910B100232361F3E78B
:107EC000E368A0681A786AB1B7F81AC0798D038A96
:107ED0008C4594BFC3EB0C03C3EB0103934201DA5F
:107EE0000020E2E704210C300AF03BF92061068013
:107EF00023695E80074B00930194A2680023294602
:107F000038460AF0E3FE0028EADB2069003818BF93
:107F10000120CAE77B2C020073B50E46438D418BCE
:107F20008B4202F1010228BF0B469A42054609D94D
:107F30001C48009202211C4A09F071FE00242046D0
:107F400002B070BD3046FFF775FE022810D004283D
:107F50000ED006F055FD154BD3F8C83083421FD024
:107F6000134B1B681A1A18BF4FF0FF32134602E07A
:107F70004FF4702200230F480021FFF77BFC0446DA
:107F80000028DCD0FCF7C2FA0B4B182202FB0033AE
:107F9000012104F10C009D600AF0E3F80670CEE7C1
:107FA0000022E3E7DC5A02008786020098310020B5
:107FB000083500204C110020C0340020F0B51D46CB
:107FC00003680E46003987B0044618BF01211868BF
:107FD00017460BF0E9FA40B904F154000AF036FFF5
:107FE000002846D0002007B0F0BD002D43D0182255
:107FF000002168460CF08CFF6FB100223946204604
:10800000FFF78AFF019030B91C481D4A01210AF090
:1080100022FD1120E7E723681A4A1B68009300231A
:10802000ADF812300C9B0393BDF83430ADF810302E
:1080300001238DF8143029466B4628468DF80860D8
:108040000AF073FD9DF8143063B1002FCAD0019877
:10805000FCF7FCFA9DF814302A46314620460AF017
:1080600004FFBFE701990029BCD020460AF068FD53
:10807000B8E71220B7E70120B5E700BFDC5A0200DD
:10808000AC860200B92A02002DE9F34717680546BD
:10809000894600685168D7F804A014460AF0B5F87C
:1080A000804600284BD19522294650460BF029FAEC
:1080B0000646207540B1E3681B780BB184F8148044
:1080C000002002B0BDE8F087294650460BF06FFA59
:1080D00010B908232375F3E7A06826750AF014F891
:1080E00002210C300AF03DF8164B2061A0F80090F8
:1080F00000930194A2683346294638460AF0E6FD0B
:10810000002807DA10F1FF0F26BF4042C0B20E2050
:108110002075D5E72369002BD2D0A0680AF083FC34
:108120007B8D7A8B9A4294BFC0EB0200C0EB0300B8
:10813000E3681B78984294BF00200120C1E701202A
:10814000BFE700BF372A0200F7B50B8A076804466D
:108150000D463BB9284A294801210AF07CFC002041
:1081600003B0F0BD012105F10C000AF02AF8BB7A3A
:10817000072B0646F3D154F8043C002BEFD00378CC
:108180001F48043C002210F832709F4200EBC201ED
:108190000FD12A8A48788F78904220D917480093C7
:1081A00001211346174A09F03AFD012FD7D10423C4
:1081B0001EE001320C2AE6D11048134A022109F0D0
:1081C00024FD31780846FFF735FD0028C7D0052883
:1081D000C5D00623002220460AF047FEBFE74B68C1
:1081E000204629469847012F0346B8D10028B6D02B
:1081F00031780022EFE700BFC5860200DC5A02009A
:10820000E8630200FA860200E08602002DE9F04FE2
:1082100091B0166880460F46002542F601030068BB
:10822000D6F804908DF82C500BA91446ADF82E30DA
:1082300009F0EBFF002870D04FF42053D8F800006D
:108240008DF82C500BA9ADF82E3009F0DEFF38B1B7
:10825000A3681BB15A88BA4200D25F8001200EE0A9
:10826000616808460AF0DFFB728D738B9A4294BFF7
:10827000C0EB0200C0EB0300032803D8002011B0BC
:10828000BDE8F08F084609F03FFF054660680AF038
:10829000CAFB728B738D05F10C0B9A4294BFC0EB35
:1082A000020AC0EB030A584609F0A7FF824537D2FD
:1082B00060680AF0B8FB728D738B9A4294BFC0EB72
:1082C0000200C0EB030070B96368987AFCF716F9F6
:1082D0000022002309F0E5FE05460028CED0014625
:1082E000606809F022FF00230093D8F8046010238F
:1082F00002AA41464846B047061E0EDB227CE068D3
:10830000B2422BD001460BA809F0ADFF60B9237C27
:10831000144A1548022109F078FC0023A3609DE768
:10832000584609F06AFFCEE7F2B202A906A809F0A2
:108330009AFF10B90D4A3346EBE706A90BA809F0DE
:1083400064FF0028E9D100236374042105F10C00C7
:1083500009F007FFA0600780A3687EE702A90CF080
:10836000B9FDEEE719870200DC5A020038870200E7
:10837000F8B54FF470220746002311480D4609F066
:1083800090FE044638B90F4A0F482B46012109F0E8
:108390003CFC2046F8BD00F10C060921304609F0EE
:1083A000D5FE2046FCF7B2F8084B182202FB00333A
:1083B000012130469F6009F0D4FE0570E9E700BF57
:1083C0004C11002087840200DC5A0200C0340020D7
:1083D0002DE9F0410E8A043EF6B2022E04468CB01E
:1083E000084601D0102E64D104210C3009F0E9FEBA
:1083F0000DF1080805884788011D3246404609F0FE
:1084000032FF002857D09DB3002687B3AF422FD349
:108410004FF4205301A940468DF80460ADF80630B2
:1084200009F0F3FE40BB1422002107A80CF070FDF8
:1084300011212046FFF79CFF0990002837D0012129
:108440000C30CDE9074809F08CFE00230A901B4A46
:10845000037039460B93284607AB0AF066FB0A9B6C
:108460001B78FBB90998FCF7F1F80A2301E03D46B7
:1084700001232A4610210EE042F6010307A94046D7
:108480008DF81C60ADF81E3009F0BFFE0028CAD080
:1084900010232A46194620460AF0E7FC00200CB0BB
:1084A000BDE8F081099920460AF04AFBF6E7112061
:1084B000F5E70420F3E70E20F1E700BF617E01003D
:1084C0002DE9F043036885B004460D461868012184
:1084D0000BF06AF840B904F154000AF0B7FCB0BBE5
:1084E000122005B0BDE8F0831022002168460CF090
:1084F0000FFD21212046FFF73BFF029048B3DFF834
:108500005890009405F10C074FF001082B8A012BBD
:1085100004D8029920460AF013FB18E0384609F007
:1085200060FE6B464A46014606468DF80C800AF00E
:10853000FCFA9DF80C30002BE8D00298FCF786F886
:108540009DF80C303246202120460AF08EFC002097
:10855000C7E71120C5E700BF592F02002DE9F043FE
:10856000036885B004460D46186801210BF01CF81D
:1085700040B904F154000AF069FCB0BB122005B008
:10858000BDE8F0831022002168460CF0C1FC0F21E9
:108590002046FFF7EDFE029048B3DFF858900094B4
:1085A00005F10C074FF001082B8A012B04D8029922
:1085B00020460AF0C5FA18E0384609F012FE6B466C
:1085C0004A46014606468DF80C800AF0AEFA9DF840
:1085D0000C30002BE8D00298FCF738F89DF80C30EE
:1085E00032460E2120460AF040FC0020C7E7112049
:1085F000C5E700BFF92E0200F0B51D46036885B03F
:1086000004460E461868012117460AF0CDFF38B916
:1086100004F154000AF01AFC48BB122005B0F0BD6A
:1086200065B31022002168460CF072FC39462046E2
:10863000FFF79EFE029018B3BDF82830ADF8043065
:1086400001238DF80C300F4A00946B4629462846CA
:108650000AF06BFA9DF80C305BB10298FBF7F6FF5D
:108660009DF80C302A46314620460AF0FEFB0020D9
:10867000D4E7029920460AF063FAF8E70120CDE733
:108680001120CBE7F92E02002DE9F0410E8A043EBD
:10869000F6B2022E04468CB0084601D0102E76D1D8
:1086A00004210C3009F08DFD0DF104080588478880
:1086B000011D3246404609F0D6FD002869D085B339
:1086C00077B3BD422DD8606801210AF06DFF0646E0
:1086D00078BB8DF8000042F6020369464046ADF8CB
:1086E000023009F092FD20B342F6030306A940468A
:1086F0008DF81860ADF81A3009F087FDC8B1012D6A
:1087000003D14FF6FF739F4213D004F154000AF0D7
:108710009DFB002814BF002012200CB0BDE8F081A2
:108720003D4601232A46082120460AF09EFB0020F0
:10873000F3E7182200210DEB02000CF0E9FB092100
:108740002046FFF715FE0890F8B101210C30CDE965
:10875000064809F006FD0023099003700A238DF8EE
:108760002C300D4A06AB394628460AF0DEF99DF852
:108770002C302BB10898FBF769FF9DF82C30D1E71E
:10878000089920460AF0DCF9D1E71120C5E704205A
:10879000C3E70E20C1E700BF898001002DE9F04347
:1087A0000F4687B00446062107F10C0009F009FDC9
:1087B0000588B0F802808288D7F80C90C5B10023F4
:1087C000B8F1000F13D0454512D88DF800308DF860
:1087D000043001A94FF420536846ADF80220ADF8EB
:1087E000063009F012FD064660B10A2301E0454655
:1087F00001232A46062120460AF037FB002007B055
:10880000BDE8F0830146142201A83F7C0CF080FBF8
:1088100007212046FFF7ACFD0290D8B10A238DF85E
:1088200015300D4A019401AB41462846CDE9036954
:108830008DF814700AF079F99DF815302BB1029873
:10884000FBF704FF9DF81530D3E7029920460AF0A4
:1088500077F9D3E71120D2E70D8201007FB5CB680D
:108860001D885E88044685B176B1B5420DD81022C8
:10887000002168460CF04CFB05212046FFF778FDEF
:10888000019058B9112007E0354601232A460421FA
:1088900020460AF0EAFA002004B070BD6B46094A8F
:1088A0000094314628460AF040F9029B23B901980A
:1088B000FBF7CCFE0A23E9E7019920460AF040F9CC
:1088C000E9E700BF5D2B02002DE9F04182B000AF67
:1088D000044688463D4800220023394605F0C8F981
:1088E0000546B0B16D4688B06A46394BC2E90534D9
:1088F000032342F8103F374800234FF4C251FAF7E0
:1089000027F9AD466FF00B0630460837BD46BDE887
:10891000F08106F075F83E682F4B28221860294632
:10892000301D0CF0F5FA34603C682C487D60C4E9D9
:108930000155C4E9095500220023391D05F098F9B5
:10894000064688B123686C4688B06A462449C2E965
:108950000513032342F8103F1E482B464FF4C45121
:10896000FAF7F6F8A546CDE77B680146B02218462F
:108970000CF0CEFA1B4A82605C300BF062FF7B6821
:10898000BFF35B8F543353E8002F43E800610029A5
:10899000F9D1BFF35B8F7B681C60636A7D681BB98C
:1089A00004F10C000BF04DFF626AC5F8A820A26A22
:1089B00005F1A803636202B9A3627B6817225A8596
:1089C0005A830433C8F800309EE700BF0C10002023
:1089D00057870200DC5A02000835002028100020CA
:1089E0007C870200100C002008B5837A072B06D084
:1089F0000C4A02210C480AF02EF8002008BD042180
:108A000009F0FCFF10B9094A0121F3E7BFF35B8FBE
:108A1000036DBFF35B8FDB0701D4054AF4E750F821
:108A2000040CEBE7A1870200DC5A0200AF870200CA
:108A30001A8602002DE9F14F0546FBF767FD3D4917
:108A4000182202FB00F3C81851F803800779B0F828
:108A50000690D0F810A00021D0E902460CF058FA98
:108A6000A87AFBF74BFD6969834651B16B7AD80749
:108A700005D4DBF824301B6828469B689847002300
:108A80006B61294658460BF0F3FE002F45D0002CB1
:108A900043D02368002B40D01B68002B3DD0B8F199
:108AA000000F08D0244A25484346012101B0BDE803
:108AB000F04F09F0AAB8201D0AF0D0FA3846FFF7A7
:108AC000B9F8052829D8DFE800F01E03281E28037E
:108AD000BFF35B8F636DBFF35B8FDA0707D4184A70
:108AE0001648012101B0BDE8F04F09F0B4BFA36DF5
:108AF0009BB14FF47022002304F1780001B0BDE86F
:108B0000F04F05F075BC23681D68BFF35B8F636D84
:108B1000BFF35B8FDB07E2D556B901B0BDE8F08F3C
:108B200051462846B0470134A3B29945F8D8F4E736
:108B30000024F9E7C0340020CA870200DC5A020092
:108B40001A860200F8B50F461646FFF74DFFB0B182
:108B5000446A20461CB150F8A84904B1A83C731CD3
:108B6000194638B1428D458BAA4228BF2A469A42FF
:108B700007D264B90A4A0B48022109F046F80020DE
:108B8000F8BD32463946BDE8F840FFF7C5B9D4F81C
:108B9000A85005B1A83D20460B462C46E2E700BF91
:108BA000E9870200DC5A020037B5002305460C466F
:108BB000019305F025FF0F4B1B68834204D00E4B39
:108BC000D3F8C830834201D100252C4601A90B48B7
:108BD0002A46234605F04CF8014640B9019B102275
:108BE00018460CF095F90346184603B030BD002333
:108BF000FAE700BF0835002098310020441000201B
:108C000010B50446806818B1FBF720FD0023A3606F
:108C100021460248BDE810400BF038BD441000204A
:108C20002DE9F347044678300E4617461D460BF0F3
:108C300009FFA06D58B91848184A022109F00BFF26
:108C4000204600F093F8002002B0BDE8F087144BF6
:108C500098424FF0000805D12068C4F858800AF007
:108C600032FAF0E7D0F80490C0F80480A06DD0F894
:108C70000CA0FFF7C5FF2068C4F858800AF023FA5B
:108C8000B9F1000FDFD02068CDF800A000683B46A6
:108C900032462946C847D6E7DC5A0200048802005B
:108CA0000C350020F7B550F8044C0546002C59D07F
:108CB00000F1A40104F124000AF0AFF82E1F05F121
:108CC000580700220023384605F0C8F8024678BB52
:108CD0006B6D2BB101466FF067033046FFF7A0FFC5
:108CE000002345F8043C05F15003BFF35B8F53E8C4
:108CF000001F21F0010143E80012002AF7D1BFF361
:108D00005B8F636A73BB04F10C06002200233046BC
:108D100005F0A4F878B9666886B91348266021463C
:108D20000BF0B4FC286803B0BDE8F04000F030BEA2
:108D3000FBF78CFCC5E7FBF789FCE6E7A268336824
:108D40006360964208BFA36077683FB1F368009301
:108D5000002320681A466FF06701B8473046FFF7D6
:108D60004FFFD8E703B0F0BD0C10002030B505462A
:108D700089B055F8043B0446186809F046FD694679
:108D8000FFF732F82846FFF78DFF6068132109F0DE
:108D9000FCFC034620B1034A0348012108F035FFDB
:108DA00009B030BD1B880200DC5A0200B0B5044691
:108DB00088B054F8783D00AF186809F026FD3946B0
:108DC000FFF712F86D4688B06A460B4BC2E90537CB
:108DD0004FF400739383094B42F8103F00234FF484
:108DE000E2510748F9F7B4FE2046AD46FFF7BEFF53
:108DF0002037BD46B0BD00BF398802000300000126
:108E0000DC5A0200F8B51D460F461646FBF77EFBFE
:108E1000044C182303FB0040C0E903760123C38000
:108E20000575F8BDC034002010B5074C2378834287
:108E300007D1601C0AF002FA002814BF2046002067
:108E400010BD0020FCE700BF2C3B00202DE9F041C5
:108E500080460F4616461D46FFF7E6FF0446A8B9B2
:108E60001149FFF7E1FF044630B9104A1048BDE848
:108E7000F041012108F0C0BE034603F8018B3A68B7
:108E8000C0F80120BA889A80BA799A7122896389D8
:108E90001AB92BB92681658104E0964238BF268134
:108EA0009D42F8D8BDE8F081F07602006C8802009F
:108EB000FC5A020010B54A1C0C4638B1097809F07A
:108EC00084FC08B1204610BD0020FCE70249104692
:108ED0000AF0B4F9F5E700BFF07602001FB51046BE
:108EE000074A19464FF42813CDE9022308230093BB
:108EF000BDF818206B440AF0F2F905B05DF804FBE8
:108F0000180028000C48BFF35B8F50E8003F23F0A7
:108F1000020340E80032002AF7D1BFF35B8FBFF3B2
:108F20005B8F0368BFF35B8FDB0704D50022002350
:108F3000303805F05DBA7047A028002010B50F4A00
:108F4000BFF35B8F52E8003F43F0020142E800109C
:108F50000028F7D1BFF35B8F13F0020307D1084855
:108F600008490288084CA14202D303B1028010BD17
:108F70004B681A4492B208310123F4E734350020DB
:108F8000383B00207C5A0200CC5A02002DE9F04107
:108F9000284B164682689A42074602D1C468638904
:108FA0007BBB0120BDE8F081FDF7E2FEE368002114
:108FB0006181002BF5D038469847F2E706F170083A
:108FC000307A414609F069FA88B91B4B9C4202D1BC
:108FD00030460AF0FCF9194B1A68C4F801209A8847
:108FE0009B79AB710023AA8023702381DEE7336F66
:108FF000C4F80130B8F80430AB8098F80630AB7193
:10900000D4E72389002BD1D02546304615F8011B23
:109010002A4609F0DAFB0028D0D120782946FEF74D
:109020009BFA0028C2D0837A072BBDD1FDF7A0FEA2
:10903000B7E700BF41900100400C0020F07602002D
:109040002DE9F8431E46BDF82030D1F80C8081464A
:109050000F46002B50D1731E012B50D8012E4146D4
:10906000157818BF1588FFF725FF0446F0B915B924
:109070003046BDE8F8834146FFF71CFF044638B987
:109080002048214A022108F0B7FD6FF01000F0E7F8
:10909000D9F87030C0F80130B9F87430A0F8053054
:1090A00099F87630C37199F808300370D8F8103009
:1090B000B3B92581B8F80A30AB4203D041463846EF
:1090C0000AF0EAF8002DD3D1104B25701A68C4F8C5
:1090D00001209A889B79A4F80520E3712581C7E7D0
:1090E0002A463946484698470028C2DB01380128FD
:1090F000DFD96FF00D00BCE76FF00600B9E76FF045
:109100000C00B6E7FC5A02008B880200F0760200E1
:1091100008B50C4BBFF35B8F53E8002F42F0010101
:1091200043E800100028F7D1BFF35B8FD30707D4C3
:10913000FFF704FFBDE80840034904480BF076BC84
:1091400008BD00BF34350020D995010070280020EB
:109150002DE9F041034648B1008A38B91249DFF8D9
:109160004CE001244FF0140C714501D3BDE8F081AF
:10917000D1E90076BB4204D30CFB0672143A934249
:109180000ED93444A2B208311446EDE70CFB057841
:10919000434507D001356219B54292B2F6D1F2E7E4
:1091A0000025F8E71046E1E77C5A0200CC5A02009D
:1091B0002DE9F04F89B09946BDF8483004460F4676
:1091C00090461BB94FF6FF73ADF84830314B1B8802
:1091D000A34230D2BDF84830ADF81E302E4B1D688A
:1091E0007DBB09B0BDE8F08F69685144A14220D22F
:1091F00089B208358A46294B9D42F5D3EAE7149B8C
:1092000028680493139B039312ABCDE90193CDF827
:1092100000803B4622460BFB06000AF017F80028A8
:10922000DFD001366B680AEB0601B34289B2E6D89B
:10923000DFE70026F6E71A4D4FF0010A4FF0140B56
:10924000D9E7083D4FF0140A0DF11E0BAE68BEB908
:109250006B689E4219D22868149B0AFB06002246BE
:10926000018A0493139BCDE90089CDE902B33B4603
:1092700009F0ECFF0028B4D00136E9E70026E7E763
:1092800056F8083C1B8AA342F8D8AD68002DA8D038
:10929000083DDBE7383B002038350020CC5A02007F
:1092A0007C5A020007B500230193FFF751FF411CD0
:1092B00089B20846034A01AB0AF018F9019803B0D5
:1092C0005DF804FBC93302002DE9F04387B0837ACF
:1092D000072B02AF80460C46164640F0A5800023BF
:1092E0003B7342F603032068FB8107F10C0108F091
:1092F0008CFF0546002834D1D4F80490B9F1000F52
:1093000005D14C4A4C48012108F076FC8CE0012341
:10931000009007F108022146C847031E11DA6E4685
:1093200088B002AA4549D3610423C2E9051442F872
:10933000103F41482B464FF40151F9F709FCB5465F
:1093400072E0012B05D03E4A3B48012108F05DFC4C
:109350006AE03B7A13F0300F66D02046FFF7A2FF99
:109360000446002320683B7342F60213FB8107F199
:109370000C0108F04AFF18B12046FFF793FF04469E
:10938000002542F6021920683D703946A7F8029080
:1093900008F03BFF10BB002320683B7342F602132A
:1093A000FB8107F10C0108F030FF054600283BD196
:1093B000D4F80490B9F1000FA3D00090022307F174
:1093C0000C0221464046C847031EA8DB022BBAD137
:1093D000BB891E4214BF0120002026E020683D7199
:1093E00042F60303391DFB8008F00FFF0028D2D09E
:1093F0004FF4205320683D727B8107F1080108F08B
:1094000004FF0028C7D042F6010320683D73FB81AA
:1094100007F10C0108F0F9FE0028BCD02046FFF748
:1094200041FF04460028AED100201437BD46BDE8F8
:10943000F08300BFA5880200FC5A0200B988020030
:10944000DF8802002DE9F84389465168B1F812809F
:1094500018F09408074615463CD10222FFF734FF66
:1094600000283AD04FF470200021AE8AFFF79CFB11
:109470000236044660B11A4B4360C56032461D2176
:109480003846FFF75FFB064638B92046FFF7B8FBC2
:109490006FF00B052846BDE8F8830123424641469C
:1094A000FFF7B0FCA98A06F10C00023108F059FE62
:1094B00020F8029BAA8A29690BF01CFDA6602146B0
:1094C000384609F083FE05460028E3D02046FFF722
:1094D00097FBDFE74FF0FF35DCE76FF01505D9E7C5
:1094E0000732020030B5394BBFF35B8F1B68BFF307
:1094F0005B8F5A078BB004460D4661D510B1837A55
:10950000072B60D168680590FFF722FE2A68ADF846
:1095100018003AB305A902912D49019101210023B8
:1095200000914FF6FF710593FFF742FE059B1BB9B3
:109530006FF001000BB030BD6B60059B1868002315
:109540008DF8103004A942F60303ADF8123008F08C
:109550005CFE70B90598C3689B799B0605D46FF0D3
:109560001500E7E70028E8D1E2E709F078FFADF859
:109570001800BDF818003CB101230146AB752A461E
:109580002046FFF75FFFD5E76FF07F0307930223C5
:10959000ADF8203042F60213ADF8123005ABAC75D1
:1095A00002930C4B01930123009304AA23464FF628
:1095B000FF7109958DF81040FFF7FAFD0798B9E79C
:1095C0006FF00A00B6E76FF07F00B3E7FC080020F9
:1095D000353202003198010013B550F8082C019281
:1095E0000346A0F1200100F13004BFF35B8F54E883
:1095F000002F22F0010244E800200028F7D1BFF339
:109600005B8F114A43F81C2C104A43F8182C01AA0E
:10961000002043F8102C042223F8080C23F8060C31
:1096200023F80C2CFFF75EFF58B9BFF35B8F54E8AB
:10963000003F43F0020344E80032002AF7D1BFF3B1
:109640005B8F02B010BD00BF84640200058F010073
:10965000F8B5334B156882689A4200AF04461FD1B3
:10966000C6683389721CDBB13178284609F0ADF841
:10967000B0B14FF495722146284609F042FF032805
:1096800011D16D4688B06A46264BC2E9053442F8CE
:10969000100F254800234FF4C451F9F759FAAD468D
:1096A0000120BD46F8BD3146204609F0F5FD1F4BAF
:1096B0009E42F5D1287A05F17001FFF7B5FB04460B
:1096C0000028EDD0038913B94389002BE8D0284640
:1096D000FDF7A2FC164A238922F8203002EB800312
:1096E000618959801349144C182303FB001300B2FD
:1096F00002EB800200EB40005C601A610F4C9C6042
:10970000042201EBC00128469A82FFF7EBFE0028F5
:10971000C6D00B4A0448012108F06EFAC0E700BF2A
:1097200041900100F8880200FC5A0200400C002021
:10973000283B00201C35002084640200C93202004E
:109740000C89020030B5374BBFF35B8F1B68BFF34A
:109750005B8F5A078BB004460D465DD510B1837AF6
:10976000072B5CD168680590FFF7F2FC2A68ADF81A
:1097700018003AB305A902912B4901910121002358
:1097800000914FF6FF710593FFF712FD059B1BB982
:109790006FF001000BB030BD6B60059B18680023B3
:1097A0008DF8103004A942F60303ADF8123008F02A
:1097B0002CFD70B90598C3689B79DB0605D46FF062
:1097C0001500E7E70028E8D1E2E709F048FEADF828
:1097D0001800BDF818002CB101462A46204609F0B1
:1097E000AEFED7E742F60212ADF8122005AA6FF0DE
:1097F0007F0302920D4A07930123CDE90032ADF8B1
:10980000203004AA23464FF6FF7109958DF81040C9
:10981000FFF7CEFC0798BDE76FF00A00BAE76FF0DC
:109820007F00B7E7FC0800203532020031980100C4
:10983000F8B53B4B144682689A42074601D0012096
:10984000F8BDC668374B9E4250D03289A3899A42F0
:1098500006F10101F3D13078FDF77EFE05460028C0
:10986000EDD0837A072B05D0FDF782FAE7E7FDF705
:109870007FFAEAE7736923B13946984708B9284661
:10988000F2E77B8A13F09407F9D1A389022B14D154
:10989000338913F0020604D12846FDF769FAA66061
:1098A000CDE72269A1882846FFF7CCFD0646A8B976
:1098B0002269937D01339375EEE7012B04D028468E
:1098C000FDF756FAA760BAE7338913F00106E3D033
:1098D0002269A188284609F032FE06462846FDF78F
:1098E00047FA002EA660AADA0020A9E70E4D0F491C
:1098F000284609F0A3FC0028A7D115F8010C07227F
:109900002946FDF77BFE0028B1D1236915F8010C2B
:109910001A69294653881288FFF798FA95E700BF1D
:1099200041900100400C00202D3B0020F076020009
:1099300007B5064A00906B4601204FF6FF718DF87F
:10994000040009F0D3FD03B05DF804FB519601005B
:10995000F8B50E4B1B6805460E461746A3B11C68AA
:1099600004B1043C53F8043C1BB13A463146284646
:1099700098474CB1234664681B681CB1043C002B1B
:10998000F3D1F7E7002BF0D1F8BD00BF4035002040
:109990000346034A4FF6FF71012009F0A7BD00BF3F
:1099A0008D8F010080B500AF88B06A46074BC2E9D1
:1099B0000530032342F8103F054800234FF4C251FD
:1099C000F9F7C6F86FF00B00BD4680BD3189020083
:1099D0002C5B0200044B1A680AB1FFF7E3BF03488F
:1099E00058600B601046704748350020386502000B
:1099F00010B5094C0A44914200D110BD11F8013B49
:109A0000584003090001E35CC0B2434018091B0140
:109A1000205CDBB25840EEE75D89020008B503F038
:109A2000BFF9034668B10748074A012108F0EDF87D
:109A300006486FF004034363BDE808401C3009F09A
:109A4000E3BD08BDCC5A02006D89020098090020D0
:109A5000044B93F84A3013B1034803F04DBAFFF7B3
:109A6000DDBF00BF980900201D9B0100094BBFF31B
:109A70005B8F53E8002F511C43E800100028F8D1F9
:109A8000BFF35B8F0AB9FFF7E3BF6FF00F025A63B2
:109A9000704700BF9809002080B500AF88B06A46C3
:109AA000094BC2E905304FF400739383074B42F82A
:109AB000103F074800234FF4E251F9F749F86FF0DF
:109AC0000400BD4680BD00BF87890200030000017D
:109AD000CC5A020010B500220D4904460D480BF087
:109AE00050F9002003F04CF8024620B12068BDE890
:109AF0001040FFF7D1BF01210720FAF7F9F9064816
:109B0000C36813B9043009F07FFD002010BD00BF09
:109B10006D9A0100080A002098090020F8B5037822
:109B2000002B40F0A3805C4CE36B94F860701F4204
:109B300025460BD1594B0022C3F80025A36B002BFF
:109B40003FD15748BDE8F84009F05EBD018994F85F
:109B5000A800A26E94F86160A0B90121DBB20B42AB
:109B60000BD00F4208D016EA010CB2F9000023D046
:109B700000EBD070401010800232490089B2B94227
:109B8000EDD9D7E7334015D002EB41018A42D1D05D
:109B9000B2F9003003EBD3735B1022F8023BF5E718
:109BA00032F91360002EB8BF22F8130001338B4244
:109BB000F6DBBFE71846FAE70028B8BFA2F800C0F6
:109BC000DAE7236DB4F85C2033B13649364898475C
:109BD000012826D002283CD0B4F85C30B4F85820D4
:109BE0009A4236D90133A4F85C3094F8A830E3B92E
:109BF000A36E94F8622003EB4203A36694F862100C
:109C0000A06E03F08DF8034678B1284A2848012158
:109C100007F0FBFF6FF004032148636309F0F4FCD5
:109C200003E094F8A830002BE8D0E36C1BB9BDE842
:109C3000F840FFF70DBFBFF35B8F55E8003F5A1E9A
:109C400045E800210029F8D1BFF35B8F012BEEDC42
:109C5000F8BDE36C002B3FF474AF94F8A830002BF0
:109C60007FF46FAF13480BF098F86AE7022B0FD11F
:109C700003F096F803460028EAD00D480E4A012169
:109C800007F0C3FF04486FF0040343631C3059E737
:109C9000052BDDD155E700BF98090020007000407A
:109CA000B4090020D0090020DC570200A789020077
:109CB000CC5A0200080A00206D89020030B587B036
:109CC00000230393CDF80F304B798DF813300B79C7
:109CD00013F020050C4617D08A797F2A08BFFF228F
:109CE0008DF81420C3F3040203F01F03072B8DF833
:109CF00015200BD95B4A5C48012107F086FF6FF005
:109D00001505284607B030BDFF22E9E722780C2A66
:109D10001ED8DFE802F00A07111D131D151D1D17BF
:109D2000191D1B0001228DF80E206278032A15D020
:109D3000042A16D04D4A0CE00222F4E70322F2E78F
:109D40000422F0E70522EEE70622ECE70722EAE725
:109D5000474A4548012107F04FFFD0E701228DF81F
:109D60000F20628844F20A018A4227D843F6FE7126
:109D70008A4203D8002A4BD03E4AEAE7A2F57F5236
:109D80003F3A0B2AF8D801A151F822F0199E0100A0
:109D9000799D0100799D0100799D0100DF9D010001
:109DA000799D0100D99D0100799D0100799D0100F7
:109DB000799D0100799D0100119E010044F214017A
:109DC0008A4227D044F228018A4225D044F20F016A
:109DD0008A42D1D1032200E001228DF810202649C9
:109DE000012000FA03F391F86020DBB26DB3A5798E
:109DF0007F2D13D1134381F86030237991F86120CE
:109E000003F01F0300FA03F3134381F861300BE002
:109E10000222E2E70422E0E70522DEE722EA03026B
:109E20008DF8110081F8602003A80AF0AFFA05460A
:109E300000283FF466AF237903F01F030F4A009018
:109E40000121094807F0EBFE5BE7134381F860301E
:109E5000237991F8612003F01F0300FA03F322EA4B
:109E60000303D2E7C0890200CC5A0200F68902003F
:109E7000D78902001A8A020098090020458A020048
:109E80002DE9FF410F464FF0FF3381484FF0FF327D
:109E900004F050F87E68731EFE2B05D97D4A7E487B
:109EA000012107F0A9FE10E00024254626FA04F35C
:109EB000DA0715D502F0AAFEE040C3070ED4774AB0
:109EC00023467548012107F0A0FE6FF01504704885
:109ED00009F09AFB204604B0BDE8F0810135EDB2EF
:109EE0000134082CE2D10DB96D4AD8E73B7CA3F1CF
:109EF0000802062A0FD8DFE802F0100E120E040E38
:109F00000C000221012D7A7C0BD0002A46D0654A34
:109F1000C5E70321F6E7644AD3E70021F2E7012110
:109F2000F0E7082A06D8DFE802F008080808080861
:109F30000808080013465D4AC3E73B6873B35C68D2
:109F400064BB186801387F2828D88DF808208DF860
:109F500009401B68564A1B01013BADF80A3001233A
:109F600082F8A8308DF80C3002AA524B304602F02D
:109F700083FE04460028AAD13B686A0013B19B897E
:109F800003FB0222FB68934211D243480092012155
:109F9000494A07F044FE6FF00B0498E7444B002059
:109FA00083F8A800434B304602F036FEE1E7404E0E
:109FB00086F8625096F8A830B868B066B04673B1BB
:109FC0003B689D890135A9B202F0AAFE044640B162
:109FD0003A4A03460121304807F017FE77E7294641
:109FE000F2E7BC46BCE80F00354D0FC5DCF8003089
:109FF0002B6074633B68002B46D00FCB2F1D87E886
:10A000000F00F36CB763A6F85C40002B3CD0BFF3A5
:10A010005B8F58E8003F48E80042002AF9D1BFF3BF
:10A020005B8F96F8A810E9B9F06C264C264A4FF4DD
:10A030000047E0FB074100232046F1F735FC0022F2
:10A04000CDE90001002305F1280004F0CFFF1F48EF
:10A050004FF0FF324FF0FF3303F06CFF00B170633D
:10A06000746B34E702F09CFE03460028EFD0184AD8
:10A070000948012107F0C9FD6FF00403A5F12C0088
:10A08000736309F0C1FAE2E7FFF7E2FCDFE700BF24
:10A090009C090020658A0200CC5A0200838A0200D3
:10A0A0009D8A0200D88A0200B38A02000A8B02004D
:10A0B000980900201D9B01002D8B0200A78902003A
:10A0C000D00900203F420F0040420F00B409002099
:10A0D0006D890200084B70B5C31A0D4607499B10E5
:10A0E000044659430648402209F099FA2B46014696
:10A0F0002046BDE870401847AC350020B76DDBB690
:10A100001C57020073B50C4C0C4A4023041B0093EF
:10A110000D460B460A49A41061430646094809F05A
:10A12000A9FA011E05DA30462B4602B0BDE87040A0
:10A13000184702B070BD00BFAC350020DD3602000C
:10A14000B76DDBB61C5702000022F8B501210546A9
:10A150001046F9F7CDFE104801F0DCFF0446B8B90F
:10A1600009F0B5FD2F690D49384607F0D5F9031EF2
:10A1700009DB01263E642D69084905F11C0007F042
:10A18000CBF9031E02DA1C462046F8BDEE64FBE75D
:10A190006FF00404F8E700BFD9A201006065020077
:10A1A0007FB500220123CDE9022304ABCDE90433BE
:10A1B000094ACDF800D06B46CDF804D009F087FAF3
:10A1C000002805DB4FF480420023684603F0B2FE0E
:10A1D00007B05DF804FB00BFF136020010B5EFF3E5
:10A1E0001184402383F31288BFF36F8F074A1368EB
:10A1F00023F00201DB07116002D4012009F061FDA8
:10A2000084F31188BFF36F8F10BD00BFFC350020B1
:10A2100030B4104B0C2202FB003301460020D3E97E
:10A220000E529863EFF31180402484F31288BFF339
:10A230006F8F1C6C04F0C00444F002041C6480F3B3
:10A240001188BFF36F8F1DB12B46034830BC1847F0
:10A2500030BC7047AC3500201C57020010B4EFF33F
:10A260001182402383F31288BFF36F8F184801686F
:10A2700041F002040460C80708D482F31188BFF3D8
:10A280006F8F01205DF8044B01F034BF4FF0804127
:10A29000D1F80C04D1F80C14C907EED5EFF31180F6
:10A2A00083F31288BFF36F8F0A490B6C03F0C0036E
:10A2B00043F002030B6480F31188BFF36F8F82F3C6
:10A2C0001188BFF36F8F00205DF8044BFFF7A0BF2C
:10A2D000FC350020AC35002010B1012804D07047B7
:10A2E000034B1B6C5B0701D1FFF792BF704700BFA8
:10A2F000AC350020F8B52849BFF35B8F0646012234
:10A3000051E8003F41E800200028F9D1BFF35B8FFE
:10A3100033B9224922484B60CB608A6007F00FF9BD
:10A32000731E012B1DD80AF0A0FB0446D0B91D4BAB
:10A330001B78BBB14FF080430222C3F808230546C7
:10A340004FF08047D7F81824D7F81834D20312D525
:10A350009B0701D0012E0ED1BCB185F31188BFF34C
:10A360006F8FF8BDEFF31185402383F31288BFF39D
:10A370006F8F0124E4E71CB1284607F03BFEE1E7BC
:10A38000002121200AF029FCDCE74FF08043022263
:10A39000C3F80423E5E700BFA83500209835002066
:10A3A000C83500208F3C002010B5044C2046F7F73C
:10A3B0004FFC2046FAF732F8002010BDC1A301007F
:10A3C00073B5104E8DF807000446032501220DF1E8
:10A3D0000701002003F04AFA20B101233370204620
:10A3E00002B070BD3378002BF9D0013D08D00AF0DF
:10A3F0003CFB0028EAD1002142200AF0EEFBE5E711
:10A400003570ECE7FC3B0020EFF31182402383F32F
:10A410001288BFF36F8F0A4BD3F8001161B100218E
:10A42000D3F80805C3F80011D3F80031C0B282F3A5
:10A430001188BFF36F8F70476FF00A00F7E700BF16
:10A4400000D00040F0B5034610469C7893F803C056
:10A45000EFF31182402585F31288BFF36F8F1F78C9
:10A4600093F801E0E41B04EA0C04A04288BFA0B208
:10A470003E180CEA06063D461E7082F31188BFF3B3
:10A480006F8F0A188A4216D177450CD1EFF31182EB
:10A49000402181F31288BFF36F8F1978597082F3CE
:10A4A0001188BFF36F8F1B79241AA34222BF064B7A
:10A4B00001221A60F0BD5E190135767901F8016B51
:10A4C00005EA0C05DEE700BF00D00040DB432DE9C4
:10A4D000F04713F001050E46144604D02248FFF75A
:10A4E000B1FFBDE8F0879AB3EFF31188402383F3FF
:10A4F0001288BFF36F8F0D20F9F7ECFC07460D2093
:10A50000F9F7D4FC88F31188BFF36F8FDFF85CA0F4
:10A51000DFF85C80CAF80051DAF800314FF40059D6
:10A520000123CAF800302546C8F88091DAF80031D6
:10A5300083B1FFF769FF031EC8F88091F6DB013D88
:10A54000ADB27355002DF1D117B10D20F9F7A0FC74
:10A550002046C6E7EFF31180402383F31288BFF350
:10A560006F8F07F047FDE1E73036002000D0004054
:10A5700000E100E02DE9F041124F0D46144607F1CD
:10A58000450814B92046BDE8F0814FF0FF334FF085
:10A59000FF32384603F0CEFC224629464046FFF7FC
:10A5A00051FF0646384603F08BFC3EB94FF0FF32B0
:10A5B0004FF0FF33044803F0BDFCE6E7A41BA4B250
:10A5C0003544DEE7003600201836002038B5194C37
:10A5D0000122114620460AF059F90122002104F116
:10A5E00018000AF053F940F20743A4F848304FF03E
:10A5F000706323630C2384F8343000250E4B84F8F9
:10A600004550A4F84650D3F8042522F00102C3F8BF
:10A6100004250121C3F80051D3F80021C3F8041325
:10A620002A4619600D20F9F763FC0D20F9F730FC7C
:10A63000284638BD0036002000D0004010B5FFF796
:10A64000E3FE002820DB174B93F8322093F83140CB
:10A6500093F83310141B31EA0404C0B20DD193F8FF
:10A66000472093F8464093F84810141B31EA04043D
:10A670000BD10D4B01225A600EE09C1801321140A3
:10A6800084F8350083F8321010BD9C180132114057
:10A6900084F84A0083F847100448BDE8104003F0EE
:10A6A0000FBC00BF0036002000D00040183600204C
:10A6B000024B0B6001231360704700BF543600202B
:10A6C000004870478465020007B50346054A0091BB
:10A6D0000548012107F0A3FA6FF0150003B05DF8FB
:10A6E00004FB00BFA78B02004C5B020010B50122E7
:10A6F00011460748074C0AF0C9F801F059FD09F066
:10A7000022FE206009F01BFE6060002010BD00BF2B
:10A710005C3600205436002038B5037B04460BB16C
:10A7200009F0E4FA0125A368032B06D8124AD2F8EF
:10A730000034DB07FBD5002038BD2368606819684A
:10A7400002F058F8636804336360236804332360BD
:10A75000A368043BA360237B0135002BE3D028468C
:10A7600001F0B4FD0028DED0034AD2F80034D90746
:10A77000FBD50120E0E700BF00E00140F0B589B063
:10A780000E46154609F0DBFD29460746304609F01E
:10A7900049F860B3B6FBF7F307FB136323B9B5FBC6
:10A7A000F7F407FB14545CB11F4A009533461F4869
:10A7B000012107F034FA6FF01504204609B0F0BD0E
:10A7C000AF42FAD84FF0FF334FF0FF32184803F092
:10A7D000B1FB09F07FFA04AB014660B910221846BC
:10A7E0000AF096FBCDE9056508F0F8FF16E0114A7E
:10A7F00000953346DBE71022214618460AF088FB15
:10A8000001228DF81C200C4ACDE902200B48CDE92D
:10A81000056501F0D5FC02A801F0D8FC0446044807
:10A8200003F04EFBC9E700BFC48B02004C5B020083
:10A830005C360020A78B0200DD370200645E010059
:10A8400070B50D4688B01946284616461C4608F0D5
:10A85000E9FF58B91D4A00942B461D48012107F015
:10A86000DEF96FF01504204608B070BD45EA040318
:10A870009B0703D0174A00942B46EEE7002CF2D03A
:10A880004FF0FF334FF0FF32134803F053FB09F052
:10A8900021FA0346CDE9046504A806948BB101238F
:10A8A0008DF81C300D4BCDE9023041F64C5001F0D3
:10A8B00087FC02A801F08AFC0446074803F000FB6D
:10A8C000D1E78DF81C30FFF727FFF5E7A78B0200D3
:10A8D0004C5B0200E38B02005C36002019A70100EC
:10A8E000F0B545681646A8682A7C01F01F0487B0B9
:10A8F00044EA4214002869D0B6F5001F04D121466D
:10A9000009F015FD002052E001AA0020B6F5800FE5
:10A910000190506037D1B3F1007F14BF05230423A9
:10A920008DF804300023CDE904230393EB6823FA68
:10A9300001F111F001010DF103073AD1B6F1A07F49
:10A9400037D104F01F03620903F5E07326D0012A12
:10A950003FD1214A52F82330DB072AD4A8683A466F
:10A96000214609F05AFC16301BD00297A86803AAAA
:10A97000214609F01EFB002819DBA86801222146A8
:10A9800009F082FCBEE7B3F1C06F05D0B3F1007FE0
:10A9900014BF01230223C3E70323C1E74FF0A04202
:10A9A000D8E7A868394601F009FE0028DDDA07B0CB
:10A9B000F0BDA8683A46214609F02FFC0028D5D101
:10A9C0009DF80310A86801F0F3FDCFE76FF0850054
:10A9D000EDE751F82330FFDE00030050420970B567
:10A9E000034602D0012A17D070BD0D4E326951685E
:10A9F0000029F9D003F01F0301250C689D400029B0
:10AA0000F2D08A682A4002D04B68304698472CB171
:10AA1000236821461C46F2E7024EE7E72346F8E7A3
:10AA20005C5702003C57020038B54568A86890B1F1
:10AA300009F022FC014670B9A86809F001FC04463F
:10AA400058B902460649A86809F0E4FB22460521E8
:10AA50000620F9F74DFA002038BD6FF00400FBE73F
:10AA6000DDA901002DE9F043476840F20636D00623
:10AA70003B7C87B002EA060654BFC2F3401C4FF08D
:10AA8000030C01F01F05B6F5837F144645EA431514
:10AA90008DF803C045D00DD8062E16D005D8A6B126
:10AAA000022E40D06FF0150038E0B6F5807FF9D166
:10AAB00001260AE040F20222964236D0B6F5407FE7
:10AAC00035D0B6F5007FEDD102260123220303FA2B
:10AAD00001F12ED57B68C3F80815B86890BB05F066
:10AAE0001F036D092BD0012D75D13D4A02EB830266
:10AAF00084F48033D2F80017C3F30043C4F3404416
:10AB000044EA430421F4E16144EA8C0421F00701A2
:10AB100044EA06230B43C2F80037002007B0BDE823
:10AB2000F0830726D1E70426CFE70526CDE70326E5
:10AB3000CBE7630344BF7B68C3F80C15CDE74FF048
:10AB4000A042D3E70DF10202294609F066FB14F496
:10AB5000403F80460CD1B868294609F093FBB8F114
:10AB6000000FDAD19DF80210B86801F021FDD4E79A
:10AB70004FF0000901ABCDE90199CDE90439CDF8D9
:10AB80000C90B86803AA294609F013FA4845C4DBBB
:10AB900014F4003314D084F480349DF803308DF81D
:10ABA0000E30C4F300448DF80C608DF80D40B86889
:10ABB0004B4603AA294609F0B4FA0028CFDAACE7DD
:10ABC000CDE904330DF103030393B86803AA2946C2
:10ABD00009F0EFF9F1E703F5E07350F82330FFDEF9
:10ABE00000030050B0B50446406800AF82692346B8
:10ABF00000F1080102F0D6FB054698B123686C46C7
:10AC000088B06A460949C2E905134FF4007393837B
:10AC1000074B42F8103F074800234FF4E251F7F783
:10AC200097FFA5462846BD46B0BD00BF87890200F4
:10AC3000030000016C5B020008B5CA0743680069A5
:10AC40000AD4C1F34202012A09D0022A0FD00A4ACB
:10AC50000A48012106F0D0FF6FF0150006E01B68DE
:10AC60004FF0CC72C3F824250160002008BD1B689A
:10AC70004FF0CD62F6E700BF5F8C02006C5B020014
:10AC80002DE9F04186B00C4647689DF834801546A2
:10AC9000002112220DF106001E460AF039F9BDF816
:10ACA00030208DF8052004F0010314F008028DF81F
:10ACB00004300296049509D00C4A0D48012106F093
:10ACC0009BFF6FF0850006B0BDE8F081A10705D4B9
:10ACD000B8F1000F07D1002BF3D1202201A938468B
:10ACE00002F0CCFBEFE74022F8E700BF718C0200D6
:10ACF0006C5B0200036803F01F025B09026004D072
:10AD0000012B034818BF002070474FF0A040704748
:10AD1000000300502DE9F04FDFF88491DFF884A1A3
:10AD200085B01546834600EB810140F2FF18594576
:10AD300003D1002005B0BDE8F08FDBF800305E04E1
:10AD4000C3F3C322C3F3080400F1A380444519F8F8
:10AD500002704FEA136312D0192B1ED94E2B40F00C
:10AD60009B80C5F8144503A80394FFF7C3FF039B1A
:10AD7000012606FA03F3C0F8083532464EE0192BD7
:10AD800009D94E2B40F088804FF0FF33C5F81435B9
:10AD90000BF1040BCBE74FF0FF34192B7CD8DFE825
:10ADA00003F00D1218311B21317B7B7B7B34617BDF
:10ADB0007B7B7B7B7B7B7B7B646F7275C5F80C45F3
:10ADC000601CD0D1E4E7C5F81445661CE0D000262D
:10ADD000D3E7C5F80845F3E7621CC5F80845D7D0A6
:10ADE000002604E0631CC5F80C45D1D0012603A859
:10ADF0000394FFF77FFF039B012202FA03F3C0F8DD
:10AE00000C350BE0C5F81045DFE7C5F80845002F05
:10AE1000DBD1601CBCD0002632460627DBF80030B0
:10AE2000019303F40040002818BF002203A80092F9
:10AE300018BF01260394FFF75DFF039C019B009A56
:10AE400000EB8400C3F3412CD0F800473B0243EAF7
:10AE50008C03134304EA0A04234343EA4603C0F87D
:10AE6000003795E7C5F80C45D1E7C5F86045621C89
:10AE7000DBF800308CD0C3F30043002BB6D072E770
:10AE8000C5F86445F3E7C5F86845F0E7C5F86C45D3
:10AE9000EDE76FF015004DE76FF085004AE700BF62
:10AEA000978C0200F0F8FCFF2DE9F041044647685A
:10AEB0000D4609F0DAFD4FF0400888B9264B1B78A3
:10AEC00073B16426606808F0F1FDF0B9012008F064
:10AED00011FF013EF6D10021212009F07EFEF0E7AE
:10AEE000EFF31186314688F31288BFF36F8F6068E5
:10AEF00008F0DCFDA8B986F31188BFF36F8FEFE788
:10AF000086F31188BFF36F8FE5E7EFF311863146C3
:10AF100088F31288BFF36F8F606808F0C7FD0028C0
:10AF2000EED0FB691D706368FA691B680020C3F8E6
:10AF300044250122C3F84825C3F82001D3F8204155
:10AF4000C3F85801D3F858019A6081F31188BFF310
:10AF50006F8FBDE8F08100BF8F3C00202DE9F041EC
:10AF60000022054601210220F8F7C2FF0220F8F76F
:10AF70008FFF6C680121E06808F0C9FD6B681968F3
:10AF80002369C1F82435A27D637D207D1343228B84
:10AF900002431343C1F86C356F68D7E9004313F0DF
:10AFA000010346D0D5F8108004F10C0108F1080225
:10AFB00004F5907008F0DBFE061E07DA2A4A2B48DB
:10AFC000012106F019FE3046BDE8F08198F808002E
:10AFD00001F05CFA0823C4F80035FB69C4F8443575
:10AFE0000023C4F848350123A360D4F85831002B5E
:10AFF000FBD00026C4F800656B683146D86808F0BD
:10B0000086FD6D6831462C68E86808F080FD0823ED
:10B01000C4F800352A7A52B92B6AC4F834350123B2
:10B02000C4F83835C4F81021D4F810212360002664
:10B03000C9E70822C4F80025FA69C4F84425C4F811
:10B0400048350123A360D4F82031002BFBD0002326
:10B05000C4F82031D4F820310123E3604FF4807329
:10B06000C4F80433C1E700BF9F8C0200C45B020038
:10B0700070B5012383400E4ABFF35B8FDC4352E877
:10B08000001F01EA040542E80056002EF7D1BFF385
:10B090005B8F4FF4803282400648C0F80823BFF32C
:10B0A0005F8FBFF36F8F0B4214BF0120002070BD74
:10B0B0009C3600200010014070B40E49D1E90034E4
:10B0C000D01AC31844F1000422F07F46C1E90034CD
:10B0D000A6F50013B3F5400F09D2074B1B681A0AF7
:10B0E0001B069C19054B42F10005C3E9004570BCE5
:10B0F00003F082BEB8280020A0360020C02800201F
:10B1000011B3BFF35B8F0123104A834052E800CF95
:10B110004CEA030C42E800C10029F7D1BFF35B8F72
:10B120000B4A4FF480338340C2F80433094BBFF31A
:10B130005B8F1B68BFF35B8FC340DB0742BF064BCF
:10B140004FF40032C3F80021704700BF9C36002046
:10B15000001001409836002000E100E00D4B186817
:10B16000010A0006BFF35F8F0B4BD3F804351818A4
:10B1700041F10001B3F5801F0AD2084BD3E9002347
:10B18000904271EB030303D210F1807041F1000192
:10B19000704700BFA036002000100140C0280020EA
:10B1A0002DE9F04F85B016461F469DF840A0044695
:10B1B000FFF75EFF0190FFF7D1FFB04271EB07038D
:10B1C00054D23E4B301A67EB0101984271F10001F5
:10B1D0004FD23B4B03EB0413D3E902239F4208BF3A
:10B1E00096425ED037494FF4803804F1500508FA92
:10B1F00004F8AD00C1F848832046ADB208F099FCD0
:10B2000026F07F4B05F1804504F5A87305F58835D8
:10B21000DC464FF003090293029A2CF07F4341F879
:10B220002230C1F84483D1F80435274A6FF0020078
:10B23000C01A604420F07F40904232D9286868B13B
:10B24000D1F804350393A3EB0B0020F07F40B0F559
:10B25000000F26D9204608F06CFC039BBAF1000FC2
:10B2600007D109EB030C09F10109D5E7BAF1000F89
:10B2700009D06FF0150520460199FFF741FF2846D8
:10B2800005B0BDE8F08F0123104ABFF35B8FA340E8
:10B2900052E8000F184342E800010029F8D1BFF33B
:10B2A0005B8F07490E98230101EB0412C8500F9BD6
:10B2B0005360C2E902670025DDE700BF010080009E
:10B2C000A828002000100140FDFF7F0098360020D4
:10B2D0007FB51C4C1C4BC4F80833C4F848331B4BD7
:10B2E00000254FF0FF304FF0FF31C4F80855C3E997
:10B2F00002014FF48033C4F80433154B02264FF497
:10B3000000320121C4F804631120C3F880212A46C9
:10B31000F8F7EEFD1120F8F7BBFD0E4A0123A360FC
:10B32000236013600C4B0D4A0093CDE901550023B7
:10B330002846FFF735FF3046FEF7DCFF284604B00D
:10B3400070BD00BF0010014003000F00A8280020BE
:10B3500000E100E09C360020B9B00100FFFF7F0053
:10B360002DE9F7432B4CD4F8043399070BD5D4F8C7
:10B37000043143B1284A0023C4F80431D4F804311D
:10B38000136801331360D4F80433DA0323D5BFF311
:10B390005B8F224B53E8002F22F0010143E800109D
:10B3A0000028F7D1BFF35B8FD30702D4D4F8403124
:10B3B0008BB10025C4F84051D4F84031FFF7CEFEE0
:10B3C000EFF3108272B6164BD3E90267B042B9416F
:10B3D00004D282F3108803B0BDE8F0834FF0FF3849
:10B3E0004FF0FF39C3E90289D3E900101D604FF423
:10B3F0008033C4F84833C4F84051D4F8403182F364
:10B4000010880029E7D0009032463B4628468847FE
:10B41000E1E700BF00100140A03600209836002070
:10B42000A828002030B5431C124C85B005D08442BA
:10B43000A8BF0446012CB8BF0124FFF78FFE0E4BB6
:10B440000C4DD3E90013401AB0F5000F10D22218AA
:10B45000AA4228BF2A4652184FF00000074900911F
:10B46000CDE9010043F10003FFF79AFE05B030BDBE
:10B470002A46F0E7FFFF7F00B8280020B9B001009E
:10B4800008B5FFF76BFE024B1B68C01A08BD00BF72
:10B49000B828002002460B46014802F017BC00BF46
:10B4A000B0100020014802F089BC00BFB01000209D
:10B4B0000149024809F089BAA8360020202F00204F
:10B4C000094B93F84730042B02D1810709D4704708
:10B4D000022B02D1020704D47047082B03D1830644
:10B4E00001D5FFF7E5BF7047FF3B002010B40346CE
:10B4F0000A46044881680C68194623465DF8044BE7
:10B50000184700BF7C570200B0B584B000AF0024DC
:10B510003B1D7C600A22BC60C7F80B4039600146C5
:10B52000184609F015FE6D468AB0396803466A462A
:10B530000D48D161C2E905034FF4007313840B4B2E
:10B5400042F8103F0A4823464FF41151F7F700FB29
:10B55000AD4684F31188BFF36F8F0323184602DFD3
:10B560001037BD46B0BD00BFDC8C020004000001F6
:10B57000245B0200F0B589B0064600AF34480D46A2
:10B58000344909F006FA07F10C00E4F79FFF6C4616
:10B5900088B06A46304B5361304B93614FF400736F
:10B5A00093832F4B42F8103F2E492F4807F10C038D
:10B5B000F7F7CEFAA5462D4809F016F850B92C4AEF
:10B5C0002948012106F018FB6FF0120420462437A9
:10B5D000BD46F0BD274B7B60381DE4F7A1FF034655
:10B5E00038B1254A2048012106F00FFB6FF0150401
:10B5F000ECE74FF0FF304FF0FF31FFF74BFF044611
:10B600000028E3D11D491E48E4F722FF044610B18B
:10B61000FFF748FFDAE741F64C5307F10800BB603B
:10B62000F0F766FB20B1FFF73DFF6FF08504CDE733
:10B63000012338463B70F0F753FB0028F3D1FFF7A6
:10B6400031FF33690F481D60F9F722F9BEE700BFEB
:10B65000A8360020F73B0200EC7B0200018D0200BF
:10B6600003000001C01C4001245B02007C57020063
:10B67000288D0200EDB40100488D0200C82800208A
:10B6800055B70100C1B4010030B52F4887B0E4F7C9
:10B690005DFE0446002851D1E4F72AFF0125E4F7B6
:10B6A00033FFF0F71BF9F0F71BF903AA022120463C
:10B6B0008DF80C50E4F77EFE00283EDB082303AA39
:10B6C00007212046ADF80C30E4F774FE002834DB87
:10B6D0004FF01B13039303AA40F2032303212046D8
:10B6E000ADF81030E4F766FE002826DB03AA04213B
:10B6F00020468DF80C50E4F75DFE00281DDB1F236B
:10B7000003AA06212046ADF80C30E4F753FE0028CA
:10B7100013DBB0F5CB6F14DD0C4A00904FF4CB6314
:10B720000B48294606F07BFA84F31188BFF36F8F2C
:10B730000423184602DF6FF00B000446204607B0D2
:10B7400030BD2046F9E700BF09B501006C8D02004D
:10B75000245B020073B5474C94F8473023B394F848
:10B760004730042B5BD120783E2830D0FF2834D0DE
:10B77000002563780233472B34D9472200923E4894
:10B780003E4A012106F04BFA3D4A3B486FF00B035D
:10B79000012106F03AFA002383F31188BFF36F8F7B
:10B7A0000423184602DF26E04FF0FF304FF0FF3150
:10B7B000FFF770FE48B904F14701204600F088FB0E
:10B7C0000546FFF76FFE002DC9D002B070BDA57809
:10B7D000022D14BF00250125CBE7A57805F0FD0556
:10B7E000802DF6E7002200232946F9F75FF8064688
:10B7F00048B9002DE9D0002384F8473002B0BDE8F5
:10B800007040FFF755BE62781A4902320C3006F0DC
:10B81000AEFC1C4B1B6831461B489847EBE7022BDC
:10B8200015D1002200230820F9F71AF80546002850
:10B83000CBD063880433472B9FD80E491A4605F1B5
:10B840000C0006F094FC0F4B29461B68E4E7082B1C
:10B8500009D1002300222020F9F702F86388054669
:10B860000028E7D1B1E7094A0348012106F0CDF9E4
:10B87000C1E700BFFF3B0020245B02008F8D020068
:10B88000E98D0200A4360020BC570200B08D0200F2
:10B89000F7B5C04D2B780646002B40F012830423E9
:10B8A0008DF80730BC4B04881F68B7B10DF1060353
:10B8B0000DF10702691CB84701280ED09DF806302B
:10B8C000002B40F074819DF80730AB700E220123ED
:10B8D0006A70EB70AC80A87172E1B4F5105F4FEA4A
:10B8E00094230AD2002B4ED0013B072B08D8DFE867
:10B8F00003F00907367A070707C13F2B00F0EA81FA
:10B90000012055E0304640F2064230F9033B9342B5
:10B910000FD040F21D4293421ED0012040F2064358
:10B920009C4200F0448140F21D439C4200F03F8164
:10B930003EE0F0F72BFA42F264039C4240F2988218
:10B9400042F285039C4233D842F267039C4200F2E4
:10B95000A18242F26603E8E7F0F71AFAEBE7304615
:10B9600040F6634230F9033B934230D00DDC40F6A1
:10B97000034293421FD040F62D4293421ED040F620
:10B980000142934212D0012011E140F67B429342E2
:10B9900020D040F67C429342F5D19DF807307F4994
:10B9A00002338DF80730F0F723F901E0F0F712F9D0
:10B9B0000128E8D087E7E4F789FEF9E79DF807302A
:10B9C000764903338DF80730F0F709F9F0E7F0F71F
:10B9D00008F9EDE79DF80730704904338DF807301A
:10B9E000F0F704F9E4E73388A3F58053013B082B13
:10B9F000C9D801A252F823F01DBA01002FBA0100E4
:10BA000043BA010087B9010087B9010087B9010075
:10BA100087B9010087B9010063BA01009DF80730BA
:10BA20005E4808338DF80730F0F77DF9C0E79DF8E0
:10BA300007305A4840338DF8073008F0DEF8002010
:10BA400041E79DF8073008338DF80730534B00224B
:10BA50001A605A60EB7A23F0600343F06003EB72E4
:10BA6000EDE79DF807304D4806338DF80730F0F7C5
:10BA70005CF99DE7304642F2320130F8033B1AB2DE
:10BA80008A4279DCB2F5005F42F2640208DC94423B
:10BA90003FF479AF40F2FC8142F28503012051E787
:10BAA000A3F50053013B312BF1D801A151F823F04C
:10BAB000A1BB0100CBBB0100DDBB01008FBA0100BF
:10BAC000EFBB0100F5BB0100FBBB01000DBC010099
:10BAD00013BC010019BC01008FBA01008FBA01002C
:10BAE0008FBA01008FBA01008FBA01008FBA01002E
:10BAF0008FBA01008FBA01008FBA01008FBA01001E
:10BB000025BC010037BC01003DBC01004FBC010059
:10BB10008FBA010061BC010073BC010085BC01004B
:10BB20008FBA01008FBA01008FBA01008FBA0100ED
:10BB30008FBA01008FBA01008FBA01008FBA0100DD
:10BB40008FBA01008FBA01008FBA01008FBA0100CD
:10BB50008FBA01008FBA01008FBA01008FBA0100BD
:10BB60008FBA01008FBA01008FBA0100A5BC010095
:10BB7000B7BC0100BDBC010042F24B039A4200F089
:10BB8000A08042F27C039A4249D042F264039C4274
:10BB90007EE700BF473C0020B83600204E3C002026
:10BBA000F0F7C5F842F264039C427FF4C4AE0F2361
:10BBB0006B700423AB700123E8702B71A5F805406E
:10BBC00001232B70002003B0F0BD9DF80730BE4864
:10BBD00003338DF80730F0F7AFF8E3E79DF807304F
:10BBE000B94808338DF80730F0F7A8F8DAE7F0F72E
:10BBF000A7F8D7E7F0F7A6F8D4E79DF80730B248E2
:10BC000001338DF80730F0F79FF8CBE7F0F79EF897
:10BC1000C8E7F0F79DF8C5E7F0F79CF8C2E7F0F742
:10BC2000B3F8BFE79DF80730A74907338DF8073011
:10BC3000F0F792F8B6E7F0F791F8B3E79DF8073020
:10BC4000A14910338DF80730F0F78AF8AAE79DF87C
:10BC500007309D4808338DF80730F0F783F8A1E7E7
:10BC60009DF80730984902338DF80730F0F77CF8DB
:10BC700098E79DF80730944902338DF80730F0F7C4
:10BC800077F88FE79DF8073008338DF807308F235A
:10BC9000EB71C023EB7242F264039C4240F0E280FD
:10BCA000002084E79DF80730874904338DF807307A
:10BCB000F0F762F876E7F0F761F873E7F0F760F80D
:10BCC00070E79DF80730804802338DF80730F0F7B1
:10BCD00059F867E730464FF6165230F8033B934267
:10BCE0005AD84FF60152934206D803F2FF3292B26D
:10BCF0000A2A33D901205EE0A3F57D43023B142BD1
:10BD0000F8D801A252F823F029BE01002FBE01008D
:10BD100035BE01003BBE0100F5BC0100F5BC0100D1
:10BD2000F5BC010041BE0100F5BC0100F5BC0100FD
:10BD300047BE0100F5BC0100F5BC0100F5BC0100E7
:10BD4000F5BC0100F5BC0100F5BC0100F5BC01002B
:10BD50004DBE0100F5BC01005FBE0100A3F57C43B0
:10BD6000013B0A2BC6D801A252F823F0A7BD01005F
:10BD7000C3BD0100F5BC0100F5BC0100F5BC01002C
:10BD800011BE0100F5BC0100F5BC0100EDBD0100D4
:10BD9000FFBD010017BE01004FF61D529342A9D10D
:10BDA000EFF7BFFF07E09DF8073047480C338DF8E9
:10BDB0000730EFF71FFF24F008034FF602529342BB
:10BDC000B4E59DF8073040338DF807303E4B002036
:10BDD0001880EB7923F0230343F02303EB712B7AD4
:10BDE00023F0070343F007032B72E4E79DF80730C5
:10BDF000354817338DF80730EFF719FFDBE79DF86B
:10BE00000730314820338DF80730EFF734FFD2E7A1
:10BE1000EFF70BFFCFE79DF807302B4801338DF884
:10BE20000730EFF745FFC6E7EFF758FFC3E7EFF737
:10BE300057FFC0E7EFF756FFBDE7EFF759FFBAE747
:10BE4000EFF758FFB7E7EFF759FFB4E79DF8073072
:10BE50001D4904338DF80730EFF752FFABE7EFF7DA
:10BE60005EFFA8E703D942F2850300206AE50020BF
:10BE700042F219039C4218D842F20C039C427FF60E
:10BE80004DADA4F500530D3B9BB241F2412206E0BB
:10BE90000120EDE7A4F50153283B0C4A9BB222FA9E
:10BEA00003F3DB077FF584AD81E642F232039C4267
:10BEB0003FF47DAEA4F50153033B012B3FF678AD73
:10BEC00075E64FF0FF307EE64E3C00202F8040208C
:10BED00038B5094C23780D461BB9BDE83840EFF75B
:10BEE00069BEA278611C023209F004F80020042324
:10BEF00020702B7038BD00BF473C002070B5054650
:10BF00000E46084C204608F06FFB38B1A368B2B269
:10BF1000294620461B68BDE8704018476FF01200A4
:10BF200070BD00BF7C57020037B54FF4FA73ADF80F
:10BF3000043000238DF80630154A4FF400630125C4
:10BF400019216846ADF800308DF80250EEF768FC14
:10BF50000446C8B907F0D3FB80B2EEF77BF80D4872
:10BF60002946F2F761FC044670B901462A460820CA
:10BF7000F7F7BEFF2A4621460B20F7F7B9FF2A46FE
:10BF800021462846F7F7B4FF204603B030BD00BF76
:10BF9000A9BF0100C03600200149024808F015BDC4
:10BFA000F0360020202F0020B0B584B000AF002470
:10BFB0003B1D7C600A22BC60C7F80B40396001461B
:10BFC000184609F0C5F86D468AB0396803466A46D6
:10BFD0000D48D161C2E905034FF4007313840B4B84
:10BFE00042F8103F0A4823464FF41151F6F7B0FDCE
:10BFF000AD4684F31188BFF36F8F0323184602DF29
:10C000001037BD46B0BD00BF418E020004000001E4
:10C01000845B020037B5174D1749002400946FF078
:10C0200009034FF48062284602F044F91349284678
:10C0300008F021FD1249134808F0ABFC2246042108
:10C040001920F7F755FFBFF35B8F0F4B012253E821
:10C05000001F43E800200028F9D1BFF35B8F0B4994
:10C060004FF480320023284602F064F9204603B0E2
:10C0700030BD00BF202F002000450020558E02005B
:10C080005B3C0200F0360020BC360020480A00204D
:10C0900010B5094BBFF35B8F1B68BFF35B8F53B1C8
:10C0A000EDF76EFFBDE81040044905484FF48032BB
:10C0B000002302F03FB910BDBC360020480A002022
:10C0C000202F00200346024A0248022105F09DBDB0
:10C0D000698E0200A45B020010B9024B1B6818476E
:10C0E000FFF7F0BF00370020014B01201B68184705
:10C0F0000037002028B1012807D104490020EDF7BE
:10C10000C1BE034B01201B6818477047D9C001000E
:10C1100000370020014B18600020704700370020D6
:10C1200010B51F48BFF35B8F0368BFF35B8F23B964
:10C13000062904D8042926D839B1002010BD0729C2
:10C14000FBD1403801F0BCFEF7E750F8203CA0F1ED
:10C150004004D3E900209047012808D0114B9842B1
:10C1600003D00223E06384F834300F48E6E742F25C
:10C1700010732363032384F8343004F1240384F818
:10C180002900A363F1E700F8173C084B40F8103C86
:10C19000A0F11C014038007EF2F787FBCDE700BF1D
:10C1A000443700201F64660238370020FF3F420FEB
:10C1B00002480122002108F069BB00BF04370020BB
:10C1C000014BD861704700BF0437002038B54FF0ED
:10C1D000FF3105464FF0FF30FFF75CF93449354831
:10C1E000EEF72CFA0446FFF75DF9002C08DA324826
:10C1F000324A2346012105F008FD6FF00B0038BDDF
:10C200002F4C40F201132385E36925626433E36216
:10C2100042F21073236300226FF0730384F824202A
:10C22000E36304F14005BFF35B8F55E8003F45E849
:10C2300000210029F9D1BFF35B8F4FF0FF314FF0A0
:10C24000FF30FFF727F904F12401207EF2F72DFBE0
:10C25000FFF728F91B4A0023204601F06BFE002857
:10C260000FDA194A1448012105F0C6FCBFF35B8FB1
:10C27000012355E8002F45E800310029F9D1BFF32B
:10C280005B8F4FF0FF314FF0FF30FFF703F9207E57
:10C29000F2F7EDFAFFF706F9BFF35B8F236CBFF3FC
:10C2A0005B8F13B1064801F06BFEE06BA7E700BFA0
:10C2B0001C37002021C10100545B0200958E020052
:10C2C00004370020447B0B00BB8E0200074B012289
:10C2D0001A64D3F84035B3FBF0F01844044BDB6923
:10C2E000984234BF00200120704700BF008000400A
:10C2F00004370020024AD2F80034002BFBD07047EC
:10C3000000E0014010B54FF08053D3F830210D2AE2
:10C3100055D14FF080410022C1F80C21C1F8102105
:10C32000C1F838254B4AD3F80404C2F82005D3F8E5
:10C330000804C2F82405D3F80C04C2F82805D3F881
:10C340001004C2F82C05D3F81404C2F83005D3F851
:10C350001804C2F83405D3F81C04C2F84005D3F819
:10C360002004C2F84405D3F82404C2F84805D3F8E1
:10C370002804C2F84C05D3F82C04C2F85005D3F8B1
:10C380003004C2F85405D3F83404C2F86005D3F879
:10C390003804C2F86405D3F83C04C2F86805D3F841
:10C3A0004004C2F86C05D3F84434C2F87035D1F8B3
:10C3B0000034DB0744BF6FF00103C1F80034264AA4
:10C3C000D2F8883043F47003C2F88830BFF34F8F3F
:10C3D000BFF36F8F4FF08053D3F830210D2A0AD16D
:10C3E000D3F834313BB14FF01023D3F808224FF08B
:10C3F0008043C3F858254FF01023D3F80022002AB9
:10C4000003DBD3F80432002B22DA144901234FF066
:10C410001020C1F804351224FFF76CFFC0F8004269
:10C42000FFF768FFC0F80442FFF764FF0023C1F87C
:10C430000435FFF75FFFBFF34F8F0749084BCA680A
:10C4400002F4E0621343CB60BFF34F8F00BFFDE700
:10C4500010BD00BF00C0004000ED00E000E0014062
:10C460000400FA05014B1860704700BF48370020F0
:10C4700010B5054B1868144607F03EFC0028A4BF11
:10C480002070002010BD00BF48370020024A012361
:10C490008340C2F80435704700F00140036803F0A0
:10C4A0001F025B09026004D0012B034818BF002063
:10C4B00070474FF0A040704700030050034A430903
:10C4C00000F01F00D35C1844C0B27047D38E020046
:10C4D000034611F0010030B5CCB213D1A207C4F36A
:10C4E000400020D5124AD2F8200558604FF0805302
:10C4F000C2F82005D3F830310D2B15D0003818BF05
:10C50000012010E04FF0A0414FF08055D1F82025D8
:10C510001A60C1F82025D5F830510D2D08BFD1F88B
:10C520002015002ADAD030BDD2F82035E6E700BF6A
:10C5300000030050F7B504460846FFF7BFFF06B2F8
:10C5400004EB46060D46B38ADB072BD5204607F0E1
:10C550000DFD2946204607F078FC58B1204607F02B
:10C560008AFC276800B207EB80030022C3F810257D
:10C57000C3F810252946204607F0A6FC0021B18209
:10C5800001A80195FFF78AFF019B00EB8300074B91
:10C59000D0F80027134043F00203C0F800370846E4
:10C5A00003B0F0BD6FF01500FAE700BFF0F8FCFF34
:10C5B000014807F0BFBB00BFAC0C002010B5044819
:10C5C0000C4607F099FB0028A4BF2070002010BD86
:10C5D000AC0C00202DE9F04F804689B058F804AB30
:10C5E000DAF80413C9B28346082241F000415046EC
:10C5F00007F094FC051E2BDA0023032106A8CDE9E1
:10C600000633FFF765FF644B01930DF11809002312
:10C61000019A009312F8013B60490192DA0803F095
:10C6200007038A5C22FA03F3DA071AD4009B09F1A4
:10C630000409A3B14FF000410022504607F06EFC00
:10C64000032106A8FFF744FF0028DCD125F00045B0
:10C650000124002D40F08A8009B0BDE8F08F01234D
:10C66000D6E7009B4E4A13440293D9F800100029E4
:10C67000DCD0029B91FAA1F11C78B1FA81F141EA78
:10C6800044142046FFF71AFF0BEB40000594878AFD
:10C69000C808BB0819F80020039301F00701012323
:10C6A00003FA01F122EA010209F8002005A8FFF7C8
:10C6B000F5FE059A039B02F5E072C7F3820650F877
:10C6C00022205B073746C2F3014233D5D6B240463B
:10C6D0003A46214607F0D9FB05A80594FFF7DEFE90
:10C6E000059B03F5E07350F82330C3F301439E42EA
:10C6F00007D10021204607F099FB3146204607F07C
:10C7000095FB05A80594FFF7C9FE059B012202FAD7
:10C7100003F3C0F820354FF08053D3F830310D2BA0
:10C7200001BFD0F82035D0F82035D0F82035D0F82A
:10C7300020359AE7022A0DD10321204607F076FB27
:10C7400006F00503012BDCD13A462146404607F0AE
:10C750009CFBD6E702212046039207F067FB032EDD
:10C76000F2D0039A032ACCD1022EECE795FAA5F376
:10C77000B3FA83F304FA03F225EA020503F5A27281
:10C780000BEB43035AF82220B3F87010C2F30142B6
:10C79000404607F07AFB5CE7E38E02007066020019
:10C7A000E38E0200044AD2F80034DB07FBD50160B7
:10C7B000BFF35F8F704700BF00E001404FF0805330
:10C7C0001A69B0FBF2F302FB13036BB9084B0222A8
:10C7D000C3F80425C3F80805D3F80024D207FBD515
:10C7E0000020C3F8040570476FF00C00704700BFCD
:10C7F00000E0014010B5054C0123C4F80435FFF7F3
:10C80000D1FF0023C4F8043510BD00BF00E0014093
:10C8100080F08003042B04D8054B034413F8800CEC
:10C82000704707289ABF034B185C0020704700BF71
:10C83000E58E0200EA8E020030B50B4B012493F81E
:10C84000305000220823204203D0254208D0013274
:10C85000D2B2013B4FEA4404F5D10A70184630BD0C
:10C860006FF01500FBE700BF4C370020054B93F835
:10C870002E00431E012B03D9043818BF0120704736
:10C88000002070474C37002010B5164A164900208A
:10C89000C2F8000591F82F40D2F8043381F82E40F9
:10C8A0000C6823F033030CB143F02303C2F81C01DE
:10C8B000D2F81C41C2F81801D2F81841C2F8080198
:10C8C000D2F8082191F83320D00791F8342048BFDE
:10C8D00043F08003D207034A48BF43F04003C2F845
:10C8E000003310BD007000404C37002070B50D4A79
:10C8F000002392F8301001251E4618B90BB182F8BA
:10C90000301070BD90FAA0F3B3FA83F305FA03F484
:10C910000C3302EB430320EA0400DE8021EA040129
:10C920000123EAE74C37002073B50023044601AA2F
:10C930000E464FF48071019307F009FD4FF48A71A0
:10C94000204607F004FD4FF482710546204607F0AB
:10C95000FEFC20B11EB115B1144BD3F8343601AA38
:10C960004FF48471204607F0F2FC4FF486712046A4
:10C9700007F0EDFC4FF48871204607F0E8FC0C4B03
:10C98000234083B14FF48E75294601AA204607F053
:10C99000DEFC291F083589B22046ADB207F0D7FC6E
:10C9A000B5F5AE7FF0D1019802B070BD00700040C7
:10C9B000C0FF3F002DE9F04F9A464FF0805393B0EF
:10C9C000D3F830311C9D0D2B3BD10DF1080C0AAF73
:10C9D000404C3E46E046002304EB031E0133DEF8E4
:10C9E000189548F8049B082BDEF81CE546F804EB84
:10C9F000F2D1D4F8F065D4F8403601934FF0010E2F
:10CA00000023D4F84496D4F84886C4F8FC3FC4F810
:10CA1000FCEF304C5CF804BB04EB031E0133CEF892
:10CA200018B557F804BBCEF81CB5082BF2D1019B02
:10CA3000C4F84036F6B2C4F84496C4F84886C4F840
:10CA4000F065254B002483F8334083F834409C6024
:10CA50001C611D6083F831009C831E4BC3F8F015E8
:10CA6000C3F8F4254DB32322C3F800231A4D194E01
:10CA70000021012707FA01F303404FEA01121FD0FA
:10CA800002F1804303F5E043EC7F95F81EC0C3F844
:10CA900010C5C3F81445534632440131D2F8184545
:10CAA00024F0807444EA03630829C2F8183505F1BC
:10CAB0000205DFD113B0BDE8F08FC3F80053D5E70E
:10CAC00002F1804404F5E044C4F81035C4F814358C
:10CAD000E2E700BF007000404C370020F8B5044684
:10CAE000067A4779417AC079FFF792FE10B96FF064
:10CAF0001500F8BD214A01F10C0502EB4503012F99
:10CB0000987139D13046FFF783FE0028EFD002EB51
:10CB10004505E871E378A0781B03000200F4E060AB
:10CB200003F480530343207800F00300034320798B
:10CB3000000400F4E02003436078000100F03000BE
:10CB40000343A079000600F080700343607900057C
:10CB500000F480100343080100F1804000F5E0403C
:10CB6000C0F81835012303FA01F192F830300B4375
:10CB700082F830300020BCE70020C8E74C370020A6
:10CB800070B51F4D95F82E40002C36D10126FF20A0
:10CB900085F82E60FFF7AAFE1A4B1B49C3F8004127
:10CBA000D3F80021C3F80441D3F80421C3F810419D
:10CBB000D3F81021C3F81441D3F814311C239A0878
:10CBC00006FA02F212F0330F1FBF03F1804202F5A2
:10CBD000E242146012681A1F920806FA02F212F07A
:10CBE000330F1CBF5C505A5808335C2BE7D1072029
:10CBF000F7F74EF90020286070BD6FF07700FBE773
:10CC00004C37002000700040FC700040014B93F84E
:10CC1000300070474C3700202DE9FF4105460F4694
:10CC200016469846FFF722FEF8B90DF10F01284687
:10CC3000FFF702FE0446A0B90D4BC3F8F805331EFA
:10CC400018BF01233246CDF8008039462846FFF749
:10CC5000B1FE084B9DF80F2083F83220022283F8A2
:10CC60002E20204604B0BDE8F0816FF00F04F8E7F5
:10CC7000007000404C3700202DE9FF4707469946D9
:10CC8000FFF7F4FD8A461446064600283DD10DF113
:10CC90000F013846FFF7D0FD054638BB63889DF885
:10CCA0000F803BB3B8F1010F32D8B9F1000F2FD08C
:10CCB0002278637812B1B3FA83F67609CDF8009042
:10CCC00051463846FFF776FE6388134A0BB143F4AA
:10CCD0008053C2F8F835114B83F83280227983F8FB
:10CCE0003520042283F8366083F82E20284604B0CD
:10CCF000BDE8F08722786378002ADFD0002BDDD1F1
:10CD0000B8F1010F04D80126D8E76FF00F05EDE761
:10CD10006FF08505EAE700BF007000404C37002047
:10CD200030B51D4A136904466BBB00F06043B3F194
:10CD3000005F2BD192F83250B1FBF5F305FB1310D5
:10CD400038BB0BB2002B24DD92F82E30052B06D811
:10CD5000032B0BD8022B0ED06FF0760030BD062BC4
:10CD6000FAD10E4BC3F82C46C3F8301693683BB18A
:10CD7000C2E90441F2E78D420BD1C2E90245EDE779
:10CD8000C2E90241EAE76FF07700E7E76FF00C00D5
:10CD9000E4E76FF00600E1E74C3700200070004048
:10CDA0002DE9F341514CA368002B00F09B8094F8CF
:10CDB0002E20022A06D0042A31D06FF0760002B06D
:10CDC000BDE8F0814A4D0126C5F800652168E2689A
:10CDD00049B1032184F82E10C5F82C36C5F8302649
:10CDE0002E600020EBE7C5F82C36C5F830262E6003
:10CDF00007F0C4FA08346E6021460220FFF794FD64
:10CE00000028F9D03A4B0022C3F80821D3F80811C2
:10CE1000C3F80C21D3F80C11C3F80025E1E7344D19
:10CE20004FF00108C5F80085276857B1052284F83E
:10CE30002E20E268C5F82C36C5F83026C5F80080EB
:10CE4000CFE7A18B94F83220019203EB41030093CA
:10CE5000C5F82C36C5F83026C5F8008007F08EFAE4
:10CE600094F8363063BB224D01236B606946022083
:10CE7000FFF75AFD0028F9D00023C5F80831D5F88E
:10CE80000821C5F80C31D5F80C21A18B94F832207B
:10CE90000A44E16892B28A42A28321BF154AA38361
:10CEA000D2E90201236124BFC2E900011846104BF8
:10CEB0004FF0000238BF6FF00F00C3F800257EE787
:10CEC000D5F8F465F6B208FA06F6013EBE42CAD9B4
:10CED000C5F8048000210420FFF726FD0028F9D0C2
:10CEE0000137F3E76FF00B0069E700BF4C37002014
:10CEF0000070004054370020F8B50246FFF7B6FC3A
:10CF0000002851D12A4E2B4C96F82E3086F82F301F
:10CF1000072386F82E3001237260C4F80035D4F858
:10CF20000453C4F80003E3603AB125F0C00545F0AE
:10CF30003305C4F800530020F8BD00211020FFF78E
:10CF4000F3FC0028F9D00023C4F80431D4F80431EC
:10CF5000194BC4F82C3601270223C4F83036276059
:10CF600007F00CFAA76000212020FFF7DDFC002865
:10CF7000F9D0104B0022C3F80421D3F80411C3F8F0
:10CF80000821D3F80811C3F8002596F82F1086F869
:10CF90002E10C3F81C21D3F81C11C3F81821D3F8A4
:10CFA0001821C3F80053C6E76FF00F00C4E700BFB5
:10CFB0004C37002000700040643700207FB5644982
:10CFC000634E3320FFF7B0FC10F0100F05460BD076
:10CFD000604B1022C3F80823B218C3F82C26022293
:10CFE000C3F8302601221A605B4CAA0694F82E3052
:10CFF0000ED5072B574A05D0D2F834369BB2E360E2
:10D0000000232361D2F80433DB0601D5FFF73CFC93
:10D01000A8071AD594F82E20A16802910023E16890
:10D020008DF80430062AADF80C101AD0072A39D032
:10D03000032A0AD1474AC2F80035C2F80035022354
:10D0400084F82E30236801A89847E90751D594F851
:10D050002E30033B042B4CD8DFE803F05C4B2B4312
:10D06000600094F8353023B1236913B1394B0122A4
:10D070001A60236801A89847384B93E8030086E8B4
:10D08000030000232361A368002BDED1314AC2F8DC
:10D090000035C2F80035042384F82E3005238DF8BE
:10D0A0000430CFE7FFF7F0FB02238DF8043063680C
:10D0B000C9E704238DF8043001A823689847254B5D
:10D0C000D3F8F825D20444BF01225A60226906230E
:10D0D00084F82E302AB11F4B6169C3F82C26C3F89F
:10D0E000301623692BB903238DF8043001A8236877
:10D0F000984794F82E30072B0AD0164B1848D3F8CF
:10D10000043300211840FFF70FFC012685094DB9B3
:10D1100004B070BD0F4B01225A60EAE70D4B0122AB
:10D120009A60E6E795FAA5F3B3FA83F306FA03F2F9
:10D1300025EA02055A08DB4303F001038DF80930A4
:10D140008DF8046023688DF8082001A89847DEE771
:10D1500054370020007000404C3700205C3700201E
:10D16000C0FF3F0030B500F01F04400911D0012876
:10D1700012D10C4800EB84001B02D0F800570A4C77
:10D1800043EA82022C4042EA41012143C0F80017E1
:10D1900030BD4FF0A040EDE704F5E074002353F8F4
:10D1A0002430FFDE00030050F0F8FCFFCB7B10B40E
:10D1B00033B9D1E900420368C3F80845C3F80C2528
:10D1C00003688A68C3F8242503793C225343064A3E
:10D1D000D35833B100685DF8044B40F30730F6F7DD
:10D1E00057BE5DF8044B70478437002013B5394BA8
:10D1F00001930023C0F80431D0F80421C0F8243191
:10D20000D0F82421C0F81C31D0F81C21C0F8083116
:10D21000D0F80821C0F800324B6381F82F30012389
:10D22000036291F82D209A4218BF83604B6B8A6A83
:10D23000934204460ED24A6AD35CC0F81C350B6890
:10D2400003B340F286238B608B68C4F8043300205C
:10D2500002B010BD91F82C3013B10123C361EEE789
:10D260000B6A13F0400F4FF0010316BFC361436117
:10D2700081F82D30E3E7204607F095F828B1019BAF
:10D28000013B0193019B002BF5DC91F82F0058B96D
:10D29000019B002BDCDC0023C4F800350523C4F817
:10D2A00000356FF08B00D3E7D4F8C434C4F8C4342D
:10D2B00063B19A075ABF03F001008C386FF0040085
:10D2C00013F0040F18BF6FF00A00E1E76FF08B0056
:10D2D000DEE700BFA086010013B5314B01930023A8
:10D2E000C0F80431D0F80421C0F82431D0F824214A
:10D2F000C0F81C31D0F81C21C0F80831D0F8082142
:10D300004B6381F82F308B6A012B044617D10B6ACF
:10D31000580614D40223C4F800320123236291F882
:10D320002D20022A18BF23600B688BB140F28623A0
:10D330008B608B68C4F80433002002B010BD012359
:10D34000E9E7204607F02FF828B1019B013B019344
:10D35000019B002BF5DC91F82F0058B9019B002BA5
:10D36000EBDC0023C4F800350523C4F800356FF06A
:10D370008B00E2E7D4F8C434C4F8C43463B19A072C
:10D380005ABF03F001008C386FF0040013F0040F53
:10D3900018BF6FF00A00E1E76FF08B00DEE700BF17
:10D3A000A08601002DE9F84390F804901C4E074632
:10D3B0003C2000FB09F035180C4695F82E1061BB97
:10D3C000A96032506B6085F82D1085F8311085F812
:10D3D0003010CCB1637B85F8383094F80E8085F836
:10D3E0003980B8F1000F0BD1206806230322414693
:10D3F000FFF7B8FE6068062303224146FFF7B2FE3E
:10D4000021463846FFF7D2FE3C2303FB0966012381
:10D4100086F82E300020BDE8F8836FF07700FAE739
:10D4200084370020036802790521C3F80015044BF6
:10D430003C2101FB0233022283F82E20704700BFFB
:10D440008437002003680B4A0179C3F80823D3F816
:10D45000002222F00302C3F800220022C3F80025B4
:10D46000054B3C2000FB0133012183F82E1083F88B
:10D470003020704786420400843700202DE9F047B1
:10D48000DFF8D0800779D0F800A03C2303FB0783A6
:10D49000C7EB071993F82D30012B0C46164608EB05
:10D4A000890905D10B78012B07D16FF0760012E0C6
:10D4B000022B02D10B78012BF7D13C25244BCAF863
:10D4C000083305FB078595F8303033B1AB68CAF8EF
:10D4D00004336FF00F00BDE8F08786F00403C3F358
:10D4E000800385F830302E62A646BEE80F0005F1B5
:10D4F0000C0CACE80F00DEF80030CCF800306368AC
:10D50000AB62E3686B626378CAF888352378012BD5
:10D5100018D0ABB9C6F340163C2303FB078349463A
:10D52000504683F82C60FFF761FE3C235F4308EB15
:10D53000070258F80730002BCDD182F83030CAE707
:10D540000126E9E749465046FFF7C6FEEDE700BF72
:10D550008642040084370020F0B5324C324887B050
:10D56000214606F020FF002859D194F82F70FFB90A
:10D57000227B931E012B1BD8606AA369984217D1A6
:10D58000E36963626369A362236A274884F82D70A4
:10D59000C3F34013032A84F82C3004D107B0BDE84C
:10D5A000F040FFF723BE07B0BDE8F040FFF794BEA0
:10D5B0001E4E0FCE01AD0FC533682B6047B31A4A1C
:10D5C000D2F8C434C2F8C43413F0020106D00123E7
:10D5D0008DF80030002384F8303007E013F00402A7
:10D5E00009D002238DF8003084F83010D4E90031DE
:10D5F0006846984713E013F0010305D003238DF824
:10D60000003084F83020F1E704228DF80020E2E7B2
:10D61000236A8DF800705B0784F83070E6D507B098
:10D62000F0BD00BF8437002000300040903700205C
:10D63000036803F01F025B09026004D0012B03485A
:10D6400018BF002070474FF0A04070470003005003
:10D65000F7B5064606F03FFF084606F03CFF01A876
:10D660000196FFF7E5FF019B2F4D00EB83000C4671
:10D67000D0F80037019440F20D612B400B43C0F805
:10D68000003701A8FFF7D4FF019B00EB83000127BF
:10D69000D0F800372B400B43C0F80037042006F0C9
:10D6A00029FB092501A80194FFF7C2FF019AD0F8D0
:10D6B0001035D340DB0715D401A80196FFF7B8FF5A
:10D6C000019B07FA03F3C0F80C35042006F012FBA7
:10D6D000304606F000FF013D042006F00BFB15F07C
:10D6E000FF05DFD101A80194FFF7A2FF019A0123F2
:10D6F0009340C0F80C35042006F0FCFA204606F0F2
:10D70000EAFE042006F0F6FA01A80194FFF790FF64
:10D71000019AD0F81035D34013F0010F0CBF6FF011
:10D720008B00002003B0F0BDF0F8FCFF08B5124BF1
:10D73000A8220021184607F0EBFB032202610F49E3
:10D7400042610F4A8161C2614FF48062026200222D
:10D7500082624262C26201660A49416610218166A4
:10D76000094902670346C266426711F8010D9854E1
:10D770000132102AF9D108BD10040020F28E0200F7
:10D7800010000020000000200B8F02002DE9F84F50
:10D79000DFF87C80182606FB008E00FB06664644F8
:10D7A000DEF82440DEF828C07368A44507468946A1
:10D7B000154603EB040022D8DEF820B0ABEB040AD8
:10D7C0000AF1FF339A4203D807F094FB2C440FE090
:10D7D00063449A4219D852462C4407F08BFBB4EBB1
:10D7E0000B0405D07068224609EB0A0107F082FBA2
:10D7F000182303FB078301205C62BDE8F88F0CF15E
:10D80000FF3CACEB040C9445DED20020F5E700BFF2
:10D8100010040020F8B5144B182700FB07751D44B1
:10D8200007FB00330E46DB6A012B14460AD0022B9D
:10D8300014D023B9284606F05BFE844208D90024A0
:10D840002046F8BD284606F053FE844228BF044611
:10D8500022463146284606F054FEF1E72846BDE848
:10D86000F84006F069BE00BF10040020F8B50B4B6D
:10D870001B78532B04460E46174601D0FFF756FF80
:10D8800006F089FE3A46054631462046FFF7C2FFBC
:10D890000446284606F087FE2046F8BD1004002006
:10D8A000034B182202FB00339A6A586A801A7047A9
:10D8B0001004002010B4094A09490023C85C12F87A
:10D8C000014D844205D10133102BF7D15DF8044B93
:10D8D00070475DF8044BFFF729BF00BF0B8F0200B4
:10D8E00010040020014B986864307047C037002056
:10D8F00010B50446F5F760F80348044A012104F026
:10D900007BF9204606F07BFEAC5B02000C8F020028
:10D910002DE9F843044600AF0D46EFF3118840238C
:10D9200083F31288BFF36F8F0428294A98BF294BCD
:10D930009668117C94BF53F82030274BE9468AB093
:10D940006A462648C2E9073140F201339384244BEA
:10D95000C2E9050442F8103F224800234FF4315138
:10D96000F5F7F6F8CD4645B1EB69C3F3080323B1EB
:10D970001D4A1C48012104F03FF92EB1304607F042
:10D980007DF808B1037803B91848E9468AB06A46B9
:10D99000174BD061C2E9053640F201331384154BB1
:10D9A00042F8103F00230F484FF41151F5F7D0F81B
:10D9B0002946CD462046FFF79BFF88F31188BFF329
:10D9C0006F8F3046F6F7F4F9BD46BDE8F88300BF27
:10D9D000C0370020746602001B8F0200298F0200EE
:10D9E00005000001AC5B0200518F0200AD7B02001C
:10D9F000728F02000400000138B50A4B53F8204032
:10DA0000013053F82050A54200D838BD606830B1CD
:10DA1000037FDB0701D406F0CFFD0834F3E723686A
:10DA20009847FAE78866020070B52A4B2A4C2B4DBE
:10DA3000012286B003201A70FFF7DEFFF5F738FEEB
:10DA40000420FFF7D9FF2646AE4204F1300410D37C
:10DA500000F0E2FE204C224EAC4226D300F0F0FE55
:10DA6000F1F74EF91F4A137B23F00103137306B03D
:10DA700070BD54F80C3C059354F8103C049354F8D2
:10DA8000143C039354F8183C029354F81C3C019343
:10DA900054F8203C009354E90A2354E90C0100F0A7
:10DAA000ADFC54F8303C5E65CDE7D4E90A23B3F110
:10DAB000FF3F08BFB2F1FF3F05D052EA03012068E3
:10DAC00003D100F079FF3034C6E73146183001F059
:10DAD00003F9F8E78F3C0020BC590200BC59020052
:10DAE0006F4B0200D030002070B5154E154D164911
:10DAF000C82386B003FB006601220023CDE904237E
:10DB00000F22CDE902320193182303FB005504468E
:10DB100001EB40210D4B00954FF4C072304600F0F0
:10DB20006DFC737B0A4AEE6023F0040373734FF4B9
:10DB3000086304FB033313442C746B6006B070BDA0
:10DB400008300020C037002000520020FB460200B1
:10DB500080490020BFB50020FFF74EFF2A4B83F31A
:10DB600008882A4C2A4F636943F400736361E023F9
:10DB700084F8223000252023E37725766576A57684
:10DB800084F82050636A43F4E023636284F82350EE
:10DB9000F6F78AF8F6F7A4FA4FF0FF33A362E362D0
:10DBA000F6F77EFBF6F7C0FAF4F762FE19481A4C56
:10DBB00000F08EFC0120FFF71FFF0220FFF71CFF83
:10DBC00000F072FE154B16499C61164B059301231C
:10DBD000CDE903534FF480523B46CDE90155009502
:10DBE000204600F00BFC627B064622F00402204631
:10DBF000627306F07FFF2846FFF776FF3A4631460C
:10DC00002046F6F747FA00BF0052002000ED00E082
:10DC100029DA010080320020D0300020C0370020F7
:10DC200000540020D48F020038B5064C064DAC429B
:10DC300001D3002038BDD4E90112204606F0E7FCEC
:10DC40001434F4E7601000207410002038B5064C3E
:10DC5000064D0020AC4200D338BD204606F0FCFC47
:10DC60000028F9DB1C34F5E70C10002060100020C0
:10DC700073B50C46EFF31181402585F31288BFF38D
:10DC80006F8FC5685DB125602B68C3608369013300
:10DC90008361002081F31188BFF36F8F11E052EA96
:10DCA000030603D125606FF00B00F3E7CDE90023F5
:10DCB0000246083000F0F6FC18B9034B9B681B695C
:10DCC000236002B070BD00BFC03700202DE9F341D2
:10DCD000044617461E46EFF31188402383F312884B
:10DCE000BFF36F8FC368334A7BB180689168884205
:10DCF00019D057EA060318D188F31188BFF36F8F44
:10DD00006FF00F0002B0BDE8F081916891F90E103C
:10DD100021610133E3609368A36088F31188BFF346
:10DD20006F8F0020EEE72169F2E791F90E1090F96C
:10DD30000E309942A8BF19466FF07E029142B8BFDB
:10DD400011468B422DDD06F0E3FC0546CDE9007659
:10DD500019482246414600F0A5FC0028E1D0EFF327
:10DD60001186402383F31288BFF36F8FA068D0B170
:10DD7000236821699C420AD04BB193F90E30994235
:10DD8000A8BF19466FF07E039942B8BF194606F046
:10DD9000BFFC40B10848314600F018FD6FF00A00A2
:10DDA000B0E70025D2E7002DF4D186F31188BFF348
:10DDB0006F8FF3E7C0370020903C0020F8B58368F0
:10DDC0000546002B3FD0234A926893423ED1C36858
:10DDD000012B03D9013BC3600020F8BDEFF311878D
:10DDE000402383F31288BFF36F8F0169806806F0C8
:10DDF0008FFC2C68AC4207D10023C5E9023387F3BE
:10DE00001188BFF36F8FE7E7002CF5D0D4E900321B
:10DE100013605A60637B002623F002036373C4E936
:10DE20000066A66004F1180006F037FFAC6094F9B4
:10DE30000E302B612046E66706F05CFE0648394648
:10DE400000F0C4FCC8E76FF01500C6E74FF0FF30E4
:10DE5000C3E700BFC0370020903C002037B5114613
:10DE6000EFF31185402282F31288BFF36F8F0468AD
:10DE70009CB12368426823F003039442036008BF07
:10DE800043600121204606F0D0FC044685F311884A
:10DE9000BFF36F8F204603B030BD51EA0302F5D0C7
:10DEA00000F10802CDE900131046294600F0FAFB04
:10DEB0000028EFD1014B9B681C69EBE7C0370020BD
:10DEC00070B5EFF31186402383F31288BFF36F8F91
:10DED0000468A0421AD0CCB1D4E9003213605A6071
:10DEE000637B002523F00203C4E900556373A5603A
:10DEF00004F1180006F0D1FEE567204606F0FAFDB1
:10DF000031460B48BDE8704000F060BCD0E90232F9
:10DF10009A4218BF013383600221103006F09CFF43
:10DF20000028EDD186F31188BFF36F8F70BD00BF5D
:10DF3000903C002013B5EFF31181402484F3128844
:10DF4000BFF36F8F846844B1013C846081F3118812
:10DF5000BFF36F8F002002B010BD52EA030406D158
:10DF600081F31188BFF36F8F6FF00F00F3E7CDE9F6
:10DF700000230246014800F095FBECE7903C0020AE
:10DF80002DE9F8430546EFF31188402383F3128807
:10DF9000BFF36F8F002637466FF00A092C68A54241
:10DFA00016D0ACB1D4E9003213605A60637BA7602D
:10DFB00023F002036373C4E9007704F1180006F04C
:10DFC0006CFEC4F87C90204606F094FD0126E5E73F
:10DFD0000023AB60022105F1100006F03DFF30B9CF
:10DFE0002EB988F31188BFF36F8FBDE8F8834146DF
:10DFF0000248BDE8F84300F0E9BB00BF903C0020B8
:10E0000007B5074B0093074907484FF0FF334FF41C
:10E01000006200F04FF9002003B05DF804FB00BF80
:10E02000A066020080640020983100202DE9FF41A5
:10E030004F4E04464027EFF3118887F31288BFF351
:10E040006F8FD4F8CC50F5B9022104F1E40006F04A
:10E050002DFC002868D004F1DC05002201212846AF
:10E0600006F0E2FD0028F8D1002302934FF0FF32C2
:10E070004FF0FF33CDE90023414604F1D4023D487F
:10E0800000F064FDD7E7D4F8D0202B68C4F8CC307A
:10E09000954208BFC4F8D030D4F8E43043F002030E
:10E0A000C4F8E430EB6823F0040343F00103EB60B1
:10E0B0006B6888F31188BFF36F8F28469847EFF39A
:10E0C000118887F31288BFF36F8FEB68D80623F0AF
:10E0D000010236D4EA60EB689A0716D5306823F05F
:10E0E0000203EB6088B10368002170B14268954279
:10E0F00035D1036869BB72683360824200D17360B6
:10E10000002340F8083BFFF7DBFED4F8E43023F0AF
:10E110000203C4F8E43088F31188BFF36F8FDB0586
:10E1200089D400F0C9FB86E7D4F8E430D9069BD542
:10E13000C4F8E40088F31188BFF36F8F04B0BDE822
:10E14000F08123F01103EB6005F11000FFF7B8FE3A
:10E15000C1E70B607368834208BF7160D0E723B1E9
:10E160001A68014618461346BFE71A46F9E700BF8A
:10E17000E4370020903C0020F8B5C3689A070446B5
:10E180000F46C3F340062ED45B071CD40B680BB9B3
:10E1900083680B60E368DD0744BFA3683B603D68AC
:10E1A0004CBF02260126002D3CD0204B9A68D5F8A2
:10E1B000C8309A420AD0D5F8E430D807C3F38002B9
:10E1C00014D46FF0120600233B6025E006F04DFCEE
:10E1D000D5F8E4300028F0D1D907C3F3C002F0D558
:10E1E00052B15B0708D46FF00F06ECE7002AFAD1B2
:10E1F000C3F3C003002BF6D100232360D5F8D03041
:10E2000063B9C5E93344284606F06BFBE36843F085
:10E210000403E3603B68A3603046F8BD1C60C5F8AA
:10E22000D040F0E76FF01506CDE700BFC037002003
:10E23000F8B5C36803F00503002B06460C4614BF6F
:10E24000012700271CD085680122002104F110005D
:10E2500006F01CFB1349204606F09BFBE36843F0E5
:10E260001003E360F3685B0712D5336823606BB972
:10E27000D5F8D03033B9C5E93344284606F031FB30
:10E280003846F8BD1C60C5F8D040F6E73460F4E7C6
:10E29000D5F8CC302360D5F8D030C5F8CC40002B71
:10E2A000EBD1F0E7C34802000146014806F08DBB00
:10E2B00098310020F0B589B004460020C4E933004D
:10E2C0000E9D04F1D400C4E9350004F1DC00C4E97A
:10E2D000370055B32879002840F2011008BF01200B
:10E2E000C4F8E40000204FF0FF364FF0FF37CDE9CF
:10E2F0000330CDE90100CDE906670D4B00942046BF
:10E3000000F0BAF855B1296811B1204606F0B3FB08
:10E310006B791BB1237B43F001032373204600F08C
:10E320004BFBC4F8C84009B0F0BD0120D8E700BFDE
:10E330002DE0010037B501900846EFF3118440212C
:10E3400081F31288BFF36F8FC16811F01E0F16D1D1
:10E3500053EA020508D101A9FFF70EFF84F31188E3
:10E36000BFF36F8F03B030BD41F00801C160019968
:10E3700081620449103000F0AFFC0120EEE700207C
:10E38000ECE700BF5749020001460148FFF7D2BF42
:10E3900098310020F7B50C46019016461D46EFF364
:10E3A0001187402383F31288BFF36F8F084606F06E
:10E3B00089FA55EA060309D101A92046FFF7DCFED8
:10E3C00087F31188BFF36F8F03B0F0BDE36807498F
:10E3D00043F00803E360019BA36232462B4604F13D
:10E3E000100000F079FC0120EAE700BF5749020065
:10E3F00001460148FFF7CEBF98310020F0B5073243
:10E4000085B022F007020446FF320E9D0D9E257353
:10E41000583022F07F02C4E91600042500207F2A2C
:10E42000A673C4E90600A0606573E07301F180077C
:10E43000A2F1800605D880F31188BFF36F8F2846BC
:10E4400002DFC4E91A768D1800260C9A266702921C
:10E450000B9A01920A9A009220462A46F5F796FDF9
:10E46000044B66659B6803B15B6F6367284605B024
:10E47000F0BD00BFC0370020F0B587B0002505957E
:10E48000109D04950F9D03950E9D0295DDE9127672
:10E490000D9D01950C9D00950446FFF7AFFFB6F169
:10E4A000FF3F08BFB7F1FF3F05D056EA070305D18C
:10E4B000204600F081FA204607B0F0BD3A463346C8
:10E4C00004F11800014900F007FCF4E76F4B02006B
:10E4D00040F2011310B583810023C0E91A330446CA
:10E4E00000F000FE014B9C6010BD00BFC037002053
:10E4F000094A93686FF00A01D967084998674B6821
:10E5000043F080534B60002383F31188BFF36F8F78
:10E510009368D86F704700BFC037002000ED00E05F
:10E5200070B590F90D20437B002A36DBD90634D133
:10E530001B4C63F07F032246437352F81C3F216A51
:10E54000934207D1C0E900210860206211E099429E
:10E55000F8D01B68002BF5D090F90E5093F90E609F
:10E56000B542F4D0AE42F2DD5968C0E9003108602E
:10E570005860E569954200D005B9E568A3685A7B03
:10E58000D20604D1DA897F2A01D9AA6932B1AB4215
:10E5900002D0284600F01AFBA56170BDA361FCE71C
:10E5A000C037002038B590F90D20437B002A014682
:10E5B00004DA03F07F03437306F062FA0D4D2A4636
:10E5C000AB6852F81C4F944200D004B9EC688B42FF
:10E5D00007D05A7BD20604D1DA897F2A01D9A269F1
:10E5E0002AB1A34202D0204600F0F0FA2346AB61E4
:10E5F00038BD00BFC0370020B3F1FF3F08BFB2F104
:10E60000FF3F03D00249183000F066BB704700BFDF
:10E610006F4B020070B590F90D20437B002A014634
:10E6200004DA03F07F03437306F02AFA4B7B1C4C99
:10E6300063F07F0322464B7352F81C3F206A9342DB
:10E6400007D1C1E900200160216211E09842F8D0B1
:10E650001B68002BF5D091F90E5093F90E60B5426E
:10E66000F4D0AE42F2DD5868C1E900300160596073
:10E67000E569A368954200D005B9E5688B4207D0EB
:10E680005A7BD20604D1DA897F2A01D9AA692AB134
:10E69000AB4202D0284600F099FA2B46A36170BD28
:10E6A000C0370020F8B50E4B0C4611460D4A98684D
:10E6B0001060DDE90667EFF31182402282F31288D1
:10E6C000BFF36F8F9D68284606F0ECF92846324666
:10E6D0003B46FFF791FF2046BDE8F840FFF708BF33
:10E6E000C0370020EC370020F8B50446EFF311875F
:10E6F000402383F31288BFF36F8F437B03F01F0225
:10E70000002A0CBF0126002649B239D103F07F034D
:10E71000437306F0B5F92C4D437B817363F07F039F
:10E720002A46437352F81C3F934227D1286AC4E912
:10E73000002004602C620FE09842F8D01B68002B88
:10E74000F5D093F90EC06145F6D08C45F4DD5968DB
:10E75000C4E900310C605C60EC69944200D004B9FB
:10E76000EC68AB689C4202D0204600F02FFAAC6106
:10E7700087F31188BFF36F8F3046F8BD286ADEE754
:10E780009B071ED5856806F07BF981732B689D4237
:10E7900009D16B68C4E900531C606C60E8E76A68E3
:10E7A0009342F6D01B68002BF3D093F90E209142D0
:10E7B000F5D08A42F3DD5A68C4E9003214605C6027
:10E7C000D6E78173D4E700BFC037002049B9EFF323
:10E7D000058030B9054B9A699B689A4201D0FFF7D2
:10E7E00087BE81F31188BFF36F8F7047C037002059
:10E7F000034648B9EFF3058232B9064A9169926837
:10E80000914201D0FFF774BE83F31188BFF36F8F7D
:10E81000704700BFC0370020EFF31181402383F31E
:10E820001288BFF36F8F054B9A68D37B013BD3737C
:10E8300081F31188BFF36F8F704700BFC03700208E
:10E8400070B5EFF31186402383F31288BFF36F8F07
:10E85000144DAB68DA7B0132DA732A4652F81C4F4A
:10E86000944200D004B9EC685A7BD20604D1DA890C
:10E870007F2A01D9A2692AB1A34202D0204600F022
:10E88000A5F92346AB6186F31188BFF36F8FEFF3D1
:10E890001180402383F31288BFF36F8FBDE870406F
:10E8A000FFF7A6BFC0370020024B03F11C02C3E9EB
:10E8B00007227047C037002070B5EFF31186402360
:10E8C00083F31288BFF36F8F1B4CA168206A0B681B
:10E8D000814214BF1A46002249680B605960A36840
:10E8E000216A2AB9154AC3E900210B6023620CE0B2
:10E8F00093F90E0092F90E50A84218D0854216DD09
:10E900005168C3E900210B605360E5690B4B9D42E0
:10E9100000D005B9E568A3689D4202D0284600F002
:10E9200055F9A5613046BDE87040FFF7E1BD8A4268
:10E93000D8D01268D5E700BFC0370020DC370020F0
:10E94000F8B550EA010306460C4603D1FFF7B4FFC1
:10E950000020F8BDEFF31187402383F31288BFF343
:10E960006F8F124D124BA8681860FFF71BFEA86846
:10E97000104923463246183000F0AEF9AA68537B9E
:10E9800043F00403537304463846FFF7B1FDAB6808
:10E99000D3E90A23B3F1004F08BF002AD8D106F00B
:10E9A000A4F9201A20EAE070D3E700BFC0370020A6
:10E9B000EC3700206F4B020038B50446EFF31185A9
:10E9C000402383F31288BFF36F8F437B5B070FD520
:10E9D000183006F062F9637B23F00403204663736A
:10E9E000FFF79EFD29460548BDE83840FFF7EEBE1B
:10E9F00085F31188BFF36F8F38BD00BF903C0020B6
:10EA0000014B9868704700BFC03700202DE9F843DC
:10EA10000446077BEFF31185402383F31288BFF38D
:10EA20006F8F437B190705D585F31188BFF36F8F6F
:10EA3000BDE8F883D90943F008025DD14273A368A9
:10EA400013B1204606F024F804F1180006F025F969
:10EA5000A66D04F15808B04511D04FF0000976B109
:10EA6000304606F015F806F1180006F016F9C6F85B
:10EA70007C903046FFF754FDA66DB045EFD1DFF82E
:10EA8000C880D8F808309C423ED1EFF30589B9F12F
:10EA9000000918BF4FF00109D8F81C60284A9642B7
:10EAA00000D00EB9D8F80C60B34202D0304600F066
:10EAB0008DF82046C8F8186003F086FAB9F1000F07
:10EAC00002D02048FFF704FDD8F808309C4231D12D
:10EAD000EFF3058373BB227BD20718D42846FFF7D8
:10EAE00007FDFB07A4D5002383F31188BFF36F8FC5
:10EAF0000423184602DF9BE703F07F0343F008037B
:10EB0000437305F0BDFF9AE74FF00009C4E785F3B2
:10EB10001188BFF36F8F83F31188BFF36F8F0423C6
:10EB2000184602DFEFF31180402383F31288BFF30E
:10EB30006F8FD4E785F31188BFF36F8FD1E700BFE4
:10EB4000DC37002080320020C0370020D3B5DDE95B
:10EB50000667089CCDE90067FFF7A4FD1CB1034BD5
:10EB60009B681B69236002B0D0BD00BFC037002086
:10EB7000044BC01A044BC0105843044B01221A54D2
:10EB8000704700BF48330020ABAAAAAA903C0020DF
:10EB9000C3897F2B12D80A4B1B6863B1094B90F9CC
:10EBA0000E201B689A4209DB437BDB0606D1064B2D
:10EBB000C31A18BF012303F0010070470023FAE7CE
:10EBC000B00C0020F03700200830002070B50E4B4C
:10EBD0000E4C1E7C06EB460304EBC30405462046A0
:10EBE00006F05BF80A4B002228469A55FFF7D0FF43
:10EBF00048B1084B08491A68013A2046D317BDE8C6
:10EC0000704000F069B870BDC03700204833002064
:10EC1000903C0020B00C002071EB010038B5EFF300
:10EC20001185402383F31288BFF36F8F104B114A75
:10EC30009C681068A04206D1FFF7C8FF85F31188D1
:10EC4000BFF36F8F38BD00211B7C11600A4AD35C73
:10EC5000002BF3D02046FFF79BFF0028EED0637B0C
:10EC6000DB0602D12046FFF7D5FC2046E4E700BFD3
:10EC7000C0370020EC370020903C0020024B186881
:10EC8000984208BF00207047B40C0020034B1B685B
:10EC90000BB9FCF7F5BB0020704700BFF43700202C
:10ECA00030B570B10B4B5B6898420AD0036843B132
:10ECB000D3E90421D0E90445121941EB0501C3E968
:10ECC0000421D0E9003213605A600023C0E9003308
:10ECD00030BD00BFB40C0020B3F1FF3F08BFB2F15C
:10ECE000FF3F2DE9F84F0446994615461F467AD056
:10ECF0008160EFF31188402383F31288BFF36F8F95
:10ED0000B9F1000FDFF8E8A020DBFFF7BFFFDAE979
:10ED10000027013549F100092D1849EBE073C4E9DA
:10ED20000453AD18064643EB07074FF00109FFF700
:10ED3000A5FFDFF8C0E0DEF804A00346EBB9C4E9A4
:10ED400000EACAF80040CEF8044028E0DAE90012F0
:10ED50006FF001035B1A4FF0FF3161EB02025B1BA6
:10ED600062EB0902012B72F10001BCBF01230022FA
:10ED7000C0E904324FF00009D9E7D3E9041CD4E913
:10ED800004208A4270EB0C0B24DA891A5A686CEB67
:10ED90000000C3E90410C4E9003214605C60FFF7AE
:10EDA0006DFF84420ED1114B1B685BB9B9F1000FA6
:10EDB00002D1FFF76BFF0646304605F057FF0021F2
:10EDC000FCF730FB88F31188BFF36F8F2846394674
:10EDD000BDE8F88F521A60EB0C009A45C4E9042094
:10EDE000ADD01B68AAE700252F46EFE7F4370020D7
:10EDF00060330020B40C00202DE9F047EFF31185BB
:10EE0000402383F31288BFF36F8F264F264E38605E
:10EE1000FFF734FF4FF000084FF000093B68D6E9D8
:10EE2000001E4FEAE37C50B1D0E90442A3427CEBE0
:10EE3000020A1ADAE41A62EB0C02C0E904425B1817
:10EE40004FF000044EEB0C022046C6E900323C6055
:10EE500005F00CFF2146FCF7E5FA85F31188BFF3B6
:10EE60006F8FBDE8F047FFF7D9BE61184EEBE47332
:10EE7000C0E90489C6E90013FFF712FF85F3118882
:10EE8000BFF36F8F83689847EFF31185402383F3B7
:10EE90001288BFF36F8F3B681B1B3B60FFF7EEFED2
:10EEA000BCE700BFF43700206033002010B5EFF35B
:10EEB0001184402383F31288BFF36F8FFFF7E6FEC0
:10EEC000054A0346D2E90001181841EBE37184F3C7
:10EED0001188BFF36F8F10BD60330020F8B5054671
:10EEE000EFF31187402383F31288BFF36F8F03681A
:10EEF00023B187F31188BFF36F8FF8BDD0E90A46BD
:10EF0000611C46F10002022972F1000236D3012C85
:10EF100076F10002BCBF01241E46013C46F1FF36DB
:10EF200005F0E7FE013041F10001001946EB010157
:10EF3000012871F1000130DB05F0DBFE013041F109
:10EF400000016FF00203001946EB010183426FF0EC
:10EF500000438B4126DB05F0CCFE013041F100017E
:10EF60006FF00102001946EB0103121A4FF0FF3156
:10EF700061EB03031C492846FFF7AEFE2B6B013300
:10EF80002B632B6A93B93C462B4653F8185F9D427E
:10EF900000D0D5B984F31188ADE76FF001024FF0CE
:10EFA000FF33E7E700224FF00043E3E787F31188E0
:10EFB000BFF36F8F2B6A28469847EFF311844023E5
:10EFC00083F31288BFF36F8FDEE7284605F0A1FDBB
:10EFD0000023EB6784F31188BFF36F8F2846BDE8E9
:10EFE000F84005F087BD00BFDDEE01002DE9F041DE
:10EFF00005461C4690461F46EFF31186402383F3D7
:10F000001288BFF36F8FB4F1FF3F08BFB2F1FF3F2B
:10F0100005D186F31188BFF36F8FBDE8F081002C16
:10F0200009DB012A74F10003BCBF0122002412F1A4
:10F03000FF3844F1FF37284605F02FFEDDE90623AF
:10F04000C5E90A2300232B6342463B462846024972
:10F05000FFF742FEDDE700BFDDEE010038B50346F5
:10F06000EFF31185402282F31288BFF36F8FC160E6
:10F07000012181600068834206D185F31188BFF3C6
:10F080006F8F0024204638BDD0E9003213605A60EB
:10F090000023C0E9003305F09CFE294604460248DF
:10F0A000FFF794FBEEE700BF913C00202DE9F04113
:10F0B00005460E46174605F0D8FC28B9074B9B6855
:10F0C0005C6F14B9BDE8F081054C3B4632462946D9
:10F0D0002046BDE8F04105F0DEBE00BFC03700208D
:10F0E00060100020014B4367704700BF6010002094
:10F0F0000146024A0020FFF7D9BF00BF2B0D0200D6
:10F1000038B52DED028B55EC104B00F02DF8154B5A
:10F11000B0EE408AF0EE608A93F90030013319D0E6
:10F1200022462B4620462946ECF780FB90B9002268
:10F13000002320462946ECF751FB58B102F0A9FF05
:10F14000212303600022002310461946ECF7FEF944
:10F1500041EC180BB0EE480AF0EE680ABDEC028BE9
:10F1600038BD00BFB00F00202DE9F041594A55ECE1
:10F17000104BAA432B4620460FD122462946ECF7D6
:10F18000BBF802460B4620462946EBF7FFFE044635
:10F190000D4645EC104BBDE8F081002D0DDC25F04F
:10F1A00000422243F5D095B122462946EBF7ECFE0A
:10F1B00002460B46ECF7CAF9E9E72A1515D10021FA
:10F1C00009E0C30A153A4005002BFAD0F7E72A46B2
:10F1D000FAE75B000131DD02FBD54C1E121BC1F1C9
:10F1E000200420FA04F423438840C3F31303D40714
:10F1F00043F480135CBF5B0003EBD073A2F2FF35D6
:10F2000058BF40005B0000266D1003EBD073470031
:10F210004FF0160EB0464FF4001208EB020199426F
:10F22000DEBF5B1A02EB0108B6185B00BEF1010EEF
:10F2300003EBD7734FEA52024FEA4707EDD1F4468A
:10F2400020204FF00041984501EB0E022FDB0BD13F
:10F25000BA4209D8002A01EB020E02DABEF1000F11
:10F260002CDA0023BF1A8C445B00013803EBD77300
:10F270004FEA51014FEA4707E5D13B4308D0BCF1C3
:10F28000FF3F13BF0CF101030136844623F0010C4C
:10F2900072104FEA5C03F10702F17F5202F500128F
:10F2A00048BF43F0004302EB055118466FE7002AC0
:10F2B00001EB020E0BDABEF1000F08DB08F10104CE
:10F2C000BA42A3EB080300D9013BA046CAE7444673
:10F2D000F6E700BF0000F07F024B0146186800F01F
:10F2E0004DB800BFBC0C002038B50546002941D000
:10F2F00051F8043C0C1F002BB8BFE41800F00CFCC4
:10F300001D4A136833B9636014602846BDE838406D
:10F3100000F008BCA34208D9206821188B4201BF25
:10F3200019685B6809182160EDE71A465B680BB144
:10F33000A342FAD911685018A0420BD120680144A9
:10F34000501883421160E0D118685B68536008442C
:10F350001060DAE702D90C232B60D6E72068211869
:10F360008B4204BF19685B68636004BF09182160A1
:10F370005460CAE738BD00BFFC370020F8B5CD1C8B
:10F3800025F0030508350C2D38BF0C25002D064649
:10F3900001DBA94203D90C2333600020F8BD00F043
:10F3A000BBFB21490A6814469CB9204F3B6823B92E
:10F3B0002146304600F09CFB38602946304600F07C
:10F3C00097FB431C23D10C233360304600F0AAFB8B
:10F3D000E3E723685B1B17D40B2B03D923601C4482
:10F3E000256004E06368A2420CBF0B6053603046A6
:10F3F00000F098FB04F10B00231D20F00700C21A57
:10F400001CBF1B1AA350C9E722466468CCE7C41C82
:10F4100024F00304A042E3D0211A304600F068FB38
:10F420000130DDD1CFE700BFFC370020F8370020E6
:10F430002DE9F04F8DB00C46DDF8588016461F467A
:10F44000054600F065FB036804931846EFF7FFFAE2
:10F4500000230A93D8F800300590073323F0070300
:10F4600003F1080294F818A0D4F800B0C8F80020FE
:10F47000D3E9008929F000430793CDF81880C4E947
:10F480001289DDE90601A04B4FF0FF32ECF7CEF90F
:10F4900070BBDDE906019C4B4FF0FF32ECF7A8F999
:10F4A00030BB0022002340464946ECF797F910B1E3
:10F4B0002D2384F84330954A954BBAF1470F94BFFA
:10F4C00090469846032323612BF0040323604FF0FA
:10F4D0000009009733460BAA2146284605F0C3FDD4
:10F4E000013040F096804FF0FF300DB0BDE8F08F56
:10F4F00042464B4640464946ECF798F940B14B46E8
:10F50000002BBCBF2D2384F84330824A824BD4E7C2
:10F5100063685A1C26D1062363604BF48062002383
:10F52000226003930AABCDE901A309AB00936168A4
:10F5300049EC108B0DF12303284605F0F1FCBAF1DC
:10F54000670F0999804615D1CB1C3BDB6368994254
:10F5500038DC0A9B994255DB23682161D80745D5E1
:10F560004B1C42E00AF0DF02472AD6D1002BD4D14F
:10F570000123D1E7BAF1470F07D1C81C25DB636827
:10F580008B4222DB4FF0670AE3E7BAF1650F1FD821
:10F590000139524604F15000099105F02AFD0A9AFA
:10F5A0001318012A8146236102DC2268D20701D5A3
:10F5B000013323619DF82330002B8AD02D2384F85A
:10F5C000433086E74FF0650AE2E74FF0450ADFE790
:10F5D000BAF1660FBDD1002963680BDD216113B953
:10F5E0002268D00702D501330B442361A1654FF097
:10F5F0000009DFE713B92268D20701D50233F4E727
:10F600000123F2E70029D4BFC1F102020122134411
:10F61000EBE723685A0507D423694246314628465A
:10F62000B84701302BD15EE7BAF1650F40F2DC80BC
:10F63000D4E9120100220023ECF7C6F8002833D0E9
:10F64000364A012331462846B84701303FF44BAFD4
:10F65000DDE90938434502DB2368D8070FD5DDE92A
:10F66000042331462846B84701303FF43CAF4FF001
:10F67000000908F1FF3804F11A0AC84509DC2368BB
:10F680009B0700F10281E0680B9B9842B8BF1846C7
:10F690002BE70123524631462846B84701303FF454
:10F6A00022AF09F10109E8E7099B002B38DC1B4A6E
:10F6B000012331462846B84701303FF414AFDDE955
:10F6C000093959EA030302D12368D907D7D5DDE9FF
:10F6D000042331462846B84701303FF404AF4FF0C9
:10F6E000000A04F11A0B099B5B42534501DC4B46AF
:10F6F00093E701235A4631462846B84701303FF484
:10F70000F2AE0AF1010AEEE7FFFFEF7F019102007E
:10F710007C7102000591020009910200C07C020088
:10F72000A36DDDF828A05345A8BF5346002B99468A
:10F7300036DC4FF0000B29EAE97904F11A02A36DD7
:10F740000693A3EB09035B4531DC099B9A453ADC40
:10F750002368DA0737D4099BAAEB0309069BAAEBB7
:10F7600003039945A8BF9946B9F1000F33DC4FF068
:10F77000000829EAE97904F11A0B099BAAEB0303B3
:10F78000A3EB090343457FF77AAF01235A4631467D
:10F790002846B84701303FF4A6AE08F10108ECE76F
:10F7A000424631462846B8470130C2D19BE6012384
:10F7B000314628460692B84701303FF494AE069A87
:10F7C0000BF1010BBBE7DDE9042331462846B847BE
:10F7D0000130C0D187E6069A4B464244314628465E
:10F7E000B8470130C3D17EE6DDF828A0BAF1010F99
:10F7F00001DCDB0736D50123424631462846B847AF
:10F8000001303FF470AEDDE9042331462846B847A5
:10F8100001303FF468AED4E91201002200230AF15E
:10F82000FF3AEBF7D1FFC0B9534608F10102314668
:10F830002846B84701300CD155E601235A463146D7
:10F840002846B84701303FF44EAE08F10108D045D4
:10F85000F3DB4B4604F15002E0E64FF0000804F100
:10F860001A0BF4E701234246E1E701234A463146F9
:10F870002846B84701303FF436AE08F10108E36886
:10F880000B995B1A4345F0DCFDE64FF0000804F1EC
:10F890001909F4E72DE9FF470F7E0C9D782F91465B
:10F8A00080460C469A4601F1430207D8622F0AD8D7
:10F8B000002F00F0E080582F00F0BB8004F14206DA
:10F8C00084F842703AE0A7F16303152BF6D801A142
:10F8D00051F823F02DF9010041F90100BDF80100B4
:10F8E000BDF80100BDF80100BDF8010041F90100BB
:10F8F000BDF80100BDF80100BDF80100BDF8010030
:10F900005DFA0100D1F9010013FA0100BDF8010010
:10F91000BDF801007FFA0100BDF80100D1F9010036
:10F92000BDF80100BDF801001BFA01002B681A1D8B
:10F930001B682A6004F1420684F842300123ABE0E0
:10F94000236829681F0601F10400286001D50D68AD
:10F9500003E05E06FBD5B1F900506168002D7ADA4C
:10F960002D20002984F84300A1602DDA5E486D4205
:10F970000A231646B5FBF3F103FB1157C75D06F8E2
:10F98000017D2F46BB420D46F4D9082B0BD12368CD
:10F99000DF0708D5236961689942DEBF302306F886
:10F9A000013C06F1FF36921B2261CDF800A04B46C8
:10F9B00003AA2146404605F056FB013071D14FF0B5
:10F9C000FF3004B0BDE8F08723F004032360CDE7E7
:10F9D0002B682068191D2960050601D51D6802E005
:10F9E0004106FBD51D8840486F2F14BF0A2308230A
:10F9F000002184F843106668A660002EB9DB2168F8
:10FA000021F004012160002DB3D1002EB1D11646A2
:10FA1000BBE7236843F0200323603448782784F849
:10FA20004570296823680E1D2E601E0603D50D68DB
:10FA300004E02D48F3E75D06F9D50D88D90744BFEA
:10FA400043F0200323600DB11023D1E7236823F096
:10FA500020032360F8E724480A23CCE72B682668B4
:10FA60006169181D286035061B6801D5196002E020
:10FA70007006FBD5198000232361164695E72B6895
:10FA80001A1D2A601E68626800213046E0F738FBC4
:10FA900008B1801B606063682361002384F84330F1
:10FAA00083E72369324649464046D047013086D035
:10FAB00023689B0714D4E068039B9842B8BF18469C
:10FAC0007FE70123324649464046D04701303FF4A4
:10FAD00076AF0135E36803995B1AAB42F1DCEAE7E4
:10FAE000002504F11906F5E70D9102001E910200B0
:10FAF00038B5064D0023044608462B60F4F7C0FCD9
:10FB0000431C02D12B6803B1236038BD00380020AC
:10FB100000487047100E0020014802F0B2BA00BF42
:10FB200074100020014802F0B2BA00BF7410002027
:10FB300070B5466A04460D4676B91020FFF7CCFB37
:10FB40000246606220B9184B1848662100F00AFB93
:10FB5000C0E901660660C660666AF36883B1636ADD
:10FB6000DB6853F82500B8B9012101FA05F6721DCA
:10FB70009200204605F0FDFB60B1C0E901560EE0A1
:10FB800021220421204605F0F4FB636AF060DB6863
:10FB9000002BE4D1002070BD026843F8252000232B
:10FBA000C0E90333F7E700BF3C910200D89102009F
:10FBB00070B5466A05460C4676B91020FFF78CFBF7
:10FBC0000246686220B9094B09488A2100F0CAFA46
:10FBD000C0E901660660C6603CB16B6A6268DB68BA
:10FBE00053F82210216043F8224070BD3C9102007E
:10FBF000D89102002DE9F0410D6907460C461E46DA
:10FC000001F1140C0020DCF8003099B202FB016114
:10FC10001E0C0B0C02FB063389B2013001EB0341D1
:10FC200085424CF8041B4FEA1346ECDC0EB3A36884
:10FC3000AB4219DC616838460131FFF779FF804635
:10FC400028B902460C4B0D48B52100F08BFA226909
:10FC5000023204F10C0192000C3005F04BF9214600
:10FC60003846FFF7A5FF444604EB850301355E6186
:10FC700025612046BDE8F081C7910200D8910200BD
:10FC800010B50C460121FFF753FF024628B9054B7A
:10FC900005484FF4A07100F065FA01234461036147
:10FCA00010BD00BFC7910200D89102002DE9F04FAE
:10FCB00014460A6923699A42A8BF23460F46A4BF87
:10FCC0000C461F46D4F810A0D7F81090A3686168BE
:10FCD0000AEB0906B34285B0B8BF0131FFF728FF30
:10FCE00030B90246444B454840F25D1100F03AFA03
:10FCF00000F1140505EB86082B460022434521D36D
:10FD000007F1140104F1140202EB8A0201EB8903EA
:10FD10000293131B153B23F00303043304F115076F
:10FD2000BA4238BF04230193029B03918B420CD843
:10FD3000002E03DD58F8043D002B5BD0066105B0B2
:10FD4000BDE8F08F43F8042BD8E7B1F800A0BAF172
:10FD5000000F24D004F1140EA9464FF0000C5EF8F9
:10FD6000047BD9F800301FFA87FB9BB20AFB0B33E8
:10FD70004FEA174BD9F8007063444FEA174C0AFB5F
:10FD80000BC707EB13479BB243EA0743724549F899
:10FD9000043B4FEA174CE2D8019B45F803C0039B94
:10FDA000B3F802900431B9F1000F21D02B6804F1AF
:10FDB000140CAE464FF0000ABCF800B0BEF802705A
:10FDC00009FB0B7757449BB243EA07434EF8043BC9
:10FDD0005CF8043B4FEA134ABEF8003009FB0A33D3
:10FDE00003EB174362454FEA134AE5D8019FEB51F5
:10FDF000043599E7013E9BE7C7910200D8910200C4
:10FE00002DE9F843154612F0030207460E4607D0C7
:10FE1000254C013A002354F82220FFF7EBFE06465A
:10FE2000AD103DD07C6A7CB91020FFF755FA024630
:10FE3000786228B91D4B1E484FF4D77100F092F933
:10FE4000C0E901440460C460D7F82480D8F80840B1
:10FE50004CB940F271213846FFF712FF0023C8F871
:10FE60000800044603604FF00009EB070AD531464D
:10FE700022463846FFF71AFF314680463846FFF7DC
:10FE800097FE46466D100BD0206838B922462146B1
:10FE90003846FFF70BFF2060C0F800900446E4E707
:10FEA0003046BDE8F88300BFD86602003C910200EE
:10FEB000D89102002DE9F0470C464968236903EB0D
:10FEC0006218A368074691464FEA621A08F10106D4
:10FED000B3420BDB3846FFF72BFE054648B9024616
:10FEE000284B294840F2D91100F03CF901315B0060
:10FEF000EEE7002300F1140100F11002184653450B
:10FF000033DB20692AEAEA7A04F1140319F01F09A5
:10FF100001EB8A0103EB800C2BD0C9F1200E8A463D
:10FF20000022186800FA09F010434AF8040B53F84D
:10FF3000042B9C4522FA0EF2F3D8ACEB0403153BDC
:10FF400023F00303043304F11500844538BF042370
:10FF5000CA500AB108F10206013E38462E61214618
:10FF6000FFF726FE2846BDE8F08742F8040F01336C
:10FF7000C5E7043953F8042B41F8042F9C45F9D800
:10FF8000EAE700BFC7910200D89102002DE9F74FC0
:10FF90008946064611464846144605F0CFF9051E27
:10FFA00012D129463046FFF7C3FD024628B93F4B20
:10FFB00040F232213E4800F0D5F80123C0E9043573
:10FFC000104603B0BDE8F08FBCBF4B46A14630469B
:10FFD000D9F80410BABF1C4601250025FFF7A8FD7B
:10FFE000024618B9314B4FF41071E3E7D9F810709D
:10FFF0002669C56009F1100309F1140504F1140E16
:020000040002F8
:1000000000F1140B05EB87080EEB86060193D94629
:100010004FF0000C019B5EF8040B53F804AF019302
:100020001FFA8AF3194683B2CB1A000C6344C0EB63
:100030001A4000EB23409BB243EA0043764549F85F
:10004000043B4FEA204CE5D8331B153B23F0030358
:1000500015340433A64238BF04231D445B441E46B6
:100060002C4644450ED308F10301491B21F003013E
:10007000033DA84538BF00210B4453F8041D91B13E
:1000800017619DE754F8041BE646080C1CFA81FC36
:10009000714400EB2C4089B241EA004146F8041B50
:1000A0004FEA204CDDE7013FE7E700BFC7910200C0
:1000B000D89102002DE9F7430F46012159EC108B2E
:1000C0001646FFF735FD044630B90246234B244857
:1000D00040F20A3100F046F8C9F30A55C9F3130398
:1000E0000DB143F480130193B8F1000323D06846A7
:1000F000009305F0F6F8DDE90012D0B1C0F120035D
:1001000002FA03F30B43C24063610192019BA361B6
:10011000002B0CBF012202222261A5B1A5F23345BA
:1001200005443D60C0F135003060204603B0BDE8B5
:10013000F0836161EAE701A805F0D3F8019B6361F0
:1001400020300122E8E704EB8203A0F2324038605D
:10015000186905F0A4F8C0EB4210E5E7C79102006A
:10016000D89102001FB514461A46094B1B68054674
:10017000D86854B9074B1C46CDE9013400912B4691
:10018000054900F00DF8F4F78FF9044BF4E700BFD0
:10019000BC0C0020B26C02005A9202004D92020088
:1001A0000EB403B5014603AB054853F8042B0068B1
:1001B000019300F007F802B05DF804EB03B070475C
:1001C000BC0C00202DE9F04F0D469DB0144698461A
:1001D000064618B183690BB900F05CFA874B9D4263
:1001E0001BD175686B6ED90705D4AB899A0502D40B
:1001F000A86D01F046FFAB891B0701D52B69EBB950
:100200002946304600F05CF9C0B16B6EDC070ED5B4
:100210004FF0FF301DB0BDE8F08F794B9D4201D10A
:10022000B568DFE7774B9D4208BFF568DAE7AB8931
:100230009805EDD4A86D01F02AFFE9E700230993A2
:1002400020238DF82930CDF80C803023DFF8B881D9
:100250008DF82A304FF0010923469A4613F8012BF6
:100260000AB1252AF9D1BAEB040B0BD05B46224622
:100270002946304605F0B4F8013000F0A680099A0E
:100280005A4409929AF80030002B00F09E80002317
:100290004FF0FF32CDE905230AF1010A04930793D9
:1002A0008DF853301A935446574814F8011B052211
:1002B000DFF726FF049BD0B9D90644BF20228DF872
:1002C00053201A0744BF2B228DF853209AF80020A0
:1002D0002A2A14D0079A544600204FF00A0C2146CF
:1002E00011F8013B303B092B4AD970B914E0A0EB5F
:1002F000080009FA00F018430490A246D3E7039AD5
:10030000111D12680391002A01DB079204E052429A
:1003100043F002030792049323782E2B0AD16378CB
:100320002A2B32D1039B1A1D1B68039243EAE37305
:1003300002340593DFF8E0A0217803225046DFF76E
:10034000DFFE38B1049BA0EB0A0040228240134339
:100350000134049314F8011B2C488DF82810062250
:10036000DFF7CEFE00283FD0294B1BBB039B073392
:1003700023F0070308330393099B3B4409936BE77E
:100380000CFB02320C460120A9E70023013405933F
:1003900019464FF00A0C204610F8012B303A092A72
:1003A00003D9002BC6D00591C4E70CFB01210446FC
:1003B0000123F0E703AB00932A46164B04A930460D
:1003C000FFF736F80746781CD6D16B6ED90705D4EF
:1003D000AB899A0502D4A86D01F059FEAB895B0682
:1003E0003FF516AF099815E703AB00932A46094B72
:1003F00004A93046FFF74EFAE4E700BF2467020085
:1004000004670200E46602008F92020099920200E3
:1004100031F40100E153020095920200F8B50E4656
:100420001446054618B183690BB900F033F9214B26
:100430009C4210D16C68A369A360A3891A0701D5F7
:10044000236993B92146284600F03AF868B14FF085
:10045000FF373846F8BD184B9C4201D1AC68EAE73B
:10046000164B9C4208BFEC68E5E723692068C01A78
:100470006369F6B28342374605DC2146284600F020
:100480008BF80028E3D1A368013BA36023685A1CC2
:1004900022601E7063690130834204D0A389DB07A8
:1004A000D7D50A2ED5D12146284600F075F8002868
:1004B000CFD0CCE72467020004670200E4660200A4
:1004C000314B70B51D6806460C4625B1AB6913B9B2
:1004D000284600F0DFF82D4B9C420ED16C68B4F931
:1004E0000C301A072CD4DD0611D40922326043F0F7
:1004F0004003A3814FF0FF303DE0254B9C4201D1EA
:10050000AC68ECE7234B9C4208BFEC68E7E7580770
:1005100012D5616B41B104F14403994202D03046D7
:10052000FEF7E2FE00236363A38923F02403A38183
:100530000023636023692360A38943F00803A38138
:1005400023694BB9A38903F42073B3F5007F03D06B
:100550002146304600F01CF9B4F90C3013F00102CA
:100560000AD00022A26062695242A261226942B9A5
:1005700013F08000BBD170BD990758BF6269A260BB
:10058000F4E70020F7E700BFBC0C0020246702005E
:1005900004670200E466020038B50B6905460C46A4
:1005A00013B90025284638BD18B183690BB900F08E
:1005B00071F8144B9C421BD16C68B4F90C30002BC1
:1005C000EFD0626ED00704D4990502D4A06D01F07B
:1005D00058FD2846214604F022FF636EDA070546DF
:1005E000E0D4A3899B05DDD4A06D01F050FDD9E7CF
:1005F000054B9C4201D1AC68DFE7044B9C4208BF2D
:10060000EC68DAE72467020004670200E46602008F
:10061000002310B50446C0E90033C0E90433836009
:1006200081814366C2818361194608225C3004F0EF
:100630006FFC054B6362054BA362054BE362054B00
:100640002462236310BD00BFDD550200FF55020088
:10065000375602005B560200014904F07ABF00BF22
:1006600099050200014801F00CBD00BF8810002070
:10067000014801F00CBD00BF88100020014801F0C6
:1006800000BD00BF9C100020014801F000BD00BF6C
:100690009C10002010B50446FFF7F0FFA3691BB1C2
:1006A000BDE81040FFF7F0BFC4E912332365134BD8
:1006B000134A1B68A262A34204BF0123A361204620
:1006C00000F020F86060204600F01CF8A060204692
:1006D00000F018F80022E06004216068FFF798FF3E
:1006E000A06801220921FFF793FFE068022212218E
:1006F000FFF78EFF0123A361D2E700BFD46602009B
:1007000059060200F8B50746FFF7ACFF1E4B1E68FE
:10071000B36913B93046FFF7BDFF4836D6E9013457
:10072000013B03D533680BB33668F7E7B4F90C50D7
:10073000D5B9164BE36004F15800656601F097FCEB
:10074000FFF796FFC4E90155C4E904552560A5618A
:100750000822294604F15C0004F0DAFBC4E90D55D7
:10076000C4E912552046F8BD6834D9E7042138465B
:1007700004F0D9FE044630600028D5D1FFF778FF99
:100780000C233B60EEE700BFD46602000100FFFFD0
:100790008B89F7B59D0706460C4607D504F147033C
:1007A000236023610123636103B0F0BD01AB6A469E
:1007B00004F0EEFE009F054639463046FEF7DEFDAA
:1007C00048B9B4F90C309A05EED423F0030343F092
:1007D0000203A381E2E70D4BB362A389206043F0DB
:1007E0008003A381019BC4E904075BB1B4F90E1037
:1007F000304600F041F828B1A38923F0030343F009
:100800000103A381A3891D43A581CDE759060200F9
:1008100038B5074D04460846114600222A601A469C
:1008200001F012FC431C02D12B6803B1236038BDD8
:100830000038002038B5064D0023044608462B60DA
:1008400001F006FC431C02D12B6803B1236038BDC4
:100850000038002038B5074D0023044608461146ED
:100860002B6001F0FFFB431C02D12B6803B1236016
:1008700038BD00BF0038002038B5064D00230446BF
:1008800008462B6001F0E9FB431C02D12B6803B141
:10089000236038BD0038002038B5074D04460846AF
:1008A000114600222A601A4601F0D5FB431C02D1F2
:1008B0002B6803B1236038BD0038002038B5074DE0
:1008C00004460846114600222A601A4601F0B8FB89
:1008D000431C02D12B6803B1236038BD00380020CF
:1008E000704738B50C46BDF81000E5681C46C318C3
:1008F000012B114605DC2246284404F0FBFA204671
:1009000038BD6FF00C04FAE71FB501240294CC68DF
:100910000194BDF81840009402F084FD04B010BDAD
:100920001FB502240294CC680194BDF818400094CD
:1009300002F078FD04B010BD70B586B006460D46D5
:10094000144600211822684604F0E2FA69460020A5
:10095000CDE90165ADF80C40F8F7F4FE06B070BDC6
:10096000836800EBC101B3F5004F2CBF51F82200A2
:1009700031F81200704700EBC1018068B0F5004FFC
:100980002CBF41F8223021F81230704708B50122FF
:10099000FFF7E6FFD04008BD8368B3F5004F00EBDA
:1009A000C10108D34B681AB143F001034B60704793
:1009B00023F00103FAE74B881AB143F001034B809F
:1009C000704723F00103FAE753000122FFF7D3BF7A
:1009D0008368B3F5004F34BF04230823C91A081AEB
:1009E000C00870478368B3F5004F34BF0423082361
:1009F000481C0833A0EBD300B0FA80F0C0F11F0010
:100A000070472DE9F041174603220E460446FFF7D2
:100A1000A7FF8642054607F104080AD1E3680122D0
:100A2000BA4023EA0203E360002344F82830BDE81B
:100A3000F081314602222046FFF792FF2B46064600
:100A4000014644F8285020460322FFF794FF33461E
:100A5000294620460222BDE8F041FFF78CBF70B561
:100A60000D4686680446FFF791FFB6F5004F014634
:100A700001D3012809D02046FFF7B4FF29460246DA
:100A80002046BDE87040FFF7BCBF70BD2DE9F047C0
:100A90000546FFF7A7FF05EB800A8846DAF81090B5
:100AA0000646B9F1000F1BD00327DAF8104028469C
:100AB0002146FFF76BFF404507D3324621462846C3
:100AC000FFF79FFF2046BDE8F08703222146284616
:100AD000FFF746FF013FCAF8100001D08145E4D17D
:100AE000EB6801364FF0FF34B4401C40EAD094FA72
:100AF000A4F2B2FA82F2131D55F82340DEE72DE985
:100B0000F041144605460E46FFF740FFA4EB0608E9
:100B1000371B0744424631462846FFF755FF3A4601
:100B200021462846FFF750FF43460022214628462B
:100B3000FFF721FF21462846FFF728FF3B462118F3
:100B400000222846BDE8F041FFF715BF2DE9F0412E
:100B5000164604460F46FFF719FF31460546204664
:100B6000FFF714FF05442A4639462046FFF72CFFBD
:100B700031462046FFF70AFF2B4631180022204657
:100B8000BDE8F041FFF7F7BE2DE9F0410D4686685C
:100B90000446FFF7FBFEB6F5004F014601D30128DE
:100BA00032D02046FFF71EFF04EB80010E6996B994
:100BB000E368012282401343E36002220D612B4669
:100BC00029462046FFF7D7FE032229462046BDE8E6
:100BD000F041FFF7D0BE022231462046FFF7C0FEAB
:100BE0002946034607462046FFF7C5FE0322334643
:100BF00029462046FFF7BFFE39462B462046FFF721
:100C0000BAFE02223146E1E7BDE8F081F8B50C46B4
:100C10000546FFF7BBFE2618012231462846FFF79E
:100C20009FFEC3070CD431462846FFF718FF214624
:100C30002846FFF7ABFE214622182846FFF786FF1D
:100C4000002221462846FFF78BFE271A012239464B
:100C50002846FFF785FE10EA020613D139462846DA
:100C6000FFF7FDFE214632462846FFF779FE224671
:100C7000211A2846FFF76AFF214632462846FFF729
:100C80006FFE241A21462846BDE8F840FFF77CBFD6
:100C900038B571B105682846FFF79AFE0022044670
:100CA00001462846FFF778FE2146BDE83840FFF7A9
:100CB000ADBF38BD70B5056809B9002070BDAB681F
:100CC00001F00704B3F5004F2CBF082204220734BB
:100CD0001444E40804EBD1049C4228BF1C4621467E
:100CE0002846FFF7D3FE06460028E6D001462846F0
:100CF000FFF74CFEA04209D934443146284622462B
:100D0000FFF7FDFE21462846FFF73EFF2846012259
:100D10003146FFF741FEAB68B3F5004F34BF042303
:100D2000082303EBC6031844C8E71146FFF7C2BF08
:100D3000B2F5802F2CBF08230423D21A2DE9F041ED
:100D40008C18CD1D25F0070524F00704641B002630
:100D5000E40805602146AC60EE602846FFF742FEDD
:100D6000421D9200013002F107074FEAD707A2F1B6
:100D700010023146B8BF324605F1100004F0C8F841
:100D80003A4631462846FFF71FFE33463246314683
:100D90002846FFF7F0FDA4EB07082846314601225C
:100DA000FFF7FAFD42463946FFF70EFE3B46324654
:100DB00039462846FFF7DFFD21462846FFF704FEA7
:100DC0004346324621462846FFF7D5FD21462846B0
:100DD0000122FFF7E1FD3946BDE8F041FFF7D4BE3F
:100DE0002DE9F04706460D46174698462BB398F86E
:100DF000004093F80190DB78A40004EB430498F8DA
:100E000002301C4444444FF0000ACA4509D3D8F8C4
:100E1000042008F1080339463046AC46BDE8F047E7
:100E2000604714F8013B48F823402046EDF70FFED9
:100E3000013004440AF1010AE7E76FF01500BDE84C
:100E4000F08770B5002502462846144614F8013B89
:100E50000BB9184609E098B18D4207D1702B04D028
:100E6000A3F140023A2A0BD8002070BDA3F140063E
:100E70003A2E05D853780135941C002BE9D0002078
:100E8000252B08BF80F001002246DEE700207047D6
:100E900030B50C688B6814B14A689A4202DC0133A1
:100EA0008B6030BD013A9A4214BF05460025E554D7
:100EB0008B68F4E700F01DBE0FB407B504A951F824
:100EC000040B019100F015FE03B05DF804EB04B0D3
:100ED00070470CB407B504AB53F8042B0193F0F73B
:100EE000BDFE03B05DF804EB02B07047044608B5E0
:100EF000084611461A46A047FDF782FDF2F758FF53
:100F0000D0E9002130B54FF03333A2FB0324D518CC
:100F100043EB0405A1FB0313521844EB03045219DD
:100F200044F10002891843F10003C0E9001330BD09
:100F300010B50A68002A03460FDD013A0A601A68F4
:100F400044680A20A2FB001200FB0422100F22F0CA
:100F50007042C3E90012303010BD3020FCE72DE9AB
:100F6000F0410746884615461E461446B44205D34E
:100F70000EB1601B08E02378002BFAD014F8010BA7
:100F80004146B8470028F1DABDE8F0810FB407B553
:100F900004A951F8040B0191FFF78CFF03B05DF831
:100FA00004EB04B0704710B50369024613F0080063
:100FB00009D11368D4689C4297BF126AE31AD31A06
:100FC00001200B6010BD00231846FAE713B501A9F4
:100FD0000446FFF7E8FF20B1019BE268013B1344A0
:100FE0000193206A019BC01A013802B010BD10B5F0
:100FF000044650182269236AD20702D5013B1840E3
:1010000010BD984228BFC01AFAE710B504460A4638
:10101000C168FFF7ECFF2369E06023F00803236158
:1010200010BD38B50D46C2698B00016843F002035C
:1010300042F82130044601682A46FFF7D8FFE368EA
:1010400061682060984202BF236943F0080323616E
:101050002A462046FFF7CBFF606038BD2DE9F74FE9
:10106000C768C6699B4606EB8703009316F82730CE
:1010700003F00303022B0446884691464FF0000319
:101080000BD01360CBF8003023699B0713D44FF0CB
:10109000000A504603B0BDE8F08F56F827101360E1
:1010A0008908CBF80030EFD0FFF7AFFFE368A3600B
:1010B0004FF0010AEDE7A3690098984716F827203A
:1010C00012F0010A0546E2D012F002021FD0B8F178
:1010D000000F03D041462046FFF7A3FF61682A4670
:1010E0002046FFF784FFD4E902219142606006D1D7
:1010F0002A462046FFF77BFF4FF0000AA060A26857
:101100002260E260226942F008022261C1E70146E2
:1011100020460192FFF779FFE368A360B8F1000F62
:1011200004D02168E369019A43F8212005EB080205
:10113000CBF8002021682046FFF759FF2369206083
:1011400043F00803236116F827306FF3000306F815
:101150002730009BC9F80030AAE770B50446154651
:10116000FFF745FF2368834205D12369216023F0FF
:101170000803236170BDE269AB0043F0020342F84B
:101180002130204661682A46FFF731FF6060F1E7B1
:1011900038B503695B07044606D5456AFFF716FFB5
:1011A00085422CBF6562606238BD38B50D46044685
:1011B0001C22002103F0ACFEEB68A361AB68636105
:1011C0002B68E3616B682362002262622A6923B1A3
:1011D000591E194208BF42F001022261012204F1A6
:1011E00028000021BDE8384003F050BB2DE9F04F46
:1011F00087B000250093036A03958B4204460E4690
:1012000092460595A94639D3EFF3118B402383F31A
:101210001288BFF36F8F059AD8462AB12946204617
:10122000FFF79BFF0023059304A92046FFF7BBFEB1
:101230000499B14207462AD32268E36913F82210C1
:1012400021F0030103F8221003EB820921683246E2
:101250002046FFF7CCFEE3682060984212D00027BA
:1012600088F31188BFF36F8F039929B162690AB1BE
:101270002046904700230393002FC5D1484607B06E
:10128000BDE8F08F236943F008032361E7E718B155
:101290002046FFF7C6FEE3E7009B5AEA03021CD094
:1012A000019103F0E2FB0199B8B9BBF1000F14D131
:1012B00087F31188BFF36F8F009B524604F128001B
:1012C000FCF738FEEFF31188402383F31288BFF355
:1012D0006F8FB0FA80F77F09C2E705AB03AA2046FB
:1012E0002568FFF7BBFE0746BAE770B50446836979
:1012F00008460D4698470246EFF31186402383F3D4
:101300001288BFF36F8F2B7843F001032B70616855
:101310002046FFF76CFE60602046FFF739FF86F33A
:101320001188BFF36F8F70BD2DE9F041044640274F
:10133000EFF3118687F31288BFF36F8F236913F0E1
:10134000080FA36802D16268934200D9226AE1695A
:10135000D21A32B986F31188BFF36F8F4FF00008AD
:1013600033E011F8232012F0030001EB8308F1D0E1
:10137000022803D151F82350AD0805D1D00712D46B
:10138000A369404698470546A1682A462046FFF7CC
:101390002EFE2946A0602046FFF737FE86F311880F
:1013A000BFF36F8FC4E742F0020201F823204046EA
:1013B000A369A5689847294602462046FFF717FE0D
:1013C000A06086F31188BFF36F8F4046BDE8F081BF
:1013D000F8B50446836908460D4698470646EFF37C
:1013E0001187402383F31288BFF36F8F2B786FF33D
:1013F00000032B7023699B0705D5E268E36903EBC3
:1014000082039D421AD12B786FF341032B70D4E9EC
:101410000231994204D132462046FFF7E8FDA06030
:1014200031462046FFF7F1FD87F31188BFF36F8F38
:1014300004F12800BDE8F840FCF742BD2B6860F3DA
:101440009F032B60F0E7EFF31181402383F31288B1
:10145000BFF36F8F036913F0080F836802D14268EE
:10146000934200D9026AD31A81F31188BFF36F8FB8
:10147000181E18BF01207047038B13F0070305D116
:101480000368002B0CBF002003207047022B05D1FE
:10149000408BB0FA80F0400980007047012B05D1E5
:1014A0000368002B0CBF0020052070470020704708
:1014B00010B50C4600B111B96FF0150010BD081D34
:1014C00000F094F80028F9D1A368032BF6D9F3E7CC
:1014D0002DE9F0410D4607461946281D90461E4647
:1014E00000F098F8044638B133464246294638465B
:1014F000A446BDE8F0416047BDE8F08110B4EFF3C9
:101500001182402484F31288BFF36F8F41615DF82C
:10151000044B0121F0F71CBC38B50C46054658B108
:1015200051B10B6843B14B6833B11C22002103F069
:10153000EFFC2C61002038BD6FF01500FBE770B5A3
:1015400005460E46FFF7B4FF041E14DBEFF31182CD
:10155000402383F31288BFF36F8F6B8B2C8B4FF676
:10156000FF718B4204F0070407D182F31188BFF3A7
:101570006F8F6FF00A04204670BD022C0CD101332E
:101580006B8382F31188BFF36F8F002322463146AD
:101590002846FFF79DFFEEE7062C14D8DFE804F09D
:1015A00004131313041A0400002333606B683BB95F
:1015B000C5E90066ACB902212846F0F7C9FBDAE7B5
:1015C0001E606E60F6E782F31188BFF36F8F6FF0D5
:1015D0000404D0E782F31188BFF36F8F6FF08504A6
:1015E000C9E782F31188BFF36F8FC4E7034640B1A8
:1015F000426802F00302022A06D0032A04D0012A1C
:1016000005D06FF0150070471A68002AF9D0002045
:101610009860704710B54268816002F00302022AA8
:1016200003464FF0000407D0032A02D05C6000207C
:1016300001E018685C6010BD18685C600028F6D096
:10164000FDF70CFDF3E7704770B4C6680468806A64
:101650000D0C06FB054414FA81F184682468A44645
:1016600070BC60472DE9F0431C46C36A1D686D429B
:1016700089B006468846174605F020051CB9204665
:1016800009B0BDE8F083AC42A14628BFA9464B464D
:101690006A4641463046FFF7D7FF0028F0D16B4637
:1016A000484502D1241A8044E8E713F8012BBA42D6
:1016B00001D10130F4E70120E2E70B6803F5803344
:1016C0000B60008A1A0CB0EB134F04BFA3EB02436C
:1016D0000B60704700F090BA38B5C26803680D0C13
:1016E000090C04462D04806A02FB013100F041FC24
:1016F00050B9E26AE368527929462046FFF7B2FF03
:10170000002818BF6FF0050038BD10B5014604462B
:101710000722FF20F8F76CF9E07110BD0368012B78
:1017200081BFC91801F1FF315B421940084670477B
:101730002DE9F0410C4605460821C06AFFF7EEFF8F
:10174000072207462146FF206688B4F80480F8F790
:101750004FF9E379834208D1E8684644C01BB042A0
:1017600094BF00200120BDE8F0810020FBE738B5E0
:1017700005460C46FFF7DCFFA0B1A08898B9228887
:101780004FF6FF739A420DD1E86A0821FFF7C6FFB2
:101790006288EB689B1AB3FBF0F202FB1030B0FAE0
:1017A00080F0400938BD0020FCE7F7B504460D463F
:1017B000C06A0821FFF7B2FF2968074608232046C0
:1017C000FFF742FF0646002836D12B683B442B60CA
:1017D000E26899B2D21B91422ED11A0C03BF228A21
:1017E00002F1FF3203EB0241A3F5803129600823A7
:1017F0006A462046FFF728FFE8B9E36A5A796B4644
:1018000013F8011B8A420CD101300828F8D1636813
:1018100005E02B68BDF802201B0C1B0413442B6051
:101820000AE069462046FFF7A2FF0028F1D12946C9
:101830002046F0F79BFB0646304603B0F0BD2DE98D
:10184000F043074689B090461C461BB9002009B0FA
:10185000BDE8F083FD683B68080C05FB003313FA14
:1018600081F6FB6A1D686D4225400CD0B86A83681A
:101870003146D3F804902B46C8470028E7D1641BB3
:10188000E4D02E44A84422464146684603F032FB89
:10189000FD6A2A686979121B0DEB040003F038FB1E
:1018A000B86A2B688268314654686A46A047CEE71A
:1018B00010B50A46082341680446FFF7C0FF082117
:1018C0000246E06AFFF72AFF63681B1A636010464E
:1018D00010BD13B54FF6FF7300220446ADF800307B
:1018E0008DF806308368ADF804206846ADF8023004
:1018F000FFF70BFF69462046FFF7DAFF02B010BD85
:101900002DE9F04F044695B0C06A0821FFF706FFA5
:1019100063681B0C1B04054603A920460393FFF7CD
:10192000CCFEDDF80CB0E6685E44761B06AA082300
:10193000314620460496FFF787FE021EC0F2A980BA
:10194000E36A06AA5979002312F8010B814240F09C
:101950008F800133082BF7D1A36862682B449A4229
:101960007ED259462046FFF7B7FE024691E0BDF809
:101970001A30360C36041E44049608AA04A92046E0
:10198000DDF810A0FFF711FF0246002840F081802B
:1019900008A92046FFF7CCFE18B9019B9A45ECD167
:1019A000DAE7636805930AAA05A92046059EFFF7B2
:1019B000FCFE024600286CD1BDF82820BDF820307E
:1019C0009A4227D06268059B9A42ECD15645E4D1F1
:1019D000BDF82430002BE0D0BDF822704FEA1A4346
:1019E0001B041F4408A8A368ADF82230FFF78DFE42
:1019F000E36ABDF824901E68764206F02006B9F12D
:101A0000000F0ED108A92046FFF752FF024600281A
:101A1000C3D03EE00AA92046FFF78AFE0028D1D0B5
:101A2000D4E74E45B04628BFC8460CAA43463946BF
:101A30002046FFF709FE024658BB4346A1680CAAA0
:101A40002046FFF7FCFE41460246E06AFFF766FECD
:101A5000A3680344A360E2B9A9EB08094744CEE7B1
:101A60002046FFF736FF024600283FF47AAF10E029
:101A7000731B06A920460193FFF779FE00287FF427
:101A800076AF04A92046F0F771FA024600283FF429
:101A900074AF104615B0BDE8F08F00231A46F0F77A
:101AA00079BC13B500240094F0F74AFD02B010BDD4
:101AB00003785B075FBF03684288C3F34A2303EBE5
:101AC00012105DBF173020F007008008002070471B
:101AD0000020704702F039B80346BFF35B8F53E82C
:101AE000000F421C43E800210029F8D1BFF35B8FAF
:101AF00070471FB50023CDE90201CDE900331A4636
:101B000019461846F1F7A8F805B05DF804FB012066
:101B1000F0F754BE002070474368DA7143681960DB
:101B2000436801225A71F0F73BBE70B515460C466A
:101B300069B1D2E901369B1B99420AD813680A465B
:101B40000146981903F0D6F9AB682344AB602046F0
:101B500070BD6FF01B00FBE770B50E4615461946C9
:101B6000044618B9BDE87040F0F728BE33B1C2F39F
:101B70004A231030120D184403F0BCF9C4E9005692
:101B80002046BDE87040F0F7C3BF2DE9F3415F1C6C
:101B90004FEA8708064608F1170020F00700800882
:101BA0000C461546F0F78CFE0023ADF805308DF895
:101BB00007308DF8047068B10346019A43F8102F7E
:101BC000A8F104012A46294452F8045B43F8045F53
:101BD0008A42F9D1A20102F4E07242EA482222F0DC
:101BE0007F4222F47002002322F03F02314602B00D
:101BF000BDE8F041FFF7B0BF07B50123019201AA8C
:101C0000FFF7C3FF03B05DF804FB07B5CDE9002380
:101C100002236A46FFF7B9FF03B05DF804FB1FB566
:101C2000CDE90123069B039301AA0323FFF7ADFF30
:101C300005B05DF804FBF8B506460D4614461F4690
:101C400004B9F8BD214628463A46B047241A05444F
:101C5000F6E710B5426881680446D2E900230068BF
:101C6000FFF7E9FF636800221A6010BD13B5002476
:101C70000094EDF7BDFB02B010BD38B54B681A6893
:101C8000CB689A4205460C4602D10846FFF7E1FFB1
:101C90006368BFF35B8F53E8002F511C43E80010CB
:101CA0000028F8D1BFF35B8FA3689D54002038BD96
:101CB0000A2838B504460D4602D10D20FFF7DDFF96
:101CC00029462046FFF7D9FF002038BD2DE9F04313
:101CD000054687B008460E8891F80090D1F8088034
:101CE0000C461746F1F708F8011EC6F38216C9F331
:101CF000C2091EDB4846F0F71DFF034621466088F7
:101D000051F8102B0196C2F34A22002A01EB02047B
:101D1000C0F30B1008BF00210022CDE90407CDE974
:101D20000214009241462846F1F712F807B0BDE8C8
:101D3000F0830023E2E7704770B54C680368A34264
:101D400001D2012070BD8A682244934201D3002051
:101D5000F8E7D1E903254E69B54203D36FF00B03D1
:101D60008B61F4E71B1B42F835304368086902EBCE
:101D7000C00253600B6901330B61E2E737B50C46D3
:101D8000C0B201A91546F1F72FFA00280CDB019823
:101D900050B121462A46F1F74DFA04460198FFF763
:101DA000CAFF204603B030BD6FF01504F9E70020EC
:101DB000F1F78CBA034610B508460AB1002111604C
:101DC00053B1D0B1411E11F8010F80B113F8014B8E
:101DD000A04201D13D28F6D100200EE0013313606E
:101DE0000AE03D2808D0B0FA80F0400905E01878F4
:101DF0002F28F6D1002AF1D1012010BD08307047FC
:101E000010B5134614460A4681880068FFF749FE5C
:101E1000A042A8BF204610BD2DE9F04F97B0044660
:101E200001929A46894600297CD0DAB1BAFA8AF63C
:101E30007609258F0135ADB2A84604F1080B6F1E57
:101E4000BFB2B7F5004F26D04A2303AA39465846F9
:101E5000FFF727FE002807DA10F1020F08BFB84687
:101E60003D46ECE70126E4E700F158030DEB0300E3
:101E7000002300F84C3C03A94846ECF7DEFD00289F
:101E8000EED126B339465846FFF707FE002805DA9B
:101E900017B0BDE8F08FBEB30020F9E705F57F511C
:101EA0003F3189B25846FFF7F8FD0028F0DB238F59
:101EB000BB42F1D12246013B22F8383F4FF40041AA
:101EC00002235846F0F766FA00EAE070E0E7B84609
:101ED000B8F5404F29D0238F434504F1080515D3A9
:101EE00008F58041019A534689B22846F0F752FA24
:101EF0000028CDDB002ECFD04846ECF7A8FD4A469F
:101F0000034641462846DDE70126E1E72246022353
:101F100022F8388F4FF400412846F0F73BFA0028AA
:101F2000DEDAB5E76FF01500B2E76FF00B00AFE750
:101F300073B5C36B03630446C3B100F108063046B2
:101F4000F0F772F8054670B902230DF106024FF45E
:101F500000413046FFF7A5FD0028ACBFBDF80630B4
:101F60004FF400432387284602B070BD6FF012057E
:101F7000F9E72DE9F0418768FB6804460D461646EF
:101F80009847BB682BB1324629462046BDE8F04150
:101F900018476FF05700BDE8F08102F0B9BF02F0BA
:101FA000A9BF01460068F1F7B9BB08B5F1F746FCD7
:101FB000BDE80840F1F746BC0A460121FFF71CBE08
:101FC00000210120F1F7AABBF2F740B861B662B672
:101FD00080F31188BFF36F8F704772B6002383F3CD
:101FE0001188BFF36F8FBFF34F8F30BF62B6BFF35F
:101FF0006F8F704772B6002383F31188BFF36F8F22
:10200000BFF34F8F20BF80F31188BFF36F8F62B68D
:102010007047202809D9B0F1004F08D80138B0FA2C
:1020200080F0C0F11F0040007047082070473E203C
:102030007047002070474FF0FF3070470020704716
:1020400008461146F2F7F0B908461146F2F700BA11
:102050004FF0FF307047002070470228CCBF0020AF
:10206000012070474FF400534B600020704710B5BB
:1020700004461420FDF730F92060BDE8104002F05E
:102080004FBB4FF0FF324FF0FF33FBF71FBEFBF7A4
:1020900095BEFBF727BC7047002303824369C360EA
:1020A0007047416A8968F2F753BAEFF3118240230F
:1020B00083F31288BFF36F8F00230B60436833B93B
:1020C000C0E9001182F31188BFF36F8F7047196068
:1020D0004160F7E710B50346EFF31181402282F328
:1020E0001288BFF36F8F006828B15C6802681A60BD
:1020F000A04208BF5A6081F31188BFF36F8F10BDF3
:10210000027A013202727047034618465B68002B60
:10211000FBD17047426810B52AB10B461C465B687C
:10212000002BFBD16260416010BD10B5044620B9A0
:102130000B7A01330B72084610BD034618465B68E4
:10214000002BFBD1FFF7E6FF2046F5E783680B4441
:102150000360704703680B6043684B6083688B6063
:1021600070478388026819448180D018704730B462
:1021700084880568A3188380281930BC02F0BABE91
:1021800010B5838802685C1C8480D154D01810BDBF
:10219000034600689A88401A114418609980704775
:1021A0000268531E036083880133838002F8011C98
:1021B00070478288521A034682800068084418607B
:1021C0007047034600689A88521A01449A80196041
:1021D000704710B503681C780121FFF7EAFF20461D
:1021E00010BD10B503681C880221FFF7E2FF2046EE
:1021F00010BD02688068101A70478388C2888168A1
:10220000D21A03685B1AD01A704710B50C460178D1
:1022100022788A428AB00FD06946F2F7C1FA05A93E
:102220002046F2F7BDFA10220DF115010DF1010063
:1022300002F050FE0AB010BD012A06D0022A07D0D3
:1022400072B940886388C01AF4E740686368FAE7A7
:102250001022611C01300AB0BDE8104002F03ABE05
:102260006FF01500E6E7042A0AD0102A0DD0022AE2
:102270004FF0000315D103700B8843800120704795
:10228000012303700B684360F8E7022300F8013B69
:1022900001F1100351F8042B40F8042B9942F9D1B5
:1022A000ECE718467047012310B50621044600F8F4
:1022B000013BF9F723FE18B9A37963F03F03A3713B
:1022C00010BD0B6803608B8883808B7983710378E2
:1022D00023F00203037070470078C0F3400070479A
:1022E00038B50446807AF2F709F96169054649B1C3
:1022F000637ADB0704D4436A1B6820469B689847CF
:102300000023636121462846BDE8384002F0B0BA98
:102310002DE9F04101F10C080C46054600F10C01D5
:10232000404617461E46FFF715FF4046FFF761FF80
:10233000012310FA87F068826B722F82394640467B
:10234000FFF737FFE3687360628A0023E3607281FE
:10235000638234602846BDE8F08138B5D1E90032A7
:10236000DA600B684A895A820C4605460868F2F71B
:102370006DF920461022002102F0CAFD2846BDE872
:102380003840FFF7ADBF438A23B9C068B0FA80F088
:1023900040097047002070470F2807D80D280BD838
:1023A000052808BF032018BF02207047132803D058
:1023B0001A2808BF0120F6E701207047FFF71CBC70
:1023C000FFF723BC10B50346BFF35B8F53E8000F44
:1023D00040EA010243E80024002CF7D1BFF35B8FF1
:1023E00010BD0023F0F7B4BBBFF35B8F50E8003F94
:1023F0000B4040E80032002AF8D1BFF35B8F7047F2
:1024000038B504460D46F2F757FC5F3005D1294632
:102410002046BDE83840F2F725BB38BD10B5F4F7CB
:1024200061F96FF4807104461030FFF7DDFF20463C
:10243000BDE8104000F04DB9C368DB78012B01D135
:10244000FFF7ECBF7047C368DB78012B01D1FFF7C2
:10245000E5BF704710B503884288934219D8052B11
:1024600017D9B2F5486F14D88388B3F5FA7F10D224
:10247000C088A0F10A0189B240F67644A14208D88A
:1024800001339BB25343B3EB800F34BF01200020D4
:1024900010BD0020FCE7002070470020704770B599
:1024A00006460D464FF0FF304FF0FF31F2F7EAFEDF
:1024B000044618B9BDE87040F2F7CABA03210C30DF
:1024C000FFF74FFE06808570214642F22100BDE8ED
:1024D0007040F2F7DBBF70B506460D464FF0FF3097
:1024E0004FF0FF31F2F7CEFE044668B103210C3005
:1024F000FFF737FE0680857021460022BDE8704058
:1025000040F20640F3F7DEB86FF0680070BDC368B4
:10251000187808B1F2F7F4BA1846F3F74DBC38B59D
:102520004FF0FF3105464FF0FF30F2F7ABFE0446A7
:1025300068B102210C30FFF714FE2B88038021467E
:102540000022BDE8384042F21600F3F7BBB86FF046
:10255000680038BD2DE9F047814688464FF0FF30CE
:102560004FF0FF319DF820A017461E46F2F78AFE75
:102570000546A0B107210C30FFF7F3FDB9F8003094
:10258000038080F80280C7700671A0F805A0294674
:102590000022BDE8F04742F23200F3F793B86FF043
:1025A0006800BDE8F08708B500200021F3F71EF8A9
:1025B00018B1BDE80840F2F763BFBDE80840F4F782
:1025C00079BD08B5072202F085FCB0FA80F0400919
:1025D00008BDFFF711BB00280CBF0846002070475C
:1025E00018B111B10846F3F757BD6FF015007047E9
:1025F00013B5044680B106216846F9F77FFC48B957
:102600009DF80530694603F03F0320468DF80530FC
:10261000FFF7E6FF02B010BD6FF01500FAE70038D3
:1026200018BF01207047034610F4004F0CBF07206D
:102630000620DA0348BF00F005009B0348BF00F006
:10264000FB007047BFF35B8F0068BFF35B8F704781
:10265000012303FA01F15AB1BFF35B8F50E8003F49
:102660000B4340E80032002AF8D1BFF35B8F70477C
:10267000C943BFF35B8F50E8003F0B4040E8003296
:10268000002AF2D0F7E770B5064686B00D464FF047
:10269000FF304FF0FF31F2F7F5FD0446B0B10C30DA
:1026A00095B10121FFF76CFD06F1100203A9204648
:1026B00000950823F2F7D4FD0022214642F20A00D9
:1026C000F3F700F806B070BD2946EBE76FF068003D
:1026D000F8E7183002F0B6B9D0F8B400003818BFE7
:1026E00001207047084689691160C2691A60C27A80
:1026F0000021183002F00CBC2438F4F7E7B9036865
:1027000000220BB9184670478B4210D10B6842B9B2
:1027100042680360914200D1436000230B600120B6
:10272000704713604368994208BF4260F5E71A4654
:102730001B68E6E7837A072B01D1F4F7F7B97047F6
:1027400010B50446006918B1F1F780FF002323613A
:1027500010BD10B5BFF35B8FD0F8C830BFF35B8FEF
:1027600000F1C8027BB1BFF35B8F591C52E8004FE8
:102770009C4204D142E8001CBCF1000FF6D1BFF32B
:102780005B8FE7D110BD1846FCE710B5837A023B9A
:102790000446062B16D8DFE803F009041515150BBF
:1027A0000900417200212046F4F728FB002010BDEB
:1027B0000088FFF790FE0028F9D1A37A072BF5D106
:1027C0000821F0E76FF07F00F1E738B5037A8B421C
:1027D0000446154615D100F170010722284602F083
:1027E00079FB80B1E378072243B904F17E012846E2
:1027F00002F070FBB0FA80F0400938BD04F17701B7
:10280000F5E70020F9E70120F7E78378012B0CBFFB
:10281000703000207047F8B507460D464FF0FF3086
:102820004FF0FF31F2F72EFD0646D0B10E210C30ED
:10283000FFF797FC0E220446002102F069FB3B885B
:1028400023802B8863806B88A380AB88E380EB8830
:10285000238131460022BDE8F84042F21300F2F72E
:1028600031BF6FF06800F8BD704710B50446FBF744
:10287000D3FF234653F8482BD2F8B41061B9A164B2
:10288000D2F8B81061B9C2E92D33FBF7D9FF20683F
:10289000BDE81040F4F788BA8B42F6D00968EDE73E
:1028A0000B60C2F8B830F0E703682BB141681A68D2
:1028B00002608B4208BF4260704770472DE9F843C1
:1028C000446B002C55D054F8085905B1083D002739
:1028D00001E02C461D46D4E900682EB3FBF79CFFAF
:1028E000D6F8B43004F14801002263B1994232D1E4
:1028F000A36C42BBD6F8B820C6F8B430914201D1DF
:10290000C6F8B830A764FBF79BFF04F1300900223A
:1029100000234846FBF7A2FA0646F8B9D8F8043077
:102920000BB1204698472760E3680BB120469847D3
:10293000D8F820300BB120469847D5B1AB68002BB2
:10294000C7D0083BC5E71360D6F8B830994208BF36
:10295000C6F8B820D6E71A461B68C6E7B36923B1A4
:10296000F16920686FF06D0298473046F1F76EFE0E
:10297000CDE7BDE8F883F8B50F46002105461646B9
:1029800000234FF480320846F4F774FF044620B960
:102990002846BDE8F840F4F739BF04210C30FFF7B2
:1029A000E0FB0570477046802046F8BD406B30B1B3
:1029B000838B8B42A0F1080001D08068F7E7704755
:1029C00010B54AB989B2FFF7F1FF28B143689B6996
:1029D00013B1BDE81040184710BD38B50D460521AC
:1029E000FFF7E4FF00231A462946F4F761FF044687
:1029F00010B12846F1F72AFE204638BD406B30B1B1
:102A000083898B42A0F1080001D08068F7E7704706
:102A100070470346006828B1596802681A60884206
:102A200008BF5A6070470346002003B970471A8AEE
:102A30005B681044F9E710B5D4682378023113B904
:102A40002170012010BD8B42FBD0038A023B038220
:102A500000201061F6E7FFF7CFB82DE9F0410446FA
:102A60008868FFF7E0FF638D628B934228BF1346AF
:102A700083420D461DD3A165D1F8088000278F60E1
:102A8000FBF7CAFE41462046F5F70EF9064638B177
:102A9000C5F80880A765FBF7D3FE3046BDE8F08196
:102AA000618D638B994228BF1946284600F07EFD50
:102AB000F1E76FF07906F0E773B514460146054675
:102AC0004FF49572206800F01CFD207530B9206825
:102AD000294600F06EFD20B908232375002002B0BE
:102AE00070BD237AB3B1A3F11802534253419B0046
:102AF0000193638A0093AE68238AE26820682946BE
:102B0000B047002808DB238A98420CD100232375A4
:102B10000120E4E70223EBE710F1FF0F03D340426B
:102B2000C0B22075DAE70E20FBE71FB5CDE901231F
:102B3000002300931A46F6F73BFB05B05DF804FB53
:102B400038B504460D46F5F7AFF830B1294604F123
:102B50005C00BDE8384001F080BE38BDF8B5936830
:102B6000166805460F46144663B9506801210C30BB
:102B7000FFF7F7FAA0602B681B78002B14BF022325
:102B800001230370A3681B78012B03D0022B1FD0F5
:102B900000201CE02B681B78002BF9D16068042111
:102BA0000C30FFF7DEFAE06007802A68E36852889D
:102BB0005A806168728D738B088A9A4294BFC0EB09
:102BC0000200C0EB0300042894BF00200120F8BDE0
:102BD0002B681B78022BDBD1606812210C30FFF7C9
:102BE000C0FAE06007802B68E268591C023211339A
:102BF00051F8040B42F8040B9942F9D16168728DC7
:102C0000738B088A9A4294BFC0EB0200C0EB0300AA
:102C10001228D9E770B405686A6A52B3136803B121
:102C2000A83BA2F1A8040022114600E0A83B844280
:102C300007D0668D648BB14238BF3146A24238BF9F
:102C400022461C462BB1D3F8A830002BEED184428B
:102C5000EFD1438D408B8B4201D890420BD98242F9
:102C600038BF02469942286838BF194670BCF6F74B
:102C70006FBE1146EDE770BC7047D0680378043131
:102C800013B90170012070478B42FBD091680B8A09
:102C90000020043B0B821061704770B504460E465D
:102CA000002200230846FBF7D9F8054658B1014633
:102CB0002046F4F7F9FF044618B12946304601F0E2
:102CC000D7FD204670BD6FF00104FAE72DE9F04F03
:102CD000044685B0104690469946FFF7A4FE638BE4
:102CE000628D934228BF134683428B4640F2938005
:102CF000636803934046FFF707FA4FF0000A064661
:102D00004046FFF790FE628B638D06F10C079A42F6
:102D100094BFC0EB0205C0EB03053846FFF76DFA20
:102D2000854217D24046FFF77EFE628B638D9A4242
:102D300094BFC0EB0205C0EB03058DBB98F80A00F9
:102D4000F1F7DCFB00220023FFF7ABF9064630B9B0
:102D5000574636E03846FFF750FA0546EDE701469C
:102D60004046FFF7E2F94046FFF75DFE628D638B58
:102D700006F10C079A4294BFC0EB0205C0EB0305B5
:102D80003846FFF73AFA85421FD24046FFF74BFE1E
:102D9000628D638B9A4294BFC0EB0205C0EB0305C2
:102DA000F168328ACDF80090DBF8047003980A4489
:102DB000ABB25946B847071E0CDABAF1000F18BF7C
:102DC0005746384605B0BDE8F08F3846FFF715FA8C
:102DD0000546E5E70E9BB3B9394606F10C00FFF74F
:102DE000C0F94046FFF71FFE638D628B934228BFF8
:102DF0001346B9448342BA441FFA89F9A8D9AF42AD
:102E00003FF47EAFA4E70F9A0E9B394630469847B1
:102E10000028E1D19CE70027D3E70368002203B92B
:102E200070478B420FD10B683AB9426803609142F8
:102E300000D1436000230B607047136043689942E0
:102E400008BF4260F6E71A461B68E8E7BFF35B8FEE
:102E500050E8003F43F0080240E800210029F7D184
:102E6000BFF35B8FC3F3C00070472DE9F041064606
:102E700090461F460D46B9B104220121F5F74CF8E2
:102E8000044618B9BDE8F041F4F784BF04210C30C2
:102E9000FFF767F90570A0F80180C770214630463A
:102EA000BDE8F041FFF74CBEBDE8F08137B50C46F8
:102EB000054601F10C00FFF794F9228A0192E268BD
:102EC00000920346132212212846F5F777F803B043
:102ED00030BD37B50C46054601F10C00FFF781F90E
:102EE000228A0192E2680092002203461146284697
:102EF000F5F764F803B030BD2DE9F3411768D7F852
:102F0000048000231446137301460646952240466A
:102F100000F0F7FA0546207330B93146404600F01C
:102F200046FB28B908232373002002B0BDE8F081D6
:102F3000CDE900553146A388A2683846FFF7C6FEA2
:102F4000002807DA10F1FF0F26BF4042C0B20E2062
:102F50002073E9E70120E8E72DE9F3411768D7F886
:102F6000048000231446137301460646952240460A
:102F700000F0C7FA0546207330B93146404600F0EC
:102F800016FB28B908232373002002B0BDE8F081A6
:102F9000A068798D7A8B038A914294BFC3EB0103B9
:102FA000C3EB0203012BEFDD02210C30FFF7D9F850
:102FB000CDE900558046A388A26831463846FFF720
:102FC00085FE031E06DA13F1FF0F26BF5B42DBB25C
:102FD0000E23D8E7A8F800300120D6E707B5CA6865
:102FE0001388528800920C210D22F5F705FB03B0DF
:102FF0005DF804FB07B5CB6800221B8800920A210C
:103000000B22F5F7F9FA03B05DF804FB2DE9F04166
:10301000CB681F88BBB2162B05461BD90321F5F7D9
:10302000A7F90646C0B102210C30FFF79AF8002438
:103030004FF0170880F80080447031462846FFF7AB
:103040007FFD2846A5F81A806F85FFF7E3FD20462F
:10305000BDE8F0810420FBE70E20F9E7F8B505464E
:10306000071F00F1500350F8044CBFF35B8F53E887
:10307000001F21F0040143E80012002AF7D1BFF33A
:103080005B8FFCB16B6D83B9636873B1201DFFF773
:10309000C0FC064601463846FFF7DFFC90B1636886
:1030A0003360A368666003B9A66005F1580138462D
:1030B000FFF7F3FD30B104F10C013846BDE8F840EC
:1030C000FFF7EBBDF8BD2DE9F041446A074634B384
:1030D00054F8A86906B1A83E00231D4607F104086C
:1030E00001E034461646A26D92B905B983B940464F
:1030F000FFF78FFC054650B101462046FFF7ADFCB7
:1031000068B17B682B60BB687D6003B9BD602346F6
:103110002EB1D6F8A820002AE3D0A83AE1E7BDE80E
:10312000F08138B5BFF35B8F0B68BFF35B8FDB07B4
:10313000054616D550F8040C98B16B6D8BB9043068
:10314000FFF767FC044660B10146281FFFF785FCC6
:1031500038B155F8043C5A6822609A685C6002B93C
:103160009C6038BDF5F7D4BF0A8AC9680023F5F71B
:1031700057BD70B50E46F5F737FC044628B9304602
:10318000F1F764FA6FF07F0070BD00F10C0528467E
:10319000314601F062FB606A38B150F8A84904B1C9
:1031A000A83C2946FFF779FD20B90020ECE71C4632
:1031B0006FF00100002CF8D0D4F8A83023B9023009
:1031C000F5D020461C46ECE7A83BF8E738B50546A5
:1031D0000C46FBF721FB2846F5F706FC20B9FBF768
:1031E0002FFB6FF07F0038BD0023236083683BB95D
:1031F000C0E90144FFF767FFFBF722FB0020F2E77D
:103200001C608460F6E710B5029CA36833B1B1F589
:10321000807F28BF0E21CAB221469847A37DE2686D
:10322000013BDBB2A37522B11BB92046BDE81040BB
:10323000104710BD106091800020704708B507222C
:1032400001F048FEB0FA80F0400908BDF8B5994297
:103250000446089EDDE906070D4601D90020F8BDA9
:10326000914201D20120FAE760B98FB933880A9AF6
:10327000013B33802946099B204698473388002B21
:10328000EDD1EBE72168FEF7C0FF0028EDD0E9E7BC
:10329000E368BB42E6D1E9E770B50D46064611F892
:1032A000010BF4F759F9044610B12C89F3F760FDCE
:1032B0006B89A34207D0EB686C8123B1214630466D
:1032C000BDE87040184770BD10B5144632B900F122
:1032D0007001007AF5F7A8FD00B1846010BD38B523
:1032E000BDF81040A24215460CD84CB16BB1A21AE1
:1032F0008A42A8BF0A4694B22246591901F0FAFD43
:10330000204638BD6FF00600FBE76FF00D00F8E7D0
:1033100030B585B0C96814461D46F5F7CBFD00B140
:103320000089ADF80E0002230093BDF820200DF1B6
:103330000E0329462046FFF7D2FF05B030BD1FB56A
:103340000C461946E3681C781046BDF818203CB1BD
:1033500010240133069404B0BDE81040FFF7BFBF4E
:103360005B88ADF80E30022300930DF10E03FFF7DA
:10337000B6FF04B010BD2DE9F04114461D46BDF85E
:103380001870F2F779F80646EBF761FB80B2069009
:1033900033463A4629462046BDE8F041FFF79FBF35
:1033A00030B585B014461D46FFF775F80223ADF819
:1033B0000E000093BDF820200DF10E032946204693
:1033C000FFF78DFF05B030BD10600020704770B56D
:1033D00000F1700605463146007AFFF75EF80446B4
:1033E0003146287A3CB1F5F71FFD18B10023036080
:1033F0004360836070BDF5F717FD0028FAD00460C4
:1034000044608460F6E7022A10B508D1002300F179
:1034100070011A46007AF5F719FD022010BDFFF77A
:10342000D6FFFAE738B5BDF81010BDF81840059D75
:10343000A14210461A460CD84CB16DB1631A9A429B
:10344000A8BF1A4694B22246294401F053FD2046F3
:1034500038BD6FF00600FBE76FF00D00F8E713B51D
:10346000044610B9002002B010BD00238DF80430CE
:10347000006842F6030301A9ADF80630FEF7C5FE69
:103480000028EFD1E36898880028ECD12046F5F7B2
:103490005FFE013080B2E6E770B5CC6888B00846C0
:1034A0001E46A3798DF80C301546FFF7D8FFADF80E
:1034B0000D00246823786BB96388ADF80F300523BD
:1034C0000093BDF8302003AB31462846FFF707FFD5
:1034D00008B070BD631C0DF10F02113453F8041BCA
:1034E00042F8041BA342F9D11323E9E71FB5CDE944
:1034F0000123002300931A46F5F75AFE05B05DF844
:1035000004FB4B8A12F0010FC3F30E0304D013F037
:10351000950F10D0486870B112F0020F04D013F468
:10352000957F0AD0896841B1134013F4DE7F14BF40
:103530000520002070470220704703207047F8B52F
:103540000F4651684B8A03F094030646144613BB9A
:103550000122F5F7B9FE08B3A2891B2102323046D9
:10356000F5F7F0FA0546E0B1A1890C300231FEF71B
:10357000F8FD20F8027BA289A16801F0BBFCD4E928
:10358000041228460123F5F73DFC29463046BDE8E4
:10359000F840FFF7EEBD4FF0FF30F8BD6FF01500BB
:1035A000FBE76FF00B00F8E7012070477047012040
:1035B0007047012070470021F8B54FF0FF324FF0FF
:1035C000FF3305460846F4F755F900F10C070446A9
:1035D00001213846FEF7C5FD052606700121384653
:1035E000FEF7BFFD002306701A4621462846F4F771
:1035F0005FF910B12046F1F729F80020F8BD6FF00F
:103600008500704700207047FAF75ABC0369C9B2B9
:103610000C2201FB0233186C00F00700704770B5F4
:10362000C9B20369EFF31185402484F31288BFF314
:103630006F8F0C2606FB0134246C14F0C00408D0F4
:10364000A24206D085F31188BFF36F8F4FF0FF3091
:1036500070BD71430B4401221A6485F31188BFF3D6
:103660006F8F43680B445B6898470020F0E7802227
:10367000FFF7D5BFF8B5069F0469C9B2EFF311860D
:10368000402585F31288BFF36F8F0C2569430C44E6
:10369000256C05F0070CBCF1010F0BD1276486F3F4
:1036A0001188BFF36F8FC4E90E2343685B589847B6
:1036B0000020F8BD05F0C005AF4286F31188BFF3C6
:1036C0006F8F0CBF6FF077004FF0FF30F1E713B54D
:1036D00080240094FFF7CEFF02B010BD10B4006943
:1036E000CBB21C2403FB040000215DF8044B1047FF
:1036F0001046FAF7E5BB00F0E3BAF8F7F5BC4FF473
:10370000AF6070472DE9F3411C4690460023826864
:103710002360A36053690D4601AA69469847019B3F
:103720005A1E019223B96FF0150002B0BDE8F08176
:103730000098A26847682168676085B9A8EB020312
:103740000668B34228BF33461A4403FB07112160C1
:10375000A26002689A4206D808300090DFE76B1A30
:10376000B3FBF7F3ECE70020DFE713460022FFF797
:10377000C9BF2DE9F047836886B05B6988469146EA
:1037800001A902AA98470024A2462546029BAB4203
:1037900002D806B0BDE8F087019F07EBC5070026F9
:1037A0007B6804933A68B2420AEB060302D80135FB
:1037B0009A46EBE703940593494603A8C0470028BF
:1037C000E7D0049B01361C44ECE710B50C4600F032
:1037D000B0FD0023C4E90003184610BD70B50446CF
:1037E00000F0ADFD237B05460BB100F07FFA00260B
:1037F0006068F8F7E3FFA3685B1BA36063682B4472
:103800006360237B01363BB9A368002BF0D1A0682D
:10381000003818BF012070BD3046F8F757FD00286A
:10382000F2D0F4E738B505460C4600F082FD002DD5
:1038300007DBA84205D9401B84428CBF0020012031
:1038400038BD0020FCE770B50D46284619461646DF
:103850001C46FFF7E7FF28B921462846BDE870401F
:10386000F6F732BF24B122462946304601F042FB2A
:10387000002070BD43685B68D3F810350B600020F2
:10388000704743685B6802EA010021EA0201C3F85D
:103890000805C3F80C150020704743685B680020DA
:1038A000C3F80815704743685B680020C3F80C151F
:1038B000704743685A68D2F8043521EA03000B4088
:1038C000C2F80805C2F80C350020704710B503692E
:1038D0005868F8B1884219D19C6808685860A142BC
:1038E00000D19860002008602AB15A680A609A687E
:1038F000596002B99960002010E0814206D1086841
:10390000206098688142EDD19C60EBE70446006836
:103910000028F2D1002AE8D16FF0150010BDF8F7A9
:1039200059BE37B50446002201210320F0F7E0FA22
:103930006368DD6901AA0021284600F08AF80028A2
:103940000DDB019B2A6819791868F7F7E3F900285D
:1039500005DB204603B0BDE83040F7F743B903B0BC
:1039600030BD02780B69012A07D0022A08D052B96B
:103970005A6303F11C00FAF7A3BA6FF00402F7E7E9
:103980006FF00A02F4E76FF08B02F1E72DE9F04FD8
:10399000D0F81090D0F8048085B005460C46174644
:1039A000029309F1040A4FF0FF324FF0FF33504603
:1039B000FAF7C0FA09F11C0B002300225846FAF767
:1039C000B9FA4046F9F72EFD7B1E00260393B74255
:1039D00001D8002322E0039B217AB34283BF237DD9
:1039E00083F00403C3F3800300230193029B00933D
:1039F000D4E900232846F7F743F9034670B94FF49A
:103A0000804200235846FAF795FA98B14046F9F7F4
:103A100019FD284600F015F86FF0040340460293A4
:103A2000F9F710FD5046FAF74BFA029B184605B01D
:103A3000BDE8F08FD9F834300C34002BECD10136CE
:103A4000C5E743681B68D3F80805D3F80C15F9F7E8
:103A5000FFBD30B543681360057A446804EBC504C4
:103A6000A34202D36FF0010030BD5C798C4201D0DB
:103A70000833F0E70020F7E743681B68D3F88004B9
:103A8000C3F88004704742681368D3F8100150B13E
:103A9000126A002012780A70C3F81001D3F81021BE
:103AA00001221A6070474FF0FF30704702680346EA
:103AB000D2F8580140B95B68DB0706D4D2F8200180
:103AC000003818BF012070470120704743681B6809
:103AD000D3F80423D20517D5D3F82021A2B1EFF3F0
:103AE0001182402181F31288BFF36F8FD3F8201128
:103AF00031B10021C3F82011D3F820110121D96080
:103B000082F31188BFF36F8FD3F85831704713B524
:103B100001AA0446FFF79DFF002805DB019B2268F0
:103B200019791868F7F7F6F802B010BD6FF0850044
:103B3000704700F150039B009BB203F1804303F5F3
:103B4000883300221A601B68704708B5F7F706FB38
:103B500008BD10B54FF0FF304FF0FF31F7F79AFC7A
:103B6000044628B9DCF7A2FC044618B1F7F79AFC22
:103B7000204610BDF7F796FC2046F0F789FEF7E7E0
:103B800038B50B8A0D463BB101F10C00FEF721FB65
:103B9000012818D0022803D06FF01504204638BD44
:103BA0004FF0FF304FF0FF31F7F774FC0446002868
:103BB000F4D1E868E7F7F3FF0446F7F773FCACB11C
:103BC000F7F776FCEAE74FF0FF304FF0FF31F7F7F9
:103BD00061FC04460028E1D1E868F7F759FE044685
:103BE000F7F760FC002CD9D1F7F762FC2846F0F714
:103BF0002DFD0024D2E7F7F7ADBD10B53122044604
:103C0000002101F085F9202323708023A3706FF039
:103C10003F0363710423A3722823A3730223E37376
:103C20000423A3756FF0080363760323A3766FF074
:103C30000F03E3767E232377302384F820306FF060
:103C40000F0384F82330012384F82430802384F880
:103C50002630402384F82D3010BD08B54FF0FF31D9
:103C60004FF0FF30F7F716FCEAF7D1FEBDE8084049
:103C7000F7F718BC684620F007018D4601B5E5F757
:103C8000AFFCBDE8014085467047684620F007015B
:103C90008D4601B5E4F754FCBDE801408546704708
:103CA000684620F007018D4601B5E4F73DFCBDE80C
:103CB00001408546704708B5EAF7F8FC002008BDCA
:103CC0007047012802D10020E6F7F8B87047704726
:103CD000E5F7F2BE08B5E6F7FBFD30B1EFF305807E
:103CE0000338032894BF0020012008BD7047034615
:103CF0000020184700F05CBC10B502461168B1B155
:103D0000BFF35B8FB1FA81F3C3F11F00012383403E
:103D100021EA030352E8004F8C4204D142E8003C00
:103D2000BCF1000FF6D1BFF35B8FE7D110BD6FF090
:103D30000B00FBE710B50368CB40DB0714D401236D
:103D40008B400268BFF35B8F43EA020150E8004FEB
:103D5000944204D140E8001CBCF1000FF6D1BFF33F
:103D60005B8FEED1002010BD6FF01500FBE770B542
:103D70000C460021054608461646F8F779FB002850
:103D80000ADB3378DB0003F1804303F5F8330020CE
:103D9000C3F81055C3F8144570BDF7B5019001A8DC
:103DA000DDE9084716461D46F8F778FB019BB6F19A
:103DB000000C18BF4FF0010C00EB83000B1E18BF66
:103DC0000123002D43EA4C0314BF4FF00C0C4FF0BD
:103DD000000C002C43EA0C0314BF4FF4E06C4FF0CE
:103DE000000C002F43EA0C03D0F8002714BF4FF457
:103DF000403C4FF0000C43EA0C0322EA030301B1FC
:103E000009780EB13678760019430DB12D78AD00E2
:103E100031430CB12478240229430FB13F783F0489
:103E20000C433C43C0F8004703B0F0BD1FB50DF193
:103E30000F03019300238DF80F1000931A461946C3
:103E4000FFF7ABFF05B05DF804FB10B5044608466C
:103E5000F8F734FB04EB4004A08AC0F3401010BD17
:103E600010B504460846F8F729FB04EB4004A08A85
:103E7000C0F3400010BD10B504460846F8F71EFB1D
:103E800004EB4004A08A400B10BD70B50446084600
:103E90001646F8F713FB08300D4634F81030DA05F3
:103EA00009D5C3F3432304EBC302314654F833303E
:103EB000526828469847A3682BB1E26831462846E5
:103EC000BDE87040184770BD10B504460846F8F7C5
:103ED000F5FA00B204EB4000838ADA051DD5C3F37E
:103EE000432123F4F853838204F1120204F16600A3
:103EF00032F8023F13F4807F03D0C3F34323994287
:103F00000BD08242F4D104EBC10300225A6004F1C9
:103F10006C00BDE81040FFF70DBF10BDF0B50346C3
:103F200000F58074002005460127844695420AD199
:103F3000D3F87C2132B10022C3F87C21D3F87C3144
:103F400040F00040F0BD25F0404607FA06F6314249
:103F500009D0D4F800E0BEF1000F04D0C4F800C0CE
:103F6000D4F800E0304301350434DFE738B50446C7
:103F70000D46FFF76AFFB0B12046FFF771FF90B919
:103F80002046FFF778FF226801238340C2F80833F8
:103F9000236800B203EB8003D3F8102522F003025C
:103FA000C3F8102538BD28460021BDE83840FFF78A
:103FB0003DBF2DE9F043174685B004460846F8F7A3
:103FC0007DFAD7F800800E460546B8F1000F1FD0E5
:103FD0002046FFF745FF18B12046FFF736FF30BBFC
:103FE0000023CDE900338DF80E308DF80F300DF140
:103FF0000F0243460DF10E013046FFF7CEFE2AB206
:1040000004EB4202938A23F0020343F001039382FC
:104010007B68002B34D03146204693F80080D3F8DB
:104020000490FFF71DFF28B1B9F1000F1FD06FF00A
:10403000150028E028B204EB4000838A23F4604393
:1040400023F020038382B9F1000F10D0B8F1030FE1
:10405000EDD87B6821685B6893F800C001EB8C01A8
:10406000B8F1000F12D1C1F81085C1F810852AB23D
:1040700004EB4202938A23F01C0343EA88039382F1
:10408000BB684BBB002005B0BDE8F083D1F810251C
:1040900022F00302C1F81025226802EB8C03D3F84A
:1040A000102522F44F3222F44072C3F81025320258
:1040B000D3F8101502F47C5242EA08420A43C3F8CE
:1040C000102504EB4C03A3F87060838A43EA4C3359
:1040D00043F020038382CAE7D3E9007831462046C3
:1040E000FFF7F2FE002FCDD063689F4206D004F1A7
:1040F0006C00FFF701FE002804DAC4E7A3689845C6
:10410000F5D1002004EBC003C3E901782DB204EB24
:104110004505C0B2AB8A43EA402343F48073AB82C7
:10412000B0E72DE9F043054685B0084617461E4620
:10413000F8F7C4F90C46804637B32846FFF790FEDF
:1041400018B92846FFF781FE28BB0FFA88F905EB5E
:104150004909B9F8143013F01C0F02D07B78012BF9
:1041600019D001238DF80F300023CDE900737A1C9C
:10417000BB1C0DF10F012046FFF70FFEB9F81430FC
:1041800043F00303A9F81430002E41D021462846FD
:10419000FFF766FE20B96FF0150005B0BDE8F083AB
:1041A00037782B6803EB87030022C3F81025C3F888
:1041B00010250FFA88F205EB42024FEA870C938A2A
:1041C00023F4604323F020039382707800B32968BE
:1041D000B67861440004D1F8103523F4991323F420
:1041E000F853C1F81035230200F4403003F47C5337
:1041F00003433005D1F8105500F4801003432B43DE
:10420000C1F81035938A43EA473343F02003938281
:104210000020C2E7C0E90312704770B50446154696
:10422000FFF713FE48B10846F8F748F904EB4004DD
:104230000020A38A5B0B2B7070BD6FF01500FBE7AD
:1042400038B590F8804005469CB954222146143078
:1042500000F05EFE2868C0F87C41D0F87C3140F365
:104260000730EFF715FE012385F88030EB66204616
:1042700038BD6FF07700FBE790F88000003818BF7A
:1042800001207047F8F756B92DE9F3410446174667
:10429000FFF7DBFD0D46266800B32046FFF7E0FD83
:1042A0008046D8B92046FFF7E6FD05B2AD0005F51A
:1042B000807246F802802168B2582944D1F810254E
:1042C00042F00102C1F810252FB12168012202FA43
:1042D00000F3C1F8043302B0BDE8F081D6F804332E
:1042E000002BA4BF4FF00043C6F804332846F8F76C
:1042F000E5F804EB4004A38AC3F38203042B12D035
:10430000052B12D001A80195F8F7C8F8019BD0F849
:104310001015D94001F001010231284602B0BDE874
:10432000F041FFF783BD0321F7E70221F5E7FFF72F
:104330001DBE4FF080531A695869504370474FF0C3
:104340008053186970474FF0805358697047A1F542
:10435000807310B59B08012404FA03F318400CD0B5
:1043600001F1804101F5E041086830B100200860AA
:104370000968116819431160204610BD08B5002175
:104380000120F8F7D1FA0028F9D008BD08B5024697
:10439000F8F76CFA20B9BDE808401046F8F79EBB64
:1043A0006FF00F0008BD30B5D0F804312BB10023F9
:1043B000C0F80431D0F80431012391F82F2022B342
:1043C0000022C0F82421D0F82441C0F81C21D0F8E4
:1043D0001C41C0F80821D0F80821002B79D0002218
:1043E00081F82D2091F82F20002A37D14D6B8C6A4F
:1043F000A5421FBF0523C0F80025C0F800351346AD
:1044000083F0010381F82F3028E0D0F8244114B163
:10441000C0F824210EE0D0F81C216AB3C0F81C417A
:10442000D0F81C214A6B01324A63D0F8245145B1BF
:10443000C0F82441D0F824210122426181F82F20C4
:10444000CBE78C6AA24204D24C6AA25CC0F81C255D
:10445000C3E791F82C201AB10123C361002030BDBD
:104460000A6A12F0400F4FF0010203D0C26181F8D6
:104470002D20F3E74261B0E7D0F80841002CACD022
:10448000C0F80821D0F80841D0F82441002CBFD151
:104490004A6B8C6AA242A0D24C6AD0F81855A55437
:1044A0004A6B8C6A0132651EAA424A6308D10A6AC5
:1044B000540602D40222C0F80022012202628CE7D4
:1044C000A242FAD10A6A520687D5022381F82D301A
:1044D000C4E70120C3E707B5019001A8F9F7A8F8E0
:1044E000019A01239340C0F8083503B05DF804FB3E
:1044F0000369C26893429CBF81685B18013B981AAC
:1045000070472DE9F041D0E902840546A8EB040686
:104510004068964220440F46144404D900F0EAFC57
:10452000EC60BDE8F0813246A4EB080400F0E2FC48
:1045300068682246B919F1E72DE9F843C5680646CF
:10454000894617464FF000083369B46870689D4289
:1045500028BF1B19641BBC4203F1FF3328BF3C4634
:104560005B1B9C4228BF1C4649462844224600F05B
:10457000C1FCB3682544AB4208BF00253F1BA044E3
:10458000A144F560E0D14046BDE8F88308B5F9F7ED
:1045900091F9002008BDEFF31180402383F31288C6
:1045A000BFF36F8F704780F31188BFF36F8F704731
:1045B00008B1F0F775B8704710B5436904463BB9C8
:1045C0000020E268537843F001035370404210BD6D
:1045D00098470028F4D00028B8BF4042E368FF287D
:1045E000A8BFFF201870ECE740B1C368587810F0FE
:1045F00001001EBF1878B0FA80F040097047EFF351
:104600001183402383F31288BFF36F8FFEE710B44A
:1046100000F10C04C0E903445DF8044BFCF788BBCF
:1046200038B50446EFF31185402383F31288BFF3B6
:104630006F8FFCF72DFB04F10C0000F0BAFA30B1DB
:10464000294604F11400BDE83840FAF7BFB885F3F5
:104650001188BFF36F8F38BD4169826842EA010358
:1046600013F003030FD1C3600369013B03FB012275
:10467000002B01DA00207047C16811604169C260F7
:10468000013B521AF4E76FF0150070472DE9F04135
:1046900005460F46EFF31188402383F31288BFF3DA
:1046A0006F8FC668F6B90468A0421BD0D4B1D4E9B4
:1046B000003213605A60637BA66023F002036373C9
:1046C000C4E9006604F1180000F0E7FA2046E66746
:1046D000276100F00FFA414605F10800BDE8F041FE
:1046E000FAF774B83E60AB69EF60013BAB6188F3E9
:1046F0001188BFF36F8FBDE8F08108B54024EFF358
:10470000118384F31288BFF36F8FFDF766FCF6E721
:1047100090F90E308B4201D0F9F7E6BF00207047C8
:1047200003460020C3E90200C3E900337047D0E923
:10473000003213605A60427B002322F00202C0E97B
:1047400000334273836070472DE9F8439146044675
:104750009DF820200D4600F10807EFF31186402157
:1047600081F31288BFF36F8F02B14568D4F80880D7
:10477000474518D0B8F1000F15D04046FFF7D7FFD6
:1047800008F1180000F089FA0023C8F87C30C8F856
:104790001090404600F0AEF938463146FAF716F868
:1047A0000020BDE8F883A3B10820FAF7A1FC002897
:1047B00038D00122C0F804900260016801F00301C2
:1047C0005DB922680A430260626820606AB960606D
:1047D0000BE0C9F800304846EFE72A68032A16D8EC
:1047E0000160616869B9C4E90000042104F11000A6
:1047F00000F032FB0028CFD186F31188BFF36F8F12
:10480000CFE70A6802F0030202430A60DFE722F002
:1048100003020A4302602A6802F0030240EA02032C
:104820002B60E2E76FF00B00E6E710B5044630B10D
:104830000268930703D0446809B100F044FB2046A6
:1048400010BD0023C0E9003300F10803C0E90233C2
:1048500000F11003C0E90433704707B5012300934A
:1048600000230A461946FFF76FFF03B05DF804FB0B
:1048700007B500230A4600931946FFF765FF03B00A
:104880005DF804FB00680021FFF7CFBF5AB18A42F0
:1048900009D300F11003C0E90212C0E90000C0E929
:1048A0000433002070476FF0150070470268012341
:1048B0008B4022EA0303036022FA01F000F00100BA
:1048C0007047704710B5032104460C30FFF7EEFF28
:1048D00030B104F1100000F0E0F9B0FA80F04009C6
:1048E00010BD20B100221146D43000F09DB97047B0
:1048F00070B5C368C3F340069B07044616D48568A9
:1049000002210C30FFF7D2FF80B1D5F8CC206AB17C
:1049100094421DD122689EB9D5F8D030C5F8CC207C
:104920009C4201D1C5F8D02000232360E36813F036
:104930001F001EBF43F00203E36040F0020070BDA1
:104940003260D5F8D020944208BFC5F8D060EBE7BC
:1049500016461268DBE773B50446EFF31185402372
:1049600083F31288BFF36F8F0023A0F11006032199
:1049700004380193FFF79AFF28B1A369019301A9B5
:104980003046F9F7F9FB85F31188BFF36F8F02B05A
:1049900070BD38B504460D461022002100F0B8FA6B
:1049A000656038BD13B501900846EFF311844023CC
:1049B00083F31288BFF36F8F01A9F9F7DDFB84F34E
:1049C0001188BFF36F8F02B010BD10B5FFF7EAFF7B
:1049D000041E08DDEFF31180402383F31288BFF338
:1049E0006F8FF9F705FF204610BD70B50D46EFF348
:1049F0001186402383F31288BFF36F8FF9F718FCF9
:104A0000044686F31188BFF36F8F38B14FF0FF3241
:104A10004FF0FF3305F11000F9F78CFA204670BD16
:104A200008B5E822002100F073FA08BD38B530223D
:104A300004460D46002100F06BFA4FF48073656068
:104A4000E36038BD38B50446EFF31185402383F3A6
:104A50001288BFF36F8FFFF735FF2046FFF748FF3F
:104A600085F31188BFF36F8F38BDEFF305800038F1
:104A700018BF012070476FF0570070470020704743
:104A8000D0E9003213605A600023C0E90033704758
:104A900008B5FFF7F5FF437B23F0020343730023C0
:104AA000836008BD38B504460D46F9F77BFD637B8E
:104AB00043F002036373E5B1A5602B689D4209D101
:104AC0006B68C4E900531C606C6012E06A689A422B
:104AD000F6D01B68002BF3D094F90E2093F90E103A
:104AE0008A42F3D09142F1DD5A68C4E90032146081
:104AF0005C6038BD10B5EFF31184402383F3128856
:104B0000BFF36F8FF9F70CFD84F31188BFF36F8F3C
:104B100010BD08B5EFF31181402282F31288BFF374
:104B20006F8F83680BB1FFF7B3FF81F31188BFF379
:104B30006F8F08BD10B50146EFF31184402383F356
:104B40001288BFF36F8F437B13F0280F0AD183685D
:104B50000BB1FFF79DFF4B7B23F004034B7308461B
:104B6000F9F7DEFC84F31188BFF36F8F10BD0121CC
:104B70001838FFF7DFBF08B50346EFF31181402275
:104B800082F31288BFF36F8F0068834207D008B1A9
:104B9000FFF77EFF81F31188BFF36F8F08BD002000
:104BA000F8E710B5FFF7B5FFBDE81040183000F08A
:104BB00074B838B504680546AC424FF0000000D127
:104BC00038BD002CFCD02046FFF7EBFF2046FFF756
:104BD00091FF2C680120A542F1E738B504460D4647
:104BE000F9F7AEFEB5F1FF3F08BFB4F1FF3F024653
:104BF000204618D000204FF47A7447F6FF73014620
:104C0000C2FB0431B3F5004F71F100020BD36FF416
:104C100000429A4243F6FF728A4126BFD80B40EA0F
:104C200041406FF0004038BD38B5EFF311854023A7
:104C300083F31288BFF36F8F0468A04212D09CB137
:104C4000E16722612046FFF723FF04F1180000F01E
:104C500024F82046F9F764FC012085F31188BFF39E
:104C60006F8F38BD0020F8E72046F6E708B502460A
:104C7000FAF704F870B1D0E904319B1A61EBE272E3
:104C8000B3F1004F72F1000104DA002AACBF1846FC
:104C9000002008BD6FF00040FBE738B50246EFF397
:104CA0001185402383F31288BFF36F8F0368CBB164
:104CB000F9F7E4FF04461046F9F7F2FF00224FF03F
:104CC00000438442C0E9042306D1F9F7DFFFFFF770
:104CD000CDFF0021F6F7A6FB002085F31188BFF376
:104CE0006F8F38BD6FF01500F7E708B5FAF7DEF8FB
:104CF00008BDFAF7DBB8B3F1FF3F08BFB2F1FF3FE1
:104D000070B506461D46144614D01A4316D0002B23
:104D100008DBFAF7CBF8041941EB0501C6E90041BD
:104D2000304670BD6FF001031C1B4FF0FF3363EB87
:104D30000501F3E74FF0FF342146EFE70024FBE7DE
:104D4000B3F1FF3F08BFB2F1FF3FF8B50746164683
:104D50001C4610D054EA020311D0FAF7A7F8B0426B
:104D60000A46A14103460AD2F31A64EB0204C7E9DA
:104D700000343846F8BD4FF0FF331C46F7E70023F8
:104D8000FBE70023C0E9081200F11802C0E906227F
:104D9000C0E9003303634363704710B50446FFF76F
:104DA0007CFFA8B9636A0BB12046984704F118004C
:104DB000FFF7E1FE60B1FFF79DFEEFF311804023A6
:104DC00083F31288BFF36F8FBDE81040F9F710BD71
:104DD00010BD2DE9F041846805460E46D4B16378D4
:104DE000012B22D114F8533C9A0711D5A4F1600786
:104DF0003846FFF7D6FE082E0CBF6FF003030023E2
:104E0000E36114F8533CDB0602D13846FFF772FE2B
:104E100000232370EB68C3F386321643002066F349
:104E20009433A860EB60BDE8F081022BF0D12378C9
:104E3000002BEDD054F8048CB8F1000FE8D004F149
:104E40001400FFF72AFFA4F114070023E362394698
:104E50004046FFF7A7FDDBE738B5EFF311854023A8
:104E600083F31288BFF36F8F0468A04211D0D4E996
:104E7000003213605A600023C4E900332046FFF774
:104E8000A8FF85F31188BFF36F8F201E18BF012084
:104E900038BD0024F5E7043270B504460ED2EFF3B6
:104EA0001185402686F31288BFF36F8F41F004010D
:104EB000984785F31188BFF36F8F08B9002070BD44
:104EC00040F8044BFBE720B1011F50F8040CFFF73A
:104ED000A7BB704710B501390244904201D10020B0
:104EE00005E0037811F8014FA34201D0181B10BD53
:104EF0000130F2E70A44914200F1FF3300D17047DC
:104F000010B511F8014B03F8014F9142F9D110BDD2
:104F100002440346934200D1704703F8011BF9E7AE
:104F20002DE9F04F85B057EC106BDDE90E9B002F9B
:104F30000C4690461946B8BF32463B462BF0200A35
:104F4000BBBF07F100431F4600232D23B8BF164601
:104F5000BAF1460F0B7005D0BAF1450F00D10134FC
:104F6000022100E0032103AB019302AB009347EC65
:104F7000106B4B462246EBF75FFBBBF1670F054614
:104F800019D118F0010F0ED005EB04080022002300
:104F900030463946E6F718FC08B1CDF80C803022CF
:104FA000039B434521D3039B109A5B1B2846136048
:104FB00005B0BDE8F08FBBF1470FE2D0BAF1460F64
:104FC00000EB0408E2D10378302B0AD10022002341
:104FD00030463946E6F7F8FB18B9C4F10104C9F8C0
:104FE0000040D9F800309844D0E7591C03911A705A
:104FF000D6E7F7B50029BABF49422D232B2309294B
:105000000270437029DD0DF107031D460A271A4679
:10501000B1FBF7F607FB1614303402F8014C0C46CE
:10502000632C03F1FF333146F1DC3031941E03F879
:10503000011C411C2346AB420AD30DF109039B1A04
:10504000AC4288BF002302330344181A03B0F0BDFA
:1050500013F8016B01F8016FEDE7302330318370F5
:10506000C170031DF1E72DE9F047164698468A689E
:105070000B69DDF820909342B8BF1346336091F876
:10508000432007460C460AB1013333602368990672
:1050900042BF336802333360256815F0060506D138
:1050A00004F1190AE36832689B1AAB4226DC94F8D3
:1050B00043302268003B18BF012392062BD404F131
:1050C000430241463846C84701301ED02368226952
:1050D00003F00603042B02BFE5683368ED1AA368EA
:1050E0000CBF25EAE57500259342C4BF9B1AED1855
:1050F00000261A34B5421AD1002008E00123524696
:1051000041463846C847013003D14FF0FF30BDE873
:10511000F0870135C6E7E1185A1C302081F84300BA
:10512000224494F8451082F843100233C7E7012364
:10513000224641463846C8470130E6D00136D9E715
:10514000034611F8012B03F8012B002AF9D170470F
:1051500010B50139034632B111F8014F03F8014B84
:10516000013A002CF7D11A440021934200D110BD1E
:1051700003F8011BF9E710B5024601448A421346C1
:1051800003D01C780132002CF8D1181A10BD2DE97B
:10519000F74F03690C69A34207467EDB013C01F12E
:1051A0001408A30000F11405009305EB8403019398
:1051B00058F8243055F8242001339A4208EB84092A
:1051C000B2FBF3F62ED34FF0000AC446AE46D346E8
:1051D0005CF8043B98B206FB00A0020C1B0C06FB1B
:1051E0000323DEF8002080B292B2121A5A44DEF88D
:1051F00000004FEA134A9BB2C3EB224303EB104378
:1052000092B242EA0342E1454EF8042B4FEA234BA7
:10521000DED2009BEB582BB9019B043B9D421A4602
:105220002FD33C61384600F089F8002825DB294659
:10523000002058F8042BD1F800C01FFA82FE1FFA94
:105240008CF3A3EB0E030344120CC2EB234202EBDC
:105250001C429BB243EA0243C14541F8043B4FEA7A
:105260002240E6D255F8242005EB840322B9043B02
:105270009D421A460BD33C610136304603B0BDE86F
:10528000F08F1268043B002ACBD1013CC6E71268BC
:10529000043B002AEFD1013CEAE70020EEE7B0F53D
:1052A000803F034636BF030400201020B3F1807F07
:1052B0003CBF1B020830B3F1805F3CBF1B010430D0
:1052C000B3F1804F03D3002B0ADB013070479B0002
:1052D00001D5023070475B0001D5033070472020B4
:1052E00070470368024613F007000BD0D90721D49A
:1052F000980749BF5B089B08012013605CBF1360DF
:105300000220704799B209B91B0C1020D9B209B913
:1053100008301B0A190704BF1B090430990704BF92
:105320009B080230D90703D45B0800F1010003D0C9
:105330001360704700207047202070470A690346B9
:105340000069801A30B50ED11433143103EB820496
:1053500001EB820154F8045D51F8042D954203D00D
:1053600005D24FF0FF3030BDA342F3D3FBE701205D
:10537000F9E738B502FB01F52946F9F7FFFF0446C6
:1053800018B12A460021FFF7C3FD204638BD82B080
:1053900001B901A942B14BB113780B601278101E0C
:1053A00018BF012002B070471046FBE76FF0010004
:1053B000F8E79368013B002B10B4936008DA946916
:1053C000A34201DB0A2903D15DF8044BFBF726B8A1
:1053D0001368581C1060197008465DF8044B70473C
:1053E000F8B506460F461446D518AC4201D1002048
:1053F00007E014F8011B3A463046FFF7DAFF431C7A
:10540000F3D1F8BD0346084641B1FF2A04D98A22E8
:105410001A604FF0FF3070470A7001207047B1F9F1
:105420000C202DE9F041170705460C4656D44B6871
:10543000002B02DC0B6C002B3DDDE66A002E3AD01F
:10544000002312F480522F68216A2B6025D0626DF0
:10545000A389580705D56368D21A636B0BB1236C17
:10546000D21A216AE66A00232846B047411C24D09C
:105470000023636023692360A389DA0400D5606593
:10548000616B2F60B9B104F14403994202D0284600
:10549000F9F72AFF002363630DE001232846B04794
:1054A000461C0246D4D12B68002BD1D01D2B01D035
:1054B000162B2BD12F6000202FE02A68B4F90C3076
:1054C00042B11D2A01D0162A22D10023636023692C
:1054D0002360D5E7626022692260CEE70F69002F62
:1054E000E9D093070E6808BF4B690F6018BF00230F
:1054F000A6EB07088B60B8F1000FDCDD216AA66A15
:1055000043463A462846B047002808DCB4F90C3038
:1055100043F04003A3814FF0FF30BDE8F081074422
:10552000A8EB0008E7E770B568234D1E5D430E4603
:1055300005F17401F9F722FF044640B10021C0E9EA
:1055400000160C30A06005F16802FFF7E1FC204670
:1055500070BD2DE9F8430646884600F1480400274F
:10556000D4E90195B9F1010905D52468002CF7D1DA
:105570003846BDE8F883AB89012B07D9B5F90E3061
:10558000013303D029463046C04707436835E9E771
:1055900070B50C46B1F90E10002996B015461E469E
:1055A0000DDAA38913F0800F4FF0000114BF4023E0
:1055B0004FF48063002031602B6016B070BD6A46E6
:1055C000FBF748F90028ECDB019901F47041A1F5E3
:1055D0000053594259414FF48063EBE710B50C4634
:1055E000B1F90E10FBF76AF90028ABBF636DA38910
:1055F0001B1823F48053ACBF6365A38110BD2DE954
:10560000F0411F468B89DB0505460C46164605D53D
:10561000B1F90E1002230022FBF73EF9A389B4F979
:105620000E1023F48053A38132463B462846BDE842
:10563000F041FBF7EDB810B50C46B1F90E10FBF7D1
:105640002BF9431CA38915BF606523F4805343F4F1
:105650008053A38118BFA38110BDB1F90E10FBF7D1
:10566000E9B80000FA93FE7F0100000089460100BE
:1056700000000000C546010000000000000000001E
:105680001C5702008D4502000000000029DC0100CB
:10569000000000004DDC01000000000000000000E0
:1056A0005C570200000000003C570200A9A3010063
:1056B0000000000029BF010000000000B73C02000C
:1056C00000000000000000007C5702000000000005
:1056D0009C570200D1B201000000000075260100B5
:1056E000000000003D20020000000000000000005B
:1056F000BC57020015C001000000000001E00100DD
:105700000000000000000000DC5702000000000064
:105710001C58020000000000FC5702006E8B0200C3
:105720006C650200245A0200B60F0020AC35002040
:1057300049A101000000000000000000258C0200CB
:105740008C650200E8590200BC0F0020743600206E
:1057500029AA01000000000000000000338C0200B4
:10576000A0650200E8590200BE0F0020803600202C
:1057700029AA01000000000000000000978B020031
:1057800000000000C8590200B80F002000360020B9
:10579000CDA501000000000000000000BE8C02004A
:1057A00000660200405A0200C20F00208C36002022
:1057B0005DAF01002D3B020000000000168E0200CC
:1057C0000000000060660200C40F0020A436002024
:1057D00089B601000000000000000000528B0200AA
:1057E00000000000BC590200B40F002000000000BF
:1057F000D59A01000000000000000000018C0200AA
:1058000000000000D0590200BA0F00200000000084
:10581000EDA601000000000000000000458C020021
:10582000B46502000C5A0200C00F0020700C00206A
:10583000233902000000000000000000D13C0200FB
:10584000EF3C020000000000C11F02009C57020054
:10585000CD3A020059D50100EF3C020000000000E3
:10586000C11F020000000000C11F02003C0B00200D
:105870001F390200BDCF0100EF3C02000000000014
:10588000C11F020000000000C11F02000000000054
:10589000C11F020000000000C11F02000000000044
:1058A000C11F0200003600203DA6010000000000DC
:1058B000C11F020000000000C11F02000000000024
:1058C000C11F02000000000061B3010000000000E1
:1058D000C11F020000000000C11F02000000000004
:1058E000C11F020000000000C11F020000000000F4
:1058F000C11F020000000000C11F020000000000E4
:10590000C11F02000000000099BF0100000000005C
:10591000C11F020000000000C11F020000000000C3
:10592000C11F020000000000C11F020000000000B3
:10593000C11F020000000000C11F020000000000A3
:10594000C11F020000000000C11F02000000000093
:10595000C11F020000000000C11F02000000000083
:10596000C11F020000000000C11F02000000000073
:10597000C11F020000000000C11F02000000000063
:10598000C11F020000000000C11F02000000000053
:10599000C11F020000000000C11F02000000000043
:1059A000C11F020000000000C11F02000000000033
:1059B000C11F020000000000C11F0200BD9C0100C9
:1059C000819E01005802000075A50100CDA40100D0
:1059D0004738020041A801007DA70100C1A60100CF
:1059E000CB370200B1A6010065AA0100753802009C
:1059F000833802009B380200A7380200B338020047
:105A0000E1A80100CD3802000000000039AC01001F
:105A1000000000008D3902000000000000000000BE
:105A2000433A0200A1A101006F360200CF36020006
:105A3000000000000D360200000000000000000021
:105A4000873A0200A9AE0100793A02000500000081
:105A50005978010006000000D599010004000000FB
:105A6000C9880100E91301001913010000000000BA
:105A70000000000000000000000000005C64020064
:105A800004000000AC64020007000000C4600200D3
:105A900003000000AC5F020003000000746002001D
:105AA000040000000061020003000000705F0200BB
:105AB0000300000038600200030000003C610200A7
:105AC00003000000E85F0200040000005F8B02009A
:105AD00003000000C481020003000000658802008A
:105AE000030000008A770200030000007F840200A8
:105AF00003000000917702000300000029890200E2
:105B0000030000001B800200030000006B81020004
:105B1000030000001186020003000000338E020023
:105B200003000000218E02000300000056890200DD
:105B300003000000026F020003000000898B0200D6
:105B400003000000C2710200030000001B8C020071
:105B500003000000C38E0200030000005A70020020
:105B600003000000418C020003000000528C020080
:105B70000300000069700200030000006D70020065
:105B8000030000005F8E020003000000697602003F
:105B900003000000CE76020003000000D67602006B
:105BA00003000000858E020003000000D98F020070
:105BB00003000000B971020003000000E576020056
:105BC00003000000CC8C020003000000D46102003E
:105BD000903300208471020001000000566E020024
:105BE00000000000000000008D1301000000000014
:045BF00000000000B1
:105C00000000000003000000300000006000000001
:105C100000000000187F02001D7F0200217F0200AB
:105C2000257F0200297F02002D7F0200317F0200C4
:105C3000357F0200397F02003D7F0200417F020074
:105C4000457F0200497F02004D7F0200517F020024
:105C5000557F0200597F0200010001000001010090
:105C600000010001000001000100000001000B0024
:105C700002000A00050009000A00080014000700DD
:105C80001E000600320005004B0004006400030003
:105C900096000200FA000100F40100000203010076
:105CA000F401FA00960064004B0032001E0014005C
:105CB0000A000500020001000C0802170D01010294
:105CC0000909010106020918180301010909030362
:105CD00005030201230202240910040405050B0B2D
:105CE000040B2B1B1B159A9A1C021D161305014948
:105CF0000D150508061B1B0F0A060601010000FE14
:105D0000FEFEFEFEFEFEFEFEFEFEFEFEFEFEFEFEB3
:105D100016FEFEFEFEFEFEFEFEFEFEFE1F1FFEFE49
:105D200026FEFEFEFEFEFEFEFEFEFEFEFEFEFEFE6B
:105D3000FEFEFE3E3EFEFEFEFE3B3B00A301B10327
:105D4000BF05EF024906A309C505F50B25120E0292
:105D50001C045A03B4063006600C00000100000069
:105D600010110040000000000000000000000000D2
:105D7000000000000406080A0C0E10121416181C6D
:105D80001E20222426282A2C2E30323436383A3C43
:105D90003E40424446484A4C4E021A500000000021
:105DA000280000001800000000000000141E000081
:105DB000301100000000000070170000A00F00006C
:105DC0000000DC05E803000000000000141E0000D5
:105DD0003011000000002CA6E0A100003408E80308
:105DE00000010302D8ECF0F4F8FC000203040506FD
:105DF0000708000000000000000000000000000094
:105E00000000000000000101010102020202030380
:105E10000303040404040505050506060608090035
:105E20000000000000000000000000000000000072
:105E30000000000101010102020202030303030446
:105E40000404040505050506060708090A0B0C0DE0
:105E500000100200FA000000000000000000000036
:105E60000338FDD8704700000080E03779C3414314
:105E7000176E05B5B5B89346F5F93FE9034F384DB0
:105E8000321D30F94877825A3CBF737FDD4F15755C
:105E9000000000000000F03F00000000000024406F
:105EA00000000000000059400000000000408F404A
:105EB000000000000088C34000000000006AF840B5
:105EC0000000000080842E4100000000D0126341D9
:105ED0000000000084D797410000000065CDCD414F
:105EE000000000205FA00242000000E87648374230
:105EF000000000A2941A6D42000040E59C30A242CE
:105F00000000901EC4BCD64200003426F56B0C4342
:105F10000080E03779C3414300A0D88557347643E9
:105F200000C84E676DC1AB43003D9160E458E1434A
:105F3000408CB5781DAF154450EFE2D6E41A4B44BF
:105F400092D54D06CFF08044F64AE1C7022DB54404
:105F5000B49DD9794378EA44090900004C6E0200E7
:105F6000010100009C0E0020071000008C0E002094
:105F7000486702003F33020000000000B10E00201D
:105F80000000010044670200993402000000000094
:105F9000780A002000000100A00E0020090902007C
:105FA00000000000423B002000000100506702009A
:105FB0003F33020000000000D30E0020000001006B
:105FC0004C6702009934020000000000800A0020A3
:105FD00000000100C20E002000000000E9120100D4
:105FE00000000000000002005C6702003F33020076
:105FF00000000000F50E00200000010058670200BC
:106000009934020000000000A00A002000000100F6
:10601000E40E00200909020000000000443B0020BB
:10602000000001005467020011330200419001009A
:10603000880A002000000300646702003F3302006A
:1060400000000000170F0020000001006067020040
:106050009934020000000000A80A0020000001009E
:10606000060F002000000000E30802009E0E002042
:1060700000000200706702003F33020000000000D1
:10608000390F0020000001006C6702009934020003
:1060900000000000C80A002000000100280F0020B6
:1060A0002109020000000000043800200000010067
:1060B000686702001133020041900100B00A00201D
:1060C00000000300786702003F3302000000000078
:1060D0005B0F002000000100746702009934020089
:1060E00000000000D00A0020000001004A0F00203C
:1060F00009090200000000009D0E002000000100C0
:10610000806702003F330200000000007D0F002086
:10611000000001007C6702009934020000000000CA
:10612000D80A0020000001006C0F002009090200BD
:10613000000000009F0E00200000010088670200A0
:106140003F330200000000009F0F0020000001000C
:10615000846702009934020000000000E00A002079
:10616000000001008E0F002000000000011401005B
:106170009F0E002000000200FA0000000000000056
:10618000000000008F0100005822002000010000E4
:106190000F1B0200B11A020002000000CD1C020019
:1061A00000000000000000000000000000000000EF
:1061B000647102006C710200000000000000000029
:1061C0000000000074710200787102007C7102000E
:1061D00080710200D5300100C9300100F9300100A2
:1061E000B130010000000000BD30010000000000DF
:1061F0005531010098330020493B00201000000079
:1062000002000000000000000000000000E00700A5
:10621000FC5702000100000000E007000020000021
:10622000FC570200000500200000000000000B06E3
:10623000020000003862020000000000B676020092
:106240002400020200000020BE76020020000B1194
:106250002D4501000000000097200200506202005E
:106260006C6202004700000000000000B0AD00209A
:1062700050620200806202002E0000000000000058
:1062800054B2002050620200946202000201000039
:106290000000000028B300205D7F02007B7F020029
:1062A000967F0200A67F0200B37F0200BC7F02003F
:1062B000C37F0200CA7F0200D17F0200D97F0200A3
:1062C000B37F0200E17F0200F37F0200088002003A
:1062D0000E030000F15F01000F040000BD5F01002C
:1062E0001A010000E948010005040000014901000D
:1062F00013010000115001003E010000354E010065
:1063000001120000472402000A1E00003924020086
:10631000FF010000A94F01003E010000894F01006C
:10632000050400004D49010010010000C5490100AD
:1063300001120000415F01000A1E00000F2502004B
:10634000030900000D510100040B0000AD4A0100DB
:10635000060A0000295501000C05000091490100C2
:10636000506202007063020047000000000000005D
:1063700044B40020FE8302000B8402002B84020040
:106380001F840200368402004D8402005D840200F6
:10639000A58702007184020050620200A863020017
:1063A000000000000000000004B500205062020060
:1063B000BC63020020000000000000002CB500209B
:1063C00069280200BB280200000000000000000055
:1063D00000000000697B01000000000000000000D8
:1063E0000000000000000000020201000D30020069
:1063F000040401005D880100060601009D8701007C
:1064000008040100898601000A020100F52F02003C
:106410000C040100DD2F02000E0401005D85010067
:1064200020040100C184010010040100D183010097
:1064300012020100AD2E02001E00040069310200AC
:1064400052020000D32E0200506202005864020083
:10645000220000000000000004B60020A86702002F
:106460003F33020000000000A467020000000100AA
:10647000A06702009934020000000000380C0020E0
:10648000000001009867020000000000000000000A
:1064900000000000000000009467020011330200B9
:1064A00041900100400C002000000300D46702006E
:1064B0003F33020000000000D0670200000001002E
:1064C000CC6702009934020000000000680C002034
:1064D00000000100C46702007733020000000000E2
:1064E0000000000000000100C067020099340200B3
:1064F00000000000600C002000000100B8670200EE
:10650000A1330200000000000000000000000100B4
:10651000B46702009934020000000000580C00200B
:1065200000000100AC670200DD8E010000000000E9
:10653000000000000000010000000000000000005A
:10654000000000000000000000000000B73502005D
:10655000000000000000000000000000000000003B
:1065600005A10100D5A00100000000005DA201000E
:10657000DDA101007D8B0200FB360200F736020030
:10658000838B02000400000000FF0000FF030000F6
:10659000000300503C0B0020000000000100000040
:1065A000FFFFFFFF000000503C0B00200000000038
:1065B000000000000030004000000000000000006B
:1065C0000000000000009801000001016339020092
:1065D000D465020000300040E065020002000000C7
:1065E000F865020002000000F065020002010000F0
:1065F0001B80000C0F80000B1B00000C0F00000B19
:10660000002000400100000000000000246602009D
:106610000000D6010000000000000000FE3B00204A
:10662000FD3B002000200040306602000200000018
:1066300050660200040000004066020004010000F1
:10664000068000000880000105800002078000032A
:10665000060000000500000208060001070600030E
:1066600075B50100533B0200813B020008000000A9
:10667000030000008A8F0200988F0200AC8F020096
:10668000BB8F0200C78F02006C5602006C560200DE
:10669000D4560200DC5602001C5702001C570200B0
:1066A000DC8F0200000100000000000064726167DE
:1066B0006F6F6E2F6C6962732F73636865642F73DD
:1066C00072632F73636865645F68616C5F72746383
:1066D0002E630000C00C002005000000190000001F
:1066E0007D0000000000000000000000000000002D
:1066F000000000000000000000000000000000009A
:106700000000000000000000000000000000000089
:106710000000000000000000000000000000000079
:106720000000000000000000000000000000000069
:106730000000000000000000000000000000000059
:1067400000000000000003280000002800000328CB
:106750000000002800000229000003280000002893
:106760000000032800000028000002290000032880
:106770000000002800000328000000280000032873
:10678000000000280000032800000028000400008A
:1067900000010000000002290000052A0000052A6F
:1067A0000000032800000118000000280000042A4F
:1067B0000000042A000003280000012A0000012A2A
:1067C000000003280000002A0000002A000003281F
:1067D0000000001800000028454E41424C4544008E
:1067E00064697361626C6564005B4343435D20735D
:1067F0006F756E642D6C6576656C206E6F7469665E
:10680000792025730A005B4343435D20616C657208
:1068100074206E6F746966792025730A005B4341AA
:106820004C5D2063616C6962726174696F6E207285
:1068300065717565737465642076696120424C45A5
:106840000A000A424C4520646973636F6E6E65638B
:106850007465642028307825303278290A006D6903
:106860006373656E73652F7468726573686F6C64AB
:10687000006D696373656E73652F63616C5F6F662E
:1068800066736574006D696373656E73652F6E6FF3
:106890006973655F666C6F6F72000A424C452063D6
:1068A0006F6E6E656374206661696C656420283064
:1068B0007825303278290A000A424C4520636F6EF1
:1068C0006E65637465640A005B4150505D207468B6
:1068D000726573686F6C64207570646174656420A0
:1068E000746F2025752064420A005B4352595D2075
:1068F000414C455254202325752046495245442099
:106900002853504C3D256420644229206E6F7469E1
:1069100066795F72633D25640A005B4352595D20CE
:10692000414C455254202325752073757070726553
:106930007373656420E280942061707020686173D5
:106940006E277420656E61626C656420434343204A
:10695000666F722074686520616C6572742063686C
:106960006172616374657269737469630A00627449
:106970005F6C655F6164765F7374617274206661D9
:10698000696C65643A2025640A00424C45206164C4
:10699000766572746973696E6720617320224D6930
:1069A000632D53656E7365220A0041435449564571
:1069B0000049444C4500524953494E4700506F77B7
:1069C0006572206C617463683A20454E5F434F4E98
:1069D00054524F4C4C202850302E25303264292000
:1069E00068656C6420484947480A005741524E3A4E
:1069F00020454E5F434F4E54524F4C4C2047504918
:106A00004F20706F7274206E6F74207265616479AC
:106A10000A004D61696E20627574746F6E206F6E2E
:106A20002050302E25303264202873686F72743DF8
:106A300070616972696E672C206C6F6E67202575B6
:106A4000733D6F6666290A004552524F523A204103
:106A5000444320646576696365206E6F74207265B7
:106A60006164790A004552524F523A206164635F73
:106A70006368616E6E656C5F73657475703A20252E
:106A8000640A0073657474696E67735F737562730B
:106A900079735F696E6974206661696C65643A2018
:106AA00025640A0073657474696E67735F6C6F6147
:106AB00064206661696C65643A2025640A0062742A
:106AC0005F656E61626C65206661696C65643A2021
:106AD00025640A005741524E3A20493243206275DC
:106AE0007320666F72206675656C206761756765D7
:106AF000206E6F7420726561647920E28094206258
:106B00006174746572792073746179732061742083
:106B100064656661756C740A000A4D69632D53657E
:106B20006E736520284D415839383134202F205359
:106B3000414144432920726561647920207C2020F2
:106B4000256420487A2C2041494E30203D20503089
:106B50002E30320A00536C69646572733A20736593
:106B60007420414743203D204F46462C2047414951
:106B70004E203D203430206442206F6E20746865C2
:106B800020626F6172642E0A00416C65727420721B
:106B9000756C653A0A002020747269676765722017
:106BA0002D3E2053504C203E3D2025752064422030
:106BB000666F722025757320636F6E74696E756FD2
:106BC00075730A0020207468656E202020202D3EF9
:106BD000206E6F74696679206576657279202575F7
:106BE0007320666F722025757320286576656E2088
:106BF000696620697420676F6573207175696574B3
:106C0000290A00202072657365742020202D3E2003
:106C100077696E646F7720656E64733B2072652DB3
:106C200061726D73206966207374696C6C20637285
:106C300079696E670A0043616C6962726174696F99
:106C40006E206F66667365743A2025642064422066
:106C500020286E6F69736520666C6F6F723A20250D
:106C600064206442290A004E4F54453A2072756EE2
:106C7000207468652061707027732043616C6962BD
:106C800072617465206F6E636520696E206120718A
:106C90007569657420726F6F6D2C207468656E2045
:106CA000636865636B207468726573686F6C642ECB
:106CB0000A0A000A6164635F72656164206572722A
:106CC00020256420E28094207265747279696E6771
:106CD0000A005B43414C5D20646F6E653A20616D34
:106CE0006269656E743D256420644220726177207C
:106CF0002D3E206F66667365743D25642064420AEC
:106D0000005B535441545D2053504C3D2564207426
:106D100068723D25752073746174653D257320612B
:106D20006C657274733D25752073747265616D5F57
:106D30007375623D256420616C6572745F73756262
:106D40003D25640A005B4352595D20726973696E88
:106D50006720E280942053504C3D25642C206E65C2
:106D600065642025757320636F6E74696E756F7529
:106D7000730A005B4352595D20726973696E672024
:106D800061626F727465642028717569657420642E
:106D90007572696E67207468652025757320646557
:106DA000626F756E6365290A005B4352595D20432B
:106DB0004F4E4649524D454420E2809420616C6517
:106DC0007274696E67206576657279202575732007
:106DD000666F7220746865206E65787420257573FF
:106DE0000A005B4352595D2025757320616C657202
:106DF000742077696E646F7720656C617073656469
:106E000020E280942073746F7070696E670A000AC4
:106E10005B5057525D206C6F6E67207072657373A4
:106E200020E2809420706F776572696E67206F66CC
:106E3000660A00424C452061647665727469736924
:106E40006E672073746F707065640A004D69632DFE
:106E500053656E7365006D696373656E73650028B5
:106E6000756E7369676E6564292063686172202A94
:106E7000207573656420666F72202525702061720D
:106E800067756D656E742E20497427732072656373
:106E90006F6D6D656E64656420746F2063617374DB
:106EA00020697420746F20766F6964202A206265DF
:106EB0006361757365206974206D61792063617504
:106EC0007365206D69736265686176696F722069A8
:106ED0006E206365727461696E20636F6E666967A8
:106EE00075726174696F6E732E20537472696E6768
:106EF0003A2225732220617267756D656E743A259A
:106F0000640063627072696E74665F7061636B6166
:106F1000676500286E696C29004E5653206E6F74A9
:106F200020696E697469616C697A656400436F7584
:106F30006C64206E6F74206F627461696E20666C81
:106F400061736820706172616D657465727300555C
:106F50006E737570706F7274656420777269746592
:106F600020626C6F636B2073697A6500536563748C
:106F70006F722073697A6520257520746F6F206C9D
:106F8000617267652C206D6178696D756D2069731C
:106F900020257A7500556E61626C6520746F2067DC
:106FA0006574207061676520696E666F00496E7652
:106FB000616C696420736563746F722073697A65AC
:106FC00000436F6E66696775726174696F6E2065E4
:106FD00072726F72202D20736563746F7220636FFD
:106FE000756E7400256420536563746F7273206F2F
:106FF0006620256420627974657300616C6C6F6330
:10700000207772613A2025642C2025780064617411
:1070100061207772613A2025642C2025780047434F
:1070200020446F6E65206D61726B657220666F75AE
:107030006E64004E6F20474320446F6E65206D6183
:10704000726B657220666F756E643A207265737438
:10705000617274696E672067630066735F6E767332
:10706000006C6F6767696E67006C6F67006C6F67B5
:107070005F6D676D74004D657373616765202822CD
:10708000257322292064726F7070656420626563C5
:107090006175736520697420657863656564732024
:1070A00073697A65206C696D69746174696F6E20AB
:1070B00028257529004D6573736167652064726FBB
:1070C0007070656420626563617573652069742002
:1070D000657863656564732073697A65206C696D92
:1070E00069746174696F6E2028257529000D0A0086
:1070F0001B5B306D00257320005B2530386C755D9F
:1071000020005B253032753A253032753A25303211
:10711000752E253033752C253033755D2000257391
:107120002F003C25733E200025733A200025303285
:10713000782000202020007C00256300206D6573EE
:1071400073616765732064726F70706564202D2DA4
:107150002D0D0A1B5B306D001B5B313B33316D2DF8
:107160002D2D20001B5B313B33316D001B5B313B10
:1071700033336D006572720077726E00696E66005F
:10718000646267006C6F675F6261636B656E645F0A
:10719000727474007365742D76616C756520666118
:1071A000696C7572652E206B65793A2025732065B0
:1071B00072726F72282564290073657474696E6732
:1071C0007300666C617368002A2A2A20426F6F740C
:1071D000696E67206E524620436F6E6E6563742041
:1071E00053444B2076332E322E342D346333666372
:1071F00030643434353334202A2A2A0A002A2A2AD1
:10720000205573696E67205A6570687972204F53F4
:107210002076342E322E39392D3936373365656371
:107220003735393038202A2A2A0A0072302F613146
:107230003A2020307825303878202072312F613282
:107240003A2020307825303878202072322F613370
:107250003A20203078253038780072332F61343A64
:107260002020307825303878207231322F69703AFA
:107270002020307825303878207231342F6C723AE3
:1072800020203078253038780020787073723A20CA
:107290002030782530387800735B2532645D3A20E1
:1072A000203078253038782020735B2532645D3AB1
:1072B00020203078253038782020735B2532645DBB
:1072C0003A20203078253038782020735B253264CE
:1072D0005D3A20203078253038780066707363720C
:1072E0003A2020307825303878004661756C746912
:1072F0006E6720696E737472756374696F6E206156
:1073000064647265737320287231352F7063293A73
:107310002030782530387800556E68616E646C6571
:1073200064204952516E3A202564002A2A2A2A2ACA
:1073300020425553204641554C54202A2A2A2A2AB5
:10734000002020537461636B696E67206572726FF1
:1073500072002020556E737461636B696E672065DF
:1073600072726F72002020507265636973652064C9
:1073700061746120627573206572726F72002020E3
:107380004246415220416464726573733A203078FA
:107390002578002020496D707265636973652064EB
:1073A00061746120627573206572726F72002020B3
:1073B000496E737472756374696F6E2062757320A1
:1073C0006572726F72002020466C6F6174696E671F
:1073D0002D706F696E74206C617A7920737461749A
:1073E0006520707265736572766174696F6E206571
:1073F00072726F72002A2A2A2A2A20555341474561
:10740000204641554C54202A2A2A2A2A002020446A
:1074100069766973696F6E206279207A65726F0090
:107420002020556E616C69676E6564206D656D6FB7
:107430007279206163636573730020204E6F20634F
:107440006F70726F636573736F7220696E7374729D
:10745000756374696F6E73002020496C6C65676199
:107460006C206C6F6164206F66204558435F524505
:107470005455524E20696E746F20504300202049AD
:107480006C6C6567616C20757365206F662074682D
:10749000652045505352002020417474656D70740E
:1074A00020746F206578656375746520756E6465FA
:1074B00066696E656420696E737472756374696F52
:1074C0006E002A2A2A2A2A204D5055204641554C22
:1074D00054202A2A2A2A2A002020537461636B69C7
:1074E0006E67206572726F722028636F6E746578A4
:1074F000742061726561206D69676874206265201F
:107500006E6F742076616C69642900202044617478
:1075100061204163636573732056696F6C617469A0
:107520006F6E0020204D4D464152204164647265CB
:1075300073733A2030782578002020496E73747276
:10754000756374696F6E2041636365737320566958
:107550006F6C6174696F6E005265736572766564F5
:1075600020457863657074696F6E202800537075CC
:1075700072696F757320696E7465727275707420AC
:10758000284952512000535053454C20696E2074B5
:107590006872656164206D6F646520646F65732037
:1075A0006E6F7420696E6469636174652050535016
:1075B000002A2A2A2A2A2048415244204641554C72
:1075C00054202A2A2A2A2A00202042757320666124
:1075D000756C74206F6E20766563746F72207461B1
:1075E000626C652072656164002020446562756785
:1075F000206576656E740020204661756C74206588
:107600007363616C6174696F6E20287365652062B5
:10761000656C6F772900415243485F455843455098
:1076200054207769746820726561736F6E202578C5
:107630000A002A2A2A2A2A204465627567206D6F6B
:107640006E69746F7220657863657074696F6E20FF
:107650002A2A2A2A2A002A2A2A2A2A202573202589
:107660006429202A2A2A2A2A006D70750046616939
:107670006C656420746F20616C6C6F63617465204D
:107680006E6577204D505520726567696F6E2025B5
:10769000750A00506172746974696F6E2025753ABD
:1076A0002073616E69747920636865636B2066611D
:1076B000696C65642E00464C4153485F300053525C
:1076C000414D5F300061626F727428290A006E6557
:1076D000745F627566006E65745F6275665F73697C
:1076E0006D706C6500736F630000FFFFFFFFFFFFAD
:1076F00000000000000000FFFFFFFFFFFF00000090
:107700000000007075626C69630072616E646F6D79
:10771000007075626C69632D69640072616E646FDC
:107720006D2D696400253032583A253032583A259B
:107730003032583A253032583A253032583A2530CE
:10774000325820282573290030313233343536370A
:1077500038396162636465660002FB349B5F8000B8
:107760000080001000000000000001040002000082
:107770000002000000000000000500000000000002
:107780000000000000000000000562745F62756682
:107790000062745F646174610044617461206275A9
:1077A00066666572206F766572666C6F7720286CEE
:1077B000696E6B20747970652030782530327829B5
:1077C00000556E61626C6520746F206C6F6F6B206A
:1077D000757020636F6E6E20776974682068616EC3
:1077E000646C6520257500556E61626C6520746F50
:1077F000206C6F6F6B757020636F6E6E20666F729A
:107800002068616E646C652025750048617264773C
:10781000617265206572726F722C20686172647784
:1078200061726520636F64653A20256400436F755B
:107830006C64206E6F74207375626D697420727849
:107840005F776F726B3A20256400556E61626C65DC
:1078500020746F20616C6C6F636174652062756663
:1078600066657200556E68616E646C65642065764D
:10787000656E7420307825303278206C656E202556
:10788000753A202573004E6F2070656E64696E67CF
:10789000207065726970686572616C20636F6E6ECE
:1078A000656374696F6E00556E65787065637465A5
:1078B00064207374617475732030782530327820B9
:1078C0002573004E6F20636F6D6D616E642073656C
:1078D0006E7420666F7220636D6420636F6D706CD0
:1078E00065746520307825303478004F70436F64BC
:1078F000652030782530347820636F6D706C657446
:10790000656420696E7374656164206F66206578B4
:107910007065637465642030782530347800546F66
:107920006F20736D616C6C202825752062797465F9
:107930007329206576656E742030782530327800A2
:10794000496E76616C696420484349206576656EAE
:10795000742073697A65202825752900496E76613F
:107960006C6964204C45206D657461206576656E98
:10797000742073697A65202825752900574553546A
:107980005F544F504449522F7A65706879722F7353
:1079900075627379732F626C7565746F6F74682F7D
:1079A000686F73742F6863695F636F72652E63001D
:1079B0006576745F666C6167732026202831554CAC
:1079C000203C3C202830292900415353455254493A
:1079D0004F4E204641494C205B25735D20402025B9
:1079E000733A25640A00496E76616C696420627599
:1079F00066207479706520257500496E76616C6922
:107A000064204843492041434C207061636B657496
:107A10002073697A6520282575290041434C20642C
:107A2000617461206C656E677468206D69736D6147
:107A30007463682028257520213D2025752900556F
:107A40006E61626C6520746F2066696E6420636F7E
:107A50006E6E20666F722068616E646C652025759D
:107A60000062745F6863695F6576745F6765745F01
:107A7000666C616773286864722D3E657674292090
:107A800026202831554C203C3C20283129290055FE
:107A90006E6B6E6F776E20627566207479706520EC
:107AA000257500556E68616E646C65642076656E40
:107AB000646F722D737065636966696320657665AE
:107AC0006E7420307825303278206C656E202575F4
:107AD0003A20257300657674206E756D5F68616E5F
:107AE000646C657320283D25752920746F6F206CA8
:107AF000617267652028257A75203E20257529004A
:107B00004E6F20636F6E6E656374696F6E20666F73
:107B1000722068616E646C65202575007061636B0E
:107B200065747320636F756E74206D69736D617415
:107B3000636800696E74657276616C206578636550
:107B4000656473207468652076616C696420726175
:107B50006E6765202575207573006C6174656E63B2
:107B60007920657863656564732074686520766143
:107B70006C69642072616E676520307825303478D6
:107B800000737570765F74696D656F7574206578C4
:107B90006365656473207468652076616C69642030
:107BA00072616E67652030782530347800756E6BB1
:107BB0006E6F776E005B305D0048434920747261E0
:107BC0006E73706F72743A202573005344430049FA
:107BD00064656E7469747925733A2025730049646D
:107BE000656E746974795B25645D3A20257300487D
:107BF00043493A2076657273696F6E202573202899
:107C000030782530327829207265766973696F6E15
:107C1000203078253034782C206D616E7566616374
:107C2000747572657220307825303478004C4D5070
:107C30003A2076657273696F6E202573202830783C
:107C40002530327829207375627665722030782568
:107C500030347800556E61626C6520746F207365F6
:107C60006E6420746F206472697665722028657274
:107C7000722025642900556E636C6561726564200D
:107C800070656E64696E672073656E745F636D64A2
:107C900000737563636573730009636F6D6D616E67
:107CA00064206F70636F64652030782530347820ED
:107CB00074696D656F75740A00657272203D3D20B0
:107CC000300009436F6E74726F6C6C657220756E54
:107CD000726573706F6E736976652C20636F6D6D5E
:107CE000616E64206F70636F646520307825303476
:107CF000782074696D656F75742077697468206584
:107D000072722025640A006F70636F64652030789A
:107D10002530347820737461747573203078253081
:107D20003278202573004E6F6E2D4C4520636170B4
:107D300061626C6520636F6E74726F6C6C6572202B
:107D4000646574656374656421004E756D206F66AB
:107D500020436F6E74726F6C6C65722773204143A1
:107D60004C207061636B65747320213D2041434C4E
:107D70002062745F636F6E6E5F747820636F6E74E1
:107D8000657874732028257520213D2025752900EC
:107D900041434C2042522F4544522062756666652D
:107DA0007273206E6F7420696E697469616C697A90
:107DB00065640056656E646F72204843492065789B
:107DC00074656E73696F6E73206E6F742061766177
:107DD000696C61626C6500485720506C6174666F15
:107DE000726D3A20257320283078253034782900A8
:107DF00048572056617269616E743A2025732028B5
:107E000030782530347829004669726D7761726563
:107E10003A2025732028307825303278292056657D
:107E20007273696F6E2025752E2575204275696CF9
:107E300064202575004661696C656420746F20724A
:107E400065616420737570706F7274656420766507
:107E50006E646F7220636F6D6D616E647300466156
:107E6000696C656420746F2072656164207375703D
:107E7000706F727465642076656E646F72206665DB
:107E80006174757265730048434920647269766550
:107E900072206973206E6F7420726561647900428C
:107EA0005420525820575100484349206472697643
:107EB0006572206F70656E206661696C656420284C
:107EC000256429004E6F2070656E64696E672063BB
:107ED0006F6E6E20666F722070656572202573006C
:107EE000556E657870656374656420484F53545FC0
:107EF0004E554D5F434F4D504C455445445F5041A6
:107F0000434B4554532C207374617475732030783F
:107F10002530327820257300312E306200312E3129
:107F200000312E3200322E3000322E3100332E300E
:107F300000342E3000342E3100342E3200352E30F5
:107F400000352E3100352E3200352E3300352E34DB
:107F500000362E3000362E3100362E32005374613A
:107F60006E6461726420426C7565746F6F74682012
:107F7000636F6E74726F6C6C65720056656E646FC1
:107F80007220737065636966696320636F6E7472D3
:107F90006F6C6C6572004669726D77617265206CFA
:107FA0006F616465720052657363756520696D6108
:107FB0006765007265736572766564006E5246355A
:107FC0003178006E5246353278006E52463533783D
:107FD000006E524635344878006E524635344C783F
:107FE00000496E74656C20436F72706F72617469C2
:107FF0006F6E004E6F726469632053656D69636FC5
:108000006E647563746F72004E58502053656D69CD
:10801000636F6E647563746F72730062745F68631C
:10802000695F636F726500636D6420646973616C7E
:108030006C6F776564004F6E6C792072616E646F4F
:108040006D20737461746963206964656E7469740A
:1080500079206164647265737320737570706F72D8
:1080600074656400496E76616C696420696E707530
:108070007420706172616D65746572730046616928
:108080006C656420746F2072656164207075626C29
:108090006963206164647265737300526561642072
:1080A00053746174696320416464726573736573AA
:1080B00020636F6D6D616E64206E6F7420617661F8
:1080C000696C61626C65004661696C656420746FFF
:1080D00020726561642073746174696320616464F3
:1080E000726573736573004E6F2073746174696396
:1080F000206164647265737365732073746F726555
:108100006420696E20636F6E74726F6C6C657200B0
:1081100043616E27742073657420626F7468204910
:1081200044454E544954592026204E525041005542
:108130006E61626C6520746F20736574206964657C
:108140006E74697479206164647265737300556E2E
:1081500061626C6520746F207365742072616E6457
:108160006F6D20616464726573730062745F69642B
:1081700000546F6F2062696720616476657274696C
:1081800073696E672064617461004661696C65643F
:1081900020746F20737461727420616476657274E8
:1081A00069736572004661696C656420746F207341
:1081B000746F70206164766572746973696E673A72
:1081C0002025640062745F616476004661696C65B5
:1081D0006420726561642072656D6F7465206665E8
:1081E0006174757265732028256429004661696C85
:1081F0006564204C4520536574205048592028253B
:10820000642900556E6578706563746564206669DD
:10821000727374204C32434150206672616D650068
:10822000556E6578706563746564204C32434150C7
:1082300020636F6E74696E756174696F6E004E6F46
:108240007420656E6F75676820627566666572205A
:10825000737061636520666F72204C324341502019
:108260006461746100556E6578706563746564203F
:1082700041434C20666C616773202830782530328A
:1082800078290041434C206C656E206D69736D61E7
:1082900074636820282575203E20257529002875DF
:1082A0006E6B6E6F776E29006E6F207472616E73E5
:1082B0006974696F6E20257300496E76616C69641C
:1082C0002028257529206F6C642073746174650003
:1082D000636F6E6E202570206661696C6564207422
:1082E0006F2065737461626C6973682E205246203A
:1082F0006E6F6973653F006E6F2076616C696420F4
:108300002825752920737461746520776173207343
:10831000657400696E636F6D70617469626C65206D
:1083200068616E646C652025750054696D656F75B4
:1083300074206469736361726465642E204E6F20DB
:10834000626C6F636B696E6720696E2073797377F7
:10835000712E00466174616C206572726F72202804
:108360002564292E20446973636F6E6E656374699A
:108370006E6720257000466F756E642076616C69AB
:108380006420636F6E6E656374696F6E202825705C
:10839000292077697468206164647265737320258D
:1083A0007320696E202573207374617465200053F7
:1083B000656E64204C4520706172616D207570643B
:1083C000617465206661696C65642028657272203D
:1083D0002564290053656E64206175746F204C45D7
:1083E00020706172616D20757064617465206661D2
:1083F000696C6564202865727220256429006469AF
:1084000073636F6E6E656374656400646973636F34
:108410006E6E6563742D636F6D706C65746500734B
:1084200063616E2D6265666F72652D696E69746930
:108430006174696E6700696E6974696174696E67F9
:108440002D66696C7465722D6C6973740061647655
:108450002D636F6E6E65637461626C650061647636
:108460002D6469722D636F6E6E65637461626C65F5
:1084700000646973636F6E6E656374696E67006232
:10848000745F636F6E6E00556E61626C6520746F11
:1084900020616C6C6F6361746520627566666572DD
:1084A00020666F72206F7020307825303278004E51
:1084B0006F20617661696C61626C65204C3243416A
:1084C0005020636F6E7465787420666F7220636FDE
:1084D0006E6E20257000457870656374696E672044
:1084E000757020746F20256420726566732C206778
:1084F0006F7420256400616C726561647920686125
:1085000076652076696577206F6E202570004C3285
:10851000434150206C656E677468206D69736D61AE
:108520007463682028257520213D20257529004980
:108530006E76616C6964206964656E742076616C26
:10854000756520696E204C324341502050445500DF
:10855000496E76616C6964204C4520636F6E6E20B5
:10856000706172616D207273702073697A65202862
:10857000257520213D20257A75290052656A65639D
:1085800074696E6720756E6B6E6F776E204C324328
:1085900041502050445520636F6465203078253069
:1085A000327800546F6F20736D616C6C204C3243D5
:1085B0004150207369676E616C696E672050445545
:1085C00000546F6F20736D616C6C204C32434150CE
:1085D000205044552072656365697665640049677B
:1085E0006E6F72696E67206461746120666F7220BD
:1085F000756E6B6E6F776E206368616E6E656C2052
:1086000049442030782530347800636F6E6669679E
:108610000062745F6C32636170004154542063687F
:10862000616E6E656C206E6F7420636F6E6E656335
:10863000746564004572726F72207369676E696E4B
:108640006720646174610052616E206F7574206FE1
:10865000662054582062756666657273206F7220BA
:10866000636F6E74657874732E00556E61626C650D
:1086700020746F2063726561746520657272207268
:1086800073702050445500415454204D545520657A
:10869000786365656465642C206D61782025752C90
:1086A0002077616E74656420257A7500556E61626D
:1086B0006C6520746F2063726561746520727370DD
:1086C0002050445500546F6F20736D616C6C2041D5
:1086D0005454205044552072656365697665640082
:1086E000556E68616E646C65642041545420636FFC
:1086F00064652030782530327800496E76616C6987
:1087000064206C656E20257520666F7220636F642F
:10871000652030782530327800556E61626C6520B6
:10872000746F2063726561746520555549443A2021
:1087300073697A6520257500556E61626C652074D9
:108740006F2063726561746520555549443A207302
:10875000697A65202564004E6F20617661696C61DD
:10876000626C652041545420636F6E746578742088
:10877000666F7220636F6E6E202570004E6F2061F1
:108780007661696C61626C65204154542063686154
:108790006E6E656C20666F7220636F6E6E20257042
:1087A000004E6F7420636F6E6E6563746564005570
:1087B0006E61626C6520746F2066696E642041543E
:1087C00054206368616E6E656C00476F742065723B
:1087D000722025642C206E6F742063616C6C696E4E
:1087E0006720415454206362004E6F20415454204E
:1087F0006368616E6E656C20666F72204D54552003
:10880000257A75004E6F2070656E64696E67204131
:108810005454207265717565737400446973636F95
:108820006E6E656374696E67206661696C6564204D
:108830002865727220256429004154542054696DC2
:10884000656F757420666F72206465766963652054
:1088500025732E20446973636F6E6E656374696E51
:10886000672E2E2E0062745F61747400756E6162F3
:108870006C6520746F20736176652053433A206ED7
:108880006F20636667206C656674004E6F2073709E
:1088900061636520746F2073746F72652043434376
:1088A000206366670052656164206D6574686F645B
:1088B000206E6F7420736574004661696C65642076
:1088C000746F20726561642061747472696275747A
:1088D00065202570202865727220257A6429004958
:1088E0006E76616C69642072656164206C656E6788
:1088F00074683A20257A6400434343202570206E33
:108900006F74207772697461626C650053432072E2
:108910006573746F726520696E6469636174696FF1
:108920006E206661696C65640062745F676174746F
:10893000004E6F20617661696C61626C6520534DF9
:108940005020636F6E7465787420666F7220636F59
:108950006E6E2025700062745F736D700000070EEC
:10896000091C1B1215383F363124232A2D43616E12
:108970006E6F742073746172742073616D706C69B2
:108980006E673A202564004661696C656420746FE7
:1089900020696E697469616C697A652064657669BD
:1089A00063653A202573004661696C656420746FC5
:1089B00020736574206275666665723A20256400CE
:1089C000496E76616C6964206368616E6E656C20C7
:1089D00049443A2025640053656C656374656420DE
:1089E000414443206761696E206973206E6F742073
:1089F00076616C69640053656C65637465642041DD
:108A00004443207265666572656E636520697320F4
:108A10006E6F742076616C69640053656C65637475
:108A200065642041444320616371756973697469A9
:108A30006F6E2074696D65206973206E6F74207687
:108A4000616C69640043616E6E6F7420636F6E6663
:108A50006967757265206368616E6E656C20256458
:108A60003A20256400496E76616C69642073656CF8
:108A7000656374696F6E206F66206368616E6E65F2
:108A80006C73004368616E6E656C202575206E6F97
:108A90007420636F6E66696775726564004E6F203F
:108AA0006368616E6E656C20636F6E666967757270
:108AB000656400414443207265736F6C7574696F1F
:108AC0006E2076616C7565202564206973206E6F59
:108AD000742076616C6964004F76657273616D70A5
:108AE0006C696E6720697320737570706F7274653E
:108AF0006420666F722073696E676C6520636861BD
:108B00006E6E656C206F6E6C79004F766572736166
:108B10006D706C696E672076616C756520256420C8
:108B20006973206E6F742076616C69640050726F97
:108B30007669646564206275666665722069732073
:108B4000746F6F20736D616C6C202825752F2575EF
:108B50002900616463403430303037303030006198
:108B600064635F6E7266785F736161646300636CF7
:108B70006F636B40343030303030303000686663C3
:108B80006C6B006C66636C6B00636C6F636B5F6334
:108B90006F6E74726F6C0072616E646F6D40343012
:108BA00030306430303000696E76616C6964206109
:108BB0006464726573733A2030782530386C783A83
:108BC000257A7500756E616C69676E6564206164F5
:108BD00064726573733A2030782530386C783A25A2
:108BE0007A75006E6F7420776F72642D616C69679F
:108BF0006E65643A2030782530386C783A257A757D
:108C000000666C6173682D636F6E74726F6C6C6557
:108C10007240343030316530303000666C617368DA
:108C20005F6E7266006770696F4035303030303388
:108C30003030006770696F40353030303030303060
:108C40000069326300693263403430303033303091
:108C500030006932635F6E7266785F7477690075A1
:108C60006E737570706F727465642073706565647F
:108C70000031302D626974204932432041646472AE
:108C80002064657669636573206E6F7420737570F8
:108C9000706F7274656400000102030405060746E4
:108CA00061696C656420746F20616C6C6F636174C2
:108CB0006520505049204368616E6E656C00756197
:108CC000727440343030303230303000756172743C
:108CD0005F6E7266785F756172746500536F66745B
:108CE00044657669636520436F6E74726F6C6C6562
:108CF00072204153534552543A2025732C20256449
:108D000000536F667444657669636520436F6E74C3
:108D1000726F6C6C6572206275696C642072657626
:108D20006973696F6E3A2000456E74726F707920B6
:108D3000736F7572636520646576696365206E6F15
:108D400074207265616479004661696C65642074A1
:108D50006F2072656769737465722072616E64203A
:108D6000736F75726365202825642900416C6C6FF0
:108D70006361746564206D656D6F727920746F6FC7
:108D8000206C6F773A20257A75203C2025750045A8
:108D900076656E742062756666657220746F6F20EA
:108DA000736D616C6C2E20257A75203E2025750030
:108DB000556E6578706563746564206D73675F7464
:108DC0007970653A2025752E20546869732069668C
:108DD0002D656C7365206E656564732061206E651A
:108DE00077206272616E636800556E6B6E6F776E8E
:108DF000206572726F72207768656E2070726F6383
:108E0000657373696E6720686369206D657373614C
:108E100067652025640062745F6863695F736463DB
:108E20000062745F7364635F6863695F647269762C
:108E300065720062745F7364635F63727970746FEC
:108E4000004D50534C204153534552543A20257302
:108E50002C202564004D50534C20576F726B006DD1
:108E600070736C5F696E697400556E737570706FA6
:108E700072746564204846434C4B206576656E7479
:108E80003A202564006E7266785F636C6F636B5F77
:108E90006D70736C006D70736C5F74696D65736C6D
:108EA0006F745F73657373696F6E5F6F70656E204B
:108EB0006661696C65643A2025640074696D656F4C
:108EC000757400666C6173685F73796E635F6D7053
:108ED000736C0000202A2A2A2A2A2A2A2A2A2A2AC5
:108EE0002A2A2A0001090000000D010203040506D8
:108EF00007085465726D696E616C00000000000027
:108F000000545452205245474745530048616C7401
:108F1000696E672073797374656D00556E6B6E6F43
:108F2000776E206572726F72003E3E3E205A455049
:108F300048595220464154414C204552524F5220EC
:108F400025643A202573206F6E20435055202564F8
:108F5000004661756C7420647572696E6720696E75
:108F6000746572727570742068616E646C696E6786
:108F70000A0043757272656E74207468726561646C
:108F80003A20257020282573290043505520657804
:108F900063657074696F6E00556E68616E646C65B0
:108FA0006420696E746572727570740053746163C5
:108FB0006B206F766572666C6F77004B65726E65BD
:108FC0006C206F6F7073004B65726E656C20706102
:108FD0006E6963006D61696E006F730073797377FA
:108FE0006F726B710082BACAD07D8D3C96B07010E2
:108FF000273B6D906A0473904F00FFFFFFFF1F0037
:109000000020202020202020202028282828282058
:109010002020202020202020202020202020202050
:1090200020881010101010101010101010101010B8
:1090300010040404040404040404041010101010A8
:109040001010414141414141010101010101010172
:1090500001010101010101010101010110101010C4
:109060001010424242424242020202020202020244
:109070000202020202020202020202021010101098
:1090800020000000000000000000000000000000C0
:1090900000000000000000000000000000000000D0
:1090A00000000000000000000000000000000000C0
:1090B00000000000000000000000000000000000B0
:1090C00000000000000000000000000000000000A0
:1090D0000000000000000000000000000000000090
:1090E0000000000000000000000000000000000080
:1090F0000000000000000000000000000000000070
:1091000000494E46004E414E006E616E00303132D5
:1091100033343536373839414243444546003031DF
:1091200032333435363738396162636465660049F5
:109130006E66696E697479004E614E005245454E07
:1091400054206D616C6C6F63207375636365656437
:109150006564002F5F5F772F5F74656D702F776F89
:10916000726B73706163652F6275696C642F2E6218
:1091700075696C642F484F53542D7838365F3634F8
:109180002D7736342D6D696E677733322F61726DAE
:109190002D7A65706879722D656162692F737263CB
:1091A0002F6E65776C69622D6E616E6F2F6E6577BD
:1091B0006C69622F6C6962632F7374646C69622FCF
:1091C00064746F612E630042616C6C6F6320737511
:1091D00063636565646564002F5F5F772F5F746507
:1091E0006D702F776F726B73706163652F62756935
:1091F0006C642F2E6275696C642F484F53542D7820
:1092000038365F36342D7736342D6D696E67773397
:10921000322F61726D2D7A65706879722D65616289
:10922000692F7372632F6E65776C69622D6E616E44
:109230006F2F6E65776C69622F6C6962632F737430
:10924000646C69622F6D707265632E63002C2066FA
:10925000756E6374696F6E3A200061737365727422
:10926000696F6E2022257322206661696C65643AFD
:109270002066696C6520222573222C206C696E653E
:10928000202564257325730A00504F534958002345
:109290002D302B2000686C4C006566674546470002
:1092E800FFFFFFFFFF1F00001F000000000000003D
:1092F8001D40000000000000FFFFFFFF1FFF0000EF
:10930800BAABBABA1010101000000000008000407C
:1093180000000000000000000C0000000000000039
:1093280000FF7F00000000000000000000000000B7
:1093380000000000691F00000000000043CC00008E
:1093480000000000811F00000000000063CC000046
:109358000000000021CC0000000000000000000018
:1093680000000000000000000000000000000000F5
:1093780000000000000000000000000000000000E5
:1093880000000000000000000000000000000000D5
:1093980000000000000000000000000000000000C5
:1093A80000000000000000000000000000000000B5
:1093B80000000000000000000000000000000000A5
:1093C8000000000000000000000000000000000095
:1093D8000000000000000000000000000000000085
:1093E8000000000000000000000000000000000075
:1093F8000000000000000000000000000000000065
:109408000000000000000000000000000000000054
:109418000000000000000000000000000000000044
:109428000000000000000000000000000000000034
:109438000000000000000000000000000000000024
:109448000000000000000000000000000000000014
:109458000000000000000000000000000000000004
:1094680000000000000000000000000000000000F4
:1094780000000000000000000000000000000000E4
:1094880000000000000000000000000000000000D4
:1094980000000000000000000000000000000000C4
:1094A80000000000000000000000000000000000B4
:1094B80000000000000000000000000000000000A4
:1094C8000000000000000000000000000000000094
:1094D8000000000000000000000000000000000084
:1094E8000000000000000000000000000000000074
:1094F8000000000000000000000000000000000064
:109508000000000000000000000000000000000053
:109518000000000000000000000000000000000043
:109528000000000000000000000000000000000033
:109538000000000000000000000000000000000023
:109548000000000000000000000000000000000013
:109558000000000000000000000000000000000003
:1095680000000000000000000000000000000000F3
:1095780000000000000000000000000000000000E3
:1095880000000000000000000000000000000000D3
:1095980000000000000000000000000000000000C3
:1095A8000000000000000000CC070020DBE60000FF
:1095B800E1E60000E3E6000009E70000E7E6000056
:1095C80013E70000EDE600001DE70000F3E60000E9
:1095D80029E70000FFE6000003E70000F5E60000C9
:1095E800FBE6000019E7000023E70000140800204C
:1095F80001FF00001BEA000027EA00002BEA000038
:1096080033EA000037EA0000000000000000000014
:109618000000000000000000000000000000000042
:109628000000000000000000000000000000000032
:109638000000000000000000000000000000000022
:109648000000000000000000000000000000000012
:109658000000000000000000000000000000000002
:1096680000000000000000000000000000000000F2
:1096780000000000000000000000000000000000E2
:1096880000000000000000000000000000000000D2
:1096980000000000000000000000000000000000C2
:1096A80000000000000000000000000000000000B2
:1096B80000000000000000000000000000000000A2
:1096C8000000000000000000000000000000000092
:1096D800D15C010000000000000000000000000054
:1096E8000000000000000000000000000000000072
:1096F8000000000000000000000000000000000062
:109708000000000000000000000000000000000051
:109718000000000000000000000000000000000041
:109728000000000000000000000000000000000031
:109738000000000000000000000000000000000021
:109748000000000000000000000000000000000011
:109758000000000000000000000000000000000001
:1097680000000000000000000000000000000000F1
:1097780000000000BC570200000000009C09002007
:109788009C0900200000000001000000AC09002036
:10979800AC090020B4090020B40900200000000032
:1097A80001000000C4090020C409002000000000D6
:1097B80000000000000000000000000000000000A1
:1097C8000000000000000000000000000000000091
:1097D8000000000000000000000000000000000081
:1097E8000000000000000000000000000000000071
:1097F8000000000000000000000000000000000061
:109808000000000000000000000000000000000050
:109818000000000000000000000000000000000040
:1098280000000000000000000000000091C00100DE
:10983800000000000001000000000000000000001F
:109848000000000000000000000000000000000010
:109858000000000000000000A00E00200000020030
:10986800C20E0020000008000000000000000000F8
:1098780000000000BD120100000000000000000010
:10988800E40E002000001200060F0020000008006F
:10989800000000000000000000000000911201001C
:1098A8000000000000000000280F00200000120047
:1098B8004A0F0020000002006C0F00200000020088
:1098C8008E0F002000000800000000005113010066
:1098D80000000000000000007861020001000000A4
:1098E80006380020200300000C0000008D0E020046
:1098F800D11A0200713501000000000000000000CC
:1099080000000000191E020000000000FD1D0200FA
:109918000462020033200200372002000060004089
:10992800000000000000000000000000000000002F
:10993800000000000000000000000000000000001F
:10994800000000000000000000000000000000000F
:1099580000000000000000000000000000000000FF
:1099680000000000000000000000000000000000EF
:1099780000000000000000000000000000000000DF
:1099880000000000000000000000000000000000CF
:1099980000000000000000000000000000000000BF
:1099A80000000000A72502000000000000000000E1
:1099B80000000000554E01000000000000000000FB
:1099C80000000000BD6F0100000000000000000062
:1099D80000000000796A010000000000000000009B
:1099E800000C0020000C0020000000000000000017
:1099F800A97D0100A58C0100000000000000000006
:109A080000000000498101005D300200233102009E
:109A1800897D0100000000009C6702000000200012
:109A2800000000000000000000000000000000002E
:109A38000734020000000000B067020000000200C6
:109A4800BC67020000000200C867020000000200B4
:109A580000000000740C0020740C002001000000BD
:109A680001000000840C0020840C00208C0C0020D5
:109A78008C0C002000000000010000009C0C00205D
:109A88009C0C0020000000000090D003FF000000A4
:109A980090020000B40C0020B40C0020C00C002080
:109AA800000000002467020004670200E466020068
:109AB800000000000000000000000000000000009E
:109AC800000000000000000000000000000000008E
:109AD800000000000000000000000000000000007E
:109AE800000000000000000000000000000000006E
:109AF800000000000000000000000000000000005E
:109B0800430000000000000000000000000000000A
:109B1800000000000000000000000000000000003D
:109B280043000000000000000000000000000000EA
:109B3800000000000000000000000000000000001D
:109B480043000000000000000000000000000000CA
:109B580000000000000000000000000000000000FD
:109B680043000000000000000000000000000000AA
:109B780000000000000000000000000000000000DD
:109B8800430000000000000000000000000000008A
:109B980000000000000000000000000000000000BD
:109BA800430000000000000000000000000000006A
:109BB800000000000000000000000000000000009D
:109BC800430000000000000000000000000000004A
:109BD800000000000000000000000000000000007D
:109BE800055402008F53020000000000009002009C
:109BF80063880200B26C0200B26C0200B26C020010
:109C0800B26C0200B26C0200B26C0200B26C0200CC
:109C1800B26C0200B26C0200FFFFFFFFFFFFFFFF04
:109C2800FFFFFFFFFFFF00000100415343494900C8
:109C3800000000000000000000000000000000001C
:109C480000000000000000000000415343494900A3
:109C580000000000000000000000000000000000FC
:109C68000000000000000000000000004B9131C31C
:109C7800C9C5CC8F9E45B51F01C2AF4F0664014BC5
:109C880002AF261B3607EAF5B78846E1364148B5E4
:109C9800BE02519131C3C9C5CC8F9E45B51F04C2C0
:109CA800AF4F02AE261B3607EAF5B78846E13641C4
:109CB80048B5BE02509131C3C9C5CC8F9E45B51F6A
:109CC80004C2AF4F02AA261B3607EAF5B78846E159
:109CD800364048B5BE024D9131C3C9C5CC8F9E45AB
:109CE800B51F03C2AF4F02AD261B3607EAF5B7888A
:109CF80046E1364048B5BE024F9131C3C9C5CC8F45
:109D08009E45B51F03C2AF4F02AC261B3607EAF5C6
:109D1800B78846E1364048B5BE024E9131C3C9C541
:109D2800CC8F9E45B51F03C2AF4F02AB261B36072B
:109D3800EAF5B78846E1364048B5BE024A9131C3D4
:109D4800C9C5CC8F9E45B51F03C2AF4F02A9261BBC
:109D58003607EAF5B78846E1363F48B5BE024C916A
:109D680031C3C9C5CC8F9E45B51F02C2AF4F02A8EB
:109D7800261B3607EAF5B78846E1363E48B5BE02E7
:109D88004B9131C3C9C5CC8F9E45B51F01C2AF4F9A
:109D9800FF000000000000000000000000000000BC
:109DA80000000000000000000000000000000000AB
:109DB800000000000000000000000000000000009B
:109DC800000000000000000000000000000000008B
:109DD800000000000000000000000000000000007B
:109DE8000000000000000000000000000C1000202F
:109DF8000C100020E4B60020000000000100000064
:109E08002C0000000000000028100020281000206E
:109E1800006D00200000000001000000B0000000FC
:109E280000000000441000204410002010B700205B
:109E38000000000003000000100000000000000007
:109E480000000000B06D002000400000000000008D
:109E580000000000741000207410002000000000B2
:109E6800000000000E00000088100020881000206C
:109E780000000000000000000E0000009C10002000
:109E88009C10002000000000000000000E000000F0
:109E9800B0100020B01000200000000000000000FA
:109EA8000E000000C4100020C410002000000000B4
:109EB800000000000E000000D8100020D81000207C
:109EC8000000000001000000E8100020E810002059
:109ED800F0100020F010002000000000FFFFFFFF3E
:109EE8000011002000110020000000000000000008
:109EF8001011002010110020181100201811002046
:109F08000000000000000000281100202811002097
:109F18003011002030110020030003001000000061
:109F280000000000AC6302008CB5002000000000B7
:109F38000000000054110020541100205C11002082
:109F48005C1100200300030010000000358A0100A6
:109F5800486402006CB60020000000000000000009
:109F68008011002080110020881100208811002015
:109F780003000300000000000000000070620200FF
:109F8800E0B200200000000000000000AC1100203A
:109F9800AC110020B4110020B41100200100010010
:109FA800100000002D6A01009863020004B500202B
:109FB8000000000000000000D8110020D811002087
:109FC800E0110020E0110020020002000000000063
:109FD8000000000060630200D4B40020000000000C
:109FE8000000000004120020041200200C120020BF
:109FF8000C1200200C000C0004000000194801009D
:10A008005C62020004B100200000000000000000B3
:10A0180030120020301200203812002038120020A0
:10A02800010001000000000000000000846202003E
:08A038002CB4002015E015E036
:00000001FF
