:100000008079002001260200FF3F0300ED25020059
:10001000ED250200ED250200ED25020000000000A4
:10002000000000000000000000000000B1270200F6
:10003000ED250200000000005D270200ED25020012
:100040008529020011730300852902008529020019
:1000500085290200852902008529020085290200E0
:10006000C77203008529020085290200FB72030084
:1000700085290200852902008529020085290200C0
:1000800085290200852902008529020085290200B0
:1000900085290200852902008529020085290200A0
:1000A0008529020085290200852902008529020090
:1000B0008529020085290200852902008529020080
:1000C0008529020085290200852902008529020070
:0C00D00085290200852902008529020014
:0400DC00FFFFFFFF24
:1000E00001F0FF01102A2BDB10F0070F08D010F8E9
:1000F000013B013A8B422DD010F0070F42B3F6D1ED
:10010000F0B441EA012141EA014122F007047FF005
:1001100000070023F0E80256083C85EA010586EA5C
:10012000010685FA47F5A3FA87F586FA47F6A5FA98
:1001300087F68EB9EED1F0BC01F0FF0102F00702A4
:1001400032B110F8013B013A83EA010313B1F8D14F
:100150000020704701387047002D06BF3546033830
:10016000073815F0010F07D1013015F4807F02BF69
:10017000013015F4C03F0130F0BC0138704700BFBA
:1001800081F0004102E000BF83F0004330B54FEA48
:1001900041044FEA430594EA050F08BF90EA020FB5
:1001A0001FBF54EA000C55EA020C7FEA645C7FEA48
:1001B000655C00F0E2804FEA5454D4EB5555B8BF6B
:1001C0006D420CDD2C4480EA020281EA030382EADC
:1001D000000083EA010180EA020281EA0303362D6E
:1001E00088BF30BD11F0004F4FEA01314FF4801C41
:1001F0004CEA113102D0404261EB410113F0004F53
:100200004FEA03334CEA133302D0524263EB430309
:1002100094EA050F00F0A780A4F10104D5F1200EA7
:100220000DDB02FA0EFC22FA05F2801841F1000102
:1002300003FA0EF2801843FA05F359410EE0A5F1D6
:1002400020050EF1200E012A03FA0EFC28BF4CF007
:10025000020C43FA05F3C01851EBE37101F00045BD
:1002600007D54FF0000EDCF1000C7EEB00006EEBCA
:100270000101B1F5801F1BD3B1F5001F0CD3490854
:100280005FEA30004FEA3C0C04F101044FEA4452AB
:1002900012F5800F80F09A80BCF1004F08BF5FEA32
:1002A000500C50F1000041EB045141EA050130BD12
:1002B0005FEA4C0C404141EB0101013C28BFB1F524
:1002C000801FE9D291F0000F04BF01460020B1FA6F
:1002D00081F308BF2033A3F10B03B3F120020CDA42
:1002E0000C3208DD02F1140CC2F10C0201FA0CF020
:1002F00021FA02F10CE002F11402D8BFC2F1200C85
:1003000001FA02F120FA0CFCDCBF41EA0C0190403A
:10031000E41AA2BF01EB0451294330BD6FEA040483
:100320001F3C1CDA0C340EDC04F11404C4F120026E
:1003300020FA04F001FA02F340EA030021FA04F380
:1003400045EA030130BDC4F10C04C4F1200220FAD7
:1003500002F001FA04F340EA0300294630BD21FA15
:1003600004F0294630BD94F0000F83F4801306BFDB
:1003700081F480110134013D4EE77FEA645C18BFCF
:100380007FEA655C29D094EA050F08BF90EA020F66
:1003900005D054EA000C04BF1946104630BD91EA5E
:1003A000030F1EBF0021002030BD5FEA545C05D161
:1003B0004000494128BF41F0004130BD14F58004A0
:1003C0003CBF01F5801130BD01F0004545F0FE4114
:1003D00041F470014FF0000030BD7FEA645C1ABF49
:1003E000194610467FEA655C1CBF0B46024650EA80
:1003F000013406BF52EA033591EA030F41F40021AC
:1004000030BD00BF90F0000F04BF0021704730B531
:100410004FF4806404F132044FF000054FF0000106
:1004200050E700BF90F0000F04BF0021704730B5C7
:100430004FF4806404F1320410F0004548BF40429C
:100440004FF000013EE700BF42004FEAE2014FEAF1
:1004500031014FEA02701FBF12F07F4393F07F4FCC
:1004600081F06051704732F07F4208BF704793F0CF
:100470007F4F04BF41F40021704730B54FF46074E2
:1004800001F0004521F000411CE700BF50EA0102E5
:1004900008BF704730B54FF000050AE050EA01028E
:1004A00008BF704730B511F0004502D5404261EBFE
:1004B00041014FF4806404F132045FEA915C3FF43F
:1004C000D8AE4FF003025FEADC0C18BF03325FEADC
:1004D000DC0C18BF033202EBDC02C2F1200300FA8D
:1004E00003FC20FA02F001FA03FE40EA0E0021FAB2
:1004F00002F11444BDE600BF70B54FF0FF0C4CF4A0
:10050000E06C1CEA11541DBF1CEA135594EA0C0F51
:1005100095EA0C0F00F0DEF82C4481EA030621EA8C
:100520004C5123EA4C5350EA013518BF52EA0335C7
:1005300041F4801143F4801338D0A0FB02CE4FF079
:100540000005E1FB02E506F00042E0FB03E54FF0A9
:100550000006E1FB03569CF0000F18BF4EF0010EA1
:10056000A4F1FF04B6F5007F64F5407404D25FEA9D
:100570004E0E6D4146EB060642EAC62141EA555150
:100580004FEAC52040EA5E504FEACE2EB4F1FD0C92
:1005900088BFBCF5E06F1ED8BEF1004F08BF5FEA10
:1005A000500E50F1000041EB045170BD06F00046C2
:1005B00046EA010140EA020081EA0301B4EB5C046F
:1005C000C2BFD4EB0C0541EA045170BD41F4801167
:1005D0004FF0000E013C00F3AB8014F1360FDEBF8C
:1005E000002001F0004170BDC4F10004203C35DA68
:1005F0000C341BDC04F11404C4F1200500FA05F3EB
:1006000020FA04F001FA05F240EA020001F000428B
:1006100021F0004110EBD37021FA04F642EB060101
:100620005EEA430E08BF20EAD37070BDC4F10C042B
:10063000C4F1200500FA04F320FA05F001FA04F2EF
:1006400040EA020001F0004110EBD37041F10001DB
:100650005EEA430E08BF20EAD37070BDC4F12005E6
:1006600000FA05F24EEA020E20FA04F301FA05F24E
:1006700043EA020321FA04F001F0004121FA04F2F6
:1006800020EA020000EBD3705EEA430E08BF20EAC6
:10069000D37070BD94F0000F0FD101F00046400000
:1006A00041EB010111F4801F08BF013CF7D041EA82
:1006B000060195F0000F18BF704703F00046520086
:1006C00043EB030313F4801F08BF013DF7D043EA57
:1006D0000603704794EA0C0F0CEA135518BF95EA0D
:1006E0000C0F0CD050EA410618BF52EA4306D1D194
:1006F00081EA030101F000414FF0000070BD50EAB3
:10070000410606BF1046194652EA430619D094EA3C
:100710000C0F02D150EA013613D195EA0C0F05D126
:1007200052EA03361CBF104619460AD181EA03017A
:1007300001F0004141F0FE4141F470014FF0000032
:1007400070BD41F0FE4141F4780170BD70B54FF0CD
:10075000FF0C4CF4E06C1CEA11541DBF1CEA13554D
:1007600094EA0C0F95EA0C0F00F0A7F8A4EB05042F
:1007700081EA030E52EA03354FEA013100F0888026
:100780004FEA03334FF0805545EA131343EA1263EF
:100790004FEA022245EA111545EA10654FEA0026A4
:1007A0000EF000419D4208BF964244F1FD0404F55D
:1007B000407402D25B084FEA3202B61A65EB0305B9
:1007C0005B084FEA32024FF480104FF4002CB6EB76
:1007D000020E75EB030E22BFB61A754640EA0C00F6
:1007E0005B084FEA3202B6EB020E75EB030E22BF36
:1007F000B61A754640EA5C005B084FEA3202B6EB77
:10080000020E75EB030E22BFB61A754640EA9C0035
:100810005B084FEA3202B6EB020E75EB030E22BF05
:10082000B61A754640EADC0055EA060E18D04FEAC3
:10083000051545EA16754FEA06164FEAC30343EA63
:1008400052734FEAC2025FEA1C1CC0D111F4801F30
:100850000BD141EA00014FF000004FF0004CB6E729
:1008600011F4801F04BF01430020B4F1FD0C88BFC8
:10087000BCF5E06F3FF6AFAEB5EB030C04BFB6EBD3
:10088000020C5FEA500C50F1000041EB045170BDC6
:100890000EF0004E4EEA113114EB5C04C2BFD4EBF3
:1008A0000C0541EA045170BD41F480114FF0000E77
:1008B000013C90E645EA060E8DE60CEA135594EAF3
:1008C0000C0F08BF95EA0C0F3FF43BAF94EA0C0FF6
:1008D0000AD150EA01347FF434AF95EA0C0F7FF46B
:1008E00025AF104619462CE795EA0C0F06D152EABF
:1008F00003353FF4FDAE1046194622E750EA4106A3
:1009000018BF52EA43067FF4C5AE50EA41047FF4B3
:100910000DAF52EA43057FF4EBAE12E780F00040E2
:1009200002E000BF81F0004142001FBF5FEA4103C7
:1009300092EA030F7FEA226C7FEA236C6AD04FEAC7
:100940001262D2EB1363C1BFD2184140484041400C
:10095000B8BF5B42192B88BF704710F0004F40F4BE
:10096000000020F07F4018BF404211F0004F41F4DA
:10097000000121F07F4118BF494292EA030F3FD0A6
:10098000A2F1010241FA03FC10EB0C00C3F12003B9
:1009900001FA03F100F0004302D5494260EB400048
:1009A000B0F5000F13D3B0F1807F06D340084FEAB3
:1009B000310102F10102FE2A51D2B1F1004F40EBA8
:1009C000C25008BF20F0010040EA03007047490010
:1009D00040EB0000013A28BFB0F5000FEDD2B0FAAD
:1009E00080FCACF1080CB2EB0C0200FA0CF0AABFD0
:1009F00000EBC25052421843BCBFD040184370476E
:100A000092F0000F81F4000106BF80F40000013273
:100A1000013BB5E74FEA41037FEA226C18BF7FEA4A
:100A2000236C21D092EA030F04D092F0000F08BF8C
:100A30000846704790EA010F1CBF0020704712F073
:100A40007F4F04D1400028BF40F00040704712F1B2
:100A500000723CBF00F50000704700F0004343F017
:100A6000FE4040F4000070477FEA226216BF08464D
:100A70007FEA23630146420206BF5FEA412390EA10
:100A8000010F40F4800070474FF0000304E000BF06
:100A900010F0004348BF40425FEA000C08BF7047B7
:100AA00043F0964301464FF000001CE050EA01027B
:100AB00008BF70474FF000030AE000BF50EA010290
:100AC00008BF704711F0004302D5404261EB41017D
:100AD0005FEA010C02BF84460146002043F0B643A2
:100AE00008BFA3F18053A3F50003BCFA8CF2083AC7
:100AF000A3EBC25310DB01FA02FC634400FA02FCD0
:100B0000C2F12002BCF1004F20FA02F243EB0200D6
:100B100008BF20F00100704702F1200201FA02FC38
:100B2000C2F1200250EA4C0021FA02F243EB02002B
:100B300008BF20EADC7070474FF0FF3C06E000BFC2
:100B40004FF0010C02E000BF4FF0010C4DF804CD56
:100B50004FEA40024FEA41037FEA226C18BF7FEA66
:100B6000236C11D001B052EA530C18BF90EA010F68
:100B700058BFB2EB030088BFC81738BF6FEAE170F7
:100B800018BF40F0010070477FEA226C02D15FEA93
:100B9000402C05D17FEA236CE4D15FEA412CE1D0FF
:100BA0005DF8040B704700BF844608466146FFE7C6
:100BB0000FB5FFF7C9FF002848BF10F1000F0FBDA8
:100BC0004DF808EDFFF7F4FF0CBF012000205DF8A1
:100BD00008FB00BF4DF808EDFFF7EAFF34BF012026
:100BE00000205DF808FB00BF4DF808EDFFF7E0FFBF
:100BF00094BF012000205DF808FB00BF4DF808ED10
:100C0000FFF7D2FF94BF012000205DF808FB00BF72
:100C10004DF808EDFFF7C8FF34BF012000205DF854
:100C200008FB00BF4FEA4002B2F1FE4F0FD34FF076
:100C30009E03B3EB12620DD94FEA002343F0004349
:100C400010F0004F23FA02F018BF404270474FF0F7
:100C50000000704712F1610F01D1420205D110F07E
:100C6000004008BF6FF0004070474FF00000704731
:100C700053B94AB9002908BF00281CBF4FF0FF3103
:100C80004FF0FF3000F00CB8ADF1080C6DE904CE68
:100C900018F01AFEDDF804E0DDE9022304B0704725
:100CA000704700BF4FF0FF3C06E000BF4FF0010C63
:100CB00002E000BF4FF0010C4DF804CD4FEA410CAB
:100CC0007FEA6C5C4FEA430C18BF7FEA6C5C1BD078
:100CD00001B050EA410C0CBF52EA430C91EA030FF9
:100CE00002BF90EA020F0020704710F1000F91EA56
:100CF000030F58BF994208BF90422CBFD8176FEA24
:100D0000E37040F0010070474FEA410C7FEA6C5CF1
:100D100002D150EA013C07D14FEA430C7FEA6C5CF8
:100D2000D6D152EA033CD3D05DF8040B704700BF24
:100D30008446104662468C461946634600E000BF72
:100D400001B5FFF7B7FF002848BF10F1000F01BD44
:100D50004DF808EDFFF7F4FF0CBF012000205DF80F
:100D600008FB00BF4DF808EDFFF7EAFF34BF012094
:100D700000205DF808FB00BF4DF808EDFFF7E0FF2D
:100D800094BF012000205DF808FB00BF4DF808ED7E
:100D9000FFF7CEFF94BF012000205DF808FB00BFE5
:100DA0004DF808EDFFF7C4FF34BF012000205DF8C7
:100DB00008FB00BF2DE9F00791E8F807B2E8021040
:100DC0005B1854EB0C04B2E802104D4156EB0C06D4
:100DD000B2E802104F4158EB0C08B2E8021059EB90
:100DE00001095AEB0C0A80E8F80780410130BDE8A0
:100DF000F00770472DE9F00791E8F807B2E8021014
:100E00005B1A74EB0C04B2E802108D4176EB0C0611
:100E1000B2E802108F4178EB0C08B2E8021079EBCF
:100E200001097AEB0C0A80E8F80780414042BDE8EE
:100E3000F00770472DE9F007524290E87800B1E8DA
:100E400080071740DB1918EA020854EB080419EA76
:100E5000020955EB09051AEA020A56EB0A0678C0A0
:100E600090E87800B1E8800717407B4118EA020853
:100E700054EB080419EA020955EB09051AEA020ABB
:100E800056EB0A0678C080410130BDE8F007704794
:100E90002DE9F007524290E87800B1E8800717404A
:100EA000DB1B18EA020874EB080419EA020975EB67
:100EB00009051AEA020A76EB0A0678C090E878007B
:100EC000B1E880071740BB4118EA020874EB080438
:100ED00019EA020975EB09051AEA020A76EB0A0615
:100EE00078C080414042BDE8F00770472DE9F0012D
:100EF00052424FF0040890E8300091E8C000A31B74
:100F00001340E41AF618EB1B1340ED1AFF1830C01B
:100F1000C0C1B8F10108EED1BDE8F001704700BFD3
:100F200000B592E8DC072DE9DC07B1E8805702B490
:100F3000A7FB02510A95A8FB020BE7FB6310E9FB34
:100F400062B00B91A8FB0351EAFB6201E7FB64B5B9
:100F5000E7FB6605E8FB6615CDF830B0A9FB03B6E4
:100F6000EAFB6316ECFB6356E8FB640BE9FB641BCE
:100F7000EAFB645BECFB646B0D90ACFB0230059C00
:100F8000EEFB6250E9FB6460EAFB64B0E7FB6431AE
:100F9000E8FB6451069CE8FB6461E9FB64B1EAFB91
:100FA00064010E93A7FB0432079CE7FB6462E8FB35
:100FB00064B2E9FB6402EAFB6412049CE9FB64533B
:100FC000EAFB6463089CE7FB64B3E8FB6403E9FBAA
:100FD0006413EAFB64230F955DF8049B99E800060F
:100FE000DDF80080A9FB0854EAFB68B4DDF8108046
:100FF000ECFB6804EEFB6814E9FB6824EAFB683448
:10100000DDF80480EEFB6865E9FB68B5EAFB68057E
:10101000DDF81480ECFB6815EEFB6825E9FB68350C
:10102000EAFB68450F96DDF80880AEFB0876E9FB21
:101030006806EAFB6816DDF81880ECFB6826EEFB14
:101040006836E9FB6846EAFB6856DDF80C80ECFB85
:1010500068B7EEFB6807E9FB6817EAFB6827DDF86D
:101060001C80ECFB6837EEFB6847E9FB6857EAFB3E
:10107000686708B000BD00BF2DE9F14F87B0FFF7EA
:101080004FFFDDF81C8008F1200888E8FF00FFBC56
:1010900087E87F08BDE8F08F00B591E89857A3FB7B
:1010A00003520195A3FB0401E3FB6420E3FB6710FB
:1010B0000292A3FB0752E3FB6802E4FB6415E3FB27
:1010C0006805E3FB69250391A4FB07B6E3FB6926EA
:1010D000E3FB6A56E4FB670BE4FB682BE3FB6A5B0C
:1010E000E3FB6C6B0490A4FB0810E4FB6950E3FB8A
:1010F0006C60E3FB6EB0E7FB6721E4FB6951E4FB46
:101100006A61E3FB6EB1E4FB6E010592A7FB083256
:10111000E4FB6A62E4FB6CB2E4FB6E02E7FB6E1276
:10112000E7FB6853E7FB6963E4FB6CB3E7FB6C0325
:10113000E7FB6E13E8FB6E230695A7FB0954E7FB5C
:101140006AB4E7FB6C04E8FB6C14E8FB6E24E9FB73
:101150006E34E8FB6865E7FB6AB5E8FB6A05E8FB07
:101160006C15E9FB6C25E9FB6E35EAFB6E450796CD
:10117000A8FB0976E8FB6A06E9FB6A16E9FB6C2620
:10118000EAFB6C36EAFB6E46ECFB6E56E8FB69B791
:10119000E9FB6907E9FB6A17EAFB6A27EAFB6C3798
:1011A000ECFB6C47ECFB6E57EEFB6E6700BD00BFBF
:1011B0002DE9F14F87B0FFF76FFFDDF81C8008F1D4
:1011C000200888E8FF00FFBC87E87F08BDE8F08FB3
:1011D00030B44FF0000310F8014B11F8015B013AF5
:1011E00084EA050443EA0403F5D1A3F101034FEABD
:1011F000D37030BC704700BF4FF0000310F8012BD4
:10120000013943EA0203F9D1A3F101034FEAD37094
:10121000704700BF30B411F8014B12F8015B6C400D
:1012200000F8014B013BF6D130BC70472DE9F007C7
:1012300091E8F807B2E802105B1854EB0C04B2E82E
:1012400002104D4156EB0C06B2E802104F4158EB2C
:101250000C08B2E8021059EB01095AEB0C0A89415B
:10126000B3F1FF3374F1FF3475F1FF3576F1000609
:1012700077F1000778F1000879F101097AF1FF3A76
:1012800051F100015B184C414D4156F1000657F1F8
:10129000000758F1000859EBD1795AEB010A80E8B0
:1012A000F807BDE8F00770472DE9F00791E8F80767
:1012B000B2E802105B1A74EB0C04B2E802108D4124
:1012C00076EB0C06B2E802108F4178EB0C08B2E81E
:1012D000021079EB01097AEB0C0A89415B184C4149
:1012E0004D4156F1000657F1000758F1000859EB3F
:1012F000D1795AEB010A80E8F807BDE8F00770479A
:1013000018EB040859EB05095AEB060A5BEB070BCF
:101310005FF0000C4CF1000C18EB050859EB0609C6
:101320005AEB070A5BEB070B50EB0C005FF0000C6D
:1013300051EB0C0152EB0C0263414CF1000CB8EB89
:10134000070879F100097AF1000A7BEB040BA84148
:10135000B141A241B3416CF1000CBBEB050BB041B4
:10136000B941AA41BB416CF1000C4CF001068CF074
:10137000020718EB060859EB6C095AEB6C0A7BEB79
:101380006C0B70EB6C0471EB6C0572EB670653EB46
:101390006C076CEB6C0C18EB0C0059EB0C015AEB66
:1013A0000C025BF1000354F1000455F1000556EB0B
:1013B000DC7657EB0C0770472DE9F14F87B0FFF74C
:1013C000AFFDDDF81080DDF81490DDF818A0FFF710
:1013D00097FFBDE8000FFFF793FF03B05DF8048BA4
:1013E00088E8FF00BDE8F08F2DE9F14F87B0FFF7E7
:1013F00053FEDDF81080DDF81490DDF818A0FFF73B
:101400007FFFBDE8000FFFF77BFF03B05DF8048BA3
:1014100088E8FF00BDE8F08F4FEA410C7FEA6C5C82
:1014200002D150EA013C0AD14FEA430C7FEA6C5CDE
:1014300002D152EA033C02D14FF0000070474FF056
:10144000010070474FEA410212F5001215D211D582
:101450006FF47873B3EB625212D94FEAC12343F0B1
:10146000004343EA505311F0004F23FA02F018BF33
:10147000404270474FF00000704750EA013005D1FC
:1014800011F0004008BF6FF0004070474FF00000BF
:10149000704700BF4FF0FF0C1CEAD0521EBF1CEA81
:1014A000D15392EA0C0F93EA0C0F6FD01A4480EAE2
:1014B000010C400218BF5FEA41211ED04FF00063CB
:1014C00043EA501043EA5111A0FB01310CF00040F7
:1014D000B1F5000F3EBF490041EAD3715B0040EA1D
:1014E000010062F17F02FD2A1DD8B3F1004F40EBED
:1014F000C25008BF20F00100704790F0000F0CF0C0
:10150000004C08BF49024CEA502040EA51207F3A83
:10151000C2BFD2F1FF0340EAC250704740F400005E
:101520004FF00003013A5DDC12F1190FDCBF00F04F
:1015300000407047C2F10002410021FA02F1C2F1FD
:10154000200200FA02FC5FEA310040F1000053EA99
:101550004C0308BF20EADC70704792F0000F00F0E7
:10156000004C02BF400010F4000F013AF9D040EAED
:101570000C0093F0000F01F0004C02BF490011F481
:10158000000F013BF9D041EA0C018FE70CEAD1537F
:1015900092EA0C0F18BF93EA0C0F0AD030F0004CFF
:1015A00018BF31F0004CD8D180EA010000F00040B3
:1015B000704790F0000F17BF90F0004F084691F071
:1015C000000F91F0004F14D092EA0C0F01D14202AB
:1015D0000FD193EA0C0F03D14B0218BF084608D174
:1015E00080EA010000F0004040F0FE4040F40000BE
:1015F000704740F0FE4040F4400070474FF0FF0C51
:101600001CEAD0521EBF1CEAD15392EA0C0F93EA97
:101610000C0F69D0A2EB030280EA010C49024FEAE9
:10162000402037D04FF0805343EA111143EA1013A2
:101630000CF000408B4238BF5B0042F17D024FF45A
:10164000000C8B4224BF5B1A40EA0C00B3EB510F35
:1016500024BFA3EB510340EA5C00B3EB910F24BF1E
:10166000A3EB910340EA9C00B3EBD10F24BFA3EBA3
:10167000D10340EADC001B0118BF5FEA1C1CE0D16B
:10168000FD2A3FF650AF8B4240EBC25008BF20F01E
:10169000010070470CF0004C4CEA50207F32C2BF72
:1016A000D2F1FF0340EAC250704740F400004FF00F
:1016B0000003013A37E792F0000F00F0004C02BF40
:1016C000400010F4000F013AF9D040EA0C0093F00A
:1016D000000F01F0004C02BF490011F4000F013B64
:1016E000F9D041EA0C0195E70CEAD15392EA0C0FCC
:1016F00008D142027FF47DAF93EA0C0F7FF470AF04
:10170000084676E793EA0C0F04D14B023FF44CAF46
:1017100008466EE730F0004C18BF31F0004CCAD1DB
:1017200030F000427FF45CAF31F000437FF43CAF17
:101730005FE700BF4FEA40024FEA41037FEA226CB5
:1017400002D15FEA402C08D17FEA236C02D15FEA24
:10175000412C02D14FF0000070474FF0010070475C
:101760002DE9F047A74D86B0EA7B0023CDE902338F
:101770008DF80E206A7D8DF81020AA7D2B788DF8CB
:101780001120EA7D8DF809308DF812206B782A7EC1
:101790008DF80A308DF81320AB786A7E8DF80B3007
:1017A0008DF81420EB7895F826208DF80C30C41DA8
:1017B0002B798DF80D3007460E4624F007040AB148
:1017C0008DF80F30002E08BF204602A918BF002058
:1017D00000F09EFD95F800806B784FF0000A984469
:1017E00004445FFA88F8D1465FFA8AF34345C0F0B3
:1017F000F7800334002E24F0030449460CBF204632
:10180000002000F06DFFA978044479B1EB78EA7B01
:10181000E01C20F00304002E1A4408BF20466B8908
:10182000D2B218BF002000F0CFFF044495F8273053
:101830008BB1697A79B195F82830E01C002B20F043
:10184000030414BFFF222522002E0CBF20460020D7
:1018500001F0AAF80444297B81B1AB7823B995F84B
:1018600027305BB16B7A4BB1E01D20F00704002EEE
:101870000CBF204600200EF06BFF0444624B1B6837
:1018800063B1297951B1E01C20F00304002E08BF98
:1018900020466A7B18BF0020984704445B4B1B68B6
:1018A00053B1A97B41B1E01C20F00304002E0CBF12
:1018B0002046002098470444554BD3F80080B8F1E7
:1018C000000F0FD0E97B69B1E01CAB7C009320F0E6
:1018D0000304002E08BF20466B7C2A7C18BF002022
:1018E000C047044495F826306BB1297959B1E01C02
:1018F00020F00304002E08BF20462A7D18BF0020D8
:1019000001F088F80444E87F68B16B7EA97D033458
:1019100024F0070444F00404194422463346C9B2B3
:1019200001F0B8F8044495F82010002962D0E01DB9
:1019300020F00708002E4FF0FB020CBF40460020AD
:1019400019F0A5F808EB00041EB9FB21404613F07E
:10195000F9FEA97E00294FD0AB7F002B4CD0E01DB3
:1019600020F00708002E4FF48C720CBF4046002078
:1019700019F08DF808EB00042B7EA97DA87F0334B5
:1019800024F0070444F00404194422463346C9B243
:1019900001F072F804442EB9A97E4FF48A724046D1
:1019A00013F0F2FEEB6A13B106B9EC62283495F835
:1019B000241089B1E01D20F00705002E42F21072BC
:1019C0000CBF2846002019F062F82C1826B942F204
:1019D0001071284613F0DEFEE01B06B0BDE8F0876C
:1019E0002B7AEA79A979687919F023F80AF1010AC2
:1019F0008144F9E68846A7E7002ED3D13246314626
:101A00003046CDE7B8110020540000205C000020D3
:101A1000580000208FB572B6194B1D6BE5B9BFF3A6
:101A20004F8F1849184BCA6802F4E0621343CB6029
:101A3000BFF34F8F00BFFDE7B4FBF6F4DAB201331A
:101A4000002CF9D102F110036B440A2603F80C4C68
:101A500032B901A8A847E2E7044600230A26EDE7C9
:101A6000531E04AC54FA83F4DAB2C3B2B3FBF6F7F4
:101A700006FB1733303304F80C3CB0FBF6F0E7E715
:101A8000B811002000ED00E00400FA051FB5164C67
:101A9000237A8DF80930E3798DF80830A379ADF811
:101AA0000C3002A86379ADF80A300CF0C5FE18B10D
:101AB000B5210320FFF7AEFF012301A88DF8043004
:101AC0001AF0D3FA08B1B921F3E7A07C0CF0ECFED0
:101AD00008B1BC21EDE7607C0CF0E0FE08B1BD214F
:101AE000E7E704B010BD00BFB811002038B50546C7
:101AF000002842D017F0DEFA10B94FF0FF3038BDA1
:101B000014F0D2F8B0F5FA7FF7D81E4C1E482563C2
:101B1000002500F0B5FA26222946204684F83450E4
:101B200084F8355084F8275084F82850E56284F80A
:101B3000265017F099FD1B22627140F21B32E280A1
:101B400040F2023240F2011322811F22238062817F
:101B500001234FF40272A370A281237544F601128F
:101B6000FB232282A3836384EFF3108472B600F018
:101B7000B1FF2CB962B62046C1E76FF01500BEE791
:101B80002846BCE7B81100208D1A000010B50028C7
:101B900040F0A680554C94F83430002B40F09D80E6
:101BA000A1B1002A6DD00139142900F29980DFE833
:101BB00001F00B191C2C545C75325F6270383E4B7F
:101BC000507A7D8B8E918200137823700121002042
:101BD000FFF7C6FDB0F5803F80F28580012384F8D1
:101BE000353010BD13786370F0E79378002B48D040
:101BF000D378002B45D013781A2B42D953781A2B5F
:101C00003FD91368C4F80530E0E71378E2789342CF
:101C100037D3A370DAE71378A278934231D8E37010
:101C2000D4E71378A27893422BD8E373CEE71378E6
:101C30003BB35378013BDBB2F82B22D813882382C5
:101C40002B4B92789A70C1E71078E07411F0E6FCA3
:101C5000BCE71378ABB12375B8E7137894F8272065
:101C60000AB1012B0DD96372B0E713886381ADE728
:101C700013782371AAE794F82610137821B9012B61
:101C800004D86FF01500ACE7002BFAD0137863731B
:101C90009CE71378082BF4D8A37397E71388FF2BDE
:101CA000EFD8237392E7137863758FE713780E2BC1
:101CB000E7D8A3758AE713680E49C4F81A30536849
:101CC0004B6013890B8181E71378E3757EE7137806
:101CD00063767BE71378237678E74FF0FF3080E771
:101CE0006FF02C007DE76FF00B007AE7B811002051
:101CF000C8110020D211002070B50D460646F0B183
:101D0000E9B111F007041AD100F0EEF8D0B1304675
:101D100017F07CFA0D4E214686F836002846FFF76C
:101D20001FFD1CF01BFC96F83600F16A0CF08EFECD
:101D3000FFF7ACFE012386F83430204670BD6FF00B
:101D40001500FBE74FF0FF30F8E700BFB8110020A7
:101D500010B5084C94F834302BB10CF093FE94F885
:101D6000360017F06FFA18F0D9FF002084F834001D
:101D700010BD00BFB811002050B1074B03F1140291
:101D800053F8041B40F8041B9342F9D1002070471C
:101D90006FF01500704700BF19D10300074B93F88F
:101DA000352010B532B993F834401CB90CF0E0FD81
:101DB000204610BD4FF0FF30FBE700BFB8110020F8
:101DC000074B93F8352010B532B993F834401CB95D
:101DD0000CF0E2FD204610BD4FF0FF30FBE700BFE6
:101DE000B811002010B50B4C94F835307BB994F83D
:101DF000343063B994F8283033B10CF00BFE012372
:101E000084F82730002010BD0CF0E8FDF7E74FF014
:101E1000FF30F8E7B8110020074B93F8352010B5D4
:101E200032B993F834401CB90CF052FD204610BD75
:101E30004FF0FF30FBE700BFB8110020074B93F8CD
:101E4000352010B532B993F834401CB90CF032FD8E
:101E5000204610BD4FF0FF30FBE700BFB811002057
:101E6000074B93F8352010B532B993F834401CB9BC
:101E70001AF044F9204610BD4FF0FF30FBE700BFD9
:101E8000B8110020074B93F8352010B532B993F8FC
:101E900034401CB91AF035F9204610BD4FF0FF3020
:101EA000FBE700BFB8110020074B93F8352010B5B1
:101EB00032B993F834401CB91AF025F9204610BD08
:101EC0004FF0FF30FBE700BFB811002007C8024BFE
:101ED00083E8070000207047F0110020014B9B6849
:101EE000184700BFF0110020024B9868003818BF57
:101EF00001207047F011002073B52E4D031D0446DC
:101F00002B6028460DF08CFE0228064606D1294992
:101F1000204617F08BFE304602B070BD042842D137
:101F20002B78092B0AD0252B1ED02946204617F0E6
:101F3000E2FEB0F5817F2DD3722112E005213E2013
:101F400017F047FE0028F0D1EB782A7901A943EA7F
:101F500002236846ADF8003018F0EBFA0028D0D024
:101F600053210820FFF756FD1A213E2017F031FEBD
:101F70000028DAD16B68C3F30F23ADF8043069464B
:101F8000112301A88DF8063018F0F5FA0028B8D012
:101F90006521E6E70028B4D0A178207817F019FE73
:101FA0000028B8D1ADE70828B5D10249204617F07E
:101FB0006CFEB0E7FC110020074B4FF0FF3141F6FB
:101FC000FF72C3E9001205490022C1E900221F2166
:101FD000C3E90212704700BF000000200013002078
:101FE0003F280CD801380B4BC0F3421200F01F0001
:101FF00053F8223023FA00F000F001007047FF2868
:1020000006D04038C0F34212034B00F01F00EFE748
:102010000120704700000020001300200146074BFC
:10202000006849681A4603C240F48C221A6041F0E5
:10203000107242F4FF625A60704700BF0000002037
:102040000246024B0068516803C37047001300202A
:102050000246024B0068516803C370470800002025
:102060000138064BC0F3421203EB820300F01F005D
:102070009B6823FA00F000F0010070470000002088
:10208000014B1860704700BF0813002010B5FFF720
:1020900093FF19F028FA034B1B68044603B19847D5
:1020A000204610BD081300200B880288F0B5C3F34A
:1020B0000E049EB204F11803C57CC35A05352A44A8
:1020C0002B4497B213FA82F3013B4288B3FBF7F338
:1020D00013FB07439BB29A42044A93BF22EA0603CA
:1020E000324013439BB20B80F0BD00BF0080FFFF66
:1020F00010B5114B00EB41041A786389B3FBF2F37E
:1021000003FB0223013A1A44B2F5706F027928BF2B
:1021100000231A448378B2FBF3F0194403FB102028
:10212000091AB1FBF3F003FB101313446FEA4343A6
:102130006FEA5343638110BD0C13002010B5124B9E
:10214000E0B15A78022A04D040F259111720FFF763
:1021500061FC03225A70026812F0070102D04FF4AA
:10216000AF71F3E75C685A60224402609A60BDE890
:102170001040302203F10C0017F076BA01225A7099
:10218000C3E9010010BD00BF0C1300202DE9F04190
:10219000254E96F801E00EF0FD0CBCF1010F04D0C5
:1021A00040F273111720FFF735FC91F80680B8F163
:1021B000080F02D940F27511F4E7CF7997B345467D
:1021C000022D726838BF02257B1D5C0002EB4303C1
:1021D0006A1E13446D422B408D884544013DC8F171
:1021E00000022A404FF6FE75AA4202D94FF4C07190
:1021F000D8E7BEF1030F12D106EB80001C1BC568A7
:1022000015B140F28511CDE7C460A770228084F833
:1022100003C0087A09682071080CE080218107FB5F
:1022200002337360BDE8F0810C1300202DE9F04704
:10223000364C6378012B65D0032B04D040F2951106
:102240001720FFF7E7FBD4E901329A4202D04FF49E
:10225000CC71F5E72546002305F80C3B1E460B2202
:10226000994655F82200013A58B190F804808178D7
:10227000B8F1FF0F2FD180F804908E423CBFCEB250
:102280000123511CEDD103B126700B2640F6FF69E6
:1022900055F826709FBB013EFAD2042363700020DC
:1022A000BDE8F08755F82CE0BEF1000F06D09EF88F
:1022B00004A0C24504BF9EF802E077440CF1FF3C45
:1022C000BCF1000FEEDA3944FF2907D903B12670BB
:1022D0004FF49A71B4E794460027F1E70771CCE711
:1022E00007EB41033846A3F80A90FFF701FF08F116
:1022F0000108BB785FFA88F18B42F1D8CBE74FF049
:102300000008F6E7022360686370C9E70C13002039
:102310002DE9FF474A788B781344FF2B06460C467D
:1023200004D940F2AB111720FFF774FB0B789342EE
:1023300002D940F2AF11F6E7DFF8D481009038B14E
:1023400098F80130022B02D00020FFF7E1FF684629
:10235000FFF7F4FE00276F4A6378019208254FF4D7
:102360005A7201A93846ADF808208DF80B308DF867
:102370000A508DF80C70FFF709FF674AA3780192A5
:1023800001A94FF47A720120ADF808208DF80B30C6
:102390008DF80A508DF80C70FFF7F8FE5F4AE3786D
:1023A00001924FF0FF094FF4AC7201A90220ADF881
:1023B00008208DF80B308DF80A508DF80C90FFF73F
:1023C000E5FE574A2379019201A990220320ADF836
:1023D00008208DF80B308DF80A508DF80C90FFF71F
:1023E000D5FE63794F4A01928DF80B30A822012364
:1023F00001A90420ADF808208DF80C308DF80A50A2
:10240000FFF7C4FEA379484A0192CDE902778DF81F
:102410000A508DF80B308DF80C901BB111F0F2F8CA
:10242000ADF8080001A90520FFF7B0FE3F4AE379A7
:102430000192082580224FF0FF0901A90620ADF87E
:1024400008208DF80B308DF80C908DF80A50FFF7AE
:102450009DFE237A364A01928DF80B3078220223B2
:1024600001A90720ADF808208DF80C308DF80A502E
:10247000FFF78CFE2F4A637A019200274FF40A720D
:1024800001A92846ADF808208DF80B308DF80A50C8
:102490008DF80C70FFF77AFE274AA37A019201A902
:1024A0004FF48C720920ADF80820DFF890A08DF869
:1024B0000B308DF80C908DF80A504FF48879FFF7A7
:1024C00065FEE37A8DF80B3001A90A20CDF804A04F
:1024D000ADF808908DF80A508DF80C70FFF756FE95
:1024E000237B8DF80B3001A90B20CDF804A0ADF8AB
:1024F00008908DF80A508DF80C70FFF747FEFFF733
:1025000095FED8F80400801B04B0BDE8F08700BF3A
:102510000C1300207DE30100D9E0010021520000EE
:1025200023E401002936010015E5010019E5010049
:102530007DD20000E5D10000D1D2000079D30000A7
:10254000F8B54FF6FF730380184B03EB8103054684
:10255000D868B8B186780379B3FBF6F206FB12337C
:10256000DBB219460A1D00EB4202B2F90270548830
:10257000002F09DB0131B1FBF6F206FB1211C9B2E3
:102580008B42EFD10020F8BDFF29FBD0C4F30E032E
:10259000C4782B8024B940F2C7211720FFF73AFAFC
:1025A0005380BDE8F84018F023BA00BF0C13002098
:1025B0001E4B03EB810370B5DC6805464CB3B0F5E8
:1025C000706F04D340F2D5211720FFF723FA01469C
:1025D000204618F0EFF9FF28014604D02046BDE858
:1025E000704018F005BAA078B5FBF0F300FB135368
:1025F000DBB219460A1D04EB4206B6F90260002E52
:1026000009DB0131B1FBF0F200FB1211C9B28B42C0
:10261000F0D1002070BDFF29FBD08B4204EB4202B9
:102620001CBF0023E3705580D8E700BF0C130020C7
:10263000094B03EB810310B5DC680146204618F016
:10264000B9F9FF28014604D02046BDE8104018F033
:10265000CFB9002010BD00BF0C1300200F4B03EBBF
:10266000810370B5DC6801460646204618F0A2F9E1
:10267000FF28054610D00146204618F0B9F9E28837
:102680002389014643EA02433046984720462946BB
:10269000FFF72EFD002070BD0320FCE70C13002087
:1026A00038B50E4B827903EB82030446D86808B92B
:1026B000022038BD8278E1799142F9D24B1CE37156
:1026C00000EB41035D89B3F90A30002BF3DBA580F1
:1026D00018F08EF920600020EBE700BF0C130020FB
:1026E00070B5044610F003000E4603D049211820AF
:1026F000FFF790F918F002F9054624B10348314676
:10270000046018F0FBF8284670BD00BF4813002095
:102710002DE9F04F1E4C85B092462268BDF83CB0C2
:1027200098468146BDF838300D461AB95B2118200D
:10273000FFF770F91A460A215046039317F071FF0C
:102740005A4606460921404617F06BFF31180746E6
:10275000206818F0FEF8039BC9F8000018B928603B
:1027600005B0BDE8F08F84192C60D9F80000009303
:10277000524631460A2317F006FF2868CDF838B0D4
:1027800009234246394605B0BDE8F04F17F0FBBEBD
:102790004813002070B50E46044617F04BFF05465F
:1027A000304617F047FF044B2A1821461868BDE849
:1027B000704018F0F8B800BF48130020014B1868AB
:1027C00018F0BAB848130020F8B511441D4EC9B22C
:1027D00010F00305317003D04E210920FFF71AF9DC
:1027E0001F2B19D89B009BB2033323F003039BB22A
:1027F00008B17060338101EB81047668E2004FF02C
:10280000010C00EBC404EFB2B94212D8D01D03FB97
:10281000010020F00700F8BDFF2B4FEA430204D966
:10282000FF339342DFDB93B2DEE77C2AFBDC7C23C1
:10283000DAE710B186F800C07460013528361C4410
:10284000E1E700BF4C13002038B5144A14785368F0
:102850000021C8B2844203D8A9210920FFF7DAF881
:102860001846013105782833002DF2D00124128951
:1028700044700021446881708161C161920800F157
:102880002001051D21F8022B994245F8044B144400
:10289000F8D100234361037038BD00BF4C13002002
:1028A0000A4B1B89B3F5FF7F4FEA930006D25A0803
:1028B0009B1A9BB2984238BF18467047B3F5EE6F2B
:1028C00001D8FF22F4E740F27263F3E74C130020D3
:1028D0002DE9F8434B7880460C4602F0040602F0DE
:1028E000FB07D3B1DFB12F4BD4F804901D89BFBBD8
:1028F00001236370AD08A761E76104F120034A4634
:10290000211D04F1280023F8025B984241F8042BB2
:102910002A44F8D10023636101E0002FE3D0002EA8
:102920004FF0FF0318BF0226A370A3191B7D032BD2
:1029300003D1022F1CBF0136F6B2A31901221A756A
:1029400006F10C0204EB8606002324F812307268AC
:10295000A370C8F80020A8F804304046BDE8F8830A
:10296000002114226170A01816F07EFEB5F5FF7FDD
:102970000FD26B08ED1AADB209EB0502C4F8049052
:102980002584A2606384C4F80C90A5842261E3844A
:10299000C5E7B5F5EE6F4FF0FF03EBD940F2726576
:1029A000EAE700BF4C1300202DE9F7431FFA82F835
:1029B0001FFA81F904460F4616462E214A46404624
:1029C00017F02FFE05465CB12E230146CDF800908E
:1029D0004246204617F0D7FD034B1C601F715E7105
:1029E000284603B0BDE8F08358130020024B5A7903
:1029F00019791868FFF7D8BF58130020014B1868E1
:102A0000704700BF58130020014B5879704700BF32
:102A1000581300202DE9F74305460C46F720052101
:102A2000904617F0FEFD064685B115F0030703D06A
:102A30008F211920FEF7EEFFDFF83890C9F810500B
:102A4000A9F81400A5B2BBB29D4204D806FB04F05D
:102A500003B0BDE8F083B9F814C0D9F81000CDF880
:102A6000008007FB0C000523F722314617F08BFD91
:102A70000137E8E76813002007B5CDE900230B46CE
:102A800003490246081D18F023F903B05DF804FB62
:102A90008013002013B5064CCDE900230B460246F7
:102AA00004F1080104F10C0018F012F902B010BD95
:102AB00080130020024B0146D3E9002017F073BFBA
:102AC00080130020024B0146D3E9022017F06BBFB0
:102AD00080130020134B012200214FF0FF309A6039
:102AE000C3F80012C3F80803C3F80015C3F804259F
:102AF0009A60C3F80803C3F80015C3F804250A490F
:102B00000A4A03F580334FF40040C3F80825C1F8A2
:102B10008000BFF34F8FBFF36F8FC1F88001C3F800
:102B20000825704700F0004000E100E00000F63F9B
:102B30008C46382300B50CF8033B054B8E4607CB7B
:102B4000CEF80300CCF80410CCF808205DF804FBA4
:102B50009C13002070B5234DE96AAC6A0B7803F032
:102B60000303032B04F1A8041AD16B8E2A8E0120D3
:102B7000034342F400626B8620746B6B2A8698478D
:102B8000E96A237E013B18BF012323764B7833B1DA
:102B9000D4E92232013342F10002C4E9223270BD8D
:102BA000002BEED04B78002BEBD02A8E42F4006243
:102BB0002A86AA6B002AF2D0FB2B08D895F83C3065
:102BC00063B16B6B0021BDE870402020184795F879
:102BD0003D3043F0100385F83D3070BD0123037094
:102BE000CFE700BF9013002010B5114C11F006FC88
:102BF00010F0D8FE636B208E00219847237E4BB9DE
:102C0000236C94F83D1094F83E009847002384F814
:102C1000443010BD94E8070004F10C0383E807007A
:102C20000449022204F119001AF012FCE8E700BF7F
:102C300090130020312B0000034B93F8443003B96C
:102C40007047FFF7D1BF00BF90130020012923D8A0
:102C500038B51C4DAB6C04469847D8B195F83D305B
:102C6000C3B995F8240010B11CB1002038BD012C67
:102C7000FCD195F84C30DC06C3F300110ED50023CF
:102C8000AA6B92B1C0B16A8E920715D5AB6DDB7895
:102C9000022BEAD0012038BD012070472B6D1B7834
:102CA000C3F30013C3F10103EAE7B5F85420002A87
:102CB000E8D00029EED0E5E7002BEBD16A8E002AA0
:102CC000D3D0E7E79013002008B5094B93F84420D0
:102CD000022A07D1DA7A42F00102DA72BDE808402E
:102CE000FFF782BF40F23D212720FEF793FE00BF91
:102CF00090130020F8B5254CA66A236DE36296F880
:102D0000CB30054606F1A80794F85C000BB10430FF
:102D1000C0B296F871100DB9FF282ED011F0D2F87C
:102D200097F823301BB3206E11F05CFF94F8243029
:102D3000216EE06A003B18BF012384F88030D7E998
:102D40002223C4E91E2310F0D9FD3DB996F8710085
:102D500010F00C0018BF282011F0AEFF96F870108C
:102D6000002012F011F8022384F84430F8BDE06A24
:102D700011F038FF10F016FEE7E796F87020914248
:102D8000D0D011F09FF897F82330CBE790130020B4
:102D900070B57F4CA56A82B095F8CB20002305F171
:102DA000A8068DF8053094F85C300AB10433DBB224
:102DB00010B9FF2B00F0B28095F87010FF2011F0D1
:102DC00081F8B37D032B00F2DE80DFE803F0021D03
:102DD000807094F8C230ADF806306E48A5F86030C7
:102DE0000CF048F8002840F0A180D4F8C4000DF1A0
:102DF00005020DF1060117F03FFCA06520B196F821
:102E00006130002B00F0A9806348A065F37DDB00F2
:102E100003F00802037803F0F3031343327E9200B9
:102E200002F00402134303F0EF0203F00303032B49
:102E3000027002D1C378022B12D0D4F8C40017F06C
:102E40009EFC48B9A06D027802F00303032B07D063
:102E50000CF036F8002879D1A06D027842F010020B
:102E6000027096F8223013B14378002B43D111F051
:102E7000B9FE10F097FDA66D0DF074F820B133780F
:102E800003F00303032B64D095F87110012011F0B7
:102E90007BFFA36D414A18889978A4F84C00012360
:102EA00084F8C830917084F8443002B070BD39485D
:102EB0000BF0E0FF002861D0A06DC3781B2BA5D1DB
:102EC000012105F1100011F033F8A06D9EE7B5F86F
:102ED0006030D4F8C400ADF806300DF105020DF1F4
:102EE000060117F0C9FBA06500288FD140F2D6215A
:102EF0002720FEF78FFD206E11F074FE94F8241049
:102F0000206ED6E92023B1FA81F67609A16D84F806
:102F10008060C4E91E2310F0F1FCACE795F8713035
:102F200095F870108B427FF449AF4AE7638EA16D2C
:102F3000626B43F08003802063869047A06D01217F
:102F40007174C3781B2B7FF461AFBAE7A06D027870
:102F500086E7012012F048FE96E79DF805302BB178
:102F6000BDF806101AF02FFAA06D4FE703808370AA
:102F7000A06D01211AF011F9A06DF1E740F2DF21F7
:102F80002720FEF747FD4FF43B712720FEF742FD57
:102F900090130020E813002020140020DC130020F0
:102FA0002DE9F041434C94F84420A56A012A82B0EF
:102FB00006460F4605F1A8055FFA82F874D12B7C0E
:102FC0006BB1638E002143F0040363862974636B45
:102FD0000420984794F824300BB185F81280A16D35
:102FE0000A7802F00302032A36D04B78EBB10223B1
:102FF000AB7595F82330F3B1A36A93F87110D5E956
:103000002223C4E91E2394F8243094F85C20003B6A
:1030100018BF0123013984F8803007293FD8DFE841
:1030200001F03B133E113E3E3E380123AB7595F84F
:103030002330002BE0D106B907BB02B0BDE8F04158
:10304000FFF7D2BD4FF00308002300931A4943460F
:10305000012010F0DBFBEEE7AB7D63B9638E43F03C
:10306000020363860220636B9847A16D0B7803F01F
:103070000303032BB9D10323AB75BAE731463046BE
:10308000FFF7E4FD0028D8D102B0BDE8F041FFF71A
:1030900031BE4FF00208D7E74FF00008D4E740F206
:1030A000B9310620FEF7B6FC40F25C412720FEF75E
:1030B000B1FC00BF90130020F813002070B50C4B3A
:1030C0000C4C0D4A1A6094F8443063B906460D461C
:1030D00003F0FF02012104F1900022761AF05DF85E
:1030E0002665256670BDDF212720FEF793FC00BF13
:1030F0006000002090130020B0390000044A92F8CC
:10310000443003F0FF000BB9107670470C20704775
:1031100090130020024B012283F83C20704700BF2F
:10312000901300202DE9F043BA4C85B002AD85E83C
:10313000030094F844100C98002940F0D481002A30
:1031400000F0D181002B00F0CE81002800F0CB816F
:1031500001F0FF06206495E80300A36404F1240352
:1031600083E80300A56A626384F83C6084F83D60EC
:1031700084F8C96084F83E6084F8C8606686268654
:1031800010F036FF10F00EFC95F9740011F050F8B5
:1031900005F1A807A86A11F009FD286A11F04EF898
:1031A00097F8330011F054F894F82430002B69D0CC
:1031B000042016F00FFBEA6941F64B539A4294BF84
:1031C0004D20962010F034FEA36A93F8D832002BDD
:1031D00040F01C8195F87110012011F021FA0028AF
:1031E00063D08D4B186811F0E7FC6B69C4F8C430EC
:1031F000AB69C4F8CC3095F87F301BB9A96F0029B2
:1032000040F0C380D7F89000D7F89410D7F89820F2
:10321000D7F89C30DFF804C2ACE80F00D7F8A03034
:10322000C4F88130D7F8A430CCF80D30A36A94F8F4
:10323000241093F8C520A2F12600002938D10128D6
:1032400003D993F8C600262838D193F81A2393F8A7
:103250007080002A40D0B8F1080F3DD0B8F1040FBB
:1032600000F02681082A00F02381042A00F0208142
:10327000B8F1010F30D0012A14BF4FF002084FF00F
:10328000010829E0032016F0A5FAEA6941F64B533C
:103290009A4294BF4D20962010F0CAFD95F8701008
:1032A000002011F0BDF900289BD105B0BDE8F083E6
:1032B00001287BD993F8C600262877D0213A012A25
:1032C00040F2CC80242800F0E78093F87080B8F1B9
:1032D000040F08BF4FF0080805F138094146484679
:1032E0001AF074F9414619F041FBB5F8443095F8ED
:1032F00071100246934228BF1346484684F8C230F4
:103300001AF02AF995F8711097F82390B5F84C80C7
:10331000082908BF042119F029FBB9F1000F01D1D8
:10332000043080B2404528BF40465FFA80F884F8F8
:10333000D0800CF017FE20B1B8F12B0F38BF4FF042
:103340002B0894F8241084F85C80002957D197F852
:103350002230002B3AD0012384F88030D7E9202393
:10336000C4E91E2395F87030E86941F64B52013BE1
:10337000904294BF04200020072B00F29C80DFE8DD
:1033800003F01E9F9A1D9A9A9AA1B7F84E20BB8A05
:1033900093427FF437AFB5F87C201344A7F84E3042
:1033A00095F87E00012212F003FC2BE793F8B62378
:1033B00093F87080002A7FF44EAF8DE7032100223E
:1033C0000B4600921549FB2210F020FA0120FFF76E
:1033D000DFFC134BD3F8503523F00803032B00F028
:1033E00087800023C4E90033A3602A88B98A97F84C
:1033F000333061802280237105B0BDE8F08397F8F7
:1034000023307BB90120FFF775FCE2E710F0DEFD09
:10341000E0E600BF9013002060000020F8130020B9
:1034200000100040D7E9220195F871300122013BDC
:10343000C4E91E0184F88020072B3CD8DFE803F0A4
:1034400005443B043B3B3B460326002100913346A9
:103450002A494246012010F0D9F9D3E724281BD08D
:1034600000293FF432AF93F86E2193F87080500733
:103470001ED412F001032BD193077FF52DAFB8F1C5
:10348000080F3FF429AFB8F1040F11D0B8F1010FC4
:1034900018BF4FF002081FE700293FF416AF93F85A
:1034A000691093F86E2193F870800A405107E0D5B7
:1034B0004FF0080810E740F2B9310620FEF7AAFAEB
:1034C00001217CE702217AE70126BEE70226BCE75C
:1034D000B8F1080F3FF400AFB8F1040F14BF9846DD
:1034E0004FF00808F8E64FF4A8712720FEF792FA8B
:1034F0004FF4FD712720FEF78DFA00BFF81300206E
:1035000010B5184C94F84430EBB194F824308BB1DA
:1035100094F84430022B20D1A36AD3F8F00211F0C2
:1035200099FBA16A91F87F3003F0FF020BB98B6F12
:1035300063B910BD94F84430012BF2D040F20F2152
:103540002720FEF767FAFFF74FFBEAE791F87E00C6
:10355000BDE81040114612F02BBB40F2132127208A
:10356000FEF758FA90130020FFF73EBB014B187688
:10357000704700BF90130020014B93F8C8007047BC
:1035800090130020024B188EC0F38020704700BFBC
:1035900090130020014B93F8C9007047901300204E
:1035A0002DE9F0411E4FBC6A820782B005460E46E7
:1035B00004F1A80411D4EB070CD5D4E92232217E02
:1035C000013342F100020129C4E922320CBF002379
:1035D0000123237602B0BDE8F081BB6BDBB1B7F805
:1035E0005420F96A1846033291F8018015F0C4FF9F
:1035F0000DF1020201A9F862D7F8CC0017F074F9B6
:10360000019817F05BF9012230604146D7F8CC00F1
:1036100017F000F9CFE740F24D412720FEF7FAF905
:10362000901300202DE9F047B24C86B00023CDE97D
:1036300004338DF80F3094F84430A56A022B064607
:103640000F4605F1A8055FFA83F840F0A281238EAA
:1036500013F0400106D1636B40209847238E43F05E
:1036600040032386002E5AD095F82330002B40F0DB
:103670001881D4F82CA09AF8011089B2A4F854103B
:10368000002940F025810023A3639AF80000238ECF
:10369000E97DC0F3800243F480739142238600F0F9
:1036A000CC80A26A94F8241002F1A80999F8162097
:1036B000EAB1022A00F05381002389F8163021B1C3
:1036C00099F81220002A40F03F8199F81130002B20
:1036D00040F0168199F81730D4F82CA0012B0CBFBC
:1036E0000023012389F817309AF80000238E43F451
:1036F000806222862A7EC0F3C0039A424FF00009FE
:1037000000F0A2800CF02EFCC0B19AF8003003F05B
:103710000303032B12D1012012F066FA0EE095F894
:103720002320002A40F0B98043F40073238694F8E4
:10373000C930013384F8C9304FF0000995F82230C0
:103740005BB394F82430A26AB3FA83F3D06992F899
:1037500070105B0984F8803041F64B53984294BF57
:1037600004200020D5E920230139C4E91E230729BC
:1037700000F2E280DFE811F08E000800E0008B002C
:10378000E000E000E0000A004FF001080022009293
:1037900059494346FB2210F039F847B994F8C9104B
:1037A0000120FFF753FA0746002800F0998011F036
:1037B00059FB01279DF80F307BBBB9F1000F08D0F2
:1037C00094F82430002B59D1B4F809300133A4F80F
:1037D00009303EB3B4F8053000220133A4F80530B7
:1037E00084F8C92045480CF0F1FE049840B117F068
:1037F00065F8A16A002343720822013019F016FE11
:10380000059B33B1A16A00221A720598102219F0A3
:103810000DFE6FB906B0BDE8F08705A90220FFF7DD
:10382000BFFECAE7B4F807300133A4F80730D9E780
:10383000FFF7DAF906B0BDE8F0872A7EC0F3C003CF
:103840009A42B1467FF45EAF0CF08CFB00284AD060
:10385000D4F82CA09AF8003003F00303013B012BAD
:1038600041D89AF8012094F8D0309A423BD994F884
:103870003D3043F0100384F83D3043E7B4F80530A1
:10388000B4F80710AA8A0B431343A2D09CE74FF069
:1038900003087BE74FF0000878E710F0EDF8238E7F
:1038A00042E710F0AFF810F091F8D4F82CA09AF895
:1038B000011000287FF4E1AE002942D09AF80030D0
:1038C0002A7EC3F3C0039A425DD089B2A4F8541093
:1038D000D4F8CC0016F074FFD4F82CA0A063D4E682
:1038E000FFF756FA66E70DF10F00FFF733F9D4F84A
:1038F0002CA007E790130020F8130020B413002039
:103900004FF0000A89F811A00BF0C4FA00284AD041
:10391000638E43F0080363865146636B0820984723
:10392000D9F880300133C9F88030D9F8843043F1B8
:103930000003C9F88430CDE640F2B9310620FEF725
:1039400069F8A4F854109EE689F812301946638E7F
:1039500043F0100363861020636B9847B5E6D4F8F4
:10396000C40004A916F0ABFEC0B1D9F8803094F8B9
:1039700024100133C9F88030D9F8843043F10003B2
:10398000C9F8843098E6012384F83E30FFF72CF91B
:1039900040E740F2CF412720FEF73CF840F2CB3120
:1039A0002720FEF737F840F2E2312720FEF732F801
:1039B000C92C000025360000A12F0000392C000082
:1039C0000B46062203F8032BB0F809C0C27AA1F80F
:1039D00003C09A70704700BF06230B70D0F80F30F9
:1039E0001A88A1F8032093F8CD304B71024B5B6825
:1039F00000229A67704700BFA41C00200B461722C4
:103A000003F8032BD0F809C0D0F80D20C1F803C08B
:103A10005A60704710B5392301F8033B00F10903E0
:103A20002930D3F800E0D3F804C09A68DC68CC6091
:103A300010338342C1F800E0C1F804C08A6001F18C
:103A40001001EED11B880B8010BD00BF124B134A32
:103A500033F8113003F2E733A2FB0323082900F106
:103A6000FF324FEA93134FEAC2120FD0042907D056
:103A7000022914BFF0216021134401FB003070477C
:103A800040F2BE21134401FB003070474FF4D26175
:103A9000134401FB00307047088F0300D34D6210C0
:103AA00030B5D928844628BF4FF0D90C0CF1300C22
:103AB000BDF80C401FFA8CFCBCF1FF0F28BF4FF083
:103AC000FF0C04F0020514F00104864638D1002DE5
:103AD00064D001F5A570082A00F01481042A00F0D2
:103AE000C580022A14BF4FF414714FF4967101443B
:103AF00012F00C0F40D1082A00F00C81042A00F0CB
:103B00000C81022A14BF4FF4B070B4209C310144E0
:103B100001F19800B4BB002B00F0AC80082A00F043
:103B20003C81042A00F09981022A40F6480308BF2C
:103B30004FF48563BEF1D90F184400F2428130BDC5
:103B400001F5A570002DC6D1002B42D1082A00F046
:103B50001C81042A00F09C81022A00F0B7810CF13C
:103B6000050C1FFA8CFC282108250CFB051C12F003
:103B70000C0F0CEB0001BED001F6144101F19800CE
:103B8000002CC8D0082A00F0C180042A00F0C880A8
:103B9000022A14BFC0236423184430BD01F5A57068
:103BA0002BB3082A00F04381042A00F07981022A0D
:103BB00040F6480308BF4FF48563BEF1D90F18449F
:103BC000BDD9AEF1D903C5499BB2F63381FB0341A0
:103BD000FEE0082A00F0D680042A00F03B81022A89
:103BE00040F6480114BF8C464FF4856CBFE7082AA5
:103BF00000F01181042A00F05B81022A00F00481A8
:103C00000CF1050C1FFA8CFC282408230CFB034C38
:103C1000BEF1D90F604492D9B149AEF1D90E1FFA65
:103C20008EFEA1FB0E31AEEB010301EB5301042A22
:103C3000C1F3C71146D1C1EB4113C1EBC303AEEBD6
:103C4000030341F208329BB202FB0100002B3FF458
:103C500076AF03F1080292B205324FF4BF7410211F
:103C600000F5A57302FB0142D01830BD40F2CE51E1
:103C700001443DE77346F12B28BFF123082A53D0B6
:103C8000042A00F0FE80022A00F01A8113339BB24E
:103C900028214FF0080C03FB0C13BEF1D90F184478
:103CA0007FF64DAF8E49AEF1D90E1FFA8EFEA1FB05
:103CB0000E31AEEB010301EB5301042AC1F3C7112E
:103CC00000F09280C1EB4113C1EBC303022AAEEBBB
:103CD000030E40F6921540F272541FFA8EF318BF8D
:103CE0002C4604FB01000CBF18242824002B3FF4B1
:103CF00026AF0833022A9BB203F105020CBF042150
:103D00000821ADE741F2D0210144F1E64FF4CA6346
:103D1000184442E74FF43560F8E640F2EE30F5E63D
:103D200040F2AE23184438E713339BB200EB831004
:103D3000BEF1D90F00F5C8707FF601AF684AAEF149
:103D4000D90E1FFA8EFEA2FB0E32AEEB020302EB7F
:103D50005302C2F3C712C2EB4213C2EBC303AEEB72
:103D6000030E44F2DA311FFA8EF301FB0200002B3E
:103D70003FF4E5AE03F1080292B205324FF4C87485
:103D800040216DE744F2902CF1E60CF1050C1FFA8E
:103D90008CFC4FF4C8714025E7E601F58640BEF182
:103DA000D90F00F128007FF6CAAEAEF1D9024B4B15
:103DB00092B2F63283FB02131344DB1144F2DA3180
:103DC0000FE0AEF1D901454B89B2F63183FB0143D7
:103DD0000B4440F6921440F27251DB11022A18BFD4
:103DE000214601FB030030BDC1EB4113C1EBC3030E
:103DF000AEEB030E41F208321FFA8EF302FB010014
:103E0000002B7FF426AF30BD0CF1050C1FFA8CFCA3
:103E100018240423FAE60CF1050C1FFA8CFC00EBC5
:103E20008C13BEF1D90F03F5C87087D887E644F22A
:103E3000DA32BEF1D90F01EB02007FF680AEAEF1AF
:103E4000D901264B89B2F63183FB01430B44DB11C8
:103E50001146C6E741F2BE1C89E601F59250BEF15B
:103E6000D90F00F116007FF66AAEAEF1D9021B4BF6
:103E700092B2F63283FB02131344DB1141F2083194
:103E8000AFE713339BB24FF4BF714FF0100C02E752
:103E90000CF1050C1FFA8CFC4FF4BF71102564E681
:103EA00041F20832BEF1D90F01EB0200C7D830BD94
:103EB0000CF1050C1FFA8CFC4FF4BF741023A5E61F
:103EC00013339BB218214FF0040CE4E60CF1050CFF
:103ED0001FFA8CFC1821042547E600BFC9F9A98404
:103EE00091F353092DE9F043314ED6F800C0DCF8C8
:103EF0000F300B624FF000089CF8153062F3070892
:103F000062F30F2815469CF814201B0443EA022391
:103F10009CF8132013438B6283B00746BCF819004A
:103F20000C4618F082FD3368E06181464946987D71
:103F300018F088FD336820864946B3F8170018F05A
:103F40009FFD3368E062B3F81B20A284B3F81D2004
:103F5000E28493F8242002F01F0284F8D920D3F8D9
:103F60001F00009093F823308DF80430694604F167
:103F7000CD0018F0EDFD336893F82430A4F870807C
:103F80005B0984F8D932FF2315F00C0F14BF01210F
:103F9000002104F1380084F872300BF03DFF97F9EE
:103FA0001410204618F02AFD03B0BDE8F08300BFCE
:103FB00064140020F8B544888C46054614F00401CA
:103FC000134618BF05F177016246C07F0BF086FAF1
:103FD000C207044606D4A30712D484F00400C0F339
:103FE0008000F8BD012385F86830E87F0BF04EFBB8
:103FF0000368C5F869308388A5F86D30A307ECD550
:10400000084E0127306885F8767005F1770118F0C1
:1040100082FE3068394618F092FE84F00400C0F346
:104020008000F8BD641400200B46132270B503F81D
:10403000032B0C4600F10902293016685568916877
:10404000D2F80CC0C3F80CC0103282421E605D6012
:10405000996003F11003F0D112781A70A688012537
:10406000A57129463046FEF7E3FA48B1E27842B13D
:1040700000880AF0BFFE29463046FEF7EFFA20B965
:1040800070BDBDE870401AF04FB840F242212D20BB
:10409000FDF7C0FC1323F7B50B700023CB708369C9
:1040A0001A888A80054601228A71D8690C4618F060
:1040B000A9FCAB6960839A8CA283DA8CE28393F8C3
:1040C000D92284F82020FF2284F821206A691289ED
:1040D00062845A7A012A04F10E012ED1DA7B02F0B1
:1040E000C002402A29D1D3F80A20C4F80E20DB8967
:1040F0008B80154B5868436D6361B0F8583023834B
:10410000AF69BE78E67100230622694654300093F9
:10411000ADF8043015F0CAF910B146F00206E671A8
:10412000D7F80330A360B7F80730A381A86940B17E
:1041300003B0BDE8F04019F0F7BF0023C4F80E301B
:10414000D6E703B0F0BD00BFA41C002070B5044644
:104150000D46C869164618F055FCAB8CA4F8A6307D
:10416000EB8CA4F8A830A4F8A400A37F95F8D9227A
:1041700084F8AA201BB194F86830012B24D00022C7
:10418000C4F89820A4F89C201F4B1B681A78C2F32F
:10419000801284F89120082ED3F8032023D0C4F88D
:1041A0009E20B3F80730A4F8A23004F1920204F183
:1041B000910130460BF034F908B394F8913043F094
:1041C000020384F8913070BD94F86E3003F0C003A0
:1041D000402BD4D1D4F86920B4F86D30C4F89820BD
:1041E000A4F89C30D0E7C4F89220B3F80710A4F8E4
:1041F00096100023C4F89E30A4F8A23070BD40F69B
:104200004A412D20FDF706FC641400200B461622BF
:1042100003F8032BD0F80920C1F80320CA7890F8DE
:104220000DC083F804C01AB130F8AC3C1B0700D5B0
:10423000704710B5B1F8054001212046FEF7F8F9A6
:1042400038B100880AF0D6FD01212046FEF706FAB3
:1042500000B910BD40F286212D20FDF7DBFB00BF29
:104260002DE9F0438A4D8B4AAB6A87B05B680292B6
:10427000894A03920026894A6E71044680F881605B
:1042800002A8CDE904232E82AE60AE7110F094FC3A
:104290000FF0AEFE10F05EFD0FF02CFA80480FF02C
:1042A000CDFF804810F082FC04F13007304615F055
:1042B00091FA384601F0BCFB384601F0BFFB0FF025
:1042C000C7FF217925200FF0FDFD94F914000FF0B0
:1042D000AFFF2179304610F0A3F9E86028B9012337
:1042E0002B71002007B0BDE8F08304F15001E06CB1
:1042F00016F05DFC04F158010646E06C16F07EFCF9
:1043000007463EB194F82480B8F1000F02D04FF078
:10431000010903E0002F5CD1B846B946A37F13B969
:10432000638859071BD5D4E918236FF000418B42ED
:1043300008BFB2F1FF3F54D01AF0FBF9D4E91823BB
:10434000904271EB03034CD3414601222046FFF714
:1043500031FE00284FD1B9F1000F40F09480002EBB
:1043600008BF3E4694F88330002B71D1002E6FD1E8
:10437000286803300BF0A0F86388A874DB07B0D579
:104380000023266ACDE900330122FF238DF80620A1
:1043900085F8203006F10A076846FEF781F9002803
:1043A0009FD1009CA642F7D0727A607A3B4604F116
:1043B0000A0118F0B3F90028EED0A37885F8203070
:1043C000D4F80320C5F82120374BB4F807209A8091
:1043D00087E794F82580B8F1000918BF4FF001096C
:1043E0009CE7B9F1000FBAD0012211462046FFF731
:1043F000E1FD002847D00BF00DF880461AF099F93E
:104400004FEA4813B3EB08034FEAD86262F10002A7
:10441000520242EAD3525B0213EB080342F1000C52
:104420004FEA8C1E9A014EEA936ED31A6EEB0C0281
:1044300013EB080342F100021B1842EB0101C4E92F
:104440001831002E08BF3E4694F88330002B8DD0E3
:104450006388DA068CD4666CC6F30B260BF088FDF5
:10446000C0F30B039E42F9D094F8463084F845001F
:10447000C0F3032123F00F030B43002284F84630DE
:1044800084F8832074E740F614212D20FDF7C2FA4A
:1044900064140020A94B0000E5470000B14600006D
:1044A000D6BE898E55555500851400202DE9F0475C
:1044B000032984B00446164640D090F8803023B1DA
:1044C0000025284604B0BDE8F087052967D0464F8F
:1044D00097F812804FF00109B8F1000F39D1337805
:1044E000082B70D0396894F86F2011F8030B04F191
:1044F0007003C0F3801018F011F93968054611F8FF
:10450000030BC0F3801018F043F982460BF0D0F88B
:104510000746002830D13378082B4FD0002D34D0F7
:1045200063885907CDD4002FCAD1B8F1000F53D1F9
:10453000637D0BB14B45C3D10125C2E743889A0780
:10454000BED5294F97F812804FF00209B8F1000F3D
:10455000C5D018F027F90828307034D002AA0DF120
:1045600007010AF05DFF002838D09DF8070002A976
:1045700019F09DFC8046B2E7BAF1080F13D13378E9
:10458000082B1BD00027002DCAD1E57FED1A6388C8
:10459000B5FA85F559074FEA551592D4C3E7438814
:1045A000DB0794D48CE750460AF03EFE33780028AF
:1045B000E6D1082B84D0002DB2D1E6E763885807F6
:1045C0003FF57FAFB1E7396811F8030BC0F38010F6
:1045D00019F06DFC804685E7454672E740F63D716F
:1045E0002D20FDF717FA00BF6414002038B52E4DBA
:1045F000B0F84830AA7C01330446A0F84830B2B97C
:1046000000232B7194F881305BB9637C1BB1B4F843
:1046100048209A4212D220460021BDE8384002F0DC
:104620008FBD20460121BDE8384002F089BD10F061
:1046300091FB0FF05FF80023AB74E1E70121204606
:1046400002F07EFD6388DB070FD5236A1D880AF020
:1046500035FA68B9637C217884F8B8104322A4F84D
:10466000B95084F8B720A3B111E00AF027FA00B1DD
:1046700038BD637C207884F8B8004FF0FF324321C6
:1046800084F8B92084F8BA2084F8B7100BB194F8F4
:10469000483084F8BB3004F1AE000449BDE838402E
:1046A000022218F0C3BE00BF641400200D420000B7
:1046B00060B951B1074A1379916AD06A096903F167
:1046C0008043043B51F8233018477047014BD86AA8
:1046D000FFF78CBF641400202DE9F04182B008235D
:1046E0000DF10702052104468DF80730FFF7DEFEC5
:1046F00000286BD06279216A2046FFF7F3FB216A1C
:10470000002384F88D300888A4F88E004FF6FF73DC
:10471000FF2284F8AB20A4F8AC309DF80720204697
:10472000FFF714FD236A2D4A19881568A4F8C510EF
:1047300093F8CD2084F8C72025B1184601222146E0
:10474000A847236A264D2868D0F80320C3F8032021
:10475000B0F80720A3F807200678D4F820800027B7
:10476000C6F3801688F802600821078018F0A3FAC3
:104770002868394618F01DFC28683A464FF00301B6
:1047800018F01EFC3A460623286804F1690118F067
:10479000EAFB94F86810286818F0C4FA28683146D3
:1047A00018F0CDFA06230122286808F1030118F059
:1047B000DAFB6179FF200FF085FB286810F012FA10
:1047C000092301202B7102B0BDE8F0812046FFF7DC
:1047D0000DFF012002B0BDE8F08100BF6C00002099
:1047E00064140020F0B54D4C2379022B85B003D022
:1047F0002379032B40F08680E36A1D6A0DB195F89A
:10480000755088B9A37C1BB110F0A4FA0EF072FFAA
:10481000E06A02F0BBFA40B30FF0F0FDA36A9B68B8
:1048200005B0BDE8F0401847216893F8682011F8FA
:10483000096B6933F00917F071FF0028E2D006F028
:104840000F06052E206827D0294618F0A1FA002867
:10485000D8D02379E06A022B0DD02379032B0AD01C
:1048600040F6C5412D20FDF7D5F8E06A05B0BDE85A
:10487000F040FFF7BBBE2379A26A03F1804352697F
:10488000023B314652F823309847A37C002B3ED19F
:104890000028BDD105B0F0BD90F8243003F01F030F
:1048A000102BD1D9E76AFB7C002BCDD008230DF16A
:1048B0000F02314638468DF80F30FFF7F7FD00281C
:1048C000A0D097F8E130002B9CD1216807F1E202DB
:1048D000CB1C23311E685D689868D3F80CC0C2F801
:1048E0000CC010338B4216605560906002F11002CC
:1048F000F0D11B8813800A49022207F1D90018F071
:1049000095FD7FE740F6EC412D20FDF783F80190FF
:1049100010F020FA0EF0EEFE0198B9E764140020C2
:10492000153A00002DE9F04104460E46002940F0FA
:104930008E80704D286894F8767000230380638819
:10494000103B0D2B00F2C780DFE803F07CC5771E1B
:10495000C507C5C5C5C5C5C5C507012118F0ABF953
:104960002868037823F0200343F020030370002F0E
:1049700000F0948004F1770118F0CDF92868012146
:1049800018F0DDF9286809E0002118F094F928688A
:10499000037823F0200343F02003037004F169013E
:1049A00018F0ABF994F86810286818F0BBF9638820
:1049B00023F008039BB2152B05D094F85420216DE9
:1049C000286818F0C6F9286810F00CF904232B7138
:1049D000F6B16388102B6CD004F130084046EF68C4
:1049E00001F0BEF80646404601F096F8013E301A46
:1049F00061882822C0B201F0F3F863881B070744DE
:104A00005CD42279394600200FF056FF00286CD084
:104A10006388103B0D2B63D8DFE803F00D620707B6
:104A20006207626262626262620721790120BDE808
:104A3000F04110F0A9B9BDE8F081062118F03BF96A
:104A40002868ABE7022118F036F92868A6E700F1DC
:104A50003007384601F060F8A8B963881A0735D5E1
:104A6000384601F07DF80546384601F055F8281A19
:104A7000C0B2204D01F0AEF8AB6803443846AB60DD
:104A800000F0D6FF00E01B4D384600F0D7FF0FF0D6
:104A9000DFFB217925200FF015FA4BE704F17001B7
:104AA00018F039F9286894F86F1018F048F9286858
:104AB00074E7217900200FF0D1FBA9E7AB681F4410
:104AC00001F060F83844C4F818019AE72046BDE8C0
:104AD000F041FFF78BBD40F249612D20FCF79AFFB2
:104AE00040F675512D20FCF795FF40F661512D20C1
:104AF000FCF790FF6414002038B54388102B1FD0BA
:104B0000124DAB7C044663B9286810F06BF86088DE
:104B100010F004000BD0002010F0CEF802232B710F
:104B200038BD0EF0C9FD402010F008F9ECE72179FE
:104B300010F02AF9002010F0BFF802232B7138BDC5
:104B4000BDE838400121FFF7EDBE00BF641400202E
:104B50000121FFF7E7BE00BF024B0121D86AFFF732
:104B6000E1BE00BF6414002070B50C4E337963B908
:104B70000378FF2B054608D0FFF772FB044610B9F7
:104B80003379012B04D1204670BD0C24204670BD22
:104B900001462846FFF7C6FE204670BD641400207B
:104BA0000121FFF7BFBE00BF10B5164CA37CF3B9BF
:104BB000E06A02F0EBF8A8B1E06A438803F018035A
:104BC0008BB12379022B02D02379032B14D12379C3
:104BD000A26A03F18043D268023BBDE8104052F85C
:104BE00023301847E06ABDE81040FFF7FFBC10F023
:104BF000B1F80EF07FFDDBE740F6F4312D20FCF735
:104C000009FF00BF6414002038B51D4C2379002B28
:104C100035D02379E56A022B19D02379032B16D0DE
:104C200014F01AFE94F83030F3B1284602F0AEF8D2
:104C3000D0B1E46A63881B071BD404F1300000F094
:104C40006BFFB0B92046BDE83840FFF7CFBCA37C6E
:104C5000002BE5D010F07EF80EF04CFD14F0FCFDBA
:104C600094F83030002BE0D12846BDE83840FFF7FB
:104C7000BDBC20460121BDE83840FFF753BE38BD1A
:104C80006414002030B50B6883B0002B51D00C4663
:104C90000546184600F064FF94F810E0627CBEF10F
:104CA000040F3BD0254B264933F81E30042A03F26B
:104CB000E73323D0A1FB03134FEA931CBEF1080F87
:104CC00000F1FF334FEAC31325D0BEF1020F14BF2A
:104CD000F0216021634401FB0031A3880093284642
:104CE0000023FEF7DDFED4E90223D730824273F1C0
:104CF00000032CBF0120002003B030BDA1FB032323
:104D00004FEA931CBEF1080F00F1FF334FF0080289
:104D10004FEAC313D9D14FF4D261DBE7431E042A13
:104D20004FEAC3134FF02C0CF5D108224FF4D26197
:104D3000D0E740F2FD312D20FCF76CFE088F030018
:104D4000D34D62102DE9F04F90F8803087B0002BE2
:104D50003DD1458815F00105044638D0774E03F063
:104D6000FF0AB37C002B40F0C680316811F8030BBA
:104D7000C0F3801019F09BF84FF0080983463168A2
:104D800094F86F2011F8030B04F17003C0F3801046
:104D900017F0C4FC3168074611F8030BC0F380100C
:104DA00017F0F6FC80460AF083FC019018B1B8F1C8
:104DB000080F40F08680B9F1080F00F0AF806388DB
:104DC00057B95A0740F18A80E37F4B4506D000254A
:104DD000284607B0BDE8F08F5B077FD53168584B98
:104DE00011F8030B96F82020C0F3801017F096FC02
:104DF00007460028EBD1216A33681A7891F8CD3044
:104E000003EA521303F0010381F8CD30012220465A
:104E1000FFF768F8216A84F88D70FF23088884F80A
:104E2000AB304FF6FF73A4F8AC304A46A4F88E00BE
:104E30002046FFF78BF94349022204F1840018F061
:104E4000F5FA236A40491A88A4F8C52093F8CD30B2
:104E500084F8C730022204F1BC0018F0E7FA236A94
:104E60001F8809F02BFE88B9637C2278A4F8B970FA
:104E700084F8B70084F8B820002B56D1334984F861
:104E8000BB30022204F1AE0018F0D0FA304B1B68A0
:104E90000022327113B1206A214698473368226A92
:104EA000D3F80310C2F80310B3F80710A2F80710E4
:104EB0001B78226AC3F380132846937007B0BDE8BD
:104EC000F08F40460AF0B0F9019B00287FF473AFE1
:104ED000B9F1080F3FF47BAF9A4670E7BAF1000FC3
:104EE0007FF475AFBBF1000F7FF478AF637D012BCA
:104EF0003FF66DAF72E717F055FC082881463FF486
:104F000034AF04AA0DF10F010AF08AFA80B19DF8BE
:104F10000F0004A918F0CBFF834630E763885907D8
:104F2000E0D5002F3FF453AF58E794F84830A5E799
:104F300040F63D712D20FCF76DFD00BF641400208C
:104F40008514002029400000C13900000D420000F6
:104F50006C0000202DE9F047032984B00CD005290E
:104F600046D1684B1C681CB1A04780F00104E4B234
:104F7000204604B0BDE8F08743880546980737D53A
:104F8000614EB37C002B38D1316811F8030BC0F3AC
:104F9000801018F08CFF4FF008088146316895F8B2
:104FA0006F2011F8030B05F17003C0F3801017F0A8
:104FB000B5FB3168074611F8030BC0F3801017F0FA
:104FC000E7FB82460AF074FB044638B1BAF1080FD9
:104FD00004D050460AF028F9002875D0B8F1080F1F
:104FE00041D000246B88DFB95A0766D4002C3DD02D
:104FF0000124204604B0BDE8F08717F0D3FB082851
:105000008046C1D002AA0DF107010AF009FA002872
:105010006ED09DF8070002A918F049FF8146BDE750
:105020005B07E3D52B7C4BBB306800240480042154
:1050300017F041FE306805F1690117F05EFE95F842
:105040006810306817F06EFE95F85C20A96D306826
:1050500017F08EFE3068052333710FF0C3FD204634
:1050600004B0BDE8F0876B8859072AD4B9F1000F66
:10507000D8D16B7D13F0FD0FBAD1D3E795F8D030BE
:10508000002BD1D12B7885F8D130B8F1080F1FD083
:1050900005F1D30205F1D20140460AF0C1F960B32F
:1050A00095F8D23043F0020385F8D2301749022236
:1050B00005F1C80018F0BAF9B6E7EB7F434597D180
:1050C000B0E7002F94D0ADE7B8F1080F8AD14FE7D1
:1050D00031680B4613F8032BC2F3801285F8D220F7
:1050E000D1F80320C5F8D3209B88A5F8D730DDE799
:1050F00040F63D712D20FCF78DFC40F6BA712D2055
:10510000FCF788FC6800002064140020FD390000D2
:1051100008B590F88C3043B990F8C4302BB990F8AA
:10512000B63003F0FF0013B908BD012008BD09F037
:10513000C5FC80F00100C0B208BD00BF10B5094831
:10514000037913B10C24204610BD03F0FF04242280
:105150002146043014F088FA0FF0FCFD0EF0CAFA74
:10516000204610BD6414002010B50E4C002323719E
:105170002379206023B140F21E312D20FCF74AFC38
:1051800003F0FF012422201D14F06EFA0FF0E2FD5F
:105190000EF0B0FAA36A03B110BD40F221312D2008
:1051A000FCF738FC6414002030B54FF4AC7285B0C5
:1051B00004460D46002114F057FA42F21073FF2105
:1051C0001322E38421706280FDF73EFB002201463A
:1051D000E0646846FDF77CFBE06C0022012115F0DD
:1051E000C9FCE16C04226846FDF772FB0022E06C0A
:1051F000114615F0BFFC04F13000257500F0F6FBF8
:1052000002A80AF0A1FB30B102A904F1360017F0A0
:105210009FFC05B030BD40F23A312D20FCF7FAFB7F
:10522000FF23C86C0B7015F072BC00BF014B024A23
:105230009A62704764140020D4590000054A064958
:10524000064B074810B4074C1460074A10BC0860AE
:105250001A607047680000206C0000206400002085
:10526000C9700000454D0000D94600000078FF38A5
:1052700018BF0120704700BF70B5044682B03030BF
:105280000D4600F06DFC6388D9062ED49A0794F879
:1052900004E01B4A1B4932F81E20844602F2E73222
:1052A0004CBFB4F85C00B4F85400A1FB02120CF13E
:1052B000FF36BEF1080F4FEA92124FEAC61611D020
:1052C000BEF1040F18D0BEF1020F14BFF02160210F
:1052D0000093324401FB0C212B466279FEF7E0FB80
:1052E00002B070BD4FF4D261F2E72822194602B035
:1052F000BDE8704000F04ABC40F2BE21E8E700BFC4
:10530000088F0300D34D6210428812F0180F01D0AD
:105310000120704710B586B000F1300403460094B8
:10532000D3E90234B0F804C0ADF804200846694659
:10533000CDE90234ADF810C0FFF7A4FC06B010BDF3
:10534000D0E90201704700BF407D003818BF01203E
:10535000704700BF2DE9F041857DAB1EDBB2012B0C
:1053600004468CBF00270127002D59D0B5F1020853
:1053700018BF4FF00108012B0BD943889A0665D45A
:105380000826022D67D0637F002B56D10020BDE890
:10539000F08100F1700190F86F0017F0F9F963885F
:1053A0009B06064605D40828EAD009F049FF0028E4
:1053B000E7D1E677A77784F868800AF02BF80546EE
:1053C00019F0B7F96B015B1B4FEAD56C6CF1000C5F
:1053D0004FEA4C2C4CEAD35C5B025B194CF1000E9B
:1053E0004FEA8E164FEA831C46EA9366BCEB030332
:1053F00066EB0E0C5B194CF1000C1B184CEB010119
:105400000022C4E9183184F8762011462046FEF7C0
:10541000D1FD0028BBD140F2B6412D20FCF7FAFAAD
:105420004388990614D4082604F16901002009F084
:105430006DFD0028AAD0A846BBE7D4F81730C4F801
:105440006930B4F81B30A4F86D30B2E70826B0E735
:10545000A8460826ADE74546E6E700BF0B68C0F85A
:1054600017308A88A0F81B2001234377704700BFBC
:105470002DE9F04F84460C4690F8058090F812A074
:105480000546BCE80F009DB010AF0FC7BCE80F0089
:105490000FC79CE80F0008AE87E80F00304600F009
:1054A000A5FA237DA27A0592013BDBB222786178CE
:1054B0000692022B00F2E180724A134401F07F074A
:1054C000C90693F8149008D4A37D013BDBB2022BEC
:1054D00000F2D380134493F81480BAF1010F09D17C
:1054E000B9F1080F08BF4FF00409B8F1080F08BF61
:1054F0004FF00408617A304600F080FA237DA27EE6
:10550000022B08BF617D02F1010206BF0131C9B261
:105510000121D2B2304600F073FA3A076FD500236A
:105520001A46CDE90332E86CA37C079394F818A0DF
:1055300015F0AEFB8346E86C15F0BAFB5845AAF1AE
:10554000010A38BF5846BAFA8AFA80B2DDE9033256
:105550004FEA5A1A00283CD107998DF85510CDE929
:10556000123205998DF8561006998DF850A0ADF8B5
:1055700042708DF840108DF844908DF8458010AF42
:105580000FCFAC46ACE80F000FCFACE80F0097E8A8
:105590000F008CE80F0096E803002863A986E27AE2
:1055A00095F8463012F0FD0F4FF0000E14BF0122A7
:1055B000724685F86F20E2682A67228AA5F874206F
:1055C000E27D62F3071385F8463070461DB0BDE8F2
:1055D000F08F17F0180FCDE90C320A96ADF82C7049
:1055E0008DF838908DF83980B6D10AA9FFF74AFBBB
:1055F000DDE903320028AFD14FF0450EE5E7304634
:1056000000F0AEFA6378DB06824626D528223946BA
:1056100000F0BCFA1C4B217900F53672A3FB023274
:10562000E37843EA01236179520A43EA014340F2F5
:10563000712101FB02F201FB03F39A420BD9E079DD
:10564000A37943EA0023207A43EA004301FB03F3F2
:105650009A4298BF1346002263E7FDF721F94946B5
:10566000034650469A46FEF7F1F90097014601239A
:1056700050464246FEF714FACCE740F29A21062043
:10568000FCF7C8F9088F03005917B7D1438813F006
:10569000100005D013F0040F14BF00201F20704726
:1056A0009A0702D4DB0701D5EE207047FDF7F8B862
:1056B00008B5438813F0100004D083F00403C3F34B
:1056C000800008BD9A07FCD413F00100F9D1FDF762
:1056D000E7F8003818BF012008BD00BF438800224A
:1056E0001D2B08BF1146A0F848204174704700BF29
:1056F00090F91400704700BF408800F00100704727
:105700004088C0F3400070474088C0F3C000704735
:1057100008B54388C06CDA0605D49B0703D5BDE8FD
:10572000084015F0ACBA15F0AAFA012008BD00BF78
:105730004088C0F3001070474088A0F10900B0FA1B
:1057400080F04009704700BF40797047024B9A6A69
:10575000D8621368184700BF6414002090F86830BE
:1057600001624B72D0F86930C1F80A30B0F86D3080
:10577000CB81704738B5304C2379012B01D0002004
:1057800038BDB0F84830A27C01330546A0F8483057
:10579000002A36D10023237195F8813063BB6B7CDE
:1057A0001BB1B5F848209A4204D20021284601F0E6
:1057B000C7FCE4E70121284601F0C2FC6B88DB0747
:1057C00026D52B6A1C8809F079F90028D7D16B7C83
:1057D000297885F8B8104322A5F8B94085F8B72094
:1057E0000BB195F84830154985F8BB30022205F118
:1057F000AE0017F01BFEC2E70121284601F0A0FC15
:10580000BDE70FF0A7FA0DF075FF0023A374C1E701
:1058100009F054F90028B2D16B7C287885F8B800DB
:105820004FF0FF32432185F8B92085F8BA2085F87A
:10583000B710002BD7D0D4E7641400200D4200002D
:1058400038B52E4DB0F84830AA7C01330446A0F894
:105850004830B2B900232B7194F881305BB9637C76
:105860001BB1B4F848209A4212D220460021BDE86C
:10587000384001F065BC20460121BDE8384001F008
:105880005FBC0FF067FA0DF035FF0023AB74E1E762
:105890000121204601F054FC6388DB070FD5236A01
:1058A0001D8809F00BF968B9637C217884F8B81079
:1058B0004322A4F8B95084F8B720A3B111E009F04D
:1058C000FDF800B138BD637C207884F8B8004FF053
:1058D000FF32432184F8B92084F8BA2084F8B71045
:1058E0000BB194F8483084F8BB3004F1AE000449A1
:1058F000BDE83840022217F099BD00BF64140020B3
:105900000D42000038B543881A07044632D4DB073D
:105910001AD5236A1D8809F0D1F888B9637C2178EB
:1059200084F8B8103C22A4F8B95084F8B720F3B931
:105930001B4984F8BB30022204F1AE0017F076FD5B
:10594000012384F8813038BD09F0B8F80028F7D178
:10595000637C207884F8B8004FF0FF323C2184F853
:10596000B92084F8BA2084F8B710002BE0D094F85E
:105970004830DDE7036A0B493C2280F88D20188807
:10598000A4F88E004FF6FF73FF2284F8AB20A4F832
:10599000AC30022204F1840017F048FD6388B6E7BA
:1059A0000D4200002940000080F88010704700BFC1
:1059B000FF2380F88330704780F8241080F825207A
:1059C000704700BF554F0000F94A0000A14B00008E
:1059D000514B0000694B0000094C0000594B00007E
:1059E000D0590000C8590000C4590000002240F2FC
:1059F0000113C0F802200380704700BF8170704718
:105A000008B590F802C04270CCF380030170CCF36B
:105A1000400003440CF0010C634413FB01F303FB4F
:105A200002F2FE2A00DC08BD5C212E20FBF7F2FF0B
:105A300000234371A0F80330704700BF08B5837896
:105A4000DA070DD5C17811F0010C09D1427990F82F
:105A500001E00132D2B29645427142D0252008BD04
:105A6000990703D5C27812F0020C23D05A0713D439
:105A7000427941780132D2B29142427108D1C17863
:105A800000229942427103D10379C270013303713C
:105A900039212E20FBF7BEFFC27812F0040CE7D1AB
:105AA000417990F801E00131C9B28E45417126D0AB
:105AB000272008BD417990F801E00131C9B28E4537
:105AC000417101D0262008BD42F00202934280F8C5
:105AD00005C0C270F6D1037980F803C001330371A9
:105AE000F0E741F001018B4280F805C0C170B5D1EB
:105AF000037980F803C001330371252008BD42F00B
:105B00000402934280F805C0C270D1D1037980F8B5
:105B100003C001330371CBE710B590F802E00479BC
:105B20000178C27890F801C0CEF38003091B447954
:105B3000CEF3400003440EF0010011FB0CF11844B9
:105B400010FB01F0C2F38003C2F340010B4402F0EA
:105B50000102001B134403FB1C00C0B210BD00BFB8
:105B6000837842780178C3F3400CC3F3800060442B
:105B700003F00103184412FB01F310FB03F0C0B261
:105B8000704700BF40F2EF20704700BF0138022885
:105B900008B519D8132907D811290CD810290FD105
:105BA0000B4B33F8100008BD152909D1084B03EB46
:105BB0004000008908BD064B03EB4000008A08BD89
:105BC000D8212F20FBF726FFCA212F20FBF722FF29
:105BD000208F030040F25A3303FB00F0704700BFF0
:105BE00008B5431EDBB2012B06D91D293AD140F27C
:105BF0005A3303FB00F008BD10390D292DD801A23E
:105C000052F821F0475C00005B5C00003D5C000046
:105C10003D5C00005B5C0000515C00005B5C0000D0
:105C20005B5C00005B5C00005B5C00005B5C000098
:105C30005B5C00005B5C0000EF5B00000B4A02EB6A
:105C40004303188C08BD094A02EB4303188B08BDB7
:105C5000064A02EB4303988B08BD4FF481712F2055
:105C6000FBF7D8FEEE212F20FBF7D4FE208F030098
:105C700008B540F24F310620FBF7CCFE70B582B07C
:105C80000446FFF755FD18B96124204602B070BDE7
:105C90002046FFF731FDD0B164265A240DF10600ED
:105CA0000FF0C8FD0DF107009DF906500FF0C8FD7B
:105CB0009DF807301D436DB2002D18BF344613F018
:105CC000FBFD60B11834A4B2204602B070BD20467E
:105CD000FFF716FD0028DFD15A265024DEE713F027
:105CE00047FD0028D1D00F34A4B2CEE72DE9F04112
:105CF00082B0002800F03F810446082900F2268186
:105D0000DFE811F0DB00E90009000900D6002401FA
:105D1000D00002012001FFF70BFD002800F0FE80FB
:105D20002046FFF7E9FC002800F01C8164275A2573
:105D30000DF106000FF07EFD0DF107009DF90660E4
:105D40000FF07EFD9DF807301E4376B2002E18BF7F
:105D50003D4613F0B1FD002800F0FC801835ADB2CF
:105D6000B4F82A31A4F8385100210122082B84F814
:105D7000301184F83B2100F2DE801344D4F80C216A
:105D80009BB2A4F82A3112B1092B00F0D98002236A
:105D900084F83A3118F0CDFCD4F84021D4F84431DD
:105DA000171A63EB010805460E460FF083FFB4F89F
:105DB0003831D23303449BB29F4278F1000204DAB7
:105DC0005B1946F10006C4E9503604F598750021C8
:105DD000284616F09AFD94F8503103F0FF01002B8D
:105DE00040F0A180D4E952026FF000439A4208BF0C
:105DF000B0F1FF3F13D02046D4E95067FFF73CFADB
:105E0000D4F84831D4F84C219B1B00F1F70062EB29
:105E100007021B1A62F10002002AC0F2818094F886
:105E20000801294612F024F8002800F0B280D4F8C6
:105E30004011D4F82001D4F84431D4F82421884208
:105E400072EB030344D22046FFF77AFA50EA0103CB
:105E5000074688463CD0D4E95001D4F82031C01A16
:105E6000D4F824313A4661EB0301434613F0C6FAF5
:105E700007FB01F5D4E94831A7FB002600FB0855D4
:105E80009A18354445EB0105C4E9482520E0E81A95
:105E90006F284FF0030138BF6F2012F06FFDC4F878
:105EA000345138B3204602B0BDE8F041FFF7C8BC1A
:105EB00002B0BDE8F0410EF0E9BFFFF747FC002853
:105EC0005DD1D4F83401E73812F0B0FC00285BD083
:105ED00002B0BDE8F081FFF717FC014650B920463B
:105EE000FFF7CAF9D4F8343100F1F7059D42CED856
:105EF000C4F834512046FFF73DFC0028E8D040F2BA
:105F0000A2213020FBF786FD90F8080111F03EFE3B
:105F1000002384F8283102B0BDE8F08161251FE735
:105F20002046FFF7EFFC94F8080111F02FFE002344
:105F300084F828317BE7D4F80C31002B3FF427AFED
:105F4000012325E7EA213020FBF764FDEE21302014
:105F5000FBF760FD13F00CFC00283FF401AF0F3598
:105F6000ADB2FDE62046FFF7CBFB00287FF4DEAEA6
:105F70005A275025DCE6CA213020FBF74BFD40F2C2
:105F800077213020FBF746FD4FF41F713020FBF7DF
:105F900041FD40F2AC613020FBF73CFD2DE9F04FB4
:105FA00004468BB00020029394F871300690174697
:105FB0000E46059316F064F994F8D9220B2A00F2E4
:105FC0007983AD4B33F8125094F8C62003922844DD
:105FD00087F0010285B204922FB3B4F868A3B4F835
:105FE000BC90A6EB0A0A0FFA8AFAA6EB0909BAF1E5
:105FF000000F0FFA89F904F55078C0F2C9819F4A61
:10600000DDF808B0127802F0FF07002A40F0D181D5
:1060100094F82433032B00F25E83DFE813F033019E
:10602000F9009800300094F82423032AD5D1039A6C
:106030000E2AD2D1B4F8B423B242CED1B4F86A2336
:10604000B4F8F6120A44C4F82023D4F82C23C4F878
:106050001823E269C4F81C2320460BF0AFFFD4F8E4
:10606000B823E262B4F8B6232286D4F8BC23E261F6
:10607000D4F8C0236262022284F82423ADE7E569E4
:10608000029B05FB0AF2002B40F02F8294F83B3371
:10609000002B00F0DA82794B5868D4F82C33EB1AD5
:1060A000A3F5AB75D4F86033D71B854228BF0546EE
:1060B0000697DF19D4F86433C4F8F05243F10003B3
:1060C000C4F85433002384F840336E23A4F84833D3
:1060D000C4F8507304F1380017F03CFAD4E9D42323
:1060E0000544C4E9D823C4F84453A4F868630BF00A
:1060F00025F820B1D4F844331E33C4F84433B4F83F
:10610000E012039A8E1B002336B29E4284F84A3373
:10611000C4BF022384F84A330E2A029A00F05F8239
:10612000002A40F05F8294F82433002B40F07B82F9
:1061300094F86C03414611F09BFE002800F0BC82ED
:10614000049B84F8383300200BB0BDE8F08FE36A7D
:10615000D4F81C03294618440FF07CFD2946C4F8E6
:106160002803E069464D0FF075FDE26994F87190DF
:1061700041F64B539A4298BF0230C4F82C0348466C
:106180000FF0CCF900F55F4019F00C0F00F1410061
:10619000A5FB003014BF2821002101EB90118031B4
:1061A000204617F06FFAB4F8F632002B00F0748135
:1061B000D4F81C33E26AD4F8285313445B1B0693CB
:1061C000D4F81833D4F8202394F871A002FB0355B7
:1061D000238E30351AF00C0F03EB450540F0538148
:1061E00050460FF09BF9264B00F52340A130A3FB4E
:1061F00000304FEA901950460FF088F94D441F4B7C
:10620000069A284458600123E56984F8243344E75A
:10621000D4F82C03E269D4F82833D4F82013B4F866
:10622000F652121A0AFB02F20692D4F8182394F8D6
:1062300071A03033A94402FB0133C943258E894440
:1062400000FB09301AF00C0F05EB400540F02181EE
:1062500050460FF063F90A4B00F52340A130A3FB31
:1062600000304FEA901950460FF050F94D44034B5F
:10627000069A2844586089E0448F0300981400204F
:10628000D34D621094F8711094F8EE02DFF828A351
:1062900016F096FB8146E06A294648440FF0DAFC86
:1062A0002946C4F82803E0690FF0D4FCE26941F6FE
:1062B0004B539A4298BF0230C4F82C0307A908A890
:1062C0000EF0D8FD079B0093D4E9D801DDE908233F
:1062D00012F0D4FD94F871300593054618460FF07E
:1062E0001DF9059B00F55F4013F00C0F00F1410014
:1062F00014BF28210021AAFB003001EB901180314E
:10630000204617F0BFF9D4F87033E26A94F87100B0
:10631000069305920FF002F94AF2A13B00EB0B0342
:10632000AAFB0331069B059AD4F82803203B1344AB
:106330001B1A4B445B1BA3EB9113069394F871302B
:10634000B4F8309000F1300513F00C0F4FEA45051A
:1063500009F1220940F09A80184605930FF0DEF803
:106360008344AAFB0B3A059B4FEA9A1A18460FF092
:10637000CDF84D44914B069A554428445860D4F8C2
:106380007033D31AB3F5D67F40F29B81E56984E67A
:10639000002284F83B23894AD4E9D6011278C4E963
:1063A000D801CA464FF0010B02F0FF07002A3FF464
:1063B0002FAE0FF0F9FC074600283FF429AEB4F8E1
:1063C0000C23012A40F2F58094F82423022A00F0DD
:1063D000F08094F83A23002A40F0EB80E06941F61F
:1063E0004B57B84240F2438194F8D9220B2A00F26D
:1063F0006181734B33F8125094F8243305F5C86566
:10640000012BADB240F0378194F8C930032B40F036
:106410004681D4F81C03E76A074429460FF01AFCAA
:1064200003463846D4F81873C4F81833DB1BD4F885
:106430002073294603FB07F70FF00CFCD4F8283330
:10644000C4F82803C01A07442946E0690FF002FC8B
:10645000E36941F64B529342B4F8F632D4F8202364
:106460004B446FEA0202A3EB0A031344D4F82C2333
:1064700098BF0230C4F82C03801A00FB0377012375
:1064800084F83A33C4E54FF06509B4E64FF0650A85
:106490006CE74FF06509E6E6029B002B3FF488AEFF
:1064A00094F871B0D4F81C23E36A584602EB030950
:1064B0000FF034F8D4F874338246A9F12009584615
:1064C0009944D4F828B30FF021F80AF5234AA9EB30
:1064D0000B090AF1A10AA9EB0009A5FB0A35A9EBF2
:1064E00095150695D4F828536AE6B4F8F632002BD1
:1064F0007FF4CCAD84F83B33D4F82C1301FB1A2A7B
:1065000094F8C520CDF818A0262A5BD094F8C620B0
:10651000262A57D0BBF1000F27D033BBD4F874B371
:10652000BBF1000F00F0D28094F8710010F00C0F56
:1065300040F09B800EF0F2FF1F4DD4F874B300F5CD
:106540002340A130A5FB0035AD0994F8710010354A
:106550000EF0DCFFAAF1100A0AEB0B02551B2D1AF4
:10656000B4F8F632D4F82C130695059803EB090B12
:1065700001FB0BFB0BF1300B10F00C0F4FEA4B0B38
:1065800061D10EF0CBFF0C4D00F52340A130A5FBEF
:106590000030850905980EF0B9FF084B054405EB5E
:1065A0000B00E569586041F64B539D4250D9069A5D
:1065B00073E500272CE500BFD34D6210981400202E
:1065C000448F0300B4F8B423B21A1204A2D405987D
:1065D00094F8B723002A18BF104605909AE7002ABE
:1065E0003FF4A6ADB4F80C23D2B1B4F80E0394F87E
:1065F000101300FB01118A4200F101007FF798ADF2
:10660000002B3FF495AD002384F84A33A4F80E0321
:1066100009F0AEFC00F00700013084F8100387E5B4
:10662000A4F80E2384E5E169D4F82C334046C91A56
:1066300016F06BF980B200283FF47AAD149BC3B119
:106640001880012080E56525A4E7B4F8F63253E709
:10665000234A284606AB594616F033FA214B84F8F4
:106660003B03069A5868E56917E5752570E71746F4
:10667000CEE4012068E529460FF0ECFAE369BB425D
:10668000B4F8F672D4F82C3398BF02304F44A7EB1D
:106690000A07C4F82C03C01A00FB07F7EFE694F8CA
:1066A000711094F8EE02E76A16F08AF90744D4F8FC
:1066B0001C03B2E6FFF7DCFA40F29D513020FBF7F5
:1066C000A9F940F2ED413020FBF7A4F940F23F5127
:1066D0003020FBF79FF940F254513020FBF79AF934
:1066E0009C140020981400202DE9F04385B0002868
:1066F00000F070810446082900F25281DFE811F0B1
:106700008800FE00090009007000500175007D003E
:106710004C0118F00EF8D4E9D623801A61EB03017E
:10672000012871F10003C0F263816FF001020023C0
:1067300082428B41C0F25781E3690BB1B0FBF3F3A6
:1067400094F8C6200E2A00F02081B4F8BC10B4F8EA
:1067500036230B449BB2D11A090454BF531C013396
:106760009BB2A4F8363394F83933B4F8361323B90E
:10677000B4F8E4328B4200F02081B4F8FC20B4F885
:10678000BC30B4F8FA001344013BB4F86A231B1A76
:106790009EB2531C721A1204A4F86A3300F1C98025
:1067A0000DF10E05002300951A462046FFF7F6FB73
:1067B000002840F0A880A36F3BB3B4F8F620B4F8EB
:1067C00036339B1A1BB2002B1FDDB4F87C100B4430
:1067D000013BB3FBF1F313FB0123A4F8F63014E003
:1067E00005B0BDE8F0430EF051BB01200FF0FCF9FD
:1067F00005B0BDE8F043FCF7B7BE90F82433042B96
:1068000040F0FB80002380F8243305B0BDE8F0831E
:1068100090F838330022C0F87423002B00F0A480D5
:10682000B0F83623B0F8BC309A4200F0CB80D31ACF
:10683000A0F8E632A0F8BC20D4E9D4232046C4E96D
:10684000D6230BF099FA94F8EB32002BDDD094F8B4
:106850007120E769D4F82C33DFF8A88112F00C0F0F
:1068600014BF4FF4EE794FF4DA799F4288BFFF1AD4
:1068700098F8083098BF0027002B00F0958004F1AD
:10688000380016F067FE94F87160054630460EF049
:1068900045FED4F8F032803300F55F421D445A4B78
:1068A000413216F00C0FA3FB023205EB921514BF18
:1068B0002823002302201D4412F012F87F1B27EA30
:1068C000E776864228BF06460221304612F056F887
:1068D00000B935444A462946204616F0BBFEE26917
:1068E000D4F8F032C8F80C00D01811F09FFF00283F
:1068F0008BD140F2A3313020FBF78CF805B0BDE816
:10690000F04317F000BC012868D1B4F83613B4F88E
:10691000E0228B1A13F4004FBDF80E30194489B2EF
:10692000A6EB01032CD11BB2002BA4F83613BFF643
:1069300039AF94F8C9303549002B0CBF3E230823EA
:1069400084F8E73004F1DE0016F07CFD204617F0F5
:10695000DCFB002384F8243394F86C0311F016F95F
:10696000202384F86C3350E7B0F83433B0F8BC100F
:10697000B0F83423A0F8BC205B1AA0F8E6325BE73D
:106980001B0416D4A4F836130CE7B4F836130131FF
:1069900089B2A4F83613F0E6BE213020FBF73AF8AE
:1069A000C2213020FBF736F8A36B9F4228BF1F4659
:1069B00065E7B31A1BB21146B6E7013189B2A4F8F4
:1069C0003613DAE6B0F8E432A0F8BC309B1AA0F82F
:1069D000E63231E794213020FBF71CF840F25A618F
:1069E0003020FBF717F840F21B613020FBF712F85C
:1069F00040F21A613020FBF70DF8B8213020FBF788
:106A000009F800BF98140020D34D62100100010066
:106A10002DE9F0470026054680F81061D0F80C01FA
:106A20000127D5E9508982B080F8EE228A4685F8A0
:106A30002861394685F8297108F096FED5F80C4191
:106A4000C4E9D68995F8083184F86C33C4E9D8894B
:106A5000C4F870A384F82463A4F8686333460096EE
:106A6000324631462046FFF799FAC8B984F82473B4
:106A7000C4F82003C4F81803A4F83603A4F83403B8
:106A8000B4F8BC3084F83903013BA4F8BC30A4F856
:106A90006A030DF063FD02B0BDE8F04710F0B2BE2E
:106AA00040F21B213020FAF7B5FF00BFD0F80C01EF
:106AB000704700BF2DE9F04385B000230222CDE9E5
:106AC000003301268DF806206846FBF7E9FD0446F1
:106AD00020BB009D95F82831002BF5D085F850613A
:106AE00001212846FEF760FF95F82831002BEBD0F6
:106AF00095F8080111F02CFC95F8080112F072F8D5
:106B000095F8080111F042F800283BD085F828419B
:106B10006846FBF7C5FD04460028DAD0DFF8788028
:106B2000012688F8106000254FF6FF771AE0029BD7
:106B3000E3B193F86C23202A18D01888B8421BD0F0
:106B40000121FBF775FD814608B390F86C0312F044
:106B500049F899F86C0389F8244311F017F82023B9
:106B600089F86C33CDE902558DF80E6002A8FBF769
:106B700097FD04460028DAD0002088F8100005B000
:106B8000BDE8F08340F207213020FAF743FF40F2DE
:106B90001F113020FAF73EFF98140020054B002209
:106BA000012142F210701A72588219701A74FFF79C
:106BB00081BF00BF9814002090F82831002B40F0CE
:106BC000A4802DE9F04104460F460146564815467B
:106BD00003F0FF0810F0B0FF202806466ED04146B3
:106BE000502204F5847012F03FFD012384F80861FF
:106BF000C4F80C7184F8283137B109F0D1F900F0EC
:106C00000700013087F810032046FFF737F8002708
:106C10004FF48173A4F83801A4F83A3184F8307144
:106C20000FF048F8B4F83861D23606442046B6B2C0
:106C3000FEF76AFD002844D015F022FB00F5CD6177
:106C400089B228460FF006F82844C4F8340117F03A
:106C500070FD301841F100010126C4F84001C4F86C
:106C6000441184F81061E7842046FEF765FD002892
:106C700043D031462046FEF7FFFAA5F2F3452D1A20
:106C8000C4F814514FF0FF326FF00043C4E95223AF
:106C900094F8080104F5987111F0EAF800283ED044
:106CA000D4E9502300252046C4E94823A4F82A51FA
:106CB0002946FEF779FE2846BDE8F0810C20BDE8A4
:106CC000F08101462046FEF7D7FA184FF730C4F896
:106CD0003401788A08B1E08CC8B9064417F029FD60
:106CE000361841F10001C4E95061002DCAD0AE1937
:106CF00041F10001C4E95261CAE73046FEF76AFF7C
:106D0000F73D2D1AC4F81451BCE70C20704709F068
:106D100047F97B8AB0FBF3F202FB1300DDE740F298
:106D2000E9113020FAF776FEED5C0000981400209F
:106D300090F828310BB90020704710B501210446A6
:106D400080F85011FEF730FE94F828310BB900207E
:106D500010BD94F8080111F0FBFA94F8080111F045
:106D600041FF94F8080110F011FF20B1002384F8CE
:106D70002831002010BD40F207213020FAF74AFEEA
:106D8000014B1872704700BF9814002090F85021F2
:106D900082B910B502F0FF0490F8102112B9012257
:106DA000104610BDD0E945319942F9D9FEF7AAFD48
:106DB0002246F5E700221046704700BF10B5044692
:106DC0000DF07AF8074BDA68824208D3E16941F6A0
:106DD0004B52914203D9187C80F0010010BD002075
:106DE00010BD00BF9814002008B54FF4FD7116F0D7
:106DF0005CFCB0F5296F28BF4FF4296080B208BD54
:106E000090F8EB32002B66D170B503F0FF0590F8D7
:106E10002433032B84B0044601D004B070BD17F0B6
:106E200088FCD4E9D623801A61EB0301012871F1B3
:106E30000003F2DB6FF00103834275EB01034DDBCE
:106E4000E369B4F8BC20002B46D0B0FBF3F080B26D
:106E5000531C184480B2A4F83403B4F83423B4F8B3
:106E6000E4329B1A1BB2002BD7DD94F86C0311F0AF
:106E70006FFA0028D1D0B4F8BC50B4F8FC10B4F8C4
:106E8000FA20FF230D4484F83933013DAD1AB4F8DC
:106E90003433ADB2EB1A1A04BFD40DF10E06B4F8B8
:106EA00034130096002389B201222046FFF776F8BA
:106EB0000028B2D0012816D1B4F83433BDF80E2022
:106EC00012FA83F39BB2A4F83433B4F83433EB1AD8
:106ED0001B04E4D5A1E770471846B9E740F2D15149
:106EE0003020FAF797FD40F20A613020FAF792FD60
:106EF0002DE9F047044682B0052900F2D980DFE889
:106F000001F0501603131C36042384F824330DF0CB
:106F100025FB10F077FCB4F8BC20A4F8362300233E
:106F2000A4F86A3384F8393302B0BDE8F08703234C
:106F300080F8243302B0BDE8F0870CF0B7FF0546B7
:106F4000C4F8745394F871000EF0E0FA8542C0F072
:106F5000A88094F87100D4F874430EF0D7FA574B18
:106F6000DA681444241ADC6002B0BDE8F08790F8B7
:106F7000715028460EF0D2FA514900F55F4015F0E5
:106F80000C0F00F14100A1FB003014BF28210021AB
:106F900001EB90118031204602B0BDE8F04716F0B9
:106FA00071BBD0F874339BB9444B1B7C03F0FF02D8
:106FB000002BA9D1B4F8E412009201232046FEF779
:106FC000EDFF0028A3D040F2E4613020FAF722FD63
:106FD00090F83A33002BE7D090F82433032BE3D119
:106FE00090F8719015F04CF994F8D9320B2B5DD8CC
:106FF000344AD4F8745332F81330C61803F5C86312
:1070000048469FB20EF082FA19F00C0FA5EB00086B
:10701000B6B248463CD10EF081FADFF8A4A0D4F80D
:10702000F05200F2E733AAFB03234846A8EB93187B
:107030000EF06CFA2D1A48460EF070FA00F5234354
:10704000A133AAFB03239B09EB1A5A08603B2932A0
:1070500006FB03F3B3FBF7F36033A2EB53014145A7
:107060004FEA530302D81344434501D20FF0AEF860
:10707000E06931460EF0EEFDE26941F64B539A426B
:1070800098BF02300023C4F82C0384F83A338BE70E
:10709000D4F8F0520EF03AFAA8F13C082D1A652304
:1070A000D2E74FF46A713020FAF7B4FCFEF7E0FD46
:1070B0004FF4EE613020FAF7ADFC00BF98140020C9
:1070C000D34D6210448F0300012A70B5064609D0E3
:1070D000022A14460D461ED04AB140F29A71302061
:1070E000FAF798FC0CF0E8FEC6F8700370BD0CF0DF
:1070F000E3FE224601462846FFF78AFC0F4995F831
:10710000080132460EF044FD0028EFD140F28371B1
:107110003020FAF77FFCD0F8701301222846FFF7E1
:1071200077FC064995F8080132460EF031FD00283B
:10713000DCD140F294713020FAF76CFCE966000073
:10714000F8B5044651B1012963D1002380F810310C
:107150000DF004FABDE8F84010F054BBC58C002DCA
:107160004FD12046D4E94876FEF7EAF8401941F1BC
:107170000001C01946EB01064FF481730022C4E9F7
:107180005006A4F83A3184F830212046FEF776FD07
:10719000D4E9505694F85031A4F83801C4E948565F
:1071A00003F0FF017BB9D4E952026FF000439A4229
:1071B00008BFB0F1FF3F0FD194F8080104F59871B2
:1071C00010F056FE50B30023A4F82A310DF0C6F992
:1071D000BDE8F84010F016BB2046FEF74DF8D4F895
:1071E0004831D4F84C215B1B00F1F70062EB06023A
:1071F0001B1A62F10002002ADEDA2046FEF782FB4B
:10720000E1E708F0B5FEE58CB0FBF5F303FB1505EF
:10721000A7E740F2AA713020FAF7FCFB40F20471B4
:107220003020FAF7F7FB00BF90F82801704700BF45
:10723000014B5882704700BF9814002008B50328FE
:1072400007D8DFE800F004020402002008BD012096
:1072500008BD40F225217720FAF7DCFB0B46062219
:1072600003F8032B044AB2F8330092F83520A1F852
:1072700003009A70704700BFB014002008B540F2B8
:10728000B6313220FAF7C6FB044A0023A2F8BA301E
:1072900082F8703082F8BC30704700BFB014002014
:1072A00008B508F027FB034B18700DF0A7F8052070
:1072B00008BD00BF1000002008B508F01BFB024B02
:1072C00002461A70012008BD100000202DE9F0418F
:1072D000064617469846A1B1B3681BB12FB1384690
:1072E000BDE8F0810120BDE8F081B8F1000FF6D0D3
:1072F0001549B27C91F84500BDE8F041463115F0E2
:107300000DBA114D05F15B0395F85A2095F89000E0
:1073100005F1890115F002FA95F87830082B03D0B1
:1073200095F87B209A4207D095F85630012BD3D0A0
:1073300033B90028D0D1D6E795F85630012BCBD9F8
:107340000020BDE8F08100BFB0140020F8B5554C16
:107350000546D4F8C0000023032D03803AD0052D44
:1073600045D0514915F0D7FC94F89010D4F8C000DE
:1073700015F0E5FC94F87D3094F845707BB194F8F5
:107380005430032B2CD094F8780008F07FF9474B49
:10739000002806461ABF012706461E4600E0434E57
:1073A000D4F8C000314615F0A8FCD4F8C000394626
:1073B00015F0B8FCD4F8C0000DF014FC052D00D079
:1073C000F8BD236D3268C3F80A20B288DA81236DD4
:1073D0005F72F8BD294615F06EFCD4F8C000C0E716
:1073E00094F84D30002BCED094F87B00CDE70E46BC
:1073F000294615F060FCD4F8C070397821F02001DE
:1074000041EA46113970236D1B6AC7F80F30226DAF
:10741000936AFB74190A1B0C7B753975D169108E40
:1074200015F023FBB875236DD4F8C060D969D86A0C
:1074300015F02FFB030AF0753376236DD4F8C06086
:10744000D86915F0DFFA030A7076B376236DD4F8A5
:10745000C0609A8CF276120A3277DA8C7277120A4E
:10746000B277D3F8CE20C6F81F2093F8D23086F832
:107470002330236D96F8242093F8D93022F01F0290
:1074800003F01F03134386F8243007F065FB96F8DA
:10749000243003F01F0343EA401386F82430D4F865
:1074A000C0005EE7B014002039150020F61400205B
:1074B000F8B51D4C1D4A94F87A30D75C054638461D
:1074C0000E460CF0C5FE94F8983084F88F701C447A
:1074D00094F8BD40631E072B20D8DFE803F0041D9D
:1074E0001F041F1F1F04FBF78FFA402828BF4020EE
:1074F000C0B221460CF0E6FC30460DF073FB21468D
:1075000001202DB10DF08CF8003818BF0120F8BD16
:107510000CF0A4FE0120F8BD0D20EAE740F6191199
:107520003220FAF777FA00BFB0140020988F0300DA
:1075300010B5FBF763FA0446FBF766FA81B2204602
:1075400013F03EF948B10DF04DFB00200DF0B4FBF7
:10755000044B062283F8702010BD4FF4C361322023
:10756000FAF758FAB014002038B5114DFF2095F8FD
:10757000B9100CF0A7FCFBF741FA0446FBF744FAFC
:1075800081B2204613F01CF968B10DF02BFB95F881
:10759000B90010F00C0018BF28200DF08DFB092356
:1075A00085F8703038BD40F243613220FAF732FA84
:1075B000B014002070B50646FBF720FA0446FBF72E
:1075C00023FA81B2204613F0FBF8002846D0324C53
:1075D00094F85430013B022B04D941F2E1413220AE
:1075E000FAF718FAE6B994F87030042B45D994F8F4
:1075F00070300A2B3CD894F87030D4F8C42003F1D2
:1076000080439269053B52F8233098470E282AD8C8
:10761000D4F8C4301B69BDE8704053F820301847D7
:10762000054615F083FD20B9284615F09AFD00287F
:10763000D9D094F87030042B24D994F870300A2BE8
:1076400025D894F87030D4F8C42003F180435269EF
:10765000053B284652F823309847D7E741F2DB41F3
:107660003220FAF7D7F941F2F6413220FAF7D2F98F
:1076700041F2D2413220FAF7CDF941F2D141322024
:10768000FAF7C8F941F271413220FAF7C3F941F231
:1076900072413220FAF7BEF9B014002038B5224CFE
:1076A00094F87D30002284F8A82083B1D4E9281210
:1076B0006FF000439A4208BFB1F1FF3F07D017F0C7
:1076C00038F8D4E92823904271EB030303D2022354
:1076D00084F8703038BD012007F064FF0028F6D030
:1076E00007F098FE054617F024F86B015B1B4FEA84
:1076F000D56262F10002520242EAD3525B025B1988
:1077000042F1000C4FEA8C1E9A014EEA936ED31A96
:107710006EEB0C025B1942F100021B1842EB0101F7
:10772000C4E92831D3E700BFB014002070B5474C3E
:107730000022236D62721A88628182B00546D86980
:107740000E4615F05FF9236D2084998CDA8C6184E4
:107750004FF47F43E3844FF6FF73A2842385002D0B
:1077600062D00121304615F01DFC32780346D20963
:1077700094F87D1009B1002A33D194F87900344A85
:10778000002308286361938039D0324A511E07F0E4
:1077900047FE002854D0637B43F002036373002D3F
:1077A0003DD12D480268C4F81A202C4B82889A805B
:1077B00094F95810206D15F021F929492348022227
:1077C00015F034FE236D27491D88274893F8CD30E6
:1077D000A4F83350022284F8353015F039FE02B097
:1077E00070BD5A7902F0C002402AC6D118686061A3
:1077F00094F87900164A9B8893800828C5D1154BC8
:1078000094F89000D4F8891060730022B3F87F00D8
:10781000C4F80E10C4F81A2098801A82C8E7002114
:10782000304615F0BFFBBDE7D4F8C000694615F03F
:107830006BFAD4F8C02012786B46C2F3801297E737
:1078400041F22C513220FAF7E5F800BFB0140020C5
:10785000C4140020BE14002039150020CA140020D2
:10786000317E00005D720000DA14002008B508F0D7
:1078700041F8034B187002F0E1FE012008BD00BF83
:1078800010000020024B032283F8702004F096BC05
:10789000B014002008B540F241413220FAF7BAF89E
:1078A00010B504788CB004F00F04224602A903F04E
:1078B000F5FA0CF0A3FD08F01DF8224A042C107014
:1078C00002D005200CB010BD039B1F4993F800C0E7
:1078D00091F88940A445F4D193F801C091F88A4009
:1078E000A445EED193F802C091F88B40A445E8D1AD
:1078F00093F803C091F88C40A445E2D193F804C0FA
:1079000091F88D40A445DCD15C7991F88E309C4291
:10791000D7D19DF8194091F890309C42D1D17F2861
:107920000ED000907F2491F88F30147002A891F847
:10793000A82091F8791002F079FF05200CB010BD55
:10794000FFF7A8FF10000020B01400202DE9F04739
:10795000054684B006290AD8DFE801F0631F0F0945
:1079600009090400B44C94F88230002B7DD10CF04E
:1079700045FD052004B0BDE8F0870CF03FFDAE4AA0
:1079800092F882302BB192F85430013B012B40F237
:10799000DB80052004B0BDE8F087A74C837C94F819
:1079A0007D6094F88280012B86F001067CD04FF038
:1079B000000994F85430032B00F0BC8094F87870E0
:1079C000082F40F0A68094F845704FF0000A3A4620
:1079D000032B75D16B6894F85B101878884200F01F
:1079E0005081002794F87830082B04D094F87B104D
:1079F000994208BF0127BAF1000F40F0A380002E82
:107A000040F0DE80B8F1000FB1D094F85630012B71
:107A100003D0002BABD1002FA9D0002EA7D00C2073
:107A2000A8E7854C94F88230002BA0D094F854300D
:107A3000022B00F0CD80012B00F05881032B40F089
:107A40006D81436894F85B201978914200F093802F
:107A500094F85630012BE2D094F87B30082B86D076
:107A600094F878209A4282D1D9E794F85430022BC6
:107A700000F0C880012B7FF47AAF704991F9003093
:107A80007F2B00F04981029394F88F30019394F892
:107A9000793000937F260E70FF2304F14602062101
:107AA00002F006FE052065E7836893F8059009F06B
:107AB000C009A9F14009B9FA89F94FEA591978E7DB
:107AC0000CF09CFCB8F1000F3FF463AFAB68AA7CEC
:107AD0005B4994F8450014F021FE18B9BAF1000F83
:107AE00000F0B080554991F900307F2B00F01481EF
:107AF000029394F88F2094F8793000937F240192B8
:107B000028460C704E4A3B46012102F0D1FD05206B
:107B100030E7384607F094FB002818BF0646B9F155
:107B2000000F40F0D38094F8457094F854303A46F2
:107B3000CA464DE794F84D20002A3FF43FAF94F831
:107B40007B703DE701265DE73C4991F900307F2BD2
:107B500000F0E280029392F88F30019392F879302E
:107B600000937F2428460C70FF234632022102F046
:107B70009FFD0520FEE6597894F85C2091427FF441
:107B800067AF997894F85D2091427FF461AFD9781E
:107B900094F85E2091427FF45BAF197994F85F20EE
:107BA00091427FF455AF5A7994F860309A427FF44D
:107BB0004FAF427C94F85A309A427FF449AF2EE797
:107BC0001046AB68AA7C1E4914F0A8FD064619E7CA
:107BD0001A4A92F900307F2B00F09E80029394F8AD
:107BE0008F30019394F8793000937F211170FF2337
:107BF00004F14602002102F05BFD012384F8A83065
:107C00000B20B7E60D4A92F900307F2B00F08480FC
:107C1000029394F88F30019394F8793000937F2188
:107C20001170FF2304F14602062102F041FD0023FA
:107C300084F8A8300B209DE6B0140020100000202E
:107C4000F614002094F85530023B012B3FF6A1AE0C
:107C5000B9F1000F3FF49DAE334991F900307F2B0D
:107C60005AD0029394F88F2094F8793000937F26AD
:107C70000192FE230E702D4A2846012102F018FDC4
:107C800087E6587894F85C1088427FF4AAAE98781A
:107C900094F85D1088427FF4A4AED87894F85E1012
:107CA00088427FF49EAE187994F85F1088427FF482
:107CB00098AE597994F8603099427FF492AE6F7C17
:107CC00094F85A30FB1A5F425F418BE63846A96848
:107CD00007F09CFC94F8452094F8543082461746EF
:107CE00000283FF475AE42F0020771E60E4991F9A3
:107CF00000307F2B10D0029394F88F30019394F8CA
:107D0000793000937F260E70FF2304F14602002194
:107D100002F0CEFC05202DE6FFF7BCFD4FF46A61B2
:107D20003220F9F777FE00BF10000020F614002083
:107D300010B5164B93F900207F2A84B023D07F24FE
:107D40001C70134B93F87040052C15D093F87040BD
:107D5000082C0CBF03240124039493F87940CDE947
:107D6000014293F88F400B4A93F8B930009402F027
:107D700043FE18B904B010BD0024EDE704B0BDE81F
:107D8000104002F01BBCFFF785FD00BF1000002073
:107D9000B0140020F614002010B5104A92F870308C
:107DA000042B10D992F870300A2B11D892F8703049
:107DB000D2F8C42003F18043D268053BBDE81040EF
:107DC00052F82330184741F2D8513220F9F722FEF9
:107DD00041F2D9513220F9F71DFE00BFB014002046
:107DE0000B46182203F8032B104AB2F83FC092F852
:107DF0004100A1F803C0CA789870012A00D07047EA
:107E000010B58C8800212046FAF712FC38B12046C4
:107E100006F0F0FF00212046FAF720FC00B910BD63
:107E200040F219413220F9F7F5FD00BFB0140020EF
:107E300038B5244B5A7A0C4652BB1A6DD3F80E1043
:107E4000C2F80310598AA2F807105A7B1B6D12F072
:107E5000FD0F14BF012200229A7022461A4B1321F3
:107E600002F8031B03F1200E1D6858689968D3F8C7
:107E70000CC0C2F80CC0103373451560506091609F
:107E800002F11002F0D1197811700023A37138BDEE
:107E900058890021FAF7CCFB054668B1008806F046
:107EA000A9FF28880021FAF7D9FB0028D5D040F295
:107EB000FD313220F9F7AEFD40F2F9313220F9F709
:107EC000A9FD00BFB0140020B91400202DE9F04135
:107ED000264C94F8BC305F2B06460D4631D85A0923
:107EE000234B13441F7994F8BA00C0F3050800F03F
:107EF0003F000CF0ADF984F88F80B6B1394601200F
:107F00000CF08EFB78B194F88830022B39460CBF08
:107F10004020FF200BF0D6FF94F8A8309BB12846F4
:107F20000CF060FE0120BDE8F081616F3A4601204F
:107F30000CF0C2FC0028E6D140F648113220F9F7D7
:107F400069FD0027CFE7681D07F0B6FA84F87C00CA
:107F50000028E4D017F00C0F14BF552450240BF068
:107F6000ABFB20460CF0EAFED9E700BFB0140020BE
:107F7000988F0300F8B53D4C94F8BC305F2B054654
:107F800029D85A093A4B13441E79636F73B1FAF733
:107F900035FD0746FAF738FD81B2384612F010FC7D
:107FA000014600285DD00020FFF790FFD4F8940030
:107FB0000CF050FE94F85430022B31D0032B0CD02F
:107FC000EDB140F20113A4F8A930002384F8B960A0
:107FD00084F88030F8BD0026D7E794F88830012B6C
:107FE000EED116F00C0F2AD094F85930012B14BFA3
:107FF0003146042100200CF0C7FE002DE1D194F899
:108000008830022B13D0012B1BD0002BDDD102F0C6
:108010008BFC84F8A90002F04DFA84F8AA00D4E79A
:1080200094F88830022BDCD0002DCAD1EBE7002376
:10803000A4F8A95084F8B96084F88030F8BD3146BE
:10804000D8E794F8B930A3F10203B3FA83F35B09DC
:108050004FF0000263F3070263F30F22A4F8A92094
:10806000B3E74FF4BB613220F9F7D4FCB014002021
:10807000988F030038B505460C4606F047FD4207C9
:1080800004D4A37803F0E003402B0DD006F03EFDAE
:10809000830704D4A37803F0E003202B04D02378D3
:1080A00003F03F03242B01D9002038BD0BF0E0FE84
:1080B00094F90030A1786278002B01F01F03ACBF67
:1080C0004FF01E0C4FF4967C42EA03230CFB03F3A3
:1080D0001A1AB2F5877FE7D39842E5D8054B228874
:1080E000A3F8BA2083F8BC102846BDE8384003F056
:1080F000FDBF00BFB014002070B5294C94F8823049
:1081000086B06BB394F8A830054633B90378002BDA
:108110000CBF0123022384F8A83094F87030082B98
:10812000DAB231D0092A14BF012602261D4890F97F
:1081300000307F2B32D0CDE9023694F879300193AC
:108140004FF07F0C94F88F300093174A80F800C0EE
:1081500094F8B930284602F04FFC20B9022E15D110
:10816000002006B070BD687810F0100611D0A96923
:108170000220FFF77FFF059040B1002384F888308C
:108180000CF03CF90598ECE70326CFE702F056FA2D
:10819000E6E702F013FA304606B070BDFFF77AFB4F
:1081A000B014002010000020F614002010B5044682
:1081B0008AB007F09FFB2378174A03F00F03072BC1
:1081C000107002D001200AB010BD6946204602F0AE
:1081D000FFFE9DF8003000220292002BF2D19DF8A4
:1081E0000130DB07EED50D4C019994F890209DF8F5
:1081F000110004F1890314F091FA0028E2D0012162
:1082000004F1840014F00BF8FF216846FFF774FFB7
:108210000028D7D00320D6E710000020B01400209B
:1082200070B5574C94F87030012B05460E4603D9B3
:10823000DAB2032A40F08D802B7B84F898302344F7
:10824000AA6893F8BD3084F8B9302B68C4F894302C
:1082500062672B79022B52D16B7B2BB194F869307A
:1082600013B9616E00297AD12B79012B2AD03BD822
:1082700094F87A30434A0133A2FB031505F4FF70EA
:1082800000EB550094F84C101B1A41FA03F5ED076A
:10829000D8B215D40133A2FB030525F0010000EB91
:1082A00055001B1A41FA03F5E907D8B208D4013387
:1082B000A2FB030222F0010000EB52029B1AD8B28B
:1082C00084F87A0094F958000BF0B2FF314601208F
:1082D000FFF7EEF830B1FFF7E1F92B4BD3F850354B
:1082E000032B42D0002070BD023B012BF5D894F93E
:1082F00058000BF09DFF042384F87030EDE70BF07D
:1083000077FE0CF027FD0BF0F5F920480CF054FC3B
:108310001F480CF04BFC1F480BF090FF94F86C309A
:10832000CBB1022011F056FA2B79032B05D0304641
:108330000CF058FC2B79032B8ED1636FD3B93146E7
:108340000120FFF7C3FD0028CCD06B7B002B85D12B
:108350008AE70C2070BD012011F03CFAE4E794F8A4
:10836000680001220DF024FC7EE740F68C213220CB
:10837000F9F750FB40F666213220F9F74BFB00BFBE
:10838000B0140020ABAAAAAA00100040A00100204F
:1083900055555500D6BE898E2DE9F04104468AB068
:1083A00007F0A8FA2378434A03F00F03082B107054
:1083B00004D0012528460AB0BDE8F0816946204670
:1083C00002F09EFD9DF80050002DF2D19DF8013085
:1083D00003F00303032BECD1374E96F84D307BB3FB
:1083E00096F87B7096F87C306BBB344B96F89020F7
:1083F00001999DF8110014F091F90028D9D096F850
:108400007D3096F84580002B40D12D4B9DF8120011
:108410000299012829D0424614F080F90028C8D0DA
:108420002848012113F0FBFE96F87C30002B39D14F
:1084300021460120FFF77AF9032004F05BF8B9E741
:1084400096F87870CEE714F0ADF908288046CCD0C5
:1084500086F87900194B96F8902001999DF8110043
:1084600014F05CF9B845CAD0C7E74A7902F0C002F7
:10847000402AD0D1424614F051F90028D0D10299B7
:10848000384607F0C3F80028CAD192E7384607F00B
:10849000FDF80B4A002803461ABF4FF001080346B7
:1084A0001346B3E70CF056FC0BF024F9002386F8D2
:1084B0007C30BDE710000020B014002039150020EA
:1084C000F6140020341500202DE9F0430729044656
:1084D00085B040680D4617463ED1002877D0637CB2
:1084E000012B00F09C806B4E96F87800082852D043
:1084F00002AA0DF1070106F093FF002800F0C580E5
:108500009DF8070002A915F0D2FC8146062D96F8C9
:108510004D8077D8B8F1000F08BFC8465E4B86F88B
:1085200082801B6823B139462046984786F883002D
:10853000636843B1627C86F890201968C6F8891098
:10854000564A9B889380B6F88230A06808B1072D00
:1085500031D005B0BDE8F08300287AD0637C012BD0
:10856000C1D1437903F0C003402BBCD1494E96F8EA
:108570007C30002BB8D014F015F94FF0000360F3F5
:10858000070360F30F23A6F8783008284FF00103A3
:1085900086F88030ACD16168607C15F088FC404A78
:1085A00061688146607C06F075FE03460028ADD107
:1085B000A6F88200C9E796F878100829C9D0002BE0
:1085C000C7D006F069FF012386F88130C1E7002A91
:1085D00045D0304E96F84D80814696F88230002B7B
:1085E00051D06368002B95D102F09EF918B196F82E
:1085F0008230002B47D1B8F1000F8FD106F044FE36
:1086000080468BE7082D27D8002FE6D16368002B22
:1086100080D16378DB06E7D54FF001087EE7437928
:1086200003F0C003402B7FF45EAF1A4E96F87C3007
:10863000002B3FF459AF002F9DD196F8B9100129B6
:1086400099D106F00BFF86F87C0000283FF44CAF70
:1086500091E7104E814659E74FF000085EE70D4C58
:10866000012584F8825094F8AB30002B3FF471AFB1
:10867000D4F8AC00503015F0FDFE00287FF469AF4F
:1086800084F8835065E7984648E740F6FC4132207D
:10869000F9F7C0F9B014002070000020391500204F
:1086A000281500202DE9F04F354F847C97F87D8008
:1086B000012C83B006468A469346994688F0010805
:1086C00033D0002497F87C502346E5B197F8542026
:1086D000032A31D07268FAB197F87850082D21D06A
:1086E0002846019306F0ACFD019B002818BF804688
:1086F000CBB197F88130002B3AD014F05DF800230D
:10870000054687F881308BF800508AF8004089F8D8
:10871000008003B0BDE8F08F019302F005F9019BE2
:108720000028D9D17BB90025EDE783685B7903F098
:10873000C003402BC5D1C5E797F84D20002AC9D00A
:1087400097F87B50CAE797F880100029EBD1B06802
:10875000019106F083FE054687F87C000028D2D000
:1087600014F020F80828019908D087F87800CAE7A3
:108770002846B16806F04AFF0546C4E70D46C2E741
:10878000B014002008B507F0B5F8024B02461A7085
:10879000012008BD1000002038B51B4C0E2094F8B5
:1087A000B9100BF08FFBFAF729F90546FAF72CF907
:1087B00081B2284612F004F800B305460CF012FA14
:1087C00094F8B90010F00C0018BF28200CF074FACF
:1087D000681D94F8B95006F06FFE84F87C0048B12B
:1087E00015F00C0F14BF552550250AF065FF2846DB
:1087F0000CF0A4FA0A2384F8703038BD40F22C61E2
:108800003220F9F707F900BFB014002010B50B4C67
:1088100007F070F80A4A94F87C3010701BB90BF01E
:10882000EDFD052010BD0CF095FA0AF063FF002362
:1088300084F87C300BF0E2FD052010BDB014002060
:108840001000002010B50C4C94F87C305BB90B4A3A
:108850000023A4F8BA300121937084F87010BDE8A9
:10886000104003F01BBE0CF075FA0AF043FF002322
:1088700084F87C30EBE700BFB01400206A150020BC
:1088800010B50E4C94F87C307BB90D4BD4F8C01069
:108890000020A4F8BA00987084F87000FEF746FF34
:1088A000BDE81040022003F025BE0CF053FA0AF098
:1088B00021FF002384F87C30E7E700BFB0140020DC
:1088C0006A15002070B54E4C94F87030012B0546A7
:1088D0000E4603D9DAB2032A40F082802B7B84F85B
:1088E00098302344AA6893F8BD3084F8B9302B68D7
:1088F000C4F8943062672B79022B14D16B7B002B68
:1089000061D194F958000BF093FC31460120FEF739
:10891000CFFD30B1FEF7C2FE3A4BD3F85035032BF2
:1089200069D0002070BD0BF063FB0CF013FA0AF065
:10893000E1FE35480CF040F934480CF037F9344882
:108940000BF07CFC94F86C30002B4BD0022010F024
:1089500041FF2B79032B34D030460CF043F96B7B6D
:108960008BBB2B79032B41D0002BCAD194F87A30E2
:10897000284A0133A2FB031505F4FF7000EB5500F4
:1089800094F84C101B1A41FA03F5ED07D8B215D430
:108990000133A2FB030525F0010000EB55001B1A73
:1089A00041FA03F5E907D8B208D40133A2FB030268
:1089B00022F0010000EB52029B1AD8B284F87A0030
:1089C0009FE76B7B93B194F86930002BC9D1616E3E
:1089D0000029C6D094F8680001220DF0E9F8C0E73C
:1089E0000C2070BD012010F0F5FEB2E740F64521E5
:1089F0003220F9F70FF840F653213220F9F70AF840
:108A0000B014002000100040A00100205555550072
:108A1000D6BE898EABAAAAAA10B50C4C94F87C30AD
:108A20005BB90B4A0023A4F8BA300121937084F893
:108A30007010BDE8104003F031BD0CF08BF90AF066
:108A400059FE002384F87C30EBE700BFB01400200F
:108A50006A15002010B50E4C06F04CFF0D4A94F834
:108A60007C3010705BB90C4A0023A4F8BA300121A5
:108A7000937084F87010BDE8104003F00FBD0CF047
:108A800069F90AF037FE002384F87C30EBE700BF79
:108A9000B0140020100000206A15002010B50F4C03
:108AA00001F0CCFD06F026FF0D4A94F87C301070E2
:108AB0005BB90C4A0023A4F8BA300121937084F802
:108AC0007010BDE8104003F0E9BC0CF043F90AF067
:108AD00011FE002384F87C30EBE700BFB0140020C7
:108AE000100000206A15002010B506F003FF104C9E
:108AF000104B0246002104F184001A7013F08FFB22
:108B000094F87C305BB90C4A0023A4F8BA300121F8
:108B1000937084F87010BDE8104003F0BFBC0CF0F7
:108B200019F90AF0E7FD002384F87C30EBE700BF79
:108B3000B0140020100000206A15002010B506F0C7
:108B4000D9FE104C104B0246002104F184001A702B
:108B500013F065FB94F87C305BB90C4A0023A4F851
:108B6000BA300121937084F87010BDE8104003F012
:108B700095BC0CF0EFF80AF0BDFD002384F87C30C2
:108B8000EBE700BFB0140020100000206A150020A1
:108B900038B5052003F0AAFA48B1114C012094F829
:108BA000B9100CF0F1F80D2384F8703038BD0C4D7D
:108BB00095F87C305BB90B4A0023A5F8BA30012147
:108BC000937085F87010BDE8384003F067BC044628
:108BD0000CF0C0F80AF08EFD85F87C40EBE700BF92
:108BE000B01400206A15002038B503200021FEF7DC
:108BF000ADFB032003F07AFA40B1012108460CF0E6
:108C0000C3F80E4B0B2283F8702038BD0B4D95F83E
:108C10007C305BB90A4A0023A5F8BA300121937071
:108C200085F87010BDE8384003F038BC04460CF0FD
:108C300091F80AF05FFD85F87C40EBE7B014002066
:108C40006A15002070B5F9F7D9FE0446F9F7DCFE85
:108C500081B2204611F0B4FDA8B31D4C0E23054689
:108C6000012084F8703003F045FC00210520FEF758
:108C70006DFB062003F03AFA064670B194F8B9107D
:108C800001200CF081F82B78226DC3F340130121F1
:108C900084F8913082F8CD1070BD94F87C305BB9C7
:108CA0000C4A00230121A4F8BA3084F870109370A4
:108CB000BDE8704003F0F2BB0CF04CF80AF01AFD6E
:108CC00084F87C60ECE740F2AF613220F8F7A2FE56
:108CD000B01400206A15002070B5274C94F8BC3001
:108CE0005F2B2AD85A09254B13441D79636F6BB14A
:108CF000F9F784FE0646F9F787FE81B2304611F097
:108D00005FFD014698B30020FFF7E0F8D4F8940027
:108D10000BF0A0FF94F85430022B1CD0032B0ED084
:108D200040F2011100220823A4F8A91084F8B950D8
:108D300084F8802084F8703070BD0025D6E794F860
:108D40008830012BECD115F00C0F09D129460020F9
:108D50000CF01AF8E4E794F88830022BE0D1F2E73F
:108D600094F85930012B14BF29460421EFE74FF442
:108D7000BB613220F8F74EFEB0140020988F03003C
:108D800010B5B8B9A9B11C4A92F870300A2B29D98C
:108D900092F870300E2B2AD892F87030D2F8C42096
:108DA00003F1804392680B3BBDE8104052F823303A
:108DB000184710BD104C94F87C305BB90F4A002363
:108DC000A4F8BA300121937084F87010BDE8104007
:108DD00003F064BB0BF0BEFF0AF08CFC002384F8A8
:108DE0007C30EBE741F2A8513220F8F713FE41F254
:108DF000A9513220F8F70EFEB01400206A150020A9
:108E000070B582B0F9F7FAFD0446F9F7FDFD81B2BD
:108E1000204611F0D5FC00283AD0204E0C23054600
:108E2000002086F8703003F065FB336D297893F8E5
:108E3000CD4004EA511404F0010405202146FEF758
:108E400085FA042003F052F948B12B78326DC3F350
:108E5000401386F8913082F8CD4002B070BD96F88C
:108E60007C3063B90E4A00230121A6F8BA3086F897
:108E70007010937002B0BDE8704003F00FBB01901A
:108E80000BF068FF0AF036FC019886F87C00E9E7F1
:108E900040F287613220F8F7BDFD00BFB01400201A
:108EA0006A15002070B53A4C94F8BC305F2B2ED870
:108EB0005A09384B13441D79636F73B1F9F79EFD5E
:108EC0000646F9F7A1FD81B2304611F079FC014662
:108ED000002858D00020FEF7F9FFD4F894000BF0DA
:108EE000B9FE94F85430022B2DD0032B11D094F8F6
:108EF0008830022B13D0012B15D0DBB300220723BF
:108F000084F8B95084F8802084F8703070BD002552
:108F1000D2E794F88830012B19D0022BEDD1002331
:108F2000A4F8A930EAE794F8B930A3F10203B3FA40
:108F300083F35B094FF0000263F3070263F30F2230
:108F4000A4F8A920DAE794F88830022BD3D115F0E1
:108F50000C0F08D1294600200BF016FF94F888303A
:108F6000022BC8D1DBE794F85930012B14BF2946F6
:108F70000421F0E701F0D8FC84F8A90001F09AFA86
:108F800084F8AA00BAE74FF4BB613220F8F742FD3B
:108F9000B0140020988F0300B0B582B0F9F72EFD11
:108FA0000446F9F731FD81B2204611F009FC002892
:108FB0006CD0394C054601F0CBFA94F89830234434
:108FC000002093F8BD7084F8B97003F08FF8002882
:108FD00043D094F87030022B2DD1012F1ED1E81C04
:108FE00006F06AFA84F87C0028B140250AF064FB98
:108FF00028460BF0A3FE94F85430023B012B21D9F4
:10900000002340F608010522A4F87810C4F8803047
:1090100084F8A83084F8702002B0B0BD681D06F056
:109020004BFA84F87C000028E5D017F00C0F14BF31
:1090300055255025DAE729460020FEF739FA012F99
:10904000CDD0EBE794F89830234493F8BD10012974
:10905000D6D100200BF098FED2E794F87C3063B9AB
:109060000E4A00230121A4F8BA3084F870109370DE
:1090700002B0BDE8B04003F011BA01900BF06AFEF7
:109080000AF038FB019884F87C00E9E74FF4A1610D
:109090003220F8F7BFFC00BFB01400206A15002092
:1090A00008B506F027FC044B18700BF0A7F9BDE8D3
:1090B0000840FFF771BF00BF1000002010B50D4C35
:1090C00006F018FC0C4A94F87C3010702BB90BF0A9
:1090D00095F9BDE81040FFF75FBF0BF03BFE0AF0CB
:1090E00009FB002384F87C300BF088F9BDE81040C0
:1090F000FFF752BFB01400201000002038B5184C04
:1091000094F869300BB9616ED9B994F87030012BBD
:10911000DAB207D9022A03D1FFF73EFF002038BD9B
:109120000C2038BD94F87C3093B90E4B00250122F9
:10913000A4F8BA509D7084F8702003F0AFF9284667
:1091400038BD94F8680003F0FF020CF031FDDCE755
:109150000BF000FE0AF0CEFA002384F87C30E4E73E
:10916000B01400206A15002038B5244C94F86930FA
:109170000BB9616E39BB94F87030042B3BD8DFE833
:1091800003F003031D03120094F87C305BBB1C4BFF
:1091900000250122A4F8BA509D7084F8702003F0D5
:1091A0007DF9284638BD94F8A8509DB92846FEF7A9
:1091B000E1FE072384F87030284638BDFFF7ECFE47
:1091C0000025284638BD94F8680003F0FF020CF033
:1091D000EFFCD0E70120FEF7CDFE0025082384F840
:1091E0007030284638BD0BF0B5FD0AF083FA002335
:1091F00084F87C30CBE70C25E3E700BFB0140020F7
:109200006A150020F0B505468FB006F073FB2C7888
:10921000774B024604F00F041A702846224604A930
:1092200001F03CFE072C4BD10598002800F09180FE
:109230009DF82130012B00F0B2806E4D95F878003A
:1092400008285ED002AA0DF1070106F0E9F800280F
:1092500000F0C8809DF8070002A914F028FE064619
:10926000062C95F84D7000F28680002F08BF374617
:10927000614B85F882701B6823B1002104A89847D0
:1092800085F88300059B4BB19DF8212085F890203F
:109290001968C5F88910594A9B889380B5F88200EF
:1092A000069B0BB1072C47D0214604A8FEF74EFBC6
:1092B00095F87C300446002B34D120460FB0F0BD29
:1092C000059E002E69D09DF82130012BB5D1737910
:1092D00003F0C003402BB0D1464D95F87C30002BF5
:1092E000ACD013F05FFA4FF0000360F3070360F3B4
:1092F0000F23A5F8783008284FF0010385F8803057
:10930000A0D105999DF8210014F0D1FD3C4A0599A2
:1093100006469DF8210005F0BDFF0028A0D1A5F864
:109320008200BDE70BF016FD0AF0E4F900232046A9
:1093300085F87C300FB0F0BD95F878100829B3D0CF
:109340000028B1D0184606F0A7F8012385F881302F
:10935000AAE7284D012685F8826095F8AB30002BEE
:10936000A2D0D5F8AC00503015F084F800289BD17D
:1093700085F8836098E7082C29D8059B002B7FF49B
:1093800074AF9DF81130DB0623D401F0CDFA10B391
:1093900095F88230FBB11F466AE7164D60E74379C6
:1093A00003F0C003402B7FF448AF124D95F87C309A
:1093B000002B3FF443AF95F8B910012991D106F085
:1093C0004DF885F87C0000283FF438AF89E7002786
:1093D0004EE701274CE7002F7FF44AAF05F054FF1A
:1093E000074645E740F6FC413220F8F713FB00BF83
:1093F00010000020B014002070000020391500205B
:10940000281500202DE9F0419D4C94F8573086B086
:109410005BB194F8823005466BB12E78012E11D0E5
:10942000022E00F0A580002E42D00AF0E7FF0520B2
:1094300006B0BDE8F08194F88330002BF5D02E788B
:10944000012EEDD10AF0DAFF94F8B930022B6B78D7
:1094500000F0C08003F01803182BE8D194F85430C2
:10946000032B00F0BD80874A92F900307F2B00F07B
:109470000481029394F8793001937F2194F88F301E
:10948000009311700022039294F8B9307E4AFF21B4
:10949000284601F0B1FA0028C9D0A9690120FEF7D9
:1094A000E9FD0028C3D0012384F888300320BFE7FA
:1094B0000AF0A4FF94F85430032BB8D06B7813F063
:1094C000100F14BF08220122C3F3001732EA03036E
:1094D000ADD1AB688DF815608DF816608DF817600A
:1094E000002B00F094800DF117030DF115020DF122
:1094F00016012846FFF7D6F89DF8153094F84580F8
:10950000002B40F0AE80AB68AA7C5F49404613F068
:1095100005F978B994F85530023B012B87D89DF8AE
:109520001630002B83D09DF81530002B7FF47FAFD1
:109530004FF0FE08002F6DD0524890F900307F2B7D
:1095400000F09B80029394F879300193002694F800
:109550008F3000937F27039694F8B93007704A4AFA
:109560004146284601F048FA00283FF460AF26E063
:109570000AF044FF94F85430032B3FF458AF6B7853
:1095800003F01803182B7FF452AF3E4991F90030D5
:109590007F2B72D0029394F879300193002294F8D3
:1095A0008F3000937F20039294F8B9300870364AC8
:1095B000FF21284601F020FA00283FF438AFA969BE
:1095C0000120FEF757FD00283FF431AF84F8886092
:1095D00003202DE703F01903192B3FF43FAF26E7D3
:1095E00069680023B1FA81F11A4649092846FDF756
:1095F0006DFE00283FF41BAFAB699B7813F0E003CE
:1096000032D194F87E30002B7FF42DAF0FE74FF06E
:10961000FF088FE71B4A92F900307F2B2DD094F87A
:1096200070107F200529107005D094F87020082A4A
:109630000CBF0326012694F8792094F88F1000912E
:10964000CDE90123039694F8B9300F4A41462846E4
:1096500001F0D2F900283FF4EAAE00F0AFFF052098
:10966000E6E648F0020865E7402B7FF4FCAE94F88C
:109670007F30002B7FF4F7AED9E6FEF70BF900BF81
:10968000B014002010000020F614002030B505466C
:109690008BB006F02FF92C784E4B024604F00F04E5
:1096A000284669461A7001F093FC072C3CD04A4DBD
:1096B000002221466846FEF707FF95F8B930013BC6
:1096C000072B71D8DFE803F00F0670047070700488
:1096D000072C24D00AF092FE052495F87C3083B93B
:1096E00020460BB030BD062C02D0F3D8022CF1D8A6
:1096F00021466846FEF72AF995F87C300446002B8F
:10970000EED00BF027FB09F0F5FF0023204685F88B
:109710007C300BB030BD9DF80030012BDAD16846AB
:10972000FFF770FE0446D8E79DF80030022B13D0F7
:10973000294D012B95F8B9203BD0BBB912F00C0F85
:1097400014D09DF80120D10610D522F00302019318
:109750008DF80120029309E09DF801301E4D002292
:1097600023F0030301928DF80130029200220721B9
:109770006846FEF7A9FE95F8B930013B072B13D8D0
:1097800001A252F823F000BF1F97000017970000B6
:10979000A99700001F970000A9970000A997000053
:1097A000A99700001F97000041F267313220F8F7B7
:1097B00031F99DF8011000236FF34101022A8DF861
:1097C00001100293D2D0CAB263F3000201938DF864
:1097D0000120CBE710000020B0140020F0B5B04C01
:1097E00091B00D4606A901F0F3FB94F8A9303BB106
:1097F0009DF8193000226FF300038DF8193007929D
:1098000094F8AA303BB19DF8193000226FF3410360
:109810008DF8193008929DF8180094F88830984215
:1098200009D000F00BFF012594F87C30002B62D1A9
:10983000284611B0F0BD294606A801F0F1FA78B922
:109840009DF819301B07ECD50B9B58781A7800F05F
:109850000F0142EA0121000901F002FB0028E0D0DB
:109860002A46072106A8FEF72FFEB4F88230002B07
:10987000D7D0089B00228DF815208DF816208DF882
:109880001720002B41D00DF115020DF117030DF13A
:10989000160106A8FEF706FF9DF8152094F845600E
:1098A0009DF816700AB146F002069DF817309DF833
:1098B0001850012D73D0022D2BD0002DB1D194F86A
:1098C0005430032BAFD09DF819309B0700F19880DE
:1098D000FF2694F8833033B1724B1B681BB10D988F
:1098E00008B10F999847314606A8FEF705FC0028F5
:1098F00099D0032598E70BF02DFA09F0FBFE002321
:10990000284684F87C3011B0F0BD1F461A46FF2669
:10991000CDE794F85410032985D09DF8190000F084
:109920000905092D7FF47FAF022900F0CF8010F0E8
:10993000020000F091804AB9089B9DF82A205A49FC
:1099400094F8450012F0EAFE00284AD0574A92F9EE
:1099500000307F2B00F0F98094F870107F200529EB
:10996000107000F0F48094F87020082A0CBF0322D5
:109970000122039294F87920CDE9012394F88F20F5
:10998000009294F8B930484A314606A801F034F8FC
:1099900000283FF448AF00F011FE012544E79DF890
:1099A000190094F8A91000F0090CBCF1090F06D0B9
:1099B00000293FF438AF10F0080F3FF434AF94F8AB
:1099C00054C0BCF1030F73D010F0020044D082BB2E
:1099D000089B9DF82A20344994F8450012F09EFE19
:1099E00038BB94F85530023B012B3FF61CAF002FDB
:1099F0003FF419AFFE2106A8FEF79AF9012513E7F7
:109A0000002A7FF466AF089B9DF82A20264994F827
:109A1000450012F083FE00287FF45BAF94F85530C8
:109A2000023B012B3FF6FFAE002F3FF4FCAEFE26BB
:109A30004FE71E4A92F900307F2B00F0868094F8A1
:109A400070107F200529107078D094F87020082AB3
:109A500008BF032503958DE7144A92F900307F2B48
:109A600073D094F870107F250529157005D094F8EF
:109A70007020082A0CBF0320012094F8791094F874
:109A80008F20CDE90230CDE9002194F8B930064AA3
:109A9000FF2106A800F0B0FF00283FF4C4AE7AE72B
:109AA000B014002064010020F614002010000020F3
:109AB00006A8FDF70BFC00283FF4B5AE254812F0D0
:109AC000D0FB00283FF4AFAE0E25ADE610F002014A
:109AD00036D062B9002B84D0089B9DF82A201E49FD
:109AE00094F8450012F01AFE00283FF47AAF1B4BA1
:109AF00093F900507F2D18BF002126D07F2203202C
:109B00001A70FDF723FC0123039394F8793094F83D
:109B10008F200092CDE901350F4A94F8B9303146D3
:109B200006A800F069FF00283FF47DAE094812F056
:109B300098FB00283FF477AE0D2575E6002589E7F0
:109B4000064B93F900507F2DD8D1FDF7A3FE0022DC
:109B50000FE700BF34150020F6140020100000208D
:109B600010B5044605F0C6FE2378084A03F00F033B
:109B7000072B107005D120460321BDE81040FFF7E8
:109B80002DBE00F05BFD012010BD00BF10000020C5
:109B900010B5044605F0AEFE2378084A03F00F0323
:109BA000072B107005D120460121BDE81040FFF7BA
:109BB00015BE00F043FD012010BD00BF10000020C5
:109BC000034B93F83E00003818BF0120704700BFD8
:109BD000B0140020024B187A003818BF01207047DB
:109BE000B014002010B5094C236D53B102226272EB
:109BF0001B8807496381204613F018FC0023236566
:109C000010BD40F22B413220F7F704FFB0140020C2
:109C1000317E000038B5234C94F87030012B054696
:109C200002D094F87030D3BBF8F7E0FE00F056FC99
:109C300094F87C305BBB422200211A480FF014FDDF
:109C4000002040F2071384F8540084F87A0084F866
:109C5000585084F8A800A4F84C30FF2284F86920FA
:109C600084F86800606684F86900012140F20122EE
:109C700084F8AB00C4F8AC0084F8BD1084F844004C
:109C8000A4F85420A4F84C3084F8570038BD0BF0E9
:109C900061F809F02FFD002384F87C30CBE70C201D
:109CA00038BD00BFB01400200F4BD3F8C42010B54E
:109CB000C3F8C00072B100220C46A3F8BA2083F8A2
:109CC000BC2083F8702000F009FC2046FFF7A2FFBB
:109CD00028B910BD40F6B3113220F7F79BFE40F6CD
:109CE000B9113220F7F796FEB0140020024B034A58
:109CF000C3F8C420704700BFB014002084010020C6
:109D0000024B034AC3F8C420704700BFB0140020C0
:109D10006801002070B50546F8F770FE0446F8F7B4
:109D200073FE81B2204610F04BFD40B1064BD3F8D4
:109D3000C43001461B682846BDE87040184740F60D
:109D400096213220F7F766FEB0140020024BD3F8BC
:109D5000C4305B68184700BFB014002010B50D4C2C
:109D600000F06CFC94F87C305BB90B4A0023A4F83B
:109D7000BA300121937084F87010BDE8104002F0F1
:109D80008DBB0AF0E7FF09F0B5FC002384F87C30B6
:109D9000EBE700BFB01400206A150020014B83F8E8
:109DA0004C007047B014002010F0010316D00C4A8C
:109DB000012382F8BD300221820706D5084A1A44E1
:109DC0004FF0020C0B4682F8BDC0020704D5044ACE
:109DD0001344082183F8BD10002070470121EBE7F0
:109DE000B0140020014B83F857007047B0140020D6
:109DF00010B5124C94F84430A3F1020CBCF1010FE1
:109E000008D913B1023B18BF0123BDE81040184622
:109E100005F094B80028F5D111F0FD0F14BF012012
:109E20000020114612F0B4FC082801D0012010BD1A
:109E300094F84430002BE5D1E7E700BFB0140020D0
:109E4000044B93F8443013F0FD0F14BF01200020A1
:109E500005F074B8B0140020014B83F8440070473B
:109E6000B014002038B5234C94F8443013F0FD0FA3
:109E700014BF0120002004F1460184F8450005F0DC
:109E800045F894F84430023BDBB2012B94BF012328
:109E9000002384F87D3000D938BD05F0BBFA0546B3
:109EA00014F047FC6B015B1B4FEAD56262F10002C4
:109EB000520242EAD3525B025B1942F1000C4FEAB4
:109EC0008C1E9A014EEA936ED31A6EEB0C025B194C
:109ED00042F100021B1842EB01010020C4E92831C5
:109EE00005F060FB0028D7D140F654313220F7F757
:109EF00091FD00BFB0140020002810B50C4C0CBF21
:109F00000123002384F84D304FF0080384F85600F5
:109F100084F87B300AD111F0FD0F18BF01201146E3
:109F200008BF002012F034FC84F87B00002010BD34
:109F3000B014002008B5A1B10C4B83F85A000A6890
:109F4000C3F85B201A6D888893F84510A3F85F006A
:109F50005172D3F84610C2F80A10B3F84A30D381D0
:109F600008BD40F673313220F7F754FDB0140020DD
:109F7000034B032883F8540008BF1965002070477D
:109F8000B0140020024B83F87E000020704700BF11
:109F9000B0140020024B83F87F000020704700BF00
:109FA000B01400200D4A92F85430032B0ED0013B20
:109FB000012B01D90020704792F8550000F0FD00F8
:109FC000A0F10100B0FA80F04009704792F8560005
:109FD000A0F10100B0FA80F040097047B0140020F1
:109FE000014B93F854007047B014002010B5104C8A
:109FF00094F869300BB9616E91B994F87C303BB933
:10A000000C4B0020A4F8BA00987084F8700010BDC2
:10A010000AF0A0FE09F06EFB002384F87C30EFE725
:10A0200094F8680003F0FF020BF0C2FDE5E700BF03
:10A03000B01400206A15002008B5024812F01AF981
:10A04000002008BD3415002000B50C4B93F85420B7
:10A05000032A0DD04FF0000CE64683F83FE0084994
:10A0600008485DF804EBA3F840C0022213F0DEB903
:10A070001A6D4FF0010EB2F800C0EEE7B0140020E8
:10A08000E17D0000E614002010B5027812F0010C0A
:10A0900043D04178234B032908BF002483F8541090
:10A0A0004FF0010108BF1C6583F8BD104FF0020E90
:10A0B00094070FD590F802C083F854C0BCF1030F89
:10A0C000194408BF0024F4464FF0020E08BF1C6577
:10A0D00081F8BDE052070BD5C27883F85420032ADB
:10A0E00008BF00219C4408BF196508218CF8BD10E9
:10A0F000027983F84420427983F8552012F0FD0F4D
:10A100000CBF0122002283F84D20827983F84C2075
:10A11000C27983F85720002010BD024B4FF0010E8A
:10A120006146C5E7B014002000487047681500205C
:10A1300010B50F4C94F87030032B13D1023801285E
:10A140000BD839B90B4A0023A4F8BA30937084F8BD
:10A15000703010BD00F072FAF4E740F62F41322063
:10A16000F7F758FC40F621413220F7F753FC00BFC7
:10A17000B01400206A1500200A4B5A6E7AB1FF22F3
:10A18000002083F86920586693F868C0064983F870
:10A190006900012202FA0CF2C1F8082570470C2070
:10A1A000704700BFB014002000F00140034B93F84B
:10A1B000AB00003818BF0120704700BFB01400206A
:10A1C0002DE9F04F012A8DB005460C4608BFA0F1DD
:10A1D0000905F8F713FC074610F05CFB064600285B
:10A1E00000F04081014601AA384610F061FB80462C
:10A1F000F8F70AFC80B2404540F02F81019802A98F
:10A2000000F0E6FE304610F059FB854240F0208118
:10A21000D5F81A10287FD5F81220D5F81630D5F8C1
:10A220001E60C4F80B10D5F82A10C4F80320C4F837
:10A230000730D5F82220D5F82630C4F81B10C10607
:10A2400004F10308C4F80F60C4F81320C4F81730F1
:10A250001AD5420740F1E0800023E3720423237003
:10A2600004F02CFC814680BB384610F029FB002806
:10A2700000F009810021384610F046FA864B002292
:10A280005A700DB0BDE8F08F834E3378002B40F04C
:10A290008F8095F82D30242B40F288800023E372C4
:10A2A0004FF00109637B03F06002202A00F0A980CF
:10A2B000002333700423237004F000FC28B9B9F1A3
:10A2C000000FD1D10DB0BDE8F08F2378042B40F002
:10A2D000CE8094F80DA01AF0100F00F0D0806E4ED2
:10A2E000D4F80300D8F80410D8F80820D8F80C30B7
:10A2F00094F80BB0351D0FC5D8F81000D8F814101D
:10A30000D8F8182007C504F11F015A4606F12000AD
:10A310000FF032F91AF004011DD0F37DFE2B1AD193
:10A320002373B38BA4F81130737BE3743379E37038
:10A3300001232371737963717389B069D6F806209C
:10A3400063811123C4F80D00C4F806202370B9F10D
:10A35000000FB7D088E7514B32799B8863810BF1AE
:10A360000A0313FB02F3E2700233727963706271C5
:10A3700004EB0B03D6F80620707BC4F806200322FA
:10A3800084F80CB0227058731AF008002ED0042301
:10A390002371BBF11F0F6ED841495A4604F10D00DD
:10A3A0000FF0EAF8B9F1000F8CD05DE701233370AC
:10A3B0009DF80830022B3FF471AF73780198E522C5
:10A3C00004F11F0112F038FE7378E07218447070C7
:10A3D000019812F029FE7378834234D0637B012206
:10A3E00062F3461363734FF000095BE70AF003035F
:10A3F000032B21D0E9B9022B28D0002B48D12271A0
:10A40000C7E73278012A19D0022A0FD0002A7FF438
:10A4100051AF012333704DE79DF8185005992A4636
:10A4200004F11F000FF0A8F8E57217E7032333705B
:10A4300040E701232371ACE72071AAE79B07F5D51C
:10A440000223337036E74FF001092BE72371A0E7B1
:10A4500040F2DF113320F7F7DDFA4FF4EA713320D1
:10A46000F7F7D8FA4FF4E5713320F7F7D3FA502114
:10A470003320F7F7CFFAA1213320F7F7CBFA512198
:10A480003320F7F7C7FA40F21D213320F7F7C2FA5D
:10A490009E213320F7F7BEFA781500207E150020A4
:10A4A000981500200122FFF78BBE00BF0022FFF7A6
:10A4B00087BE00BF00B583B0F8F7A0FA0DF1020225
:10A4C00001A910F011FA019810F0F8F990F82500A0
:10A4D000FF3818BF012003B05DF804FB00B583B05E
:10A4E000F8F78CFA0DF1020201A910F0FDF90198BC
:10A4F00010F0E4F90023C0F81A3090F81CC0134A99
:10A50000C0F812304FF0010EFF216EF3461C4FF0E1
:10A510007F0EC0F81E30C0F82230C0F82A30C0F8D4
:10A52000163080F82CE0C0F8263080F82010C17476
:10A5300080F8251080F81CC01364A2F84430137012
:10A5400082F8463003B05DF804FB00BF78150020A8
:10A5500000B583B0F8F752FA0DF1020201A910F02C
:10A56000C3F9019810F0AAF90023C0F81A3090F846
:10A570001CC01149C0F812304FF0010EFF226EF3DB
:10A58000461C4FF07F0EC0F81E30C0F82230C0F8D5
:10A590002A30C0F8163080F82CE0C0F8263080F859
:10A5A0002020C27480F8252080F81CC00B64A1F81C
:10A5B000443003B05DF804FB7815002070B582B01C
:10A5C000F8F71CFA0DF1020201A9044610F08CF90B
:10A5D000019810F073F9C67FEEB90546204610F0D9
:10A5E000B6F8012815D0F8F70FFA012281B22046FB
:10A5F00010F010F9C8B1204610F0A9F880B10D494B
:10A600002E720622284612F011FF0B4B0022A3F8EF
:10A61000442002B070BD204610F099F80028F4D113
:10A6200040F2E2213320F7F7F5F940F2DE21332042
:10A63000F7F7F0F9ADA4000078150020F0B583B06D
:10A64000F8F7DCF90DF1020201A910F04DF90198BB
:10A6500010F034F9C37FD3B1124D2C6C94B1237F29
:10A6600095F84670022262F34613237700260E49BE
:10A6700026720622204612F0D9FE57B900232B6419
:10A6800085F8463003B0BDE8F040FFF797BF03B050
:10A69000F0BD06496674062204F1090012F0C6FEF8
:10A6A000ECE700BF78150020ADA40000A5A40000D1
:10A6B0002DE9F04F83B00D4690461F469DF830902F
:10A6C0009DF834A09DF938B00646F8F797F904468E
:10A6D00010F03DF8012822D020460DF1020201A918
:10A6E00010F002F9019810F0E9F80023C0F81230D8
:10A6F000C0F81630C0F81A30C0F81E30C0F822304A
:10A70000C0F82630C0F82A30012304468374062D91
:10A710007BD8DFE805F00745587A7A7A5D0003B008
:10A72000BDE8F08F037F23F0130343F01303037797
:10A73000B9F1080F04F114023DD0484604F11301A9
:10A7400004F06EFE00286AD0E37C43F00203E37459
:10A75000227F84F81BB00123E38352074FF0FF03ED
:10A7600084F820303BD484F825307F2384F82C30C3
:10A7700084F82DA0F8F742F90546F8F745F90122CB
:10A7800081B2284610F046F8002843D0264900231D
:10A7900006222046237203B0BDE8F04F12F046BEF9
:10A7A000037F23F0150343F01503B9F1080F037776
:10A7B00004F11402C1D1737CE37473681968616198
:10A7C0009B889380C4E7037F43F010030377AFE7D0
:10A7D000037F23F0120343F012030377A8E7BB1EA5
:10A7E000012B04F1260208D9B3681968C4F82610B1
:10A7F0009B88938084F82570B7E7D8F80030C4F8B8
:10A800002630B8F804309380F4E74FF44E713320CB
:10A81000F7F700F94FF456713320F7F7FBF8EE2104
:10A820003320F7F7F7F800BFADA400002DE9F0439F
:10A8300083B00E46154698469DF928708146F8F774
:10A84000DDF804460FF083FF01285ED00DF102020F
:10A85000204601A910F048F8019810F02FF80022C6
:10A860000123082EC0F81220C0F81620C0F81A20C4
:10A87000C0F81E20C0F82220C0F82620C0F82A20E8
:10A880000446837400F1140235D0304604F11301FC
:10A8900004F0C6FD002840D0E37C43F00203E374DB
:10A8A000227F84F82D8045F01A0522F01B0305F065
:10A8B0001B051D43FF23012684F8203084F8253032
:10A8C0007F23257784F82C30E776E683F8F796F82F
:10A8D0000546F8F799F8324681B228460FF09AFFFC
:10A8E000B0B11049002306222046237203B0BDE810
:10A8F000F04312F09BBD99F81130C374D9F80430BD
:10A90000196841619B889380CAE703B0BDE8F08372
:10A9100040F285313320F7F77DF8EE213320F7F749
:10A9200079F800BFADA4000000B583B0F8F766F871
:10A930000DF1020201A90FF0D7FF01980FF0BEFF41
:10A94000C07CFF3818BF012003B05DF804FB00BFD6
:10A9500010B582B09DF814409DF810C074B9022A59
:10A9600009D0012A24D032B91CF00C0004D0487858
:10A97000C0F3001000E0012002B010BD012C05D092
:10A98000022C0CBF1846012002B010BDB2B9EBB1C9
:10A99000F8F734F80DF1020201A90FF0A5FF0198B4
:10A9A0000FF08CFF90F82500FF3818BF0120E3E777
:10A9B00053B9BCF1020018BF0120DDE7012A14D011
:10A9C000901E18BF0120D7E71846D5E7F8F716F80C
:10A9D0000DF1020201A90FF087FF01980FF06EFF41
:10A9E000C07CFF3818BF0120C6E7007BA0F1020041
:10A9F000B0FA80F04009BFE72DE9F04F8BB0054673
:10AA00009DF85C609DF850009DF958A095F800B045
:10AA100003901F469DF85430059107920693F7F76F
:10AA2000EDFF002E40F032810DF122080DF12409D6
:10AA3000424649460FF058FF09980FF03FFF0123A7
:10AA400083747B1E044680F81BA0072B00F2D38181
:10AA5000DFE813F008000800D1017001D101D10135
:10AA6000D10170013B46A377039B84F82D306B69BD
:10AA700053B3F7F7C3FF424649460FF035FF099835
:10AA80000FF01CFF2A8841F2FF0313401CD0002363
:10AA900004936B695A78C2F3031284F820205A7821
:10AAA0001B7802F00F0243EA0223A4F82130012EA2
:10AAB00095F800A00BD1BAF1000F08D1EB6933B1C2
:10AAC0005B88A4F8233002E0049395F800A0237F6C
:10AAD000AAF10102B2FA82F2520962F30003990765
:10AAE00058BFAAF10202237758BFB2FA82F2237F3D
:10AAF00054BF5209012262F34103237713F002038A
:10AB000018BFBAFA8AF3227F18BF5B0963F3C30246
:10AB1000AB682277ABB1022E16D0F7F76FFF424633
:10AB200049460FF0E1FE09980FF0C8FECDE9007626
:10AB30005246123001232946FFF70AFF002800F091
:10AB4000F480012E00F0D580AB69002B40F0C3806B
:10AB5000237F6FF3461323772EB917F00C0F02D023
:10AB60006B78DB0605D42B6A1BB193F9003084F8AF
:10AB70002C306B689BB1F7F741FF424649460FF016
:10AB8000B3FE09980FF09AFECDE90076123000234B
:10AB90005A462946FFF7DCFE002800F00E81AB681C
:10ABA000ABB1022E19D0F7F729FF424649460FF004
:10ABB0009BFE09980FF082FECDE900765A461230CE
:10ABC00001232946FFF7C4FE002800F0D18026B9F2
:10ABD000012528460BB0BDE8F08F8E4D2E6C76B166
:10ABE00095F846A000278C4937720622304612F0AD
:10ABF0001DFCBAF1000F40F0D08000232B64F7F762
:10AC0000FDFE237F03F06003202B064600F08480C6
:10AC10000025814925720622204612F007FC049B7C
:10AC2000E52B00F2C280F7F7EFFE012281B2304639
:10AC30000FF0F0FD0546002800F0E280424649464C
:10AC400030460FF051FE09980FF038FED4F812206C
:10AC5000D4F81630D4F81A10D4F81E60C0F81E606C
:10AC6000C0F81220C0F81630C0F81A10D4F822200C
:10AC7000D4F82630D4F82A10C0F82A10C0F82220C0
:10AC8000C0F8263028460BB0BDE8F08F04460FF020
:10AC90005EFD01287CD02B78022B2FD1002304935A
:10ACA0000DF122080DF124092046424649460FF0D5
:10ACB0001BFE09980FF002FE012383747B1E0446DD
:10ACC00080F81BA0072B00F29680DFE803F03535F3
:10ACD000944F9494944F9A78597802F01F0351EA54
:10ACE0000323237F0CBF0222012262F34613237742
:10ACF00032E7BBF1000F3FF427AF29E72B7C454A31
:10AD000004931946B2F844300B4440F272618B420E
:10AD10003EDCA2F84430C3E7049B2C64E52B94BFCF
:10AD20000023012385F846307DE7237F43F00403A9
:10AD3000237706E7032396E63B46E377039B84F8F5
:10AD40002D306B69002B3FF4B2AEF7F757FE424649
:10AD500049460FF0C9FD09980FF0B0FD032E7FF4AE
:10AD600098AE037F18077FF594AEAEE60323E4E7C1
:10AD7000059B023B012B04F126022DD9AB68196813
:10AD8000C4F826109B889380059B84F825301EE725
:10AD9000002528460BB0BDE8F08F2049777406F1F6
:10ADA0000900062212F042FB27E71C4965740622BF
:10ADB00004F1090012F03AFB35E70698082804F17F
:10ADC000140210D004F1130104F02AFBE8B1E37C73
:10ADD00043F00203E374E2E607990B68C4F82630F7
:10ADE0008B889380D0E76B7CE3746B681968616132
:10ADF0009B889380D3E64FF422710620F6F70AFE73
:10AE000040F236213320F6F705FEEE213320F6F727
:10AE100001FE00BF78150020ADA40000A5A400002D
:10AE200030B583B00C460546F7F7E8FD0DF1020298
:10AE300001A90FF059FD01980FF040FD44B92B888E
:10AE400041F2FF021A420CBF0120002003B030BDC6
:10AE5000032C0ABF007F0020C0F3C00003B030BD48
:10AE600030B583B004460D46F7F7C8FD0DF1020278
:10AE700001A90FF039FD01980FF020FD90F8203066
:10AE8000A34202D0002003B030BDB0F82100401B27
:10AE9000B0FA80F0400903B030BD00BF70B50C4679
:10AEA0000546164611F047FF6074284611F04EFF24
:10AEB000A074062E13D8DFE806F004190412041259
:10AEC00004000023EA1CC4E90123012161706B78AE
:10AED000063BDBB223743BB10935E56070BD00234E
:10AEE000C4E9013363702374E36070BD0023032160
:10AEF0006A1823740935C4E901256170E36070BDE7
:10AF000070B5C3780C4613F03F015BD0054611F0D5
:10AF100012FF6074284611F019FFA0742B7963703A
:10AF2000E878830923702B7913F0010641D14FF0A3
:10AF3000050C4FF00B0E624613F002011CBF05EB2F
:10AF40000C017246A160590744BF0132D2B213F01E
:10AF50000801666002D0961CA918F2B2616113F074
:10AF6000100102D0D61CA918F2B2A16113F0200181
:10AF700003D002F11206A918F2B213F04003E16106
:10AF800002D0AB180132D2B200F03F00011D891A85
:10AF900011F0FF01236214BFAB180B4663626B789C
:10AFA000013B1B1ADBB2237453B10A441544E5601C
:10AFB00070BD4FF00B0C6E1D4FF0110E6246BBE7DB
:10AFC000E36070BD20462822BDE870400EF04CBB07
:10AFD00070B5067806F00F06072E25D00C460546FC
:10AFE00011F0A9FE6074284611F0B0FEA074062E80
:10AFF00013D8DFE806F0041D041204120400002335
:10B00000EA1CC4E90123012161706B78063BDBB2C5
:10B0100023743BB10935E56070BD0023C4E90133F9
:10B0200063702374E36070BDBDE87040FFF768BFD4
:10B03000002303216A1823740935C4E901256170CE
:10B04000E36070BD70B582B00EF036FCA8B19625F5
:10B050008C260DF106000AF0EDFB0DF107009DF9BD
:10B0600006400AF0EDFB9DF80700204340B200289F
:10B070000CBF3046284602B070BD0EF079FB0028A8
:10B080000BBF7E258D2574268326E2E770B582B03E
:10B090000EF012FCB0B14FF48075F6260DF10600EB
:10B0A0000AF0C8FB0DF107009DF906400AF0C8FB45
:10B0B0009DF80700204340B200280CBF30462846C8
:10B0C00002B070BD0EF054FB00280BBFE825F72539
:10B0D000DE26ED26E2E700BF10B50446FEF780FF4E
:10B0E00001281FD0082C0FD0042C3AD0022C31D0CC
:10B0F00014F00C0F40F2DC434FF0280208D14FF45B
:10B1000002601044184410BD41F64C734FF4A8720D
:10B11000082C03F1500310D140324FF48240104408
:10B120001844F0E7082C1FD0042C17D0022C40F64E
:10B13000480008BF4FF4856010BD042C05D12E32A5
:10B140004FF4825010441844DDE7022CD7D14FF45D
:10B150008260D6E718224FF44373F8E741F2BE103D
:10B1600010BD40F6E823D1E744F2902010BD00BFA7
:10B17000F8B5444C13F0DDFA2378042B05460E464F
:10B1800008D16368A269216D03EB8303521AB2EB05
:10B19000430F4ED3FFF77AFF4FF0000C94F82FE0E7
:10B1A0006146634602330CF1010C54F823205FFA28
:10B1B0008CF302449E451144F4D263688B422DD037
:10B1C000012738460DF08CFB6E2825D9431C27D06B
:10B1D000D4E90E3219188A4298BFD01A236B626BD9
:10B1E0005B1B62EB0606012B76F1000236DB0022C8
:10B1F0009842B24134DA41F28836864228BF064688
:10B2000013F097FAC5F1B1050544B54204D83946A3
:10B2100030460DF0B3FB50B30020F8BD0227D0E755
:10B22000D4E90E30C61A41F288339E4228BF1E462A
:10B23000E6E7FFF72BFF002294F82F701146134624
:10B240000233013254F8233003441944D3B29F42ED
:10B25000F6D263688B42E1D10327B2E70026CFE73D
:10B2600041F28830834228BF03461E46C8E7206C5F
:10B27000A36B30443344A3632064BDE8F8400DF071
:10B28000D5BA00BFC015002010B5284C2378002B7C
:10B290003DD094F82C3003BB2378052B2BD02448C9
:10B2A00001F0E2FDA37813B194F82C3063B3FEF7FC
:10B2B00063FF002384F82C302278A370042AA36251
:10B2C00016D000232370FEF72FFF044600780CF001
:10B2D0005DFC08B32023237010BD2378052B20D1FB
:10B2E000236F002BDBD004F1500001F063FED9E79F
:10B2F000FFF7A4F9E5E7236F002BD0D1A06A00F592
:10B30000367001F0B1FDCAE7FEF79EFECFE74FF4BD
:10B31000B8712120F6F77EFB40F286312120F6F746
:10B3200079FB40F24D212120F6F774FBC015002077
:10B330001016002010B51C4C2378042B07D163682D
:10B34000226D03EB8303801AB0EB430F16D3FFF794
:10B350009DFE002194F82FE08C460B46023301310C
:10B3600054F82320CBB2024473459444F6D9636861
:10B37000634501D0012010BD022010BDFFF786FEFD
:10B38000002194F82FE08C460B460233013154F82B
:10B390002320CBB202449E459444F6D263686345B1
:10B3A000EAD1032010BD00BFC01500202DE9F04FE9
:10B3B00093B01746994603910646FEF7B5FEAB4C8F
:10B3C000069013F0B6F9A368079104900293FFF773
:10B3D0005DFE002194F82F508B460A46023201315F
:10B3E00054F82230CAB2034495429B44F6D26368B3
:10B3F0000593002F3AD05B4500F00781039B002B9B
:10B4000040F00582D4E91451059B049F5819A7EB1D
:10B410000505B5FBF3F503FB05F541F100082D1813
:10B4200048F10008FFF70EFE00F2071292B2E91B86
:10B43000914280F08B816268206D216A039FA1EBAD
:10B44000000ABAFBF2FA02FB0A0A0698A5EB0A0AFE
:10B45000BAFBF2F3BA46504455194079089348F1C3
:10B460000008082852D14FF4D2690AE1039B002B4F
:10B4700060D0049B13F5FA65079B43F1000801F0C7
:10B48000BFFD01F045FD2278052A824600F0688262
:10B490007748514601F00CFDBAF1000F19D0DAF8E7
:10B4A0000020DAF80800DAF804108018BAF924202D
:10B4B000D4F804A0A4F8742041F10001CDE90058AB
:10B4C000524601F04FFD504500F2E282451948F125
:10B4D000000801F09BFD6268AA1A226568F100026B
:10B4E0006265B9F1000F00F0B78042F21072284691
:10B4F0004146E9FB0201C4E90C0101234FF0000AB7
:10B5000008930698504440790828ACD0042800F0ED
:10B510004E81022800F07781411E072900F26082E7
:10B52000DFE811F03B015E025E02A8005E025E02EF
:10B530005E02A800D4E91412049B05985D1AB5FBBD
:10B54000F0F500FB05F5691842F100020992089137
:10B55000FEF7EAFD0746FFF775FD0899049B0546CF
:10B56000A3EB0108FFF792FD05F20715626818FAD0
:10B5700085F5014694F82F0095422CBFA5EB0208F3
:10B58000A846002800F05382A2680A4442459ABFA8
:10B59000A8EB02084FF001094FF00009012815D06F
:10B5A000E2680A44904505D309F10109A8EB0208B5
:10B5B0005FFA89F9022809D022690A44424505D870
:10B5C00009F10109A8EB02085FFA89F94F4409F172
:10B5D0000203787954F8232002920828CA4600F022
:10B5E0001881042800F0F781022800F02F82471EFE
:10B5F000072F00F2F581DFE817F01C02F301F301D9
:10B60000F801F301F301F301F801227822B1B4F952
:10B610007420002A7FF4F2AE039B002B40F03D82A1
:10B6200094F82E20069B1A445079082800F03E8199
:10B63000042800F00882022800F00D82421E072A2A
:10B6400000F2CE81DFE812F0F801CC01CC01DB0181
:10B65000CC01CC01CC01DB0101234FF0FF306FF0B6
:10B660000041C4E90C01CA4608934AE7C01500200E
:10B67000101600204FF0A009022800F0C6802821F3
:10B68000894409F04BFFB44900F52340A130A1FBE8
:10B690000030216B09F1BF0909EB9019481B616B60
:10B6A00061EB0801012871F100037DDB029B4FF083
:10B6B000000C83427CEB010300DB02900AF10202E2
:10B6C000029B54F82220934228BF1346E36317B924
:10B6D000089B002B70D1039B0BB1C4E90658059B56
:10B6E0005B4514BFE36B4B464FF0010AA363C4E90B
:10B6F000085886F80BA0FFF7A5FC41463081284684
:10B70000FFF718FEB072A36B7360002F48D086F865
:10B7100000A0049A236B616B9B1A079A61EB0201EC
:10B72000534571F1000245DB8C4A00209A4270EBD0
:10B73000010100DA1346A3EB09033361E06B4845CE
:10B7400034BF0020012013B0BDE8F08F039FE26BEF
:10B750000D928DF83070FFF775FC6168226AADF8C4
:10B760003800206D121AB2FBF1F201FB02F2616D9A
:10B77000101841F10001012211918DF83B20109029
:10B78000FFF7D8FD61688DF83A000CA811F0BDF8FC
:10B79000BA46DDE910580890B3E64FF4A8796BE794
:10B7A000C6E904583770C9E70023029386E740F2E0
:10B7B000BE2966E70023BEE7590089B2B4F97400D8
:10B7C00011F07DFFB4F87420A16A121A12B2A4F825
:10B7D000742061B1A1F8FC22D1F8D8221218C1F866
:10B7E000D822D1F8DC2242EBE072C1F8DC22226DD3
:10B7F000C1172D1841EB08081018626D206541EB48
:10B800000201616567E74FF04809182138E7002712
:10B810002FE64FF4D267CDE90A1309F07FFE4E4AB6
:10B8200000F52340A13008F1BF0CA2FB00306744B3
:10B83000029B07EB90108342DDE90A1321D354F8F1
:10B840002310A1EB08030293002BC0F22D81089B6B
:10B850006768A069ED18099B43F10008236DC11AC0
:10B86000B1FBF7F107FB01F1C9182165A5EB010157
:10B87000B1FBF7F3616D089341F1000161650027A9
:10B880003FE694F82F00484540F29880606809F13F
:10B89000010985425FFA89F980F0018109F102000E
:10B8A000CA4654F820300293CD18CDE74FF4D26544
:10B8B00009F034FED4E90C126FF00047BA4208BF19
:10B8C000B1F1FF3F3ED0244900F52342A132A1FB54
:10B8D0000232BF3505EB92154FF0000A0D958DF839
:10B8E00030A0FFF7AFFB0127ADF838008DF83B70B3
:10B8F000FFF7A8FB049B00F2071292B2D218079B35
:10B90000109243F1000211920CA802228DF83A2005
:10B910000CF06EF9002800F0A780216B109A1198A6
:10B92000DDF81C80CDF820A08A1A616B61EB000065
:10B93000521B60F10002002A049DBFF6E2ADCDF873
:10B9400008A0DEE54FF0000A049DDDF81C80CDF86C
:10B9500020A00127D5E500BFD34D62100040420F63
:10B96000A26A0021D2F8E00201F0DEFA8245014627
:10B970004CD0A06A089100F5367001F099FAA36ADC
:10B98000089900222267002B73D00891002966D005
:10B99000099301F041FBDDE9081300286ED08868A7
:10B9A0000A6812184868C3F8D822B1F92420A3F80D
:10B9B000FC2240F10001C3F8DC1269E561688D42A8
:10B9C00030D3B5EB410F4FEA41005CD254F823303D
:10B9D0000293054638E74FF4A07707F5BF771AE7DB
:10B9E00040F211110520F6F715F804284FF0A007D2
:10B9F000F3D002282BD04FF0280C67440BE7042823
:10BA00004FF0A0051AD105F5BF7551E7A36AA26DE5
:10BA1000D3F8E002824238BF0246A26503F53672CF
:10BA20002267B2E754F8233002930D460CE78146B3
:10BA3000CCE54FF4A877DCE74FF4A87502280BD0CB
:10BA40002822154434E74FF4A075DCE748274FF06F
:10BA5000180C6744DFE648251822154428E7002023
:10BA60000021C3E9B60113E54FF4A3612120F5F7E6
:10BA7000D1FF40F28B712120F5F7CCFF40F291719C
:10BA80002120F5F7C7FF40F2D5412120F5F7C2FF8D
:10BA900040F2EA312120F5F7BDFF0127E9E44FF438
:10BAA00097612120F5F7B6FF40F2DE412120F5F73E
:10BAB000B1FF00BF2DE9F04786B00C46FEF734FB1E
:10BAC0000546082C00F2C480DFE804F05590050517
:10BAD00023C22850BD000478FEF726FB0379C27804
:10BAE00003F01F0352EA032340F0A8800023012241
:10BAF00019466846FFF75AFC002800F0998069460D
:10BB000020460CF0B5F9002800F0D78006B0BDE85B
:10BB1000F08706B0BDE8F04709F0B8B90379C278FC
:10BB200003F01F0352EA03237CD0437813F00C0F79
:10BB300017D0644C94F844309BB9012144F236503C
:10BB400084F844100CF01AFF58B9206CA36B44F22F
:10BB5000365210441344A36320640CF067FE00289F
:10BB6000D4D106B0BDE8F047FEF7F8B806B0BDE89E
:10BB7000F047FFF789BB534E777801233375002FC9
:10BB8000C4D100780CF01EF8336DD6F804A00297EB
:10BB9000C6E9060196F82F108046A0EB030900299C
:10BBA0005BD1D446CE4686F82E108DF80C102B793A
:10BBB000EA7803F01F0352EA03236FD0B26C0092BD
:10BBC00003238DF8043068468DF80D70FEF7A2F857
:10BBD00000286DD1B06BAF3830640CF027FE002820
:10BBE00094D140F2C7112120F5F714FF354C63784A
:10BBF00063B1FEF7FBF9237D002B87D008F0AEFC84
:10BC00000BF000FE0023237563757FE70123637546
:10BC1000FEF79CF800283FF479AF4FF4EB71212038
:10BC2000F5F7F8FEFFF7A4FA00287FF46FAF98E766
:10BC3000244B01229A70FFF727FB67E701210320BD
:10BC4000FEF776FA52E740F205212120F5F7E2FEF1
:10BC500040F209212120F5F7DDFEFFF717FA336DD9
:10BC6000D6F804C0A8EB030E2146BEFBFCF296F802
:10BC70002F400CFB0233A8EB03083A463B46023345
:10BC800056F823300344434503D80131A8EB030899
:10BC9000C9B20132D3B29C42F1D284E7D14538BF58
:10BCA0000123F4458DF804308CBF002701278AE773
:10BCB00040F2C3112120F5F7ADFE40F2CF712120F3
:10BCC000F5F7A8FEC015002070B5434CFEF72CFA1E
:10BCD0002378042B054602D02378052B45D1237DFC
:10BCE0000122627003F0FF06002B41D0EFF31086B3
:10BCF00072B6237D13B1637D002B48D106B962B6BD
:10BD000028780CF06FFF94F82C3023BB2378052B98
:10BD10004FD0324801F0A8F894F82C300025AB42FF
:10BD20000CBF2E460C266570FEF726FA84F82C50C0
:10BD30002378A570042BA56238D000232370FEF76A
:10BD4000F3F9044600780BF021FF00283AD02023B5
:10BD50002370304670BD2378052B38D1236F002B1C
:10BD6000D7D01E4801F026F9D6E70C26304670BD24
:10BD700028780CF0EDFA2B79EA7803F01F0352EAE9
:10BD80000323BDD031460320FEF7D2F9B8E7FEF712
:10BD90002DF9237D002BB1D008F0E0FB0BF032FD34
:10BDA000002323756375002EAAD1A8E7FEF746FC91
:10BDB000C3E7236F002BACD1A06A00F5367001F009
:10BDC00053F8A6E740F286312120F5F723FE40F232
:10BDD0004D212120F5F71EFEC01500201016002071
:10BDE00070B5114C2378B3B923780022A4F87420DD
:10BDF00003F0FF0693B942F2107540F271236560BB
:10BE0000256684F82F60A4F86430FFF73FF92D1AF7
:10BE1000A560304670BDFFF757FFE5E74FF444716A
:10BE20002120F5F7F7FD00BFC015002010B50F4C1D
:10BE30007822002120460DF017FCFEF775F900234B
:10BE4000A367A26F41F6690320219A42017003D8CB
:10BE5000FFF7C6FF28B910BD40F6CD012120F5F748
:10BE6000D9FD40F227212120F5F7D4FDC01500208F
:10BE70002DE9F0412E4F3B7886B0002B3FD1044690
:10BE80000D46FEF751F994F80033BC62064603F004
:10BE9000FF04002B47D105233B707C7087F82C40B2
:10BEA00087F82E40A7F87440FFF7F0F897F82F8036
:10BEB000A6462146224602320EF1010E57F82230E4
:10BEC0005FFA8EF200EB030C90456144F3D2B96542
:10BED000184800210BF030FE202830701ED02B4671
:10BEE000002201216846FFF761FA90B13078694677
:10BEF0000BF0BEFF40B1204606B0BDE8F0810C2437
:10BF0000204606B0BDE8F08140F202312120F5F76D
:10BF100081FD40F201312120F5F77CFD40F2FE2148
:10BF20002120F5F777FD4FF43C712120F5F772FDE4
:10BF3000C0150020B5BA000030B5364D2A7885B05E
:10BF4000002A62D102F0FF030278039312F0010489
:10BF5000CDE901333FD112F0020F4FF001034FF052
:10BF6000020EA446214642D004A901EB8C0C5207D4
:10BF700001694CF80C1C7446C1683BD4013BDBB230
:10BF800040F2712285F82F3069602966A5F8642097
:10BF9000FFF77CF814F0010302D0019A121AAA608C
:10BFA000A1070AD504AA02EB8302991C52F80C2CB3
:10BFB000121A013345F82120DBB2220708D504AA62
:10BFC00002EB8302023352F80C2C101A45F82300BE
:10BFD000002005B030BDD0E9011312F0020F01932B
:10BFE0004FF0030E4FF002034FF0010CBCD152078B
:10BFF0002346C3D5D0E9051004AA02EB830244F01E
:10C000000804E4B242F80C0CBAE74FF44471212062
:10C01000F5F700FDC01500202DE9F04186B000299C
:10C0200043D1DFF8B08098F8003003F0FF05BBBBC8
:10C030000746FEF779F8042388F80030064688F8AA
:10C04000015088F82E50A8F87450FFF71FF898F8A0
:10C050002F30AC462C462A4602320CF1010C58F81F
:10C0600022105FFA8CF2014493420C44F4D21A4835
:10C07000C8F8584000210BF05FFD2028307023D015
:10C080003B46002201216846FFF790F9B8B13078AD
:10C0900069460BF0EDFE68B1284606B0BDE8F081B8
:10C0A0000C25284606B0BDE8F0811125284606B0CB
:10C0B000BDE8F08140F259312120F5F7ABFC4FF497
:10C0C00056712120F5F7A6FC40F256312120F5F7F4
:10C0D000A1FC00BFC0150020B5BA0000024B9B6A4E
:10C0E0000360FFF7F1BD00BFC0150020F8B504469E
:10C0F00012F01FFB304E0546B769FEF715F843787E
:10C10000062C54D8DFE804F02304040732040400AA
:10C1100001252846F8BD13F00C0F14BF4FF46170D1
:10C120004FF45770B36BEC1BBF3B0444A3428CBF6E
:10C1300001250025EDD8FFF71BF80028E9D0B56BE5
:10C14000BF3DAC422CBF002501252846F8BD082B79
:10C150000FD0042B20D0022B26D05A1E072A1ED81F
:10C16000DFE802F0111D1D0A1D1D1D0A4FF4FC70B1
:10C17000D8E74FF4E560D5E7042B4FF0A00404D1D5
:10C1800004F21620CEE74FF4A874022B0DD028201D
:10C19000044404F19800C5E74FF4A074F0E740F2BE
:10C1A00011110520F5F736FC48241820F0E740F27D
:10C1B000C9312120F5F72EFCC01500202DE9F04FE4
:10C1C00087B0FDF7B1FF05795F2D044659D86B099B
:10C1D000AE4ADFF8BC8212F80390B9F1080F02BF33
:10C1E000002388F844304FF0040994F90230DFF856
:10C1F000A4A2002B05F01F07A378E578ACBF1E2092
:10C200004FF4967045EA0725DB0914BF4FF4967684
:10C210001E2600FB05F507F02BFE2D1A07F04CFE3D
:10C22000A37813F0400F14BF32244FF4FA7407467A
:10C2300010F026F80319A81900FB03F3964C03F538
:10C24000742303F23F23A4FB03239C0C07F00AFE94
:10C2500009F064F900F2E730AAFB0030A5EB901575
:10C260002D1BA5F15900B0F5CF7F67D398F8015089
:10C2700065B198F81430002B40F0BC8007B0BDE8E1
:10C28000F08FDFF80C824FF00009AEE70744484614
:10C2900009F03CF97D4B03EB89030246D3F804B067
:10C2A0000BF52343A133AAFB031306EB9316603669
:10C2B000484606EB4404144409F028F9064648466B
:10C2C00009F02CF9034648469946FEF705FFABEB0B
:10C2D000090BAAFB0B3A01238DF800508DF80B30A7
:10C2E00000F1BF05FEF7AEFED8F81830ADF8080033
:10C2F000DF192544D8F81C300497A5EB060543F157
:10C300000003A5EB9A150593019509F07DFCDDE985
:10C3100004238DF80A00C8E90823C8F83850C8F883
:10C320004840FDF701FF694600780BF0A1FD0028A9
:10C330009FD140F23A712120F5F76CFB484609F095
:10C34000E5F8524B03EB8903103F3D445F6807F269
:10C35000E733AAFB031306EB9316203606EB4404DF
:10C3600002462C444846144409F0D0F80646484694
:10C3700009F0D4F8034648469946FEF7ADFEA7EB10
:10C380000907AAFB073700F1BF0AA244AAEB060A75
:10C39000D8F83860AAEB971A56454AD209F034FC0F
:10C3A000AAEB060A81460CF09BFABAF16F0F38BF70
:10C3B0004FF06F0A824528BF82465644B6F1807F0F
:10C3C00024D301210220FDF7B3FE98F81430002B8E
:10C3D0003FF44FAF98F80130002B7FF44AAF1A4674
:10C3E00019466846FEF7E2FF00283CD1012388F891
:10C3F00002303EE708F0B2F80BF004FA002388F8A8
:10C40000143088F8153007B0BDE8F08F4946504623
:10C410000CF0B4FA0028D4D1D8F838305344A3F142
:10C42000AF00C8F83830C8F840000CF0FFF9002819
:10C43000C7D098F82E100295022200236846009477
:10C440008DF80C108DF804208DF80D30FDF762FC8E
:10C45000B8B9FDF77BFC00283FF410AF40F27E71C5
:10C460002120F5F7D7FAFDF75FFE694600780BF05B
:10C47000FFFC00287FF4FDAE40F2B4712120F5F7F7
:10C48000C9FA40F27D712120F5F7C4FAA08F0300AC
:10C49000C0150020D34D621083DE1B4310B5144C31
:10C4A000237D86B00BB1637863B1237D0BB906B0F1
:10C4B00010BD08F053F80BF0A5F900232375637540
:10C4C00006B010BD1A4619466846FEF76FFF10B950
:10C4D0000123A370E9E7FDF727FE694600780BF01A
:10C4E000C7FC0028E1D140F2B4712120F5F792FA9F
:10C4F000C01500202DE9F04F012883B0064639D839
:10C50000794DD5E9069A07F0D7FC8346FDF70CFE76
:10C51000002790F80180AA6A3B4668F3070368F396
:10C520000F23A2F87030A86A18F00C0F4FF0FF0329
:10C5300014BF0121394682F87230383003F06CFCA8
:10C54000414606F0010010F03BFA0446404608F070
:10C55000E5FF012E2ED1B8F1080F00F09780B8F159
:10C56000040F72D0B8F1020F14BF4FF4FC724FF4F5
:10C57000A67221E0831E012B00F2A6805A4C0123F3
:10C5800084F82C30A06AA6F103030025B3FA83F3E4
:10C590005B0980F8005384F82D302378052B40F098
:10C5A0008E8000F0EBFA237DA562002B65D103B0ED
:10C5B000BDE8F08F4FF4FC724C4BAE6A03EB4808B9
:10C5C00000F2E730B8F82830D6F81C800344484819
:10C5D00014EB0B04A0FB031347F100079B0914EBBA
:10C5E00009044AEB0707E31A67F100079C1847F1B3
:10C5F000000700F087FC3F4B834229D0D6E9B60103
:10C600004246CDE9004700F0ADFC8045064665D3C3
:10C61000AB6FD5F82880B34223D9D8F81C10C8F8DE
:10C620002C100E44052010F00DFAAB6AA8F830006B
:10C63000DA6A198EB21A8A424BD2341947F10007CE
:10C64000C3E9B64703B0BDE8F08F40F28642B3E7D6
:10C6500096F87500E8B9AB6FD5F828800646B34266
:10C66000DBD8D8F81C10304610F01EFAC8F82C00A1
:10C67000D5F82880D8F81C10D4E707F06FFF0BF02E
:10C68000C1F82575657503B0BDE8F08F40F6E83256
:10C6900092E7D5E9149A00F0BFFC38B9B6F9FC323C
:10C6A000A6F8FC0213EB09094AEBE37ACDE900474F
:10C6B00042464846514600F055FC0646A8E740F67B
:10C6C0004F012120F5F7A6F940F6AC012120F5F73E
:10C6D000A1F940F63D012120F5F79CF940F2FD312A
:10C6E0002120F5F797F900BFC0150020A08F0300A7
:10C6F000D34D621010160020014B1878704700BF10
:10C70000C01500202DE9F043DFF88080012383B0BD
:10C7100088F8003000254FF6FF7720261DE0009BAB
:10C72000EBB193F80023D2B11888B8421DD021464E
:10C73000F5F77EFF8146F0B190F801030CF052FA54
:10C7400099F8010389F800430BF020FAC0B189F889
:10C75000016309F5367000F087FBCDE900556846A6
:10C76000F5F79EFF04460028D9D0002388F8003052
:10C7700003B0BDE8F08340F2C1113520F5F74AF966
:10C780004FF4D8713520F5F745F900BF3C1600206D
:10C790002DE9F0470C46064615461F46FEF752FCAB
:10C7A00094F8C5908046002F40F08A8094F80033BA
:10C7B000032B00F2F080DFE803F042027502D4F8A8
:10C7C0001CA0554600F028FC00285FD0002003463E
:10C7D000D4F8D822AD18D4F8DC2242F100022D188A
:10C7E00043EB0203C4E9B653C6E904530025A6F897
:10C7F0000880357094F8C53003F0FD020C2A58D03B
:10C80000262B56D0204611F0DDFD002800F0B78021
:10C8100094F80033012BDAB216BF0223B272B3725E
:10C820000123F37204F1380010F094FE706027B118
:10C83000A9F10E09B9F1010F47D8BDE8F087002D25
:10C8400000F09F8094F87020554B94F871A033F855
:10C850001250012384F80033504608F05FFE05F2C1
:10C860009D7550491AF00C0F0544A1FB053514BF06
:10C870002821002101EB951182312046002510F07E
:10C8800001FFAA4600F0C8FB00289FD1B4F9FC02C2
:10C89000022110F014FFB4F8FC321B1AA4F8FC3289
:10C8A000C31795E7D4F808A3032384F8003355464B
:10C8B00088E7204611F086FD01250023B372AFE71B
:10C8C0000121204606F008FE70E75146304610F080
:10C8D0001CF887B2204611F075FD8046B5B9874235
:10C8E00014D3B572D4F8D8320AFB00F29B18D4F8EE
:10C8F000DC22336142F100027261BAF1000F45D0CF
:10C900005146304610F001F8404487B2394620467F
:10C9100006F0E2FD00F080FBC8B1D6E90430A26F5A
:10C92000C4E9B630002A88D0B4F8F620B4F8BC3098
:10C930009B1A1BB2002B80DDB4F87C100B44013B2A
:10C94000B3FBF1F313FB0123A4F8F63075E77F0086
:10C95000B7F5803FB4BFB9B24FF6FF71B4F9FC022E
:10C9600010F0ADFEB4F8FC223369121AA4F8FC22D0
:10C970007269C31842EBE07033617061CFE705461E
:10C980009BE740F20A213520F5F744F84FF4217176
:10C990003520F5F73FF840F242213520F5F73AF817
:10C9A000DC8F0300D34D62102DE9F04186B00028E2
:10C9B00000F084800446082975D8DFE801F02B6A6E
:10C9C000050515741A226F000146012368460022EE
:10C9D000FFF7DEFE94F8010369460BF049FA0028E0
:10C9E00070D006B0BDE8F08106B0BDE8F04108F0B7
:10C9F0004DBA012009F0F8F806B0BDE8F041F6F7AD
:10CA0000B3BD90F80033042BEBD040F22311352056
:10CA1000F5F700F890F80033002B58D006F0D2FA62
:10CA20000028DED0FEF732FB2B4F94F8713000F176
:10CA3000830613F00C0F7B78B6B218BF2836BBB351
:10CA4000E56904F1380010F085FD8046FEF71EFB15
:10CA5000804402200BF044FFA5EB080525EAE575AC
:10CA6000854228BF0546022128460BF087FF00B902
:10CA7000A84432464146204610F0ECFD0346E069EA
:10CA80007B600BF0D3FE0028ABD1EF213520F4F70B
:10CA9000C1FF06B0BDE8F04111F062BC4FF49471E3
:10CAA0003520F4F7B7FF4FF496713520F4F7B2FF55
:10CAB000A56BE3699D4228BF1D46C2E7F5213520DD
:10CAC000F4F7A8FF40F2B2213520F4F7A3FFFD21CF
:10CAD0003520F4F79FFF00BF3C160020024B0022D8
:10CAE000C3E90022FFF70EBE3C16002008B5FFF791
:10CAF00009FE002008BD00BF014B5870704700BF01
:10CB00003C160020C0F8E012704700BF10B5044684
:10CB1000FEF7BCFA00F1CC01204610F0C6FDB0F5DE
:10CB2000296F28BF4FF4296080B210BD38B5A0B17D
:10CB300090F80033044603F0FF05C3B990F80133C1
:10CB4000202B0FD121460C480AF0F6FF202884F84C
:10CB5000010314BF28460D2038BD40F29311352043
:10CB6000F4F758FF40F295113520F4F753FF4FF4D6
:10CB7000CA713520F4F74EFFA9C90000F0B587B09F
:10CB8000002800F0A68090F800330446002B40F007
:10CB90009B8090F80133202B00F09180FEF752FA31
:10CBA00094F800330646032B00F29880DFE803F088
:10CBB00045027502E56900F02FFA002860D00022D6
:10CBC0001146D4F8D832D4F8DC02ADF80860EB187E
:10CBD00040F1000094F8C5609B1841EB0000C4E9E7
:10CBE000B630CDE9043006F0FD0300210C2B8DF8A2
:10CBF000001058D0262E56D0204611F0E3FB002816
:10CC000054D094F80033012BDAB216BF02238DF80A
:10CC10000A208DF80A30012304F138008DF80B301A
:10CC200010F098FC6946034694F8010301930BF059
:10CC30001FF900283ED007B0F0BD94F870202A4BB1
:10CC400094F8717033F81250012384F80033384699
:10CC500008F064FC05F29D75244917F00C0F05449B
:10CC6000A1FB053514BF2821002101EB951182316C
:10CC7000204610F007FD002500F0CEF900289ED1D7
:10CC80000221B4F9FC0210F01AFDB4F8FC22121AC9
:10CC9000A4F8FC22C117024693E70323D4F80853F3
:10CCA00084F8003387E7204611F08CFB00238DF8D1
:10CCB0000A30B0E74FF4D4713520F4F7ABFE4FF4EF
:10CCC000D2713520F4F7A6FE40F2A3113520F4F717
:10CCD000A1FE4FF4D1713520F4F79CFE40F24221C1
:10CCE0003520F4F797FE00BFDC8F0300D34D6210B0
:10CCF00008B507F0E1F8044B5A6882422ABF187859
:10CD0000002080F0010008BD3C16002070B50446EC
:10CD100086B004297AD8DFE801F05D0D03123F00E8
:10CD2000042384F8003307F019FC06B0BDE8704016
:10CD30000AF068BD032380F8003306B070BD90F898
:10CD40007010354AC36932F81150C0F80833D0F872
:10CD50002423B0F82033C2620386D0E9CA2390F8B6
:10CD600071604362C261304608F0D8FB05F29D75E0
:10CD70002A4916F00C0F0544A1FB053514BF2821E4
:10CD8000002101EB95118231204610F07BFC02233B
:10CD900084F8003306B070BD90F8716090F8702090
:10CDA0001D4B304633F8125008F0B8FB05F29D7564
:10CDB0001A4916F00C0F0544A1FB053514BF2821B4
:10CDC000002101EB95118231204606B0BDE870408C
:10CDD00010F058BC124B1A7802F0FF03002A9FD1C2
:10CDE000014601226846FFF7D3FC94F80103694627
:10CDF0000BF03EF828B1B4F8BC300133A4F8BC30D5
:10CE000091E740F2B2213520F4F704FE40F20631FA
:10CE10003520F4F7FFFD00BFDC8F0300D34D621017
:10CE20003C160020024B0022C3E90022704700BFDD
:10CE300044160020034B186808B10C207047586056
:10CE4000704700BF44160020C3690BB10120704732
:10CE50008369002BFAD1034B1B68181AB0FA80F0D3
:10CE60004009704744160020C369ABB110B4D0E943
:10CE70000214DA68D0F818C0C3F818C0214411446D
:10CE80008269D96032B1D36100220023C0E9062350
:10CE900010BC7047DA60F7E7826904490A6002B1A2
:10CEA000D36100220023C0E9062370474416002006
:10CEB00008B5C161A1B18B698861836173B1D86123
:10CEC000C1690023C36041B1CB6823B1826893423A
:10CED00011D39B1AC3600023CB6008BDC360F3E786
:10CEE000074A136883611BB1D861C1691060E8E724
:10CEF0001060C36008BD2C213720F4F78BFD00BF04
:10CF000044160020014B1868704700BF44160020EB
:10CF1000044B1B6823B118469B69002BFBD170475B
:10CF200018467047441600200D4B1B68B3B100B57E
:10CF300084464FF0FF3E002000E01346DA68944537
:10CF400003D8964584BF184696469A69002AF4D1BC
:10CF500011B9002808BF18465DF804FB1846704751
:10CF60004416002010B5029B039CC01A6FF00043CA
:10CF700061EB0401C3186FF0020441F1000C4FF0A3
:10CF8000000E9C427EEB0C030FD3002904DBB0FBA8
:10CF9000F2F302FB130010BD4042B0FBF2F302FBC0
:10CFA00013000028F7D0101A10BDBD213720F4F768
:10CFB00031FD00BF036A2DE93048DBB182689C680F
:10CFC000A24217D3D0E90615D0E906BCC3E906BCD6
:10CFD0004DB1AB61996951B1C068CB610244121B7C
:10CFE000DA60BDE83088054D2B600029F4D1D960A6
:10CFF000BDE83088CD213720F4F70CFD4416002021
:10D00000014B01221A71704744160020014B002287
:10D010001A71704744160020014B1879704700BF01
:10D020004416002038B52C4B1B68864608466BB367
:10D030004FF0000C64461D690CB1A54204D22C4689
:10D04000002D43D0B3F814C09B69002BF3D1ECB191
:10D05000A0421CD3B0FBF4FC0EF1FF3E0EEB04012A
:10D06000B1FBF4F18C4511D304FB0CF3B3FBF4F5E5
:10D0700004FB153525B9B3FBF2F502FB15350DB3ED
:10D080000CF1FF3C8C45A3EB0403EFD238BD431EEB
:10D090002344B4FBFEFEB3FBF0F37345F6D8B4FBB8
:10D0A000F3F503FB154149B9B5FBF2F102FB115150
:10D0B00021B9B5FBFCF10CFB115129B101337345CA
:10D0C000EDD938BD184638BD284638BD4FF49671A5
:10D0D0003720F4F79FFC00BF4416002008B5232139
:10D0E0001A20F4F797FC00BF38B505460C4691F8B6
:10D0F000033213B191F80D328BB9002D50D02B783B
:10D1000073B194F8F8318BB304F1B00011F095FAD3
:10D1100000230022C4E96A230023C4F8B03138BDDB
:10D1200094F8FA316BB9B4F8B4010121F5F780FA3B
:10D1300038B104F21D2100F5AE700DF088FC002816
:10D140003ED0B4F8B8010821F5F788FA002844D198
:10D150006B6F002BE3D1B4F8B6010721F5F77EFA27
:10D160000028DCD060211A20F4F754FC94F8FA313E
:10D1700003F0FF017BB9B4F8B401F5F759FA50B1E7
:10D1800004F21D2100F5AE700DF061FC18B92B21E1
:10D190001A20F4F73FFC4FF6FF73A4F8B431B3E75D
:10D1A00094F8FA3173B9B4F8B4010121F5F740FAF3
:10D1B00040B104F21D2100F5AE700DF048FC08B935
:10D1C000FFF78CFFB4F8B8010821F5F747FA0028FB
:10D1D000A5D04E211A20F4F71DFC53211A20F4F794
:10D1E00019FC00BF10B501F1B0000C4611F03EFA79
:10D1F0002046BDE8104011F0E0B900BF90F8FA31C8
:10D2000023B9B0F8B4010121F5F712BA0020704734
:10D2100038B550B390F8C6302A2B04461FD14AB90E
:10D220002B2380F8C63094F90831002BA8BF0020CA
:10D2300017DB38BD1F230D4680F8522180F853318B
:10D24000302380F8C6300029EDD0B1F8B6010721AF
:10D25000F5F7EEF968B12946FFF746FFE3E70C2042
:10D2600038BDD9211A20F4F7D5FBB2211A20F4F7E2
:10D27000D1FBD4211A20F4F7CDFB00BF10B501F18A
:10D2800020000C4611F030F9B8B92378012B636FF8
:10D2900001D0B3B910BD002BFCD01A6833F8610C73
:10D2A00062670821F5F7DAF918B9636F002BF4D13A
:10D2B00010BD4B211120F4F7ADFB40211120F4F7F4
:10D2C000A9FB53211120F4F7A5FB00BFFFF7A0BF76
:10D2D00038B591F83030032B0C463AD004F1C00039
:10D2E00011F002F9002843D1D4F8905085B394F896
:10D2F00030202B68C4F89030032A0BD0022A18D0B3
:10D3000033B31A68C4F890201D46134694F83020B1
:10D31000032AF3D1A5F58475284611F0A7F9B5F8CD
:10D3200002010A21F5F79AF970B1F4214920F4F7C6
:10D3300071FBA5F58475284611F03FF9B5F8020197
:10D340000B21F5F78BF978B9D4F89030002BD8D1B0
:10D3500038BD91F89E00002111F078F80028BDD06A
:10D360004FF6FF73C385B9E7F9214920F4F752FB63
:10D37000E9214920F4F74EFB704700BFF0B583B0B8
:10D380000D46012340F6881201A904467F2008F0CB
:10D390005DFA0123074601A940F688126FF07F006D
:10D3A00008F054FA2E1AB6FA86F6BD424FEA56161F
:10D3B00008BF46F0020601F0A3FBC705C0F3002337
:10D3C00003D5030520D50F2304E0C0F3C020034399
:10D3D00018D10123990744BF84F8935084F89260D0
:10D3E0005A0744BF84F8955084F89460DB0884F8A9
:10D3F000915084F8906003D084F8975084F8966038
:10D4000003B0F0BD0D23E5E70323E3E710B544685F
:10D4100004F5B0710023C4F89830C4F89C30C4F807
:10D42000A030C4F89030C4F89430C4F8A3307F2200
:10D43000A1F8443081F84630A1F8473081F84930EE
:10D4400094F9741084F8992084F89B2084F89D2026
:10D4500084F89F202046FFF791FF4FF0FF33C4F878
:10D46000A03010BD013808B507280DD8DFE800F05E
:10D47000060A0C080C0C0C04022008BD002008BD94
:10D48000032008BD012008BD4FF42A717820F4F76D
:10D49000C1FA00BFF8B50C46054616461F4601F016
:10D4A0002FFB611EC9B2032931D8C405C0F3002384
:10D4B0002FD4C0F3C02003430CBF01220D2201234F
:10D4C00003FA01F11142CCB221D06B6893F81E210E
:10D4D000C2F34000920729D5D3F81A21D505C2F32B
:10D4E00000211DD4C2F3C0220A4318BF0D200442FC
:10D4F0001CD003F5B07393F8492002F0FF00BAB9CD
:10D5000083F8497083F8474083F84860F8BD1120DC
:10D51000F8BD030508D5012404FA01F1CCB2D4E723
:10D520001205E6D40320E2E70322C8E71A20F8BD7B
:10D530003A20F8BD10B504460DF0F2FB08B9002002
:10D5400010BDE0430DF0ECFB0028F8D0E31683EAB1
:10D55000A4635A1E1A42F2D0E3B25A1E13405A1E56
:10D560001342ECD0A0B210F0FEF80B28E7D820460A
:10D5700010F0F5F81828E2D8A3B2B3EB144F04D199
:10D5800084EA142313F0FF1FD9D0044B63405A1EC2
:10D590001A4214BF01200020D2E700BFD6BE898EF8
:10D5A000F0B5070CA7F5AA42144B543A012A03EA36
:10D5B00090231FD927F4004042F6AA22801A18BFF0
:10D5C00001200022162116461F2487EA060562EA7A
:10D5D0000505013510D0DD03ADB245EA5606E50379
:10D5E000ADB2013945EA52024FEA53034FEA5404FF
:10D5F000EBD1F0BD0020E4E70020FAE7E0FF3F00B8
:10D60000304BF0B5B0F86470B0F862605D880C46DD
:10D6100011461A88974228BF1746964228BF1646D9
:10D620001B2E85B02ED0B5F5A47F2DD040F6480333
:10D630009D4201AA28BF1D460DF07DFCBDF80A30B1
:10D640009F4228BF1F46BDF80C30E780AB4228BF81
:10D650002B462381BDF806309E4228BF1E46BDF8EA
:10D66000083066809D4228BF1D46A580FF23237099
:10D67000E3881B3B9BB2E02B08D94FF4B5613920FE
:10D68000F4F7C8F91B2FCED105B0F0BD63881B3B62
:10D690009BB2E02B02D940F2AA51F0E72389A3F50F
:10D6A000A4739BB240F64812934202D940F2AC51A7
:10D6B000E5E7A388A3F5A4739BB29342E4D940F2B3
:10D6C000AE51DCE730170020F8B51D468B1F07462A
:10D6D0009BB2104640F67A429342BDF818601BD8C0
:10D6E000841FA4B294428CBF002401242346AFB906
:10D6F0001C4A12796AB15CB96FF450628B18062B20
:10D7000006D86FF45063C418062C8CBF0024012483
:10D71000234633B90020F8BD0024E7E797F87520C9
:10D72000E8E78142F6D8B5F5FA7FF3D2A6F10A030D
:10D730009BB240F676429342ECD80FF076F9013571
:10D7400042F21073ADB25E434543B6EB450FE1D9EB
:10D75000BDF81C00BDF8203098428CBF002001208D
:10D76000D9E700BF30170020012821D8022B0DD1A6
:10D77000114BA2F57A7098421CD8A1F57A709842A4
:10D7800018D88A428CBF1220002070470B48824272
:10D7900010D8012B07D140F252739A420AD9084B94
:10D7A000A1F6C410EBE7042BF9D140F6C313F4E75C
:10D7B0001220704730207047A7F970028FFD700269
:10D7C000CBF3700210B502210020F4F731FF0446BC
:10D7D00070B90221F4F7ECFE044620B940F21D3185
:10D7E0003920F4F717F9034B93F91C10F7F7DCFC19
:10D7F000204610BD30170020F7B5114B9C7EDD7E12
:10D800009F8B064614B901F081F90446A5B901F0D1
:10D810007DF9054614B9092003B0F0BD0028FAD0FF
:10D82000304601A98DF804408DF80550ADF806701A
:10D830000FF0C2F80020EFE7002CF1D1EBE700BFBA
:10D840007C1B00202DE9F0419846634B86B00446CE
:10D85000186802901B798DF80C300E462046002186
:10D86000154601F0E5FF26805C4E5D4BC4F8103391
:10D870002046B36840F8383FFFF748F9074601F003
:10D880003FF910F0200F08BF1B22337C1DBFB28868
:10D890007188A4F86210A4F8622084F84030A4F8DB
:10D8A0006420A4F8427001F02BF98B0706D5002301
:10D8B00004A88DF810300594FFF7A8FD494F3B7977
:10D8C000003B18BF012307F1080284F875300FCA26
:10D8D00004F1800C8CE80F00737801933378009387
:10D8E000B388728804F1180104F11400F4F710FFF2
:10D8F000636923B941F203013920F4F78BF8A36976
:10D9000013B941F20401F7E70DF0D0FA2062B8F143
:10D91000000F04D002F044FB20F07F40A06295F895
:10D920004D3005EB4303988C0FF07FF895F84D30A0
:10D9300005EB43038046588D0FF077F841F64B53C3
:10D940009842014645D940F2E2424046FFF76AFB61
:10D9500040F2E2430146E161C4F8E812A4F8EC3277
:10D9600095F84D20F16805EB420520462B8EA384E7
:10D97000EB8EE384FFF7C6F802A904F1CD000FF0A7
:10D98000E7F8FF2384F814337B6A23B1012204F5FE
:10D99000B171204698472046FFF72EFF054602F05A
:10D9A000FFFA0C23B0FBF3F202FB1303DBB25A1DA8
:10D9B000D2B2082A98BF0D3320468CBF84F8D920F4
:10D9C00084F8D930012101F033FF284606B0BDE8C4
:10D9D000F0814FF47A73BEE72ED103007C1B002048
:10D9E0004D1700203017002008B50EF096FE01F00C
:10D9F00033FC01F099F80FF017FD01F09DFF02F0E4
:10DA0000B9FE01F0C1FF012001F052F809490A4AAC
:10DA10000A601B228A80094A0023F92010834B8365
:10DA200007489380CB8353779376106093750B846C
:10DA30000B7608BD7C1B002003021B003017002062
:10DA40001B004801044B41F64C521B21C3E9022242
:10DA500019745A61FFF7C8BF7C1B00207FB5324D97
:10DA6000AB68044640F8383FF9F7BEF9064601F0C6
:10DA700047F810F0200F08BF1B222B7C1DBFAA887F
:10DA80006988A4F86210A4F8622084F84030A4F8F1
:10DA90006420A4F8426001F033F88B0706D5012317
:10DAA00002A88DF808300394FFF7B0FC1F4B1A79D9
:10DAB000002A14BF0122002203F1080384F8752014
:10DAC0000FCB04F1800686E80F0041F64C5318BFD7
:10DAD0004FF47A73E3612046FFF78EFE064648B1A5
:10DAE00020880121F4F7BAFDD0B140F272513920FB
:10DAF000F3F790FF6B7801932B7800936A88AB88DB
:10DB000004F1180104F11400F4F702FE636913B97B
:10DB100040F27F51EBE7A3691BB94FF4B061E6E730
:10DB20000926304604B070BD7C1B00203017002051
:10DB30002DE9F34105460E46F7F798FB002800F063
:10DB4000AE802846F7F7E0FD30B1B6F80130013B72
:10DB50007F2B01D9122404E02846F7F7D9FD20B91C
:10DB60000C24204602B0BDE8F0812846F9F75CFBA2
:10DB70000028F5D12846F7F7CBFA80460028EFD1E8
:10DB80002846F7F7E7FB0028E4D0B6F80170F178F3
:10DB900042F2107328465F43F7F7A0FD0321307867
:10DBA000F4F746FD052104463078F4F741FD002CDA
:10DBB00077D038B141F27A713920F3F72BFF90F822
:10DBC000BD800446404E3368002B6CD04034204664
:10DBD00010F05CFC002866D0204610F04BFC0028BA
:10DBE00061D1B8F1000F08D0384B20461B68984728
:10DBF000002858D041F28E71DEE735493368496913
:10DC000042462046984700284DD041F29371D3E711
:10DC10002846F7F779FD40B901210DF10600F4F728
:10DC20008FFC064658B90D249BE72846F7F780FD80
:10DC30000028F1D1274B1B79002BEDD18AE7002179
:10DC400001F092FDBDF80630338028463146F7F7E3
:10DC500085FD2846F7F76CFDA0B92846F7F774FD57
:10DC600001463046FFF7FAFE044600287FF479AFFC
:10DC70003A4631462846F8F79FFF044620B141F264
:10DC8000BF7199E70121ECE7124B5B6A002B3FF46F
:10DC900068AF024606F5B1713046984761E7422405
:10DCA0005FE700288BD12846F7F726FD01460028BC
:10DCB000AED13A462846F8F77FFF044600283FF4E5
:10DCC00050AF41F29C7177E7B4010020B001002011
:10DCD0007C1B002030170020014B93F91C0070477B
:10DCE00030170020034B5A8802801B788370002075
:10DCF000704700BF7C1B00207FB583781A2B064637
:10DD000009D8042B05D9012202FA03F3314A134240
:10DD100005D112251AE0292B01D03B2BF9D13088EF
:10DD2000B0F5706FF5D269460EF056FD88B9019BCB
:10DD300093F8602102F0FF05C2B9B27883F861213F
:10DD4000FF2283F8602168460FF047FB284604B0A5
:10DD500070BD30880821F4F76BFC0446002837D0EA
:10DD6000B0F8B40102A90EF037FD08B10C25EDE7BB
:10DD7000B4F8B6010721F4F75BFC20B94FF40C614D
:10DD80003920F3F747FE03781BB994F8D031032B01
:10DD9000ECD1039B93F8AA21002AE7D194F8F8214B
:10DDA00002F0FF05002AE1D1B4F8B821A3F8AC21B4
:10DDB00094F8BC2183F8AE21027D83F8AF21B278BC
:10DDC00083F8B02184F8F821FF2283F8AA21BDE767
:10DDD0000225BBE7200038040188A1F11B039BB298
:10DDE000E02B0CD84288A2F5A4739BB244F24810F1
:10DDF000834204D8034B002019805A8070471220B8
:10DE0000704700BF30170020034B1A885B880280E0
:10DE100043800020704700BF3017002038B50478D9
:10DE20004278857804F0010352EA030104F0020409
:10DE300001D1112038BDBCB9002DFAD0002B08BF8C
:10DE4000144601E00024254620460DF06CF9002818
:10DE5000EFD028460DF067F90028EAD0054B0020E6
:10DE60009C76DD769883E5E7002BEBD114461D46C2
:10DE7000EAE700BF7C1B002013B5008869460EF05E
:10DE8000ABFC18B10224204602B010BD9DF8003052
:10DE900001984BB90DF041F80028F3D0019B93F89D
:10DEA000722162B13A24EEE790F82433DBB290F8A5
:10DEB000E620002AE6D113F0FB0FEFD1E2E7684637
:10DEC0000DF01CF890F86C2002F0FF04002AE9D154
:10DED00090F86320920706D1012283F872216846E8
:10DEE0000FF07BFACFE70349022264300FF0B0FA5B
:10DEF000C9E700BFEDDD010070B50378032B8AB0E0
:10DF0000044603D9122528460AB070BD4378032B76
:10DF1000F8D8437E85780BB9012DF3D115F0F80FB1
:10DF2000F0D1A80740F19280022DEBD15A4B5B79DA
:10DF3000002BE7D000F0EAFD35EA000340F0A780AF
:10DF4000A67816F0010506D02269A168E0780123C1
:10DF5000FFF70AFC0546B20707D52269A168E078F9
:10DF60000223FFF701FC2843C5B2730707D52269D6
:10DF7000A168E0780423FFF7F7FB2843C5B2002D22
:10DF8000C1D1052E13D12679E16862690423304698
:10DF9000FFF7EAFB05460028B5D123691344E27870
:10DFA000B242AFD1A2689142ACD18B42AAD8237EB3
:10DFB000013B062BA6D80DF012F8002869D1374B8B
:10DFC0002169627860698DF8092022788DF808202F
:10DFD0009942227E8DF80A2028BF1946627E21616F
:10DFE000984228BF1846A3786061003A18BF012202
:10DFF000DD078DF80C308DF804308DF80B2029D515
:10E00000E278012A1ABFB2FA82F2520902228DF88E
:10E010000520A268CDE904215A070BD52379012BED
:10E020001ABFB3FA83F35B0902238DF80730E36864
:10E03000CDE9083003A8FDF77FFF054600287FF4EF
:10E0400062AF01A8FCF720F805465CE769073FF4DA
:10E0500059AF6FE7022B0BD1E278012A1CBFB2FA4D
:10E0600082F35B098DF80630A368CDE90631E1E75C
:10E070005B07DFD5E378012B1ABFB3FA83F35B09A3
:10E0800002238DF80730A368CDE90831D2E71125C6
:10E0900039E70C2537E700BF301700200024F400D3
:10E0A00000B589B043798DF8043083798DF8053057
:10E0B00001238DF8063003788DF80730B0F8013071
:10E0C00040F271214B430393B0F803204A430721E8
:10E0D000ADF81C1008490592A2F6C4128A4209D86C
:10E0E000A3F6C4138B4205D801A8FFF705FF09B0BA
:10E0F0005DF804FB3020FAE73C369C002DE9F04F38
:10E10000437A9A078DB0044605D5A24A127912B90E
:10E1100043F001034372657A6B0704D11225284648
:10E120000DB0BDE8F08F15F0F80FF7D100F0EEFC60
:10E1300035EA000340F08D8194F8483053B9012D41
:10E14000ECD1A369944AA3F25373934240F2208125
:10E150003025E4E715F00106F3D1AF0745BF731C86
:10E16000B3464FF0FF0BDEB2680709D5B31D8B4AEB
:10E1700054F82330A3F6C4139342E9D80136F6B21B
:10E180004FF0000904F1220504F10C07C8465FFABC
:10E1900089FA564500F20681E3689845BED823788F
:10E1A000012BBBD813B9A378012BB7D86378032B05
:10E1B000B4D894F84C30013B062BAFD80CF00FFFCD
:10E1C000002840F03C81FBF705FD002840F03D8130
:10E1D000FBF7F6FC002840F038816E4B9B7E53B96C
:10E1E000CDE9053305238DF81A3005A8F4F758FA60
:10E1F000002800F01E816A4BA2699A4294BFA26176
:10E20000A361E2699A4294BFE261E361226A9A42A1
:10E2100094BF2262236200210DF11200F4F790F9FD
:10E220000646002800F01381BDF812100123224693
:10E23000FFF708FB0546002840F09B803046FEF7BC
:10E2400075FC0546002840F094806078E71CFBF7D9
:10E2500003FEA17820783A46FBF7CAFD002800F0BB
:10E26000F080FBF7FFFDA17820783A46FBF744FEEB
:10E27000054600287DD1657A022D07D000F046FCC6
:10E28000284000F005000CF03CFE05462846FBF750
:10E290008BFD054600286CD131460320FBF768FE54
:10E2A0000546A0780CF022FE3946FBF743FE002D10
:10E2B0005FD123783BB9A1783A4630460CF0C6FED0
:10E2C000002840F0C0800120FBF75CFE05460028D6
:10E2D0004FD10120FBF75EFE0546002849D1627A46
:10E2E0008DF8140012F0010306D0E1680691A169CF
:10E2F000079101218DF8141091070FD5022A0BD137
:10E3000004EB8301C868896909919DF8141008908D
:10E3100041F002018DF814100133DBB252070BD526
:10E3200004EB8303DA689B690B939DF814300A921F
:10E3300043F004038DF8143005A8FDF7FDFD0546F4
:10E3400094F84800003818BF0120FBF74BFD94F803
:10E350004C00FBF723FD65B9FBF76EFE054640B99F
:10E36000B4F84A103046FDF783FD054600283FF417
:10E37000D6AE308800F03EFD30880021F4F76EF90B
:10E3800000283FF4CCAE41F27B213920F3F742FB69
:10E390000126E2E6301700203CF67002CBF3700253
:10E3A0000024F400D34530D0FB683A6893423FF62E
:10E3B000B5AE288C2A8969889844EB890290688BCD
:10E3C0000190A88A00900020FFF77EF900283FF412
:10E3D000BFAEBAF1000F13D06A882B889A427FF43F
:10E3E0009DAE2A89EB889A427FF498AEEA89AB8980
:10E3F0009A427FF493AEAA8A6B8A9A427FF48EAED9
:10E4000009F1010902350437C1E6012EF8D1FB6894
:10E410001148A3F57A7282423FF69AAE3A68A2F5A5
:10E420007A7181423FF694AE93423FF677AE9844BC
:10E43000E6E7059B93F8A530802B3FF4D6AE0C257C
:10E440006DE6122595E70B2593E73A2567E60D253E
:10E4500065E6112563E600BFA7F9700210B54379A0
:10E46000032B94B055D823F002038DF80230D0F876
:10E470000630CDF803304389ADF8073002798DF8C6
:10E48000002001238DF80930027B03888DF80120DC
:10E4900040F271225343039341884A430692847B9E
:10E4A000417B41EA0421ADF82410047CC17B41EAA0
:10E4B0000421ADF82A10847C417C41EA0421ADF8A6
:10E4C0003010047DC17C41EA0421ADF83610417D55
:10E4D000847D41EA0421ADF83C10C17D007E41EA13
:10E4E0000021ADF8421000218DF84810ADF84A1017
:10E4F0000721ADF84C100949A2F6C4128A420AD885
:10E50000A3F6C4138B4206D86846FFF7F7FD14B094
:10E5100010BD1220FBE73020F9E700BF3C369C001D
:10E520002DE9FF410778EF2F04460D4601D912254A
:10E530009CE0B0F80130ADF80C309DF80C30D806F6
:10E540006CD4990603F0030265D5002AEFD11A07AF
:10E5500003D503F06703012BE9D163781E0711D4BB
:10E560002179E278E07942EA0122617942EA0142C6
:10E57000A17941EA0021207A41EA00418A42D6D8B5
:10E580001F2AD4D9627A013A062AD0D8A27A032A5D
:10E59000CDD813F0040102D1023A012A03D8E27A5D
:10E5A000012AC4D811B9A27C032AC0D813F01001E3
:10E5B000227D43D0012ABAD1237E012BB7D800296E
:10E5C0004CD06378D80703D500F002FA00284CD06D
:10E5D0006378227D03F01801082959D1022A44D119
:10E5E0001B0709D4E279A37943EA0223227A43EA9A
:10E5F0000243B3F5804F38D81FFA87F8022140460E
:10E60000F4F716F80646002848D0F8F70DFE002863
:10E6100050D00C252AE0032A99D188E713F0600F27
:10E6200085D103F00F0203F00703052B95D0931E4D
:10E63000012B92D9002A7FF47AAF8EE7022A04D107
:10E6400003F06F03092B7FF472AFA37D013B022B14
:10E650003FF66DAFE37D0F2BAED968E700F056FAB9
:10E6600081070AD4237D022B04D11125284604B04A
:10E67000BDE8F081A37D022BF7D000F047FA4207F6
:10E680009FD4237D032BF0D0A37D032B99D1ECE7FE
:10E69000022AA5D0A27E002AA2D0E6E702214046A7
:10E6A000F3F786FF0646002840D0214B93F91C1053
:10E6B000F6F77AFD002138460FF0C8FE18BB304649
:10E6C000F7F716F821462870E0743046F6F7D0FECA
:10E6D000637E0546002BC9D00028C7D1F16C0246E5
:10E6E0006846F4F7F5F8F06C2A4601210CF042FA7E
:10E6F000F16C68460422F4F7EBF8F06C2A462946E0
:10E700000CF038FAB2E740300FF0C0FE0028D6D047
:10E71000637813F0330F7FF40AAF3046A77DF7F725
:10E7200013F80CF0BCFC8742C9D072E707259DE7BF
:10E730003017002030B50279042A8BB0034658D830
:10E740004488B4F5804F54D82B4810440021027AF5
:10E75000C578ADF8041042F0100242EA4502457B4C
:10E76000807C8DF80C1042EA850242EAC00202F079
:10E770001F028DF80420BDF80420ADF80D201A8882
:10E780008DF80F208DF81240120A240A8DF811100E
:10E790008DF814108DF810208DF813405A7B8DF8E9
:10E7A00015205A798DF816209A79D3F807008DF83C
:10E7B0001720B3F80B209B7B8DF81E307F238DF83C
:10E7C0001F30012306908DF82110ADF81C208DF824
:10E7D00020308DF8223003A88DF823108DF82410F6
:10E7E0008DF825108DF8261001A9FFF799FE0BB0C2
:10E7F00030BD1220FBE700BFD290030037B503788D
:10E8000005468BB10DF1060007F014F80DF1070075
:10E810009DF9064007F014F89DF807301C4364B2D8
:10E8200014B10C2003B030BD024B2A781A710020BD
:10E83000F8E700BF301700200278034672B1427833
:10E8400062B142881A2A09D982881A2A06D9044A4A
:10E85000006810609B8893800020704712207047EA
:10E860007C1B0020024B02689A600020704700BFAA
:10E870007C1B0020024B0268DA600020704700BF5A
:10E880007C1B00200378A3F10A02112A9DBF024AD3
:10E8900000201374122070477C1B0020014B187657
:10E8A0000020704730170020014B58760020704739
:10E8B0003017002008B5052000F006F904F072FEBC
:10E8C000014B024A5A6208BD3017002001D60000F1
:10E8D00008B5052000F0F8F803F09EFB014B024A52
:10E8E0005A6208BD3017002001D6000008B5FEF7B7
:10E8F00099FAFDF79BFAFEF7F1F8FFF7EDF9BDE89D
:10E90000084001460148FBF7CFB900BF5817002067
:10E9100008B5F6F78BFCF8F741F9BDE80840014867
:10E92000F6F722BC5817002008B50DF0F4FE064893
:10E9300000F58471F4F7C2FB01200CF061F8BDE82A
:10E94000084000200CF05CB85817002008B5074BB1
:10E95000012283F80A22F6F771FC02F071FBFFF73F
:10E96000E3FFBDE8084001F053B900BF581700208D
:10E9700010B5064C064904F503700DF0CEFB04F506
:10E9800004700449BDE810400DF0C7BB58170020C3
:10E99000B8010020C001002010B5094C094904F558
:10E9A00003700DF0BAFB04F5047007490DF0B5FBD8
:10E9B00004F505700549BDE810400DF0AEBB00BF81
:10E9C00058170020F0010020F8010020E801002085
:10E9D000014B93F80A0270475817002010B5094CF4
:10E9E000094904F503700DF098FB04F5047007491C
:10E9F0000DF093FB04F505700549BDE810400DF0DE
:10EA00008CBB00BF58170020D8010020E001002077
:10EA1000D001002010B5094C094904F503700DF030
:10EA20007CFB04F5047007490DF077FB04F50570D5
:10EA30000549BDE810400DF070BB00BF581700201D
:10EA4000C8010020E0010020D001002038B5094CA9
:10EA50000D4601F0CDF8D4F80C02C4F804510DF0C5
:10EA600054FBFEF7EFFF01F0B3FA012384F81832EC
:10EA700038BD00BF58170020014B93F818027047AB
:10EA80005817002010B5094CD4F810020DF03DFBCA
:10EA9000D4F814020DF039FBFEF7A6FF202000F099
:10EAA00021F8002384F8183210BD00BF5817002049
:10EAB000014B83F81902704758170020014B93F857
:10EAC0001902704758170020C2080549012300F0B9
:10EAD000070003FA00F08B5C18438854704700BFAE
:10EAE00020000020C208054900F0070001238340F0
:10EAF000885C20EA03008854704700BF2000002093
:10EB0000014BD3E90001704720000020054B186835
:10EB1000C0F3C022C0F30020400040EA820040F071
:10EB2000010070472000002008B507F0BDF8084A32
:10EB3000002332F82310814205D302EB83039B7834
:10EB4000044A137008BD01330C2BF2D10023F7E700
:10EB50000291030072190020024B187800F00700A0
:10EB6000704700BF7219002010B544682388A4F8CC
:10EB70000B3284F80A1294F870000CF0A1FA84F8B1
:10EB80000D0294F871000CF09BFA064984F80E020D
:10EB9000022204F201200EF05BFC002384F86C31A9
:10EBA00010BD00BF85C20100406808490388A0F875
:10EBB000FD3190F8683080F8FF3190F8693080F8C6
:10EBC000003200F5FA700EF03DBC00BFBDC201007E
:10EBD0002DE9F743456895F8C63095F8C580242B94
:10EBE00004460F462CD1C63538460EF0D5FB00281A
:10EBF0004DD038460EF0C4FB814638460EF0C4FBBB
:10EC000001460DF0AFFB666848B396F87030984245
:10EC100025D096F86C21012A0CBF96F86E2196F843
:10EC20006C20114233D0B8F1220F18D096F8692029
:10EC3000114214D153B94FF4B6710620F2F7EAFE2F
:10EC4000B8F1220F40F0C480C535CDE7042B01D0C8
:10EC5000042832D1984294BF00200120B8B9484618
:10EC60000DF080FB00284BD096F87130834247D0DE
:10EC700096F86C31012B0CBF96F86F3196F86D3019
:10EC800019EA030F14BF01230023002B38D1636856
:10EC900093F86C21012A19D11E212046FFF764FF49
:10ECA000B8F1220F20D1FA786368182A83F851212D
:10ECB00010D040F26D217E20C0E7082BCAD0082872
:10ECC000C8D098422CBF00200120C7E7002283F85B
:10ECD0006C21E5E70A2283F8C52093F80431002B64
:10ECE0003CD140F27521E6E7002320462B700EF060
:10ECF00053FD3946204603B0BDE8F0430EF08ABD0F
:10ED0000304601AA39460DF078FB666880BB96F85C
:10ED10006C31012B29D1B6F8BC3096F87010B6F8DA
:10ED2000700106F56D720DF0CFFB0646C0B90146C5
:10ED30002046FFF719FF2E70636803F1C602954263
:10ED400002D1002283F8C620636803F1C60295420F
:10ED50004FF0000539D120460EF01EFD002038E0AE
:10ED60006368282283F8C520E6E786F86C01E3E7AC
:10ED700038460EF00FFBA6F8B4036068B0F8B43361
:10ED8000B0F8BC20013B9B1A9BB247F6FD72934240
:10ED900007D9282380F8E7300F49DE300EF052FB08
:10EDA000D2E790F8C6300E2B02D00B3B012B01D8D6
:10EDB0002A23EFE79DF8043080F8B6339DF805303C
:10EDC00080F8B73326232B70BEE783F80451C5E7DC
:10EDD000022003B0BDE8F08301000100044B0022D3
:10EDE00083F832204FF6FF729A86DA861A877047C8
:10EDF00074190020054B9A8E824201BF002283F8CD
:10EE000032204FF6FF729A86704700BF74190020B7
:10EE1000014BD886704700BF74190020094A034689
:10EE2000908E4FF6FF71884206D192F83210012978
:10EE300005D01A600120704700201860704700203C
:10EE4000704700BF74190020064B93F83220012A46
:10EE50001FBF0120DA8E83F832009A8608BF002097
:10EE6000704700BF74190020014B1887704700BF1E
:10EE700074190020064B0246198F988E884205D1DE
:10EE800093F8320018B113600120704700207047DA
:10EE900074190020094B998E1A8F914201D00020DD
:10EEA00070474FF6FF729A8693F83220002AF6D008
:10EEB000002283F832200120704700BF741900201F
:10EEC000054B998E1A8F914203BF93F83200B0FA26
:10EED00080F04009012070477419002050B90A4A97
:10EEE0001346012003F8010B0868C2F801008A8864
:10EEF0009A807047012805D1034B0A689A608A8876
:10EF0000D8719A81704700BFAE19002048B90A4BEA
:10EF1000187880B1D3F80120B3F805300A608B80EF
:10EF20007047012806D1044BD87920B19A680A604D
:10EF30009B89F4E700207047AE19002020B9054BEB
:10EF4000187800F00100704701280ABF014B00202B
:10EF5000D879F6E7AE190020F0B51A4B93F800C047
:10EF600006460025E8B2844501D8082029E093F838
:10EF700053410A7893F854E193F85871624093F83A
:10EF80005241744022444C7884EA0E04224493F89F
:10EF900055E18C7884EA0E04144493F856E1CA785B
:10EFA00082EA0E02144493F857E10A7982EA0E02CB
:10EFB00022444C797C40D44205F1010503F107035A
:10EFC000D0D1F0BDBC19002030B5094B01465C78AA
:10EFD000002203F58173D0B2844201D8082005E0F5
:10EFE00013F8015B8D4202F10102F4D130BD00BF84
:10EFF000BC190020F8B5304C6278013AD2B223181F
:10F00000824293F80251627032D0130101019E1CBA
:10F010008F1C2644274406F1100C56F804EB47F8E1
:10F0200004EB6645F9D1823382312344214403F154
:10F03000100653F8047B41F8047BB342F9D1A618BB
:10F04000211896F8023181F802314FF485770623B2
:10F0500013FB027213FB0070A318A258225004EB9A
:10F06000000C9B88ACF8043096F83A3181F83A31BC
:10F070002846FFF7A9FF08281CD12378013BDBB203
:10F080009D42237016D007224FF4A97612FB03632A
:10F0900012FB0560E218E3582350211893888B80F7
:10F0A000937920788B71FFF78FFF08281CBF2418F5
:10F0B00084F80251F8BD00BFBC190020F0B5254D01
:10F0C00095F88A4189B0224605F28B1168460AF00C
:10F0D00053FA214668460DF03FFB0446B8B300EBF7
:10F0E0004001C9B202A8F2F7F9FE601E95F89361DB
:10F0F000C0B2012495F88A2105E0731CB3FBF2F13C
:10F1000002FB1133DEB206F120030DEB030111F80F
:10F11000203C002BF1D100EB400220326A4406EB88
:10F1200046032B4412F8187C83F8947112F8177C6C
:10F1300012F8162C83F8957183F8962101F8204C6B
:10F140000138AB19C0B2FF2883F88B41D2D109B086
:10F15000F0BD00BFBC19002070B505468CB00C4650
:10F16000002A58D02E4890F89331C11891F88B217D
:10F1700022B94FF480712820F2F74CFC03EB4302D4
:10F180000244013392F89461E67092F8956192F826
:10F19000962162710022267181F88B2190F88A21D4
:10F1A000B3FBF2F102FB113380F8933190F8B431E4
:10F1B00023B91C4900F5D6700EF047F9667906F0C0
:10F1C0003F0646F0400666710D22002104A80AF0B1
:10F1D0004BFAE3788DF81F3023798DF81E302B46DB
:10F1E0008DF81D606D4603F11006186859682A46AF
:10F1F00003C20833B3421546F7D1684609F060FFF1
:10F200009DF82F3023709DF82E3063709DF82D30BF
:10F21000A3700CB070BD03216018F2F75FFECDE75C
:10F22000BC190020BDF00000044B5A78824286BF12
:10F230001B1893F84A010020704700BFBC1900203A
:10F24000044B5A78824286BF1B1893F84201002073
:10F25000704700BFBC190020074B00224FF46171BA
:10F260001A705A7083F8B52183F8B621A3F8B81143
:10F2700083F8B421704700BFBC190020014B83F80C
:10F28000B6017047BC190020014B93F8B6017047D6
:10F29000BC19002010B51446FFF75EFE082803D104
:10F2A000012000F0010010BDFFF78EFE064B5A78DA
:10F2B0008242F5D904B12070184490F83A31012BFC
:10F2C000EED090F84A01ECE7BC1900202DE9F04798
:10F2D000824617469846FFF73FFE082889460546AE
:10F2E000064603D0FFF770FE08285FD1314C6378E3
:10F2F000072B5DD8082D19D12678731C072E237093
:10F3000003D969212820F2F785FB40F25312072325
:10F3100013FB0623D9F80010E150E218B9F80430C5
:10F320009380C6EBC603234483F852A165784FEA65
:10F33000051909F102006B1C102239462044637044
:10F340000DF084FA09F182001022414620440DF0AC
:10F350007DFA102140460DF06DFA2544102185F804
:10F36000420138460DF066FA85F80261667885F844
:10F370004A01002385F83A3131460F480DF0ECF987
:10F38000314605460D480DF0E7F9012D03D8002858
:10F3900018BF0135EDB284F88A510025284684F85B
:10F3A0009351FFF78BFE2846BDE8F0871220FBE75C
:10F3B0000720F9E7BC190020FE1A0020061B0020D8
:10F3C00010B5064B5878013840B2002800DA10BD5D
:10F3D000C4B22046FFF70EFE601EF5E7BC19002000
:10F3E000014B83F8B5017047BC190020014B93F81D
:10F3F000B5017047BC190020431E9BB24AF2B712F8
:10F4000093429DBF024BA3F8B80101200020704732
:10F41000BC190020014BB3F8B8017047BC1900209B
:10F4200010B50D4B5C78844214D9184490F8020151
:10F43000C0EBC0041C4494F852410C70072140F208
:10F44000531411FB004158185B5813608388938054
:10F45000012010BD0020FCE7BC19002070B5064655
:10F460000D4605F077FC04F045F90A4B93F8B541D9
:10F470005CB1597859B1981C82333246002D08BFCF
:10F48000184604F001F904F05FF9204670BD0C46FF
:10F49000FBE700BFBC19002008B5064B03EB0113C6
:10F4A0000246012103F1820004F0EEF8BDE80840B5
:10F4B00004F04AB9BC1900200246074810B590F87C
:10F4C000B54124B1417821B1023004F0DDF8204685
:10F4D00010BD0C46FBE700BFBC1900202DE9F74F1B
:10F4E0002F4C9A46637883428046894656D9231822
:10F4F00093F8425185F00105F9B193F84A31E3B927
:10F5000045F002070135BAF1000F18D1FA070AD504
:10F51000062101FB084104EB0810524601F58571F4
:10F520008230FFF719FEBB0734D504EB08105246B2
:10F5300049460230FFF710FE2CE02F46E3E794F82F
:10F5400093614FF0010B002DE0D0A319019393F8C4
:10F550008B1199B90092DAB100F00AFD06EB460171
:10F560002144019B81F894014FEA102C009A81F804
:10F5700095C1000C81F8960183F88BB194F88A311B
:10F580000136B6FBF3F103FB1166F6B2013DDAE793
:10F5900047F00407384603B0BDE8F08F0027F9E7CD
:10F5A000BC190020F8B5184C064648B3617804F53C
:10F5B000A1700DF0D1F894F88A510746294604F25B
:10F5C0008B100DF0C9F82D1AEDB2AF421AD80025F4
:10F5D00006270FE0E21892F8422152B907FB0341D7
:10F5E00004EB0313324601F5857103F18200FFF746
:10F5F000B3FD01356278EBB29A42EBD80120F8BD39
:10F600000546E5E70020FAE7BC19002070B51E4D5D
:10F610006B7883428CB006460C4633D92B1893F88E
:10F62000421179BB0D2204A80AF01EF8E3788DF888
:10F630001F3023798DF81E3005EB061563798DF8A0
:10F640001D306E4605F182039235186859683246BE
:10F6500003C20833AB421646F7D1684609F030FDC5
:10F6600022789DF82F309A420CD162789DF82E3086
:10F670009A4207D1A0789DF82D30C31A58425841BC
:10F680000CB070BD0020FBE7BC190020074B5A7876
:10F69000824209D91A1892F842212AB9062202FB9D
:10F6A000003000F58570704700207047BC190020BD
:10F6B000064B5A78824281BF1B1893F83A01B0FA80
:10F6C00080F0400998BF0020704700BFBC1900209F
:10F6D000F8B50E4607460621304615460DF0AAF845
:10F6E000044640B10A482946427800F59D7009F069
:10F6F000BBFF2046F8BD314638460DF049F80828D2
:10F700001FBF034BC018012480F83A51F1E700BF36
:10F71000BC19002030B50024A0F85240B0F8564083
:10F7200042F210754C43B4FBF2F4A0F85640541E5C
:10F7300005FB0343B3FBF2F3A0F85430094BB3FBD2
:10F74000F2F30133A0F85A30B0F84C3005FB034413
:10F75000436CB4FBF2F459438464B1FBF2F24264AB
:10F7600030BD00BF005A620270B504460D4649BB69
:10F770004FF47A7209F078FF012384F8CD304923E1
:10F7800084F81B31042384F81C316FF03B0384F8A8
:10F790001D31072384F81E312B2384F81A31FE23F0
:10F7A00084F856317F2384F8C1301F4BC4F8B03041
:10F7B000202384F81F5184F8205184F8215184F8C3
:10F7C0006C3370BD012922D10023C269A0F8F63242
:10F7D00080F8EB32154B1344B3FBF2F3C0F8F03072
:10F7E00040F6B833A0F8F4301146C38CA830FFF7C8
:10F7F00091FF0FF084F830B1206AFDF7D1FE10B907
:10F8000084F8D852DDE7002384F8D832D9E70229FA
:10F81000D7D1B0F8C233D0F8BC23C169BDE870407D
:10F82000A830FFF777BF00BF00E0FCFF7FC3C9012E
:10F8300070B504460D4649BB4FF45A7209F014FFE7
:10F84000012384F8CD30492384F81B31042384F844
:10F850001C316FF03B0384F81D31072384F81E31FF
:10F860002B2384F81A31FE2384F856317F2384F841
:10F87000C130154BC4F8B030202384F81F5184F8F0
:10F88000205184F8215184F8013370BD012912D12F
:10F89000C2690E4B1344B3FBF2F3C0F8F03040F6EC
:10F8A000B833A0F8F430C38C114604F1A800BDE8C9
:10F8B0007040FFF72FBF0229E7D1B0F82E33D0F800
:10F8C0002823C169F1E700BF00E0FCFF7FC3C90145
:10F8D000074B93F900301844142804DC10F17F0F13
:10F8E00003DB40B27047142070476FF07E00704712
:10F8F000761B002007B57F230DF107008DF8073038
:10F9000005F036FA9DF9073068B10A4A507840424E
:10F9100043FA80F0142808DC10F17F0F07DB40B2B7
:10F9200003B05DF804FB1846FAE71420F8E76FF01F
:10F930007E00F5E7761B0020024B00221A705A70F9
:10F94000704700BF761B0020054B1B7833B9054B71
:10F950001A681B790260037101207047002070470C
:10F96000781B002028000020054B0168FF221A7038
:10F97000044A11600179117100221A70704700BFAA
:10F98000781B00202800002007B5064B186800905F
:10F990001B798DF804306846FFF7E6FF03B05DF889
:10F9A00004FB00BF2ED103000346407848B1DB784A
:10F9B0002A2B05D8034AD35C1B1A5842584170477A
:10F9C00001207047329103002A2908B5C17003D87D
:10F9D000064B5B5C437008BDFF2904D04FF48D617A
:10F9E0002A20F2F717F80123F4E700BF3291030051
:10F9F0002DE9F04385B0894602A9144698460CF0DB
:10FA0000EBFE0546002840D1039E34B9012486F858
:10FA1000CC40204605B0BDE8F083776921463846E2
:10FA20000AF0D9FD014690B31B4B5B88A34230D34B
:10FA300001AA38460AF03CFF019B1D809D7096F894
:10FA4000CC300198002B0CBF494602210DF0A5FBDC
:10FA5000019822464146033009F08EFD2146384682
:10FA60000AF0EEFD044618B97C212B20F1F7D2FFF5
:10FA70009DF808302BB102A80DF0AFFC039BA3F852
:10FA8000E252002386F8CC30C3E70124C1E70446E4
:10FA9000BFE72C46BDE700BF7C1B0020024B987FD0
:10FAA000C04300F0010070477C1B0020034B987F8F
:10FAB00080F00200C0F34000704700BF7C1B0020B4
:10FAC00010B5094C14220021204609F0CDFD122268
:10FAD000002104F1140009F0C7FD01232373231D45
:10FAE000C4E9003310BD00BFA01B00207FB5054650
:10FAF0000C4621B940F20B111020F1F78BFF03885F
:10FB00008B8000234B72866930460AF0C3FE0146A3
:10FB100010B94FF48A71EFE701AA30460AF0C8FE27
:10FB2000E08010B940F21911E6E7FB2802D940F253
:10FB30001B11E1E701980DF038FB012801D00228E4
:10FB400005D12072206828B94FF49971D4E740F2AA
:10FB50002B11D1E70199E288033109F00DFD304600
:10FB60000AF0AEFE10B940F23711C5E70021304669
:10FB70000AF0CAFD10B94FF49E71BDE70A4BDA7F57
:10FB800082B11A8C2888013A02A91A840CF024FE4A
:10FB900010B140F24511AFE7039AB2F8DC300133FF
:10FBA000A2F8DC3004B070BD7C1B002010B520B979
:10FBB00040F271211020F1F72DFF41600272EFF346
:10FBC000108472B6094B1A1D0260596819B1097A7E
:10FBD000012908BF1A601A681060186004B962B67B
:10FBE000BDE8104093F8260009F03CBBA01B0020A4
:10FBF000024B83F82600FFF763BF00BFA01B002065
:10FC0000014B024A1A60704700020020EDFA000022
:10FC1000014B024A1A60704700020020EDFA000012
:10FC20002DE9F743704E714F054673681B7A102B10
:10FC300007D1FB7F2BB13B8C1BB9002003B0BDE883
:10FC4000F0833369CBB11B7ABBB13469002CF4D09B
:10FC500094F808805FFA88F805232372A8F102035C
:10FC60000E2B00F2B380DFE803F0192545B1786967
:10FC700089694E4E6969699DA4007468237A012BD5
:10FC8000DBD0EFF3108372B672681268726003B94A
:10FC900062B6237A002BD4D03461D9E7636823B9E4
:10FCA0004FF4E1711020F1F7B5FE29462046984740
:10FCB00004200FE0636813B940F2CB11F2E7294644
:10FCC000204698470346C3F30723012BADF80400F1
:10FCD000C0B27ED0EFF3108372B6227A052AD1B279
:10FCE00001D000297BD1002222723261002B72D117
:10FCF00062B670E0636813B940F2D511D2E72046CE
:10FD000098470020E6E73A4B1B68002BF9D0D4F85F
:10FD1000049042462946484698472B781D2B04D02C
:10FD20001A2BC5D1AB78002BC2D0B9F8080004213A
:10FD3000F2F794FC68B14FF4F571B3E72D4B1B68F3
:10FD4000002BDED06068424629469847B8F10D0F77
:10FD5000AED100233361042070E7636813B94FF418
:10FD600004719FE7294620469847FCF7C5FC002808
:10FD7000EFD1F9F725FF0028C3D0EAE763680BB994
:10FD8000E0218FE70D222A701A88A5F803200024AD
:10FD9000012258696A71AC71AA7021460AF0B4FC5C
:10FDA0003461D8E71E232B70D4F80930C5F803302E
:10FDB0007EE7606810B940F23D2173E70E4B29469B
:10FDC0001B68984700233361022037E740F2462141
:10FDD00068E70323237200283FF427AF2EE7002BA8
:10FDE0007FF423AF62B620E7A01B00207C1B00201D
:10FDF0000802002004020020000200200448037FC3
:10FE000023B90449022214300DF010BB704700BF23
:10FE1000A01B00201FD401001B234FF01B12838462
:10FE2000038482618382C260038541B94FF4A47365
:10FE3000094AC3844384C261C382026170474FF49C
:10FE40002963C38443844FF4A47203F12963C3611B
:10FE5000C2820361704700BF480148010346F0B504
:10FE6000B3F85C20B3F85E6093F87140B3F846C015
:10FE7000B3F84A500846B3F850108A4228BF0A46E1
:10FE8000B3F85410A3F84620B14204F00C0428BF84
:10FE90003146002CB3F84C4007BFB3F84E700E4605
:10FEA0004FF429674FF42966944238BF1446B9428B
:10FEB00038BF39469445A3F84A60A3F84C40A3F8EC
:10FEC0004E1033D1AD1B18BF0125B3F85810B3F84D
:10FED0005240B3F844C0B3F848708C4228BF0C4677
:10FEE00093F8701011F00C0F22D1B3F85610B3F83C
:10FEF0005AE0714528BF7146A445A3F84440A3F8D1
:10FF0000481002D18F4200D1ADB11B88A0F8093052
:10FF1000A0F80B40A0F80D10A0F80F20A0F8116079
:10FF20000549BDE8F04002220DF092BA0125CCE768
:10FF30004FF42961E0E7F0BD69D401000B8BA2F812
:10FF40000B304B8BA2F80D308B8BA2F80F30CB8B84
:10FF5000A2F809000249A2F8113010460DF072BA59
:10FF6000B7D40100014B1878704700BFC71B0020B1
:10FF7000094AD2E90003434083EAB01181EA4321F0
:10FF80004FEAF3435360054B116058434FEAF0606A
:10FF900000EB8000704700BFC81B0020BB79379E74
:10FFA000094AD2E90203434083EAB01181EA4321BE
:10FFB0004FEAF343D360054B916058434FEAF0603A
:10FFC00000EB8000704700BFC81B0020BB79379E44
:10FFD00038B50A4C04F1080508212846F1F77EFFE0
:10FFE000D4E902231343F7D0FFF7DAFF2060FFF7CD
:10FFF000D7FF236860600343F6D038BDC81B0020DC
:020000021000EC
:1000000030F8023CF7B504460D467BB100238DF86D
:1000100004308DF805309DF80430002063F30700AC
:100020009DF8053063F30F2003B0F0BD184B30F896
:10003000DE6C1B680BB136389847164B1B680BB14A
:10004000304698470A2300272B70AF70A5F803604D
:10005000637A54F8C60C6B710AF072FB18B97C21F4
:100060006320F1F7D7FC3046FEF7C4FE3946304630
:10007000F2F7F4FA01213046F2F7F0FA18B9064B1C
:100080001B6803B1984704238DF804300023C0E7B0
:100090000C020020140200201002002070B504465B
:1000A00040680D4690F8C62001230021A8300CF0CE
:1000B000D7FB20B3284666680DF0D9F8A6F8B4033C
:1000C0006068B0F8B433B0F8BC20013B9B1A9BB217
:1000D00047F6FD72934208D9282380F8E730094992
:1000E000DE300DF0AFF9002070BD00F2B6312846C9
:1000F0000DF0B8F863680B2283F8C620F3E70120FF
:10010000F2E700BF01000100F8B5044640680D4663
:1001100090F8C62001230021A8300CF0A1FB002894
:100120004BD06368284693F875100DF069F828B92C
:1001300029462046BDE8F8400DF06CBB6068B5F874
:100140000D30B0F8BC20A0F8B433D24313449BB2B6
:1001500047F6FD72934208D9282380F8E730184902
:10016000DE300DF06FF90020F8BD28460DF03BF8A9
:100170000CF05BFC6768C7F8BC03064601462879AB
:100180000CF060FCA7F8B6033146B5F805006768C7
:100190000CF076FCC7F8B803284666680DF026F820
:1001A000A6F8C003284666680DF027F86368A6F82D
:1001B000C2030E2283F8C620D5E70120D4E700BF92
:1001C0000100010038B5436893F8C5201C2A044695
:1001D00025D193F80A111D88002283F8092183F89C
:1001E000042183F8302303F52E7071B10D4983F893
:1001F0000A2183F8C122A3F8C25202220DF016F997
:100200006368002083F8C50038BD012283F8C1125D
:1002100083F8C4220449A3F8C2520222EEE7022066
:10022000F2E700BF69DA010051DA010008B5406861
:1002300090F8C630162B04D04FF493711F20F1F7BD
:10024000E9FB012380F80931172380F8C630BDE8A7
:1002500008400349022200F571700DF0E7B800BFB5
:100260007DDA010070B5446805780E4604F1A800F7
:100270004DBB94F8C6202B4629460CF0F1FA30B35A
:100280007168184AB3680A40C4F81A2123F4FF635E
:10029000C2F3076242F00802DB04DB0C84F81D2184
:1002A0000022C4F81E31A4F806219DB194F808314B
:1002B000013384F80831D4F8B43043F00103C4F8B2
:1002C000B430154604E0D4F8B430DB07D8D50125A6
:1002D000284670BD012384F80831042384F8C63011
:1002E000F6E700BF2F4904F7F8B54468077894F89B
:1002F000C52006460D463B46072104F1A8000CF038
:10030000AFFA90B3AB6869681A4A23F4FF630A40F6
:10031000DB04DB0CC4F81A21C2F30762C4F81E31F7
:1003200042F00802002384F81D2184F8043184F887
:10033000C53017B9736883F8737194F8173203F0F6
:10034000FF06A3B92388A4F8193284F818626B68F1
:10035000C4F81B32AB680849C4F81F32022204F209
:100360000F200DF063F83046F8BD0126FBE70026AC
:10037000F9E700BF2F4904F77FDC0100406890F8DF
:1003800017325BB90388A0F819321A2380F81832A3
:100390000349022200F20F200DF048B8704700BF59
:1003A0007FDC010010B50446FEF7AAFB044B21F4E4
:1003B000FF61C9040340C90C6360A16010BD00BFA8
:1003C0002F4904F737B50C464568FEF799FB094BF2
:1003D00095F81A2121F4FF610340C9040093C90C68
:1003E00013408DF8003001916B4603CB6060A16033
:1003F00003B030BD2F4904F7F8B54468057894F888
:10040000C52004F1A8070E462B46082138460CF0FB
:1004100027FA78B394F80B3198071AD430460CF0C9
:100420005BFF84F81501B6F80530A4F81631B6F86C
:100430000730A4F8183194F80B3143F0020284F825
:100440000B21DA0705D52649022204F586700CF047
:10045000FFFF94F80B31DB0724D46DBB94F8C62062
:100460002B46294638460CF0FBF9A0B9492140201B
:10047000F1F7D0FA55B994F8C6202B4629463846EC
:100480000CF0EEF90028C5D10120F8BDD4F8B43045
:100490009907BFD5F8E7012384F8C63084F80831FE
:1004A000A4F8065194F8C5300020012B04BF84F84D
:1004B000C50084F80401E8E7D4F8B43013F0020270
:1004C00001D05021D3E743F00203C4F8B43094F8CC
:1004D0000831A4F80621013384F80831E2E700BFAF
:1004E000EDDD0100114A00F5006092F900100313E0
:1004F00040F3073081420BDD92F90120584242FA65
:1005000080F07F280DDC10F1800F0CDB40B27047CB
:1005100092F90210814202DA92F90320EEE70020FC
:1005200070477F2070476FF07F007047D81B002016
:10053000F7B5A0F25727044697F87100FCF792FF31
:100540006FF4D7731C440546A068FFF7CBFF06463F
:1005500058B3D4E900126FF000439A4208BFB1F1DA
:10056000FF3F22D00EF0E5F8D4E90023904271EB72
:1005700003031AD3388869460CF02EF918B1842188
:100580007A20F1F747FA691C02233246C9B268465D
:10059000FCF780FF48B9064B9D880EF0CAF84FF46F
:1005A0007A76E6FB0501C4E9000103B0F0BD00BFA7
:1005B000D81B0020044B9B685843C3F580534B4322
:1005C00003EB2030704700BFD81B00202DE9F84313
:1005D00005464768FFF78EF96C687F2804F1A80488
:1005E000064660761ED1002397F83420012A62D196
:1005F000002B60D06B6803F5DC7093F8C021002AF3
:1006000059D13A88A3F8C12197F8C12083F8C321B2
:1006100097F8C22083F8C421BDE8F8432749022295
:100620000CF004BF94F83330D5F80480A37601466B
:10063000A068FFF7BFFF224BA0601B7BF3B1FFF761
:1006400051FFD8B1D4E900126FF000439A4208BFBD
:10065000B1F1FF3F12D00EF06CF8D4E900239042C4
:1006600071EB03030AD3D5F8049003F0FBFB1549A3
:1006700089F8710009F257200CF0F3FE94F91B2061
:1006800098F83510B31A1BB2002BB8BF5B429BB26F
:100690008B42A8D3FF29A6D0237F0133DBB2237777
:1006A00098F83610994201D37F2A9CD100232377F2
:1006B000E676012398E7BDE8F88300BF89DE0100F4
:1006C000D81B002031050100F0B5204E05463078DA
:1006D0000024147080B1431E7768DBB2181B012818
:1006E0000BDC07EBC40057F834604068884208BF51
:1006F000AE4212D114700120F0BD1819461007EB5C
:10070000C60E57F836C0DEF80460AC45C0F34700AB
:100710008E412CBF03460446E0E7B54271EB000072
:1007200002D214700020E7E707EBC30057F833400C
:100730004068884208BFAC4201D11370DBE7A54294
:10074000814128BF01331370ECE700BFE81B002094
:1007500010F0070208B503D063214820F1F75AF9D9
:1007600018B1034B197258601A70C80008BD00BF59
:10077000E81B0020014B00221A707047E81B002084
:10078000014B187A704700BFE81B00202DE9D343C6
:100790000DF081FB0DF1070207460E46FFF794FFAF
:1007A00098B9114C2278237A93420ED0616813468F
:1007B0006FF0604E9DF80700984209D301EBC0032B
:1007C000C3E9007601322270012002B0BDE8D08377
:1007D00003EB0E0001EBC000D0E90089013BC0E94A
:1007E0000289DBB2E6E700BFE81B002037B50DF059
:1007F00052FB0DF10702FFF767FF0446A0B10C4A58
:100800009DF8070013785568013BDBB213701A1A84
:10081000D2B2411CD200834238BF002205EBC10195
:1008200005EBC00008F062FE204603B030BD00BFFB
:10083000E81B002038B5436893F8C6201D2A0446FB
:1008400004D04FF49A613120F1F7E4F893F80A11DB
:100850001D88002283F8092103F52E7071B10C491F
:1008600083F80A2183F8C122A3F8C25202220CF0B5
:10087000DDFD6368002283F8C62038BD012283F8BD
:10088000C11283F8C4220349A3F8C2520222EEE740
:1008900069DA010051DA0100A0F10E0310B5172B3F
:1008A00021D8DFE803F00C2020200C200C20110CB4
:1008B00020202020203620203C20202F2F2FBDE874
:1008C000104000210DF02DBB1A4C606890F8C53027
:1008D000222B0AD12046FEF747F96368002283F8ED
:1008E000C52083F80421002010BD2F2BFBD190F8E8
:1008F000C62001230B21A8300BF0B2FF0028ECD159
:100900002A21E7E70C4B1B68002BECD0BDE8104018
:1009100018470A4B1B68002BE5D01D20F6E7084B53
:100920001B68002BDFD003480A46BDE81040406832
:1009300020211847F41B0020900300209C03002076
:1009400078030020114B09790246586890F8C530A9
:10095000222B11D02F2B0FD0292B0FD0042B0FD0EF
:10096000102B0FD01E2B0FD090F8C630242B14BFA5
:10097000FE201720FFF790BF1620FBE72320F9E7A2
:100980000E20F7E71220F5E71420F3E7F41B002010
:1009900008B5084B586890F8CB304BB990F8C62092
:1009A00001230621A8300BF05BFF00F0010008BD19
:1009B0000120FAE7F41B0020F8B52D4B1A894028D6
:1009C00042EA00021A8105D158680421BDE8F840C6
:1009D000F6F78EBA00F00302032A04D140F6F6219E
:1009E0003120F1F717F810F0020418BFD960C507DD
:1009F00005D5CA781961062A0DD00B2A18D02CB15A
:100A0000DA68D278052A1FD00B2A2AD0820644BF82
:100A100008221A75F8BD5A6892F8C6101929EED145
:100A2000002600270121C2E94A6782F8CA10E6E7DA
:100A30005A6892F8C610132901BF002182F8CA1023
:100A4000012182F80A11DAE75A6892F8C6101729CC
:100A5000DCD100240025C2E94C45012182F8CB10ED
:100A6000D4E75A6892F8C6101229CFD10021F5E7D1
:100A7000F41B002070B5274C636893F8B66393F8B5
:100A8000B753002E3FD193F87010002D3DD193F84D
:100A9000712083F8701083F87120FF2283F8722090
:100AA0001D4B1B680BB160689847636893F86C3105
:100AB000012B02D056EA050303D016480021FEF7A9
:100AC00053F8606838300CF045FD0546606800F565
:100AD000E771FFF7C3F960680521F6F709FA606866
:100AE00038300CF037FD8542044610D205F08CF802
:100AF0000146601B6F2838BF6F2007F03FFFB0FA38
:100B000080F0400970BD3146BFE72A46C1E70120A9
:100B1000F8E700BFF41B00209403002008B50C4B3D
:100B20005B6893F85621FE2A04D040F6A5013120D7
:100B3000F0F770FF83F8560111B9A3F8061108BD4C
:100B40000022A3F80021012283F80421F7E700BF67
:100B5000F41B0020104B1A7DCAB970B95B68D969C3
:100B600041F64B52914215D9B3F86010B3F84420C6
:100B700091420FD81846F6F721B91A89120708D5FD
:100B80005B6893F8C700083818BF01207047002041
:100B900070470120704700BFF41B00204368D3F862
:100BA000B43013F0300F2DE9F74304460D4656D10B
:100BB00008460CF0ABFB30B92946204603B0BDE82F
:100BC000F0430CF027BE284666680CF09BFB0746F6
:100BD00028460CF093FB804628460CF095FB814696
:100BE00028460CF08DFB383600904B46424639467D
:100BF00030460CF0E4FC1B4B1A89920711D5DA68D9
:100C0000D278142A0DD16268D2F8B43043F01003C0
:100C1000C2F8B43020460CF0B5FD002003B0BDE8AA
:100C2000F083626892F8C5101E29ECD092F8632117
:100C3000002AE8D1626892F86221002AE3D1616853
:100C4000D1F8B42042F02002C1F8B4205A6811460D
:100C500002F2E11231F8380BFFF770F9DAE7012000
:100C6000DCE700BFF41B002037B5044601A8FEF7FF
:100C7000D5F820B940F2EA713120F0F7CBFE3222EC
:100C80000021019808F0F0FC019D032128460CF09A
:100C900084FA0198037823F0100303702146FEF7CD
:100CA00093FE2A2C2FD8012C30D9A31E282B2DD807
:100CB000DFE813F02F002C006600430043002F00F4
:100CC0002C0074002C00430050004B00C5002C0089
:100CD0002C00360043004300790079005C00B1002D
:100CE0002C002C002C009300D800D000D4002C0045
:100CF000EA002C00F300C900C900C9002C002C0038
:100D00002C002C00E000FF2C00F0D18040F69C016C
:100D1000B2E76D4B5B6893F85821019B1A710CE0A8
:100D2000694C0198636893F853110CF044FB6368B5
:100D3000019893F852110CF042FBFEF785F8002859
:100D400040F0BF804FF40A6196E75F4B5B6893F811
:100D50005221E2E7019B0D221A7159225A71002299
:100D60009A718F22DA7111221A72E6E7564A019BB4
:100D7000526892F86E11197192F86F215A71DCE77E
:100D8000514C0198616801F540710CF09BFA616863
:100D9000019801F542710CF099FACEE701994A48A1
:100DA000FFF710FBC9E7484C01986368B3F85C1083
:100DB0000CF094FA63680198B3F85A110CF092FAA7
:100DC00063680198B3F858100CF090FA63680198C2
:100DD000B3F858110CF08EFAAFE700232846012132
:100DE0008DF800300CF0E5F9374B5B681A7C5B7CC2
:100DF000032A08BF002203F01F0343EA82139DF871
:100E0000002002F020021343694628468DF8003086
:100E10000CF0D8F991E72C4B019A5B6893F86C11B0
:100E2000012915BF93F86C1093F86E1111711171AF
:100E300014BF93F86D3093F86F3153717DE70198CB
:100E4000FFF7B0FA79E7214B1F4A1B68019920464A
:100E5000984772E701980DF071FB6EE701980DF06D
:100E600075FB6AE7184B0198596801F279110CF08B
:100E700060FA62E7144B0198596801F29B1201F283
:100E800079110CF062FA58E7114B1B68002B3FF404
:100E900054AF0D49019898474FE70E4B1B68002B44
:100EA0003FF44BAF084A516801F5B071F2E7064BC9
:100EB00001985B6893F8AF23D3F8B0130CF085F971
:100EC0003BE703B030BD00BFF41B00208C030020C3
:100ED000740300208403002010B5164BDB681979D9
:100EE000436893F8C5200A2A09D193F851218A4210
:100EF00005D1002283F8C52083F8042110BDD3F862
:100F0000B42012F0080407D022F00802BDE8104017
:100F1000C3F8B4200CF040BCFF2905D1322283F87D
:100F2000C52083F8AC43E9E740F272413120F0F785
:100F300071FD00BFF41B002010B5044608796268FB
:100F4000232892F8C53035D8112807D80E2833D178
:100F500022460121BDE810400CF0E3BFA0F11202CF
:100F6000112A29D80FF2040C5CF822F0510F01006D
:100F7000B90F0100510F0100B90F0100BD0F0100B1
:100F8000510F0100B90F0100B90F0100B90F0100A5
:100F9000B90F0100B90F01000B100100B90F0100DA
:100FA000B90F0100B90F0100B90F0100B90F01001D
:100FB000F90F0100FF282CD0002010BD222B01D0FA
:100FC0002F2BF9D120460CF0D4FB636893F8C62090
:100FD000232AF1D093F81B2122F0010283F81B2170
:100FE000626892F81B3123F0080382F81B311A2142
:100FF0002046FDF7B9FDDFE7292BDDD1094B1B6842
:10100000002BD9D020469847D6E7312BD4D1064BB8
:10101000F5E7064B9B69002BCED0012382F8AE3357
:10102000CAE700BF98030020A0030020F41B0020A3
:10103000024B0020C3E90600704700BFF41B0020EC
:101040001F4B0022C3E906221E4B1F4A9A601F4A0B
:101050005A601F4A1A601F4A9A621F4ADA621F4A80
:10106000DA601F4A9A611F4A1A631F4A1A621F4AAE
:10107000DA641F4A9A641F4A5A641F4A5A631F4A15
:10108000DA611F4A5A621F4B1F4A9A601F4ADA618F
:101090001F4A5A621F4ADA621F4A1A611F4A5A617E
:1010A0001F4A5A641F4A5A631F4A9A611F4A1A63A9
:1010B0001F4A9A641F4ADA641F4A9A63704700BF46
:1010C000F41B00201802002073D801009D000100CD
:1010D000090101005BDB010047DC0100B7DB010017
:1010E0005DDC0100F9030100650201002BDD010058
:1010F00053DD0100A9E0010045090100390F01009D
:10110000E9020100C40200209FD80100D90E0100AD
:101110001FDF0100FBDF01001BDF0100DDDF01003D
:101120003FE00100BFDF01003508010017DF0100CB
:10113000BDDD0100A1DD010013DF0100024B986954
:10114000003818BF01207047F41B00202DE9F04340
:101150008B4C228963680646D00556BFB3F8FA2047
:101160000022013287B046BFA3F8FA2083F8F422A8
:10117000A3F8FA200F46FFF70BFC50B123896068F3
:10118000190545D590F8CB30002B41D00023C0F88D
:10119000EC30238903F4407333B1606890F8C930B0
:1011A000002B52D0032B56D06368218993F8C920B5
:1011B000012A04D14A0544BF022283F8C920002E27
:1011C00040F0C7844D065DBFB3F80C23013292B2E4
:1011D0003246A3F80C23002F40F0B88108076DD5E4
:1011E00093F85621222A3BD02A2A01D01C2A05D165
:1011F000002283F8742162480CF0BBFA636893F80C
:101200005621FE2A39D140F271513120F0F702FC0B
:10121000D0F8EC30D0F8F02001339342C0F8EC3035
:1012200004D8618CD51A05318D4202D8012180F88D
:10123000F8109342ADD30023C0F8EC30514902229C
:1012400000F2C5100CF004F9A3E7012180F8C910E1
:10125000F5F74EFEA8E7022380F8C9300121F7E731
:1012600083F8AA71484B1B68002BC4D0606800F556
:10127000D57100F5AE709847BDE7FE2283F8562180
:1012800093F8C6201B2A08D1002583F809513C4851
:101290000CF082FA636883F8C650606890F8C53035
:1012A000212B32D0322B3FD0636893F8C720082A15
:1012B00002BF022284F8242083F856212389D9070B
:1012C00040F112816068D4F8108090F8C62098F838
:1012D000035001230521A8300BF0C2FA60B1AB1E08
:1012E000DBB2092B00F23481012202FA03F340F24F
:1012F0003332134200F02C814046FEF755FBE0B933
:1013000041461F480CF086FA36E090F8C6200123CB
:101310000B21A8300BF0A4FA636818B12F2283F8D0
:10132000C520C1E72222FAE7012380F8AD3300236C
:1013300080F8C53080F80431B6E798F80350012DE5
:1013400002D9162D40F0C280636893F8C5000CF0F6
:1013500038FA48B1636893F8C520212A04D0222ABC
:1013600016D12F2283F8C520084B53F82530002BC7
:10137000C6D0216902489847054668B9B4E000BF65
:10138000F41B00201BDD01007C030020180200205C
:10139000162D0CBF20250225237D180719D560685E
:1013A000012390F8C6200521A8300BF059FA804699
:1013B000002840F0CF80019001A90320F2F7F0F857
:1013C000019B33B183F808806168019810220CF00A
:1013D0002DF8A3693D43EFB2002B53D0656814226A
:1013E000002101A808F040F995F8710004F096F882
:1013F0006368054693F8710004F088F805F5FA75FE
:101400004FF47A73B5FBF3F563681A88ADF80420DE
:101410000544B3F8BC20D869ADF80A50ADF80820EF
:101420000BF0F0FA6368ADF8060093F8AE3333B111
:101430002069C31C04930BF0AEFE8DF814006268A3
:101440009DF80C3092F8AD2362F300038DF80C3058
:1014500001A8A369984763680499002283F8AE2322
:1014600083F8AD2371B193F8AC235AB993F8C52032
:10147000322A07D09DF8142022B10878FF286BD1BA
:101480001B2A70D9606890F85631FE2B40F0958089
:10149000002F40F09280012390F8C7201946A83011
:1014A0000BF0DEF9002840F08880636893F8603123
:1014B000002B60D0636893F86121A3F8FE7083F875
:1014C000582101210220FFF729FB76E02A2D7FF623
:1014D0004BAFFF2D7FF414AFA369002B3FF410AF87
:1014E0006368012283F8AE2323895A0707D562680F
:1014F00092F8C720072A04BF012284F824209D0700
:1015000009D5E368DB782A2B13D8B24A52F8233086
:10151000CBB1B1489847258915F0100007D0636812
:1015200093F8C6200B2A02D10C2283F8C62000258E
:1015300032E7FF2B07D16368322283F8C5200022EF
:1015400083F8AC23E7E740F265515EE63D4623E7CA
:10155000082521E708253CE7072893D1022A91D1E5
:101560004878FF288ED1012083F8AC03C3F8B0136C
:1015700083F8AF2386E76068012390F8C620042132
:10158000A8300BF06DF90546002840F01181626823
:10159000D2F8B430D90702D53946092093E7980725
:1015A00040F1A58039460C20FFF7B8FA626892F83E
:1015B0000B3143F0010382F80B316568B5F8E8326E
:1015C00095F8EC820133A5F8E832B8F1000F00F08D
:1015D0009882F1F7D7FF10B10023A5F8E8326068D0
:1015E000012390F8C6200021A8300BF039F928B962
:1015F000636893F8C6300C2B40F09B82606801232F
:1016000090F8C5200021A8300BF02AF9002800F03E
:1016100090826068012390F8C7200021A8300BF069
:101620001FF9002800F08582636893F8C920022A18
:1016300040F07F8293F8F422002A40F07A825869C1
:1016400009F07EF8002800F07482606890F8563146
:10165000FE2B40F06E82B0F8E232012B40F269823C
:10166000B0F8FC10B0F8FA208D1EAA424FF001032A
:10167000B8BF01F1FF3180F8EA32B0F8E852B8BFE4
:101680008B1A618CB8BF9BB28D423BBF4A1C521B68
:10169000012292B2934228BF1346012B04BF0022BD
:1016A00080F8EA2290F87F2072B96268916F59B190
:1016B000B2F8F610B2F8BC20891A8AB209B2002931
:1016C00002DD8B42A8BF13466068B0F8BC1090F8EA
:1016D000C9200B449BB2012AA0F8E43240F23782C1
:1016E000023A012A40F22B8240F60A118DE5590791
:1016F00002D539461320E6E6180706D592F8503190
:1017000082F8583139460720DDE6190602D5002156
:101710001B20D8E613F030013FD092F86331002B44
:1017200040F00A83636893F86231F3B1606890F81F
:10173000C630262B00F5B17100F2B6322BD090F8EE
:10174000C530A3F1260CDCF1000343EB0C030BF0D6
:101750000AFF6268D2F8B43023F0200343F010038C
:10176000C2F8B430002382F862316068D0F8B43037
:10177000DB0640F1E18200F5E771FEF76FFB63687D
:10178000B3F85A20A3F85821B3F85E20A3F85A21E1
:101790000021152097E60123D9E713F0400201D07C
:1017A000242090E6D90540F1C78211461E208AE622
:1017B000636893F8C620123A0B2A47D8DFE802F094
:1017C000064646460E1146464646463700210B2041
:1017D00079E600BFC4020020F41B00200021042091
:1017E00071E693F8A803012808D100210520FFF72E
:1017F00095F96368002283F8A823DEE602287FF4C7
:10180000DCAE93F80A5106221DB183F8582100215D
:10181000EDE7AB4803210BF0CEFF636893F81A3174
:1018200013F0040F294614BF11200D20DFE700211B
:10183000062048E60021112045E693F86C21012A94
:1018400004D193F86D31002B00F08782606801238A
:1018500090F8C5200021A8300BF002F890B1606824
:10186000012390F8C6200421A8300AF0F9FF48B9F6
:10187000636893F8F8302BB10121122023E6002190
:10188000202020E6606890F8C5200A2A05D190F84B
:10189000513180F85831012135E7002D7FF48DAEAC
:1018A00001232946A8300AF0DBFF002800F0AE80B3
:1018B000636893F873213AB101210E20FFF72EF9E6
:1018C000636883F8735178E693F872218AB193F8CC
:1018D0000B2192070DD101210C20FFF71FF963683E
:1018E00093F80B2183F8725142F0010283F80B2127
:1018F00063E693F8623153B3636893F8633133BBA3
:10190000606890F8C630262B00F5B17100F2B6324F
:101910001BD090F8C530A3F1260CDCF1000343EB9B
:101920000C030BF020FE6368002283F86221012182
:101930001420FFF7F3F86368B3F85A20A3F858218E
:10194000B3F85E20A3F85A2137E60123E9E762687D
:1019500092F86C110129CBB27AD192F86D21002A4C
:1019600076D160680B2190F8C620A8300AF078FF85
:1019700000286DD1656895F87080404609F0B1FB8C
:10198000814695F8710009F0ACFBB9F1020F95F8AA
:101990006E311FD0B9F1030F1ED0B9F1010F04D180
:1019A000012B14BF00230123C3B995F8C6200123DE
:1019B000032105F1A8000AF053FF38BB606801233A
:1019C00090F8C6200221A8300AF04AFFF0B90121A0
:1019D000162078E5022BE4E7042BE2E7022895F8CD
:1019E0006F3127D003282CD00128DED1012BDCD188
:1019F0004146B5F8BC30B5F8700105F56D720AF0D6
:101A000063FD0146F8B92E48FDF7AEF86068012382
:101A100090F8C5200021A8300AF022FF00283FF4EA
:101A2000CCAD636893F8AC33002B3FF4C6AD012115
:101A3000FF2048E5022B14BF00230123002BB4D064
:101A4000D6E7042BF7E76368282283F8C520B4E5BE
:101A5000636893F8A93103F0FF0513B10121232036
:101A600031E5636893F8A6313BB101212520FFF7EA
:101A700055F8636883F8A6519FE5636893F8AA3127
:101A800013B1012122201EE5636893F8743183B3FA
:101A9000636893F87801F5F7D1FB6168A0B1094B51
:101AA00091F878211B68064801F27911984763681C
:101AB000A8B10228AAD1002283F87421A6E700BFAA
:101AC000F41B0020A4030020A64BA7481D6891F832
:101AD000783101F29B1201F27911A847E7E793F8F8
:101AE0007801F5F7ABFB012108B11C20EBE42A20BB
:101AF000E9E4636893F8B231002B87D001211D20FF
:101B0000E1E4F1F739FD08B1A5F8E882F1F742FD0B
:101B100000283FF464AD95F8F4320133DBB2022BB8
:101B200085F8F43282BF0023A5F8E83285F8F43254
:101B300055E56368002283F8EA220123C4E590F8A2
:101B4000C750B0F8FA20082D66D1022A5DD8A0F857
:101B5000E0322289636855065BBFB3F8F622B3F81A
:101B6000E61200225218A3F8F62293F86031002BF7
:101B700000F08A806368B3F8FE20B3F8E6120A44E6
:101B8000A3F8FE20626892F8040130B1B2F8003187
:101B9000B2F8E6120B44A2F8003192F908110029BC
:101BA000C1BFB2F80631B2F8E6525B19A2F80631AD
:101BB00092F8E7305BB9002E40F0B88094F82430FA
:101BC000022B6DD192F85831062B18BF162362688C
:101BD00092F8E62032B96068644980F8E730DE3078
:101BE0000BF030FC60680CF090FA614B1B681BB185
:101BF000604A6068116898476368002283F8EB22A6
:101C000007B0BDE8F043FDF745B9B0F8FC30194422
:101C10000131A0F8E0129CE7B0F8FC30511C994269
:101C20000FDA9B1A9BB2022B0BD0033B9DB290F8AC
:101C3000F83043B9FEF7ACFEB0B96DB16B1E9BB284
:101C40000BE00025F3E790F8C52001230921A83017
:101C50000AF006FE0028EDD100236268B2F8E41213
:101C60000B44A2F8E03274E76368D3E93B32991C75
:101C70008A4207D3D21A022A04D0033A954288BF77
:101C800095B2DAE70022F9E76068012390F8C720EF
:101C90001946A8300AF0E4FD00287FF46BAF71E725
:101CA000012B08D192F8C830002B90D16068002138
:101CB000F5F71EF999E75FB1F80635D4390735D441
:101CC000BA0635D4BB0735D140F67321FFF79DBA6C
:101CD00038B1B2F80001B2F80231984201D32223A0
:101CE00075E7002905DDB2F80611B2F80231994214
:101CF000F5D2B2F8FE10B2F8FC3099420BD263680C
:101D000093F8C910B3F8FA2051B1B3F8FC309342FC
:101D1000CCD808235BE792F86031002BDFD1EEE7E7
:101D2000052AC3D93E2352E71E2350E73D234EE741
:101D300023234CE72A234AE7636893F8C6202B2A1B
:101D40003FF49DAD302A3FF475AD232A7FF47EAD7C
:101D500093F86C21022A7FF470AD00211720FFF761
:101D6000B2BB00BFAC030020F41B00200100010047
:101D70007003002030000020F7B5764C0127277053
:101D80000023606080F8EB7200882381237584F85B
:101D90002430FDF73DF863681888FDF765F863683F
:101DA000B3F8E222264612B393F85621FE2A1ED13A
:101DB00093F86031DBB160683B4690F8C720394644
:101DC000A8300AF04DFD054688B9636893F8612193
:101DD000A3F8FE0083F8582102203946FEF79EFE44
:101DE0006368022083F8EA52FEF73EFF04E063686E
:101DF00093F85601FE28F7D1636893F8ED22002A84
:101E00004FD0002362686384B2F8E632B2F8E81279
:101E1000013B11FA83F1A2F8E812B2F8FA109FB26E
:101E200011FA83F3A2F8FA30FEF7B2FD28B1626826
:101E3000D2F8EC303B44C2F8EC306068B0F8E232E3
:101E4000012B9CBF0133A0F8E23200250FB180F8CE
:101E5000F45290F8C63080F8EA52A3F10B02012A3E
:101E60002AD8B0F8BC30B0F8B4239B1A19043DD47A
:101E700000F2B631CD300AF06BFE636883F8C650CD
:101E8000FF2283F822216168B1F8E62201F1A8005F
:101E90000AF0A4FE00283FD040F6FB113120EFF7F6
:101EA000B9FD93F82B3223B96268538E928C9A4213
:101EB000A8D363689B8CA5E7262B17D1B0F8B42371
:101EC000B0F8BC309B1A1A0410D480F8C650FEF744
:101ED000D1FD6368014630B983F86C0103B0BDE8F9
:101EE000F040FFF733B983F86C51CCE790F8C53078
:101EF000262B01D0282BC6D1B0F8BC30B0F8B423C3
:101F00009B1A1B04BFD4002380F8C530FEF7B2FD36
:101F100001460028B7D1E1E70F4B009396E8030094
:101F20000E4B0F4AF1F7FEF8E16919B194F8200061
:101F300002F0E6FE6068012390F8C6200521A83073
:101F40000AF08EFC20B103B0BDE8F040F1F7E2B832
:101F500003B0F0BDF41B00204D110100550B010032
:101F6000B909010038B50446084694F8A83313B1FE
:101F70000C25284638BD94F8C630172BF8D194F8B4
:101F8000CC3303F0FF05002BF2D199B10A4B59680D
:101F9000D1F80833C4F84C312A4601F59C7301F599
:101FA0003E710BF08EFF012384F8A83320460CF01D
:101FB000BBF8DEE70223F7E7F41B002010B5044668
:101FC000D0F8BC03E369984204D1D4F8C023636A13
:101FD0009A4214D02388A4F82D320AF013FDB4F8E5
:101FE000C033A4F83132B4F8C233A4F82F0209493F
:101FF000A4F83332022204F223200BF029FA022142
:102000002046FDF7B1FB002384F8C630032384F893
:10201000C93010BDBDD80100054B064A1A65064AF5
:102020005A65064B064A1A65064A5A65704700BF4C
:10203000180200209D0B01000BD90100C4020020F2
:10204000E5D801006FE00100054B064A9A65064A93
:102050001A66064B064A9A65064ADA65704700BF5B
:10206000180200200DC60100D1EB0000C4020020C0
:102070003FC301001FE00100154B5B6893F80401AA
:1020800028B1B3F80011B3F8022191421ED293F99E
:1020900008212AB1B3F80611B3F80221914214D2F3
:1020A000B3F8FC20B3F8FE1091420ED2B3F8FA0058
:1020B00093F8C93023B9052894BF00200120704748
:1020C00082428CBF0020012070470120704700BF72
:1020D0001C1C0020144B5B681B2883F8560116D883
:1020E000124AC240D2071ED4112806D193F85821B3
:1020F00052B10022A3F800217047072813D0092805
:1021000011D0152805D10022A3F8062170472428F4
:1021100009D01E2807D0022881BF0022A3F8002181
:10212000012283F8042170471C1C002000100809BC
:1021300070B5204D6B6893F81A1309B993F87010B5
:1021400093F81B230AB993F8712083F8701083F871
:102150007120FF2283F87220174B1B680BB168684F
:10216000984700211348FCF7FFFC686838300BF0F3
:10217000F1F90646686800F5E771FDF76FFE6868DB
:102180000421FAF7C3FD686838300BF0E3F98642A2
:1021900004460CD203F038FD0146A01B6F2838BF5F
:1021A0006F2006F0EBFBB0FA80F0400970BD012013
:1021B000FCE700BF1C1C002030050020104B02462D
:1021C000187AC8B9012A0DD15B68D96941F64B521A
:1021D000914214D9B3F86020B3F844309A420ED833
:1021E000FAF786BD5A89520708D55B6893F8C7008D
:1021F000073818BF01207047002070470120704742
:102200001C1C0020C278012A07D10D4A5268B2F87E
:1022100016234272120A827270473AB9084A52680B
:10222000B2F81E234273120A82737047182A05D12E
:10223000034B5B68B3F818130BF0A8B8704700BFE6
:102240001C1C002038B590F8C5300E3B012B04460D
:102250002DD8B0F8BC30B0F81E2301339BB29A429F
:1022600025D10388A0F82D32D0F828030AF0CAFB44
:10227000B4F82C33A4F831320025B4F82E33A4F886
:102280002F020B49A4F8333284F82C52022204F2B4
:1022900023200BF0DDF80221204684F81C53FDF7C3
:1022A000C7FA03212046FAF731FD84F8C55038BD3E
:1022B000BDD80100384A034608465189194370B514
:1022C000518103F00301032904D140F63521362062
:1022D000EFF7A0FB13F0020118BFD060DC0748BF86
:1022E000106121B1C178062922D00B292DD0990681
:1022F00044BF082111721B064DD55268C478D569B8
:10230000B2F8BC30968C41F64B518D4294BF4AF6E0
:10231000C8710621334498BFB1FBF5F1012C0B4481
:102320009BB219D1A2F81633BDE87040FFF76ABF1F
:10233000516891F8C5401A2CD9D100240025C1E973
:102340004C45012481F8CB40D1E7516891F8C54054
:10235000142CCCD10024F5E714B9A2F81E33E3E71E
:10236000182CE1D1B2F81A1399B192F81A4314F06B
:102370000C0F0BD092F8701011F00C0F06D08C429D
:1023800004D092F81B13002908BF0023A2F81833C9
:10239000CAE70B46FAE770BD1C1C002038B553682D
:1023A000142814460D4693F8C52011D0162824D0C1
:1023B00012283BD1204B586809210023A8300AF08D
:1023C0004FFAC0B120460021BDE838400BF0ADBC4B
:1023D000194B58680A210023A8300AF041FA50B17D
:1023E00020460BF0C6F935B1626892F81A3123F035
:1023F000200382F81A31002038BD212AFBD1204663
:102400000BF0B7F96DB1626892F81B3123F001034C
:1024100082F81B31626892F81B3123F0080382F8BE
:102420001B311A212046FCF79FFBE4E74FF475713E
:102430003620EFF7EFFA00BF1C1C0020252870B5EE
:1024400034D8112803D803283BD0002432E0A0F16F
:102450001203132BF9D801A454F823F0B924010076
:102460004B240100B92401004B240100B9240100D0
:102470004B2401004B2401004B2401004B2401009C
:102480004B2401004B2401002F2501004B240100A7
:102490003B2501004B2401004B2401004B2401008B
:1024A0001F2501001F2501001F250100FE2814BF64
:1024B00000240224204670BDBDE870400021FFF7D3
:1024C0006DBF254D6B6893F8C520182A01D0152AD9
:1024D0003FD193F80A21002A3BD183F8092183F8E0
:1024E000042193F8C03203F0FF0423B14FF4547178
:1024F0003620EFF78FFA68680388A0F8C23280F8B8
:10250000C11280F8C44280F830431449022200F519
:102510002E700AF08BFF6B6883F8C540CAE7104B3A
:102520001C68002CC6D02346BDE8704018470D4BF0
:102530001C68002CBED01D20F5E70B4B1C68002C3E
:10254000B8D0054B0A4658681F212346BDE87040A5
:1025500018470224AEE700BF1C1C002051DA01001E
:102560002C05002020050020180500200E4B0979BD
:102570005B6893F8C5300246A3F111000C280BD913
:10258000292B0BD01E2B0BD0052B0BD0212B14BFCE
:10259000FE201620FFF752BF0320FBE72320F9E7B8
:1025A0001420F7E71220F5E71C1C002010B50246A6
:1025B00008795168A0F1120491F8C530112C16D891
:1025C000DFE804F009150915091515151515151776
:1025D000151B1515150EBDE810400121FFF7DEBED5
:1025E000292B04D1094B1B680BB1104698470020DA
:1025F00010BD312BFBD1064BF5E72D2BF7D1054B49
:102600001B68002BF3D00846F0E700BF340500201C
:10261000240500201C0500202DE9F347874C638921
:1026200007466068DB0556BFB0F8FA300023013377
:10263000A0F8FA300E460BF099FD48B16389606846
:102640001D0525D590F8CB3013B30023C0F8EC302E
:10265000638903F4407343B1606890F8C93023B9CB
:10266000012180F8C910FAF751FB002F40F08A8150
:10267000002E40F08781628951072ED5636893F858
:10268000C510032921D140F275413620EFF7C2F978
:10269000D0F8EC30D0F8F02001339342C0F8EC30A1
:1026A00004D8818CD51A05318D4202D8012180F8D9
:1026B000F8109342CCD30023C0F8EC3060490222DA
:1026C00000F2C5100AF0C4FEC2E793F8C71007294C
:1026D00002BF0121217583F8C760920709D5E3681D
:1026E000DB782A2B1BD8574A52F82330BBB153480A
:1026F000984763891B0779D5606890F856311C2B81
:1027000046D00FD8012B23D0032B35D0B3B163684B
:1027100093F85621FE2A52D140F27751B5E740F2A4
:102720006B51B2E7222B3AD02A2B31D0212BEED19C
:10273000454B1B68002BEAD09847E8E7B0F8BC206F
:10274000B0F81E13521A1504E1D480F81C33DEE7EA
:10275000B0F8BC30B0F816239B1A1904D7D4D0F8BF
:102760001023137813B940F24B218EE7013B13700D
:10277000002380F8C530CAE790F8C530152BC6D0C5
:1027800003F0FD03182BC2D0002380F83033BEE7DE
:102790006268002380F8743182F80431B7E70023BF
:1027A00080F8AA31294B1B682BB1606800F5D57100
:1027B00000F5AE70984721480AF0DBFFA7E7FE223C
:1027C00083F8562193F8C5200E2A2AD0262A2AD02B
:1027D0000C2A02D10D2283F8C52093F8C720082ABD
:1027E00001BF02222275002283F8C7206389DA071D
:1027F0003AD56068256990F8C520EE780023052158
:10280000A8300AF02DF880B1B31E0F2B61D8DFE895
:1028100003F00C600C0C0C606060600C600C60607D
:10282000600C0F22D7E72722D5E72846FDF7BCF832
:1028300070B9024829460BF001F814E01C1C002076
:102840001BDD0100600400200C0500208003002037
:10285000EB78B0482A2B2946EDD8AF4A52F82330FE
:10286000002BE8D098470646237A1B0716D56068E8
:10287000002390F8C5200521A83009F0F1FF054696
:1028800048BB009069460320F0F78AFE009B2BB1FD
:102890001D726168009810220AF0C8FD6068FFF799
:1028A000D1FC606890F85631FE2B6BD190F8C720B0
:1028B00000230121A83009F0D3FF002862D163680A
:1028C00093F8602102F0FF033AB10220FFF702FC07
:1028D00058E00826C8E70826E0E76068194690F83F
:1028E000C520A83009F0BCFF28B1636893F8F83020
:1028F0000BB11220EAE7606890F8C5201A2A38D098
:1029000022D8132A2FD0142A2BD0032A33D0042103
:102910000023A83009F0A4FF014698BB636893F830
:10292000C620202A6DD81E2A00F2BA80013AD1B200
:10293000052970D8052A6ED8DFE812F09A00A900A0
:10294000910013016D0015012E2A4DD0302A4DD073
:10295000252ADCD1182380F856310023A0F8003155
:1029600010E00B20B2E7D0F84B33C0F84831032019
:10297000ACE70620AAE790F8513180F858310723D8
:1029800080F85631656895F8602102F0FF03002A4F
:1029900000F09782B5F8FE300133A5F8FE3095F8C7
:1029A000041121B1B5F800310133A5F8003195F9D2
:1029B000082122B1B5F806310133A5F80631002F00
:1029C00040F0EC82237D022B00F0E482012B40F0EA
:1029D0008382636893F8C830002B40F0928260686D
:1029E0000021FAF793F9E1E221206FE7012380F853
:1029F00058311120FFF76EFB6368002283F8C52071
:102A0000C0E7302A00F0A68025D8232A00F086806F
:102A1000292A00F0AA80606890F85631FE2BB1D1C7
:102A2000002390F8C5201946A83009F019FF0028A6
:102A300000F0D280636893F81C33002B00F097807D
:102A4000636893F8C6000AF0BCFE002840F08F804F
:102A5000FFF740FBC0E0312ADDD11E207DE093F876
:102A6000502183F85821072283F85621002214E0D0
:102A70000C2283F8562193F80B21002142F0010229
:102A8000A3F8061183F80B2183F8C610C3E71322BD
:102A900083F856210022A3F8062183F8C620BAE75E
:102AA00093F86331002BB6D1636893F86231C3B1F8
:102AB000606890F8C630262B00F5B17100F21A322A
:102AC00026D090F8C530263B012B8CBF0023012374
:102AD0000AF049FD6368202283F8C620002283F8AB
:102AE0006221606890F8C630202B94D100F5E77120
:102AF000FDF7B4F96368B3F85A20A3F85821B3F886
:102B00005E20A3F85A211520FFF7E4FA6368C1E7B5
:102B10000123DDE71C1C0020B403002093F86C2186
:102B2000012A0ED193F86D315BB963689A6ED3F8C0
:102B30006E11AC4809F0E4FC6368182283F8562152
:102B400069E7636893F86C21022A7FF464AFD3E9E4
:102B50001A21EEE783F858011120FFF7BBFA6368EA
:102B600092E7092280E71B227EE72420F5E76368CD
:102B700093F8302382B193F8CA203AB193F8CB305E
:102B800013B94FF4C96180E50A2061E7D3F84B23FC
:102B9000C3F8482103205BE793F873210AB10820AA
:102BA00056E7D3F86023002A67D012F8513C012B76
:102BB00002D04FF4CC6168E512F8283C13B140F222
:102BC000616162E5606890F81D319D0601D51F20A6
:102BD0003EE7854B1B689847606890F85631FE2B9E
:102BE0007FF4D0AE002390F8C5201946A83009F034
:102BF00037FE00283FF4C6AE636893F81433002B09
:102C00003FF4C0AE636893F8C6000AF0DAFD00280E
:102C10007FF4B8AE6368B3F8BC300A2B7FF6B2AE6F
:102C20006846FCF791FE00283FF4ACAE65680522CB
:102C300005F1CE01684606F039FC002800F03E811F
:102C4000D5F81033194611F8012B002A00F02F8116
:102C50000522684606F02AFC00287FF493AE6368DC
:102C6000D3F810231378013313700120FFF732FAE1
:102C70006368002283F8142384E693F8722172B10A
:102C800093F80B2112F00301A6D10C2042F00102AF
:102C900083F8560183F80B2183F872119CE793F8AF
:102CA000623133B3636893F8633113BB606890F8A3
:102CB000C630262B00F5B17100F21A3217D090F809
:102CC000C530263B012B8CBF002301230AF04BFCAF
:102CD0006368002283F862216368B3F85A20A3F87E
:102CE0005821B3F85E20A3F85A211420B0E601233E
:102CF000ECE76368DFF8EC8093F86C21012A53D18C
:102D000093F86D31002B4FD1636893F8C6000AF039
:102D100058FD002848D1656895F87090484608F03D
:102D2000F1F9824695F8710008F0ECF9BAF1020F5A
:102D300095F86E310CD0BAF1030F0BD0BAF1010F38
:102D400004D1012B14BF002301232BB916207FE6E9
:102D5000022BF7E7042BF5E7022895F86F3114D022
:102D6000032819D00128F1D1012BEFD14946B5F83C
:102D7000BC30B5F8700105F5467209F0A5FB0146B7
:102D800060B91848FBF7F0FE26E7022B14BF0023BA
:102D90000123002BEAD1D9E7042BF7E7D8F8043058
:102DA000282283F8C52017E7636893F87431002B55
:102DB00032D0636893F87801F4F740FA6168B8B1EB
:102DC0000A4B91F878211B68064801F2791198475F
:102DD0006368C0B102287FF4FFAE002283F874213B
:102DE000FAE600BF1C1C00201C050020A8030020E0
:102DF000714B72481D6891F8783101F29B1201F213
:102E00007911A847E4E793F87801F4F717FA08B1C5
:102E10001C201DE62A201BE6636893F8A93103F005
:102E2000FF010BB1232013E6636893F8A63133B199
:102E30002520FFF74FF9636883F8A611CCE6636895
:102E400093F8B2310BB11D2002E6636893F8AA3102
:102E5000002B3FF4C1AE63680821B3F8AC01EFF773
:102E6000E7FB18B9636883F8AA01B5E690F8F83172
:102E700003F0FF021BB9636883F8AA21ACE690F85F
:102E8000D031032B0FD8DFE803F00808020CD8F884
:102E9000043093F8B03180F8F931D8F804300022CA
:102EA000EAE72220D4E540F23561FFF7EEBB009857
:102EB000C3F801009DF804300B71D0E685F81403C7
:102EC00060E595F8C720012105F1A80009F0C8FCCC
:102ED00000287FF45FAD62E55EB1F0065CD4310797
:102EE0005CD4B2075CD1B3065CD440F6C721FFF7CF
:102EF000CCBB29B3B5F80011B5F8023199421FD9FE
:102F000022232F4985F8E73005F1DE000AF09AFA0E
:102F1000002385F8C53085F8C63085F8C93060686B
:102F20000221F9F7F3FE636893F85621012A3DD197
:102F3000D3F810231378BBBB40F6F921FFF7A5BBEC
:102F40002AB1B5F80621B5F802319A42D8D8B5F8B9
:102F5000FE20B5F8FC309A420FD2B5F8FE20B5F845
:102F600002319A42CCD295F8C920B5F8FA3052B95C
:102F7000052B7FF634AD3E23C3E7636893F86031D9
:102F8000002BBDD1E9E7B5F8FC209A423FF627AD0A
:102F90000823B6E71623B4E71E23B2E73D23B0E7C4
:102FA0002A23AEE72323ACE7013B137002B0BDE850
:102FB000F047FBF76FBF00BFB00300201C1C0020D0
:102FC000010001002DE9FF41A84C002323700546B4
:102FD00060600088638123722375FBF719FF6368C3
:102FE0001888FBF741FFB5F802236168013292B2FD
:102FF00001F1A80009F0F2FD2746064620B140F293
:1030000089113620EEF706FD95F8C630A5F80203C3
:10301000262B14D1B5F8BC30B5F818239B1A190427
:103020000DD485F8C600FFF783F8C0B90021084623
:10303000FFF7F2FA0024204604B0BDE8F08195F8CD
:10304000C530263B022B0AD8B5F81823B5F8BC309A
:103050009B1A1A0403D4002385F8C530E3E795F8DA
:10306000C5300C3B012B20D8B5F8BC30B5F8162381
:103070009B1A1B0419D4D5F8101305F1CD000131AA
:1030800009F066FD95F8C5300D2B0BD1D5F810234E
:10309000137813B940F2B111B3E7013B1370002369
:1030A00085F8C530FF2385F82231FEF7E5FF80461D
:1030B00008B10124BFE7636893F85651FE2D00F074
:1030C000708103A8FBF7AAFE10B940F2EC7198E7F3
:1030D00032224146039806F0C7FADDF80C8003213E
:1030E00040460AF05AF80398037823F0100303705F
:1030F0002946FCF769FC2A2D00F24D81DFE815F026
:1031000044003C002B006B004B014B0130003800A9
:10311000AD00B10030003000A1004B014B014B016C
:103120004B01010130003000B800B800D1004B0164
:10313000DA004B014B018400190129012D013101F5
:103140004B013A014201FA00FA00FA004B014B012F
:103150004B014B012001636893F86121039B1A71B5
:10316000FBF772FE002840F0198140F6CE0148E7D7
:10317000636893F85821F1E763680398D3F8101354
:1031800001310AF06AF8EBE76368039DD3F828136E
:10319000B3F8200309F069FC28716368039DD3E943
:1031A000C90109F076FC6871000AA8716368039D83
:1031B000D3F8280309F026FCE8716268000A287237
:1031C000B2F82C33039843721B0A8372B2F82E13A1
:1031D0000AF00FF8C4E76168039801F231310AF090
:1031E0004BF86168039801F239310AF04FF86168D1
:1031F000039801F24F310AF04FF86168039801F526
:10320000A4710AF057F8ABE70023404601218DF87E
:10321000083009F0CEFF6268137C507C032B18BF86
:103220001E4600F01F0040EA86169DF8080000F0D8
:103230002000064302A940468DF8086009F0C2FF4D
:103240008EE7039B0D221A7159225A7100229A713E
:103250008F22DA7111221A7282E70398FDF7A2F821
:103260007EE703990148FDF7ADF879E71C1C0020C3
:1032700063680398B3F858100AF038F86368039845
:10328000B3F858110AF036F863680398B3F85C1085
:103290000AF024F863680398B3F85A110AF022F888
:1032A0005EE76268039B92F86E11197192F86F21C4
:1032B0005A7155E76368039D93F81B0309F017F9EA
:1032C000014628460AF05EF86368039D93F81A03E6
:1032D00010F00C0F07D093F8703013F00C0F02D0E1
:1032E000984218BF002009F002F9014628460AF06A
:1032F00045F835E7364B374A1B6803992846984707
:103300002EE76368039893F8582152B193F855114A
:103310000AF051F8636893F8541103980AF04FF8D3
:103320001EE793F853110AF046F8636893F85211B8
:10333000F3E76168039801F2791109F0FAFF0FE7EA
:103340006168039801F29B1201F2791109F0FDFF07
:1033500006E703980BF0F2F802E703980BF0F6F893
:10336000FEE61D4B1B68002B3FF4FAAE6168404639
:103370009847F5E6194B1B68002B3FF4F1AE6168E6
:103380000398F5E7164B1B68002B3FF4E9AE616824
:1033900001F5B071F4E740F6C80132E60398FEF794
:1033A00031FF104B009397E803000F4B0F4AEFF7E4
:1033B000B9FE6068002390F8C5200521A83009F007
:1033C0004FFA044600283FF474AEEFF7A3FE32E64E
:1033D000280500201C1C00201405002010050020DA
:1033E0008803002019260100BD210100B52201003B
:1033F0001C4B1D4A9A601D4ADA611D4ADA621D4A59
:103400001A611D4A5A611D4A5A641D4A9A611D4A31
:103410001A631D4A5A621D4ADA641D4A9A641D4A9B
:103420005A631D4A9A631D4B1D4A9A601D4ADA6110
:103430001D4A1A621D4A5A601D4A1A601D4A9A6244
:103440001D4ADA621D4ADA601D4A9A611D4A1A63F2
:103450001D4A9A641D4ADA641D4A5A641D4A5A621A
:10346000704700BFB403002073D80100AD250100F0
:103470003FDB010009DB0100CDDA010031E301008F
:10348000C5010100F9030100E90201002BDD010083
:1034900053DD01006D25010065020100600400207C
:1034A0009FD8010033E10100FFE10100D5E20100F6
:1034B000ABE201007BE2010021E2010045E20100F4
:1034C00003E20100FBE10100BDDD0100A1DD01001F
:1034D0004FE10100F7E101002DE9F041DFF8C08084
:1034E00004460D46002600F2C5170DB9BDE8F0816F
:1034F000B4F802330133A4F80233B4F8FA300133DC
:10350000A4F8FA3020460AF031FEC8B1D4F8EC3005
:10351000D4F8F02001339342C4F8EC3004D8A18CE5
:10352000D01A0531884202D8012184F8F81093425C
:1035300006D3C4F8EC6002224146384609F088FF01
:1035400094F8043123B1B4F800310133A4F8003108
:1035500094F9083123B1B4F806310133A4F80631E7
:1035600094F8602102F0FF037AB1B4F8FE30013321
:10357000A4F8FE302046FEF765FEB4F8BC30013DED
:103580000133A4F8BC30ADB2AFE794F8C7200121F5
:1035900004F1A80009F064F90028E6D1EAE700BFC9
:1035A0001BDD0100054B064A1A65064A5A65064BA3
:1035B000064A1A65064A5A65704700BFB4030020E0
:1035C0009BD901000BD9010060040020E5D801005F
:1035D000FFE20100054B064A9A65064ADA65064B8A
:1035E000064A9A65064A1A66704700BFB40300206F
:1035F00037C50100B5C60100600400203FC30100CB
:103600008BE10100044B1B7C002B14BF4FF40570B1
:103610004FF49C70704700BF801C0020014B187451
:10362000704700BF801C002070B5104D0C4606216D
:10363000EFF714F82B68C3B194F83930ABB10C4BE9
:103640001B6823B940F24D210D20EEF7E3F99847AE
:10365000092180B2EEF7ECFF10B94FF41471F3E7D3
:103660002B683E21BDE87040184770BD3C05002026
:1036700038050020034B00214FF480521970A3F845
:1036800001207047C01C002070B506460220144679
:103690000D4600F015FA064B01221A70054B033C4B
:1036A000C3F81045C3F80865C3F8045570BD00BFE2
:1036B000C01C002000F0004008B5022000F000FA15
:1036C00009480A4B0A494FF0010C80F800C000225B
:1036D0004FF40000C3F80021C3F80421C3F8082107
:1036E000C1F8040508BD00BFC01C002000F0004068
:1036F00000F00140114B1A786AB1114A11494FF498
:103700000000C2F80805D1F800213AB910210020C4
:1037100099705A701870002000F0D2B9D1F80421C5
:10372000002AF3D0D1F8082112B110210022EEE7CF
:10373000D1F800140122C9B2E9E700BFC01C002083
:1037400000F0014000F0004008B5022000F0B8F998
:10375000064B0748002201210170C3F80021C3F87D
:103760000421C3F80821196008BD00BF00F0004023
:10377000C01C002008B5124B1A78587892B1114A33
:10378000C823D2F8001141B1D2F8040120B1D2F817
:103790000801B0FA80F0400908BD013B13F0FF03B7
:1037A000EFD101E0022804D140F205113B20EEF7F1
:1037B00031F9A0F10100B0FA80F0400908BD00BF66
:1037C000C01C002000F000400A4B1A787AB10A4B66
:1037D000D3F800214AB1D3F8042132B1D3F808213B
:1037E0001AB9D3F80004C0B2704710207047987817
:1037F000704700BFC01C002000F00040024B0022B8
:103800001A809A70704700BFC41C00202DE9F8434D
:10381000044601201D460E469DF820902F4F9046ED
:1038200000F04EF904F0030040EA054040F08070DB
:10383000C7F80405C7F80865294E35710BF01AF86A
:1038400038B9D7F8182522F0FF0242EA0802C7F873
:103850001825244B244AC3F8082514F0FB0F05D182
:10386000224AC3F89825FC3AC3F89C25B9F1020F07
:103870002FD81F4B13F80950B9F1000F20D1174B67
:10388000012CC3F8205506D00123022C7370F4706C
:103890000BD9BDE8F88303F580331649164AC3F8FF
:1038A0009815C3F89C257470F4700C4B012200210C
:1038B0003270C3F80011C3F800121A60BDE8F88333
:1038C0000AF0F6FF0028DAD14FF4EE713C20EEF753
:1038D000A1F840F2D1113C20EEF79CF800F0004036
:1038E000C41C002000F001400000020200F1004072
:1038F00048920300501100400CF00040244B5A78CD
:1039000010B5002A3BD0234AC2F80C15C2F81005A6
:10391000D97801249C70E9B1042913D0197851B3E6
:103920001B79023B0021012BC2F8041105D81A486B
:103930000323C0F85011C2F81C35184B184AC3F8BD
:10394000042510BD00211C70C2F80411C2F8004209
:10395000146010BD1B78BBB1104BC2F804114FF4BA
:103960000030C3F80405D2F800110029E9D05460F2
:10397000C3F8080510BDFE213C20EEF74BF840F2DD
:1039800001213C20EEF746F8EB213C20EEF742F80F
:10399000C41C002000F000400010004000F0014076
:1039A00000000202064B1A782AB106490648C1F8FF
:1039B000080500221A700022A3F80120704700BFFA
:1039C000C41C002000F001400000020208B50B4BAF
:1039D0001B784BB10A4BD3F8042152B1D3F8000441
:1039E000003818BF012008BD40F267213C20EEF7E7
:1039F00011F84FF41A713C20EEF70CF8C41C0020AB
:103A000000F00040F8B5184B1B783BB3174CD4F8C6
:103A1000043113BB164B0222C4F804231F691A6930
:103A200042F010021A61D4F8043107F0100753B9BC
:103A3000104E4FF40045C6F880510AF07EFFD4F8CE
:103A40000431002BF7D027B9094A136923F010037A
:103A50001361064B0222C3F80823F8BD40F273211C
:103A60003C20EDF7D7FF00BFC41C002000F0004051
:103A700000ED00E000E100E0014B01229A60704798
:103A800000F0004008B50B4B4FF40042C3F8802013
:103A9000BFF34F8FBFF36F8F074B0022C3F8002592
:103AA000C3F80025FFF77EFF044B4FF40002C3F874
:103AB000082508BD00E100E000F0004000F00140F2
:103AC00038B5144C0023C4F80035C4F80035054659
:103AD000FFF768FF104B4FF40002012DC3F80825D3
:103AE00003D0022D08D085B938BD0223C4F80035B3
:103AF0000A4BC4F81435F7E70321C4F80015074949
:103B0000C4F81415C3F80425EEE782213D20EDF733
:103B100081FF00BF00F0004000F00140C91C002000
:103B2000074B9B78012B08D0022B05D1830702D4C9
:103B3000044B01221A61704770474207F8D570475D
:103B4000D81D00200010004008B5144B93F84530F4
:103B5000D9070ED59A070DD5114BD3F8002242F0A4
:103B60000102C3F80022D3F8503503F0F603022B0C
:103B70000FD008BD5B07FCD50A4B0B4AC3F8AC2538
:103B80000AF0D9FD0028F4D040F2D4513E20EDF7E0
:103B900041FF40F2CC513E20EDF73CFFD81D002004
:103BA0000010004000F001400810004030B52D4AE0
:103BB000431E83B0044682F82400072B48D8DFE870
:103BC00003F0423D473847474704274B0520C3F8D9
:103BD0001005264B244D5B5C92F92520C5F808356D
:103BE00001F07F03C5F85435204601AB01F03EFDDE
:103BF0009DF9040001F09AFC0DF1050001F014FE9E
:103C000058BB0AF07CFE90B14FF08052D5F8883551
:103C1000D2F820231449022C0CBFC2F30662C2F36F
:103C2000062223F4FE4343EA0223C1F8883503B099
:103C300030BD0D4B0620C3F81005CAE70A4B04201F
:103C4000C3F81005C5E7084B0320C3F81005C0E70B
:103C500040F674513E20EDF7DDFE40F29D513E20CE
:103C6000EDF7D8FED81D0020001000404C92030054
:103C700070B54E4E431E82B0044686F82400072BD2
:103C800000F28F80DFE803F0574D8D528D8D8D044B
:103C9000474B0522C3F81025464A454B525CC3F8F2
:103CA000082501F07F02C3F854257378012B63D0F7
:103CB0003F4DD5F80032FF2243F4887386F8482040
:103CC000C5F800320AF0EBFD18B314F00C0244D032
:103CD0000122C5F80423D5F83C3786F8472023F0A5
:103CE000004323F0FF0343F0004343F07D03C5F896
:103CF0003C37D5F87C3786F8462023F0004323F084
:103D0000700343F0004343F06003C5F87C37EA6377
:103D10002A64204601F08EFC0AF0F1FD80B102B069
:103D200070BD234B0422C3F81025B5E7204B0622B3
:103D3000C3F81025B0E71E4B0322C3F81025ABE7EC
:103D40000AF0ECFD0028EAD1194AD2F8683543F4AC
:103D5000C023C2F8683502B070BDD5F83C3786F88C
:103D6000472023F00043C5F83C37D5F87C3723F0D3
:103D70000043C5F87C37CCE796F92520F07801ABF5
:103D800001F074FC9DF9040001F0D0FB0DF1050079
:103D900001F04AFD00288BD040F29D513E20EDF706
:103DA00039FE40F674513E20EDF734FED81D002058
:103DB000001000404C9203001B4B10B56022002104
:103DC000184605F051FC45F6FF72A0F848200AF0AD
:103DD00036FD10B90AF03CFD60B114482422FF21E1
:103DE00005F042FC4FF080430022C3F8082EC3F8D0
:103DF000102E10BD0AF035FD0028EED10AF04FFD5F
:103E000078B90AF043FD044658B908483822FF2122
:103E100005F02AFC4FF08043C3F8084EC3F8104E5B
:103E200010BD02484022DAE7D81D0020000E0040F5
:103E3000962808B507D8064B95288CBF002201228A
:103E40001A70188508BD40F2F3113E20EDF7E2FD2F
:103E5000D81D0020024B185C00F51660704700BFAB
:103E60004C920300014B93F838007047D81D002096
:103E700030B40B4B0B4A93F838101D6B586B02EBA8
:103E80008102401BD36C146F916A074A03F2E73337
:103E90001B1B0844A2FB032300EB931030BC7047AC
:103EA000D81D00204C920300D34D6210014B186BBB
:103EB000704700BFD81D0020014B586B704700BFF2
:103EC000D81D002008B5154B013983F84400072997
:103ED0001AD8DFE801F01715190419191904104A46
:103EE000104B40F0007040F44030C3F81425C3F884
:103EF0001805D3F8503503F0F703032B09D008BD9C
:103F0000094AEDE7094AEBE740F2F3213E20EDF7DD
:103F100081FD40F20B313E20EDF77CFDD81D0020E5
:103F20000801906300100040080110010801100012
:103F3000224BD3F8002222F0020242F4801210B584
:103F4000C3F800221E4C1F4AC4F8A02502F5DE4229
:103F50001C32C4F8A4254FF48022C4F8042502784A
:103F6000032A26D1012919D0D3F8144516494278DD
:103F700024F47024C3F81445086A02F03F0242F4A6
:103F80000C3240F0030042F420720862C3F80009CA
:103F9000C3F81029012381F85C3010BDD3F8141543
:103FA000427821F4702040F400200749C3F814053A
:103FB000E2E74FF458713E20EDF72CFD0010004071
:103FC00000F001402C110040D81D002008B50AF077
:103FD00096FC50B1054AD2F8743723F0807323F071
:103FE000010343F08073C2F8743708BD001000402D
:103FF000464B022270B5C3F88020BFF34F8FBFF34A
:104000006F8F434C00220123C4F8FC2FC4F8FC3FFF
:104010000AF084FC28B1D4F83C3743F48063C4F838
:104020003C370AF027FC60B1394AD2F83C3723F01C
:10403000004323F0FF0343F0004343F09603C2F82C
:104040003C370AF05CFC40B1314AD2F8403723F4E7
:104050007F4343F4B053C2F840372D4C2D4BC4F886
:10406000783701F0FDFB38B14FF08053D3F830338F
:10407000591C18BFC4F84C374FF010231B6E5A1C44
:104080000AD02349D1F88C251B0403F47F0322F4C2
:104090007F021343C1F88C351D4A1F4B1F4D40F260
:1040A0000316C2F834650021012440F25B6683F8F0
:1040B00024401987596383F8451083F85C10C2F8CF
:1040C0003865C2F830450324C2F8104540F2012497
:1040D000C2F8504602204FF04064C2F80002C5F812
:1040E000044519700949D2F800494FF0960CA3F81D
:1040F00028C0C1F880011C621B6E1024C2F8044362
:10410000086013B1BDE87040184770BD00E100E0E1
:10411000001000402C000089D81D002000F0014054
:1041200038B503683D493E4A1C0E1B02C1F82445C0
:10413000C1F81C354368C1F83C35037A82F8263053
:1041400090F809C0837A82F844300CF1FF310729D6
:104150005ED8DFE801F036565D045D5D5D04314DEB
:104160002E4C43F0007343F44033C4F81455C4F8A4
:104170001835D4F8503503F0F703032B31D082F80B
:1041800024C007293FD8DFE801F034143E0C3E3E3E
:104190003E04224B0521C3F81015C37A82F825305E
:1041A00038BD1E4B0621C3F81015C37A82F825309E
:1041B00038BD1A4B0421C3F81015C37A82F8253094
:1041C00038BD1649184CC1F8144543F0007343F448
:1041D0004033C1F81835D1F8503503F0F703032BFD
:1041E00004D140F20B313E20EDF714FC012382F89C
:1041F00024300A4B0321C3F81015C37A82F8253006
:1042000038BD0A4DACE740F674513E20EDF702FC94
:1042100040F2F3213E20EDF7FDFB00BF001000400F
:10422000D81D00200801906308011000080110014A
:10423000014B83F825007047D81D0020034B020E68
:104240000002C3F82425C3F81C0570470010004085
:10425000014B83F826007047D81D00202DE9F0415E
:10426000604D95F84530DB0786B040F1AB80002803
:104270000CBF04220222002304460E468DF80420BF
:104280008DF8063001F0C0FC01284FF0FF3088BFE8
:1042900000208DF8050001A805F052FA002840F032
:1042A0008C8095F84530DFF8408143F0020385F8B3
:1042B0004530D8F8003201273B4385F85D70C8F8D7
:1042C0000032002C3CD0012C58D0484B2A8DDF64A2
:1042D000952AD3F84C357FD8B4FA84F401A8022388
:1042E00064098DF804308DF8054005F09FFA0DF152
:1042F000030005F031FA002869D1AA789DF803304F
:10430000012A18D0022A11D183F00203C3F340031B
:1043100085F85E303BB13649334B4FF460100122D3
:10432000C1F808051A6106B0BDE8F08185F85E00A5
:1043300006B0BDE8F08183F00403C3F38003E7E730
:1043400095F826103046FFF731FC284B2A8DAF70C8
:10435000952AC8F80070DF64D3F84C35BCD92548DD
:10436000254983602833C36001F046FA01300128F3
:10437000B2D940F20F713E20EDF74CFB95F82610B4
:104380003046FFF775FC0223AB702A8D174BC8F837
:104390000440952ADC64D3F84C359DD9154816495C
:1043A00083602933C36001F02DFA0130012893D9CD
:1043B00040F21C713E20EDF72DFB40F6B2213E206D
:1043C000EDF728FB40F23C713E20EDF723FB40F671
:1043D000D4213E20EDF71EFB4FF4E4613E20EDF7C3
:1043E00019FB00BFD81D00200010004000800040D5
:1043F00000F0014034000020E092030070B582B06C
:1044000005F02AFA05F04AFA504A514BD2F80463F3
:1044100010240221C2F80843C2F800124FF46021B0
:10442000C3F80815D2F850354A4C0021DBB20546D6
:1044300006F0100684F84510002B51D1238D952BE2
:1044400004D9A378012B76D0022B6AD03F4B0022EF
:10445000C3F81021D3F83C1784F8472021F000411D
:104460002271C3F83C17D3F87C1721F00041C3F840
:104470007C1794F85C102280A270E9B184F85C206B
:10448000D3F8002222F4801242F00202C3F8002284
:104490002F4A4FF48021C2F80815D3F8142522F4CE
:1044A0007022C3F81425226A22F00302C3F80029FF
:1044B0002262294AC3F810291EB1244B1022C3F8E6
:1044C000042315B1214B01221A6194F85E302BB1FF
:1044D0001E4A01210023116184F85E3002B070BDD4
:1044E000FF238DF807300123C2F8101113619DF8E6
:1044F00007304BB90CE09DF80730013BDBB28DF87B
:1045000007309DF807301BB1D2F81031002BF2D0E4
:104510009DF80730002B91D140F666013E20EDF763
:1045200079FA01F07BF9013001288FD940F67D013D
:104530003E20EDF76FFA01F06BF90130012885D9C3
:1045400040F677013E20EDF765FA00BF001000400D
:1045500000F00140D81D0020803202002C4BD0B565
:1045600000222C4CC3F84825C3F84425C3F8402545
:10457000C3F84C25FFF742FF238D952B34D894F8D0
:104580005D302BB105F0E2F800283CD184F85D00E5
:10459000002005F0E7F888BBE26B1F491C4B42F096
:1045A0004462C1F808251D4AC3F8480500260027C3
:1045B0000221E063C3F844052076C3F84005C4E94E
:1045C0000C67C3F84C05C3F84801C3F84401C3F8AD
:1045D0004001C3F84C01C2F88010BFF34F8FBFF306
:1045E0006F8FC2F88011D0BD01F000F901300128B1
:1045F000C5D940F211513E20EDF70CFA40F22A5194
:104600003E20EDF707FA40F227513E20EDF702FA7F
:1046100000800040D81D002000F0014000E100E0D3
:104620002DE9F0439C4C94F8453043F0020387B0E9
:104630000F4684F845300646002840F08780042362
:104640000DEB03098DF804308DF8060001F0DCFA5B
:1046500001284FF0FF3088BF00208DF80500484644
:1046600005F06EF8002840F0D880012594F8261057
:1046700084F85D503846FFF799FA2378A570AB426D
:1046800006D18649D1F8002242F00802C1F8002282
:10469000834A844802EB47024FF48011B2F8AC50D1
:1046A000E26B05F5FA7542F48012E263A0FB052582
:1046B0007D4AAD09C2F80415002B67D194F8453046
:1046C00043F0020384F84530FFF73EFA0AF033F86E
:1046D0008046002869D103F057F8002E734B0390F1
:1046E00008BF012200F5A87018BF00228DF80480D1
:1046F00002938DF8052053F82030049348465BD18F
:10470000DFF89C81674A08EB4707B7F8AC3003F540
:104710001673A2FB03239B09059305F087F8238DED
:10472000952B7FD80DF1030005F016F8002840F016
:10473000A880A2789DF80330012A69D0022A53D0BC
:1047400084F85E00284607B0BDE8F08300234FF0F0
:1047500002088DF806308DF8048001F055FA012822
:104760000DF104094FF0FF3088BF00208DF80500DF
:10477000484604F0E5FF054600284ED101239E423D
:1047800084F85D305FD02378002B97D0012B9BD12C
:1047900094F8453043F0040384F84530FFF7D4F92A
:1047A00009F0C9FF8046002895D0FFF727FE0025B5
:1047B000284607B0BDE8F0832823059305F036F8B6
:1047C000238D952BAED9012E60D139483949292343
:1047D000C0E9028301F016F801300128A2D940F2A5
:1047E0001C713E20EDF716F983F00203C3F340037A
:1047F00084F85E30002BA5D02B49284B4FF4601075
:10480000C1F80805012228461A6107B0BDE8F08307
:1048100083F00403C3F38003EAE740F6B2213E20AD
:10482000EDF7F8F82248282308F194018660C36068
:1048300000F0E2FF013001287FF674AF40F20F7103
:104840003E20EDF7E7F894F826103846FFF710FA07
:10485000237884F80280012B06D11049D1F8002278
:1048600042F00402C1F80022E26B42F40012E2635B
:104870000D4A4FF40011C2F804152925002B85D1EB
:104880001CE740F6D4213E20EDF7C4F84FF4E46174
:104890003E20EDF7BFF800BFD81D002000100040FB
:1048A0004C920300D34D621000F0014000800040A4
:1048B00034000020E09203002DE9F0430D4687B05C
:1048C00017460646002839D104230DEB03088DF85E
:1048D00004308DF8060001F097F901284FF0FF3001
:1048E00088BF00208DF80500404604F029FF00280D
:1048F00040F00D81A34C4FF0010994F8261084F884
:104900005D903846FFF752F9227884F802904A45C4
:1049100000F0E2809C4B9D4903EB4703B3F8AC30B9
:1049200003F5FA73A1FB0313A5EB9315002A40F0DE
:10493000F380974B974AC3F8AC2531E000234FF042
:1049400002098DF804908DF8063001F05DF9012818
:104950000DF104084FF0FF3088BF00208DF80500EE
:10496000404604F0EDFE002840F0D1800123854C44
:104970009E4284F85D3040F0FB8094F82610384663
:10498000FFF776F9237884F80290012B00F0A480D9
:10499000293D002B40F0C0807D4B7F4AC3F8AC25F9
:1049A0007E4B7B4AC3F840557D49C2F8A815A3F554
:1049B000E0431021C3F80413E36B43F40023E363E3
:1049C0004FF40023C2F8043594F8453043F0020355
:1049D00084F84530FFF7B8F8704B0122DA64D3F859
:1049E0004C25AA4264D20293002E4FF000038DF8AA
:1049F0000430039308BF012304958DF8053026D1B8
:104A0000614E624A06EB47074046B7F8AC3003F503
:104A10001673A2FB03239B09059304F007FF238D64
:104A2000952B00F28E800DF1030004F095FE002816
:104A300040F09980A2789DF80330012A33D0022AF1
:104A400020D084F85E00012007B0BDE8F083282361
:104A50004046059304F0EAFE238D952BE3D9012E01
:104A600040F08B804F48504905F12903C0E90253BB
:104A700000F0C8FE01300128D5D940F21C713E205B
:104A8000ECF7C8FF83F00203C3F3400384F85E3001
:104A9000002BD8D03E493F4B4FF460100122C1F8A3
:104AA00008051A61CFE783F00403C3F38003EDE741
:104AB000374A0025C3F84055C2F8AC55E36B4FF4B4
:104AC000002123F40023E363C2F80815FFF796FCE6
:104AD000284607B0BDE8F083304B2D4AC3F8405557
:104AE0002F49C2F8A815A3F5E0431021C3F8041319
:104AF000E36B43F40023E3634FF40023C2F804356F
:104B000094F8453043F0040384F8453062E740F6FA
:104B1000B2213E20ECF77EFF204B1D4AC3F84055E2
:104B20001F49C2F8A815A3F5E0431021C3F80413E8
:104B3000E36B43F40023E3634FF40023C2F804352E
:104B400048E7184805F1280306F19401C0E902532B
:104B500000F052FE013001287FF665AF40F20F7180
:104B60003E20ECF757FF40F6D4213E20ECF752FFF1
:104B700040F2E9713E20ECF74DFF4FF4E4613E2036
:104B8000ECF748FFD81D00204C920300D34D621073
:104B900000F0014000100040041000400080004080
:104BA0004081004034000020E0920300014BC3F834
:104BB0003C0570470010004010B50446074804F05B
:104BC000D1FD28B994E80F00054C84E80F0010BD12
:104BD00040F6E6013E20ECF71DFF00BF213B01003F
:104BE0003C1E002008B5174B174993F84520C1F823
:104BF000040542F0010C1864900783F845C00CD5F9
:104C0000D1F8003243F00103C1F80032D1F8503539
:104C100003F0F603022B0FD008BD5307FCD50B4B56
:104C20000B4AC3F8AC2509F086FD0028F4D040F209
:104C3000D4513E20ECF7EEFE40F2CC513E20ECF792
:104C4000E9FE00BFD81D00200010004000F0014028
:104C50000810004038B5144B5A6B82421ED21349DB
:104C600001244C64D1F844251C7605328242D86177
:104C700005D30F4BD3F8042102B91C6138BDDA6BA0
:104C80000C4C0025C1F8445142F48002C1F844059F
:104C90004FF48001DA63C4F8041538BD40F6F7011B
:104CA0003E20ECF7B7FE00BFD81D0020008000407A
:104CB0000010004000F0014010B50F4C94F839C0CE
:104CC00094F838100222BCF1010F03462276208DA1
:104CD00094F824200BD000F08DFCE061636B074A50
:104CE00000210344C2F84411C2F8443510BD00F05D
:104CF00063FCE061F2E700BFD81D002000800040A7
:104D0000C30003F1804303F5F83310B4084A094C9B
:104D1000C3F81025012202FA00F0E26BC3F8141563
:104D2000054B0243E26310BCC3F80405704700BFA3
:104D300004110040D81D002000F00140044BC3F8CE
:104D40006005D3F8002242F04002C3F80022704709
:104D500000100040054BD3F80022002122F0400251
:104D6000C3F80022C3F86015704700BF0010004070
:104D7000044BD3F84835024603F07F035B42012021
:104D8000137070470010004070B5324E338DF170D3
:104D9000952B8CBF0022012286B03270044608BBDE
:104DA00001227270B278022A30D096F8242001AD28
:104DB00029492A4801EB4201B1F8C02002F2E7324A
:104DC000A0FB021203EB9212B4FA84F401236409EB
:104DD00028468DF804308DF80540029204F026FD37
:104DE00006B070BD0222727001ADB17896F8242031
:104DF0000229DDD11849194801EB82010A6F02F23C
:104E0000E732A0FB0212A3EB9212DDE701AD96F9A7
:104E100025202B46084696F8261000F027FC9DF921
:104E2000040000F083FB0DF1050000F0FDFC58B913
:104E30000B4AFF2386F84830D2F8003243F48873D7
:104E4000C2F80032338DD0E740F29D513E20ECF79E
:104E5000E1FD00BFD81D00204C920300D34D62102D
:104E600000100040024B0022C3F84025704700BFED
:104E70000080004030B4044BD3E914459B6DC0E979
:104E8000004530BC0B607047D81D00202DE9F04371
:104E90003B4B3C4C0125DD6485B0D3F84C6503F0F9
:104EA0001DFD94F8463020650022C4E91526002B2C
:104EB0007AD0354BD3F80401D3F81011002969D109
:104EC000002840F0C681D3F80021002A00F05D825E
:104ED000FF22C3F800015D610292029A2AB908E03C
:104EE000029A013A0292029A1AB1D3F81C21002ABE
:104EF000F6D0029B002B00F0EE82234B94F8491071
:104F0000D3F8482502F07F029142C0F098821E4BF0
:104F100001210020C3F81C0184F84820C3F80813BD
:104F200019649963164B184901228020C1F80403C3
:104F30001A64D3F84025D3F8445502F56A52183262
:104F4000954240F20F82D3F84025E06B02F51C52E7
:104F5000103240F40020E06301F5F031C3F8402541
:104F60000A480B4A0025C3F840514FF40023C1F80A
:104F7000A805C1F8AC25C1F8043505B0BDE8F0833B
:104F800000800040D81D00200010004040810040FB
:104F9000141000408021C3F80813B44B4FF40021D3
:104FA000C3F8081584F84620238D952BA37840F28A
:104FB0000881012B00F0FE80022B00F02082AB4A1A
:104FC000E16BC2F808150022A949E26384F8452084
:104FD000D1F80022257E22F48E7222F00102C1F85F
:104FE0000022002D40F00081A14BD3F81031002B9E
:104FF00040F056819E4BD3F80421003A18BF01229D
:105000008DF80C200022C3F8002103A8C3F80C215E
:10501000C3F81021C3F80421C3F81421C3F81821E0
:10502000C3F80821C3F86C2104F02AFC10B145F044
:105030001005EDB28F4B0022C3F8442105F0180291
:10504000102A00F0E4808B4BD3F84875D3F8443530
:10505000236394F839306763022B00F0EA80A37869
:10506000022B00F0E68094F824106378A27884F88C
:10507000381084F83920002B00F06E8115F0110FE4
:1050800040F0B381207994F80080B3F1010918BF92
:105090004FF00109002800F0F5807748FFF740F84D
:1050A00061690023B8F1010F2380A370237105D13A
:1050B0003B368E4200F2438184F80080E278484615
:1050C000FFF7FAFB0026002800F00A8294F85C3013
:1050D000FBB1674BD3F8002222F4801242F00202A7
:1050E000C3F80022614A4FF48021C2F80815D3F8B2
:1050F000142522F47022C3F81425226A22F0030238
:10510000C3F8002922625D4AC3F81029002384F8FD
:105110005C30EF0700F11081A80700F1EB8015F07B
:10512000280F06D085F02001E36EC1F34011304610
:10513000984715F0100501D0236F9847A378022BEC
:1051400018D1237EB3B1022B00F09681012B40F0E1
:10515000D181E369626B934240F2C781454AC2F84C
:105160004435E36B414A43F480034FF48001E36329
:10517000C2F8041504F0FCFA002874D1002D72D096
:105180000190019B01330193019B013300F0AD803D
:10519000374AD2F8503503F0F703042B00F09E8015
:1051A000374B00200221C2F81001C3F8801105B06E
:1051B000BDE8F08300F02CFB0130012800F2818172
:1051C000A3782A4AE16BC2F808152948217E0022FB
:1051D000E26384F84520D0F8002222F48E7222F097
:1051E0000102C0F8002229B1224AD2F84411003944
:1051F00018BF0121012B00F0A780022B54D01C4BBB
:10520000D3F810310025002B3FF4F4AE48E0A2782B
:10521000012A7FF418AFD3F84875D3F844352363D7
:1052200094F83930676345F02005022BEDB27FF426
:105230001AAF94F82410042902D008297FF415AF7E
:105240000B4BD3F8143413F0060F0CBF08210421C4
:105250000BE7064A8020C3F808034FF40023C2F886
:10526000083584F8461005B0BDE8F08300F0014031
:105270000010004000800040E01D0020803202004D
:1052800000E100E0208D002A00F02081012B00F0D9
:10529000B080012A00F0EC8000F07EF9C11900E72F
:1052A00045F01005EDB2A5E6954AD2F80C01D2F80A
:1052B0000024002806BF00230425062512F0010F54
:1052C00018BF1D4631B105F00B0345F0010543F051
:1052D0000103EDB2002B7FF48DAE85E6019B013317
:1052E0000193019B01337FF454AF40F675413E209A
:1052F000ECF790FB09F003FB002868D109F00EFBE6
:10530000002864D17E4BD3F85034D9015FD51A07F9
:1053100005D013F0F00F02D013F4706F57D1784A14
:10532000D2F85414C3F30442012A50D101294ED0BB
:10533000C3F34253022B4AD8636E9847F9E6704B89
:105340004646C3F81080C1E66D4BD3F80C51002DD2
:105350003FF44AAE08254DE62380A37023712376DF
:105360001E46B3E6674C00224FF40025C3F84025E3
:10537000C3F84021C1F80803C4F80855C3F8402118
:10538000C1F80803C4F808556DE7D3F8481594F838
:105390004700C3F81C2101F07F0184F84810002861
:1053A00038D194F84920D3F874358A426BD89AB230
:1053B0000F2A02D9B3F5003F65D3514B01221A647D
:1053C0009A634F4BD3F81C310393039BAAE5226CDD
:1053D00094F8443052789A4241D885F00400C0F3E2
:1053E0008000A36E31469847A3E6FFF707F8002632
:1053F0006CE6012A38D000F0A1F8C11951E600F09E
:105400000DFA431C012B7FF6DBAE40F67D013E20FA
:10541000ECF700FB94F849008842D2D2D3F83C174D
:1054200084F8472021F00041C3F83C17D3F87C27CB
:1054300022F00042C3F87C271D649D63C1E7D3F8C6
:105440003C1721F00041C3F83C17D3F87C1700202B
:1054500021F0004184F84700C3F87C1757E545F078
:105460000405EDB20020BCE700F086F8C11918E68B
:1054700000F072F8C11914E6636BE169224A0B442B
:10548000C2F844356DE61E4AD2F83C3723F000439B
:1054900023F0FF0343F00043012143F07D0384F830
:1054A0004710C2F83C37D2F87C3723F0004323F092
:1054B000700343F0004343F06003C2F87C3711648B
:1054C0007FE740F677013E20ECF7A4FA40F62A0188
:1054D0003E20ECF79FFA40F67B313E20ECF79AFA3B
:1054E00040F69A213E20ECF795FA40F657413E20CF
:1054F000ECF790FA40F656413E20ECF78BFA00BFED
:105500000010004000F0014000800040024B03EB1F
:105510008003986A704700BF4C920300024B03EB74
:105520008003186F704700BF4C920300024BC0B25B
:10553000C3F80C05704700BF0010004010B50446CA
:105540000846FFF7EBFF034BA3FB0030A4EB9010E2
:1055500010BD00BFD34D6210054B064A33F8113021
:1055600003F2E733A2FB0323023800EB93107047EA
:1055700044930300D34D6210054B064A33F81130B3
:1055800003F57A73A2FB032300EB9310704700BF6F
:1055900044930300D34D621010B504460846FFF74C
:1055A000BDFF044A00F2E733023CA2FB0330A4EB48
:1055B000901010BDD34D621038B50C4D35F8111058
:1055C00005EB82056C69214401F6B7314FF47A741A
:1055D00004FB001406481D46A0FB04341046FFF7E8
:1055E00095FF0535A4092C44204438BD449303009D
:1055F000D34D621070B5064608461546FFF78EFF7C
:105600000A4B03EB85034FF47A715C69084B04F68F
:10561000B734024601FB0644A41A2846A3FB04340F
:10562000FFF774FFA4090530204470BD44930300C4
:10563000D34D621010B5044609F031F950B10A4A51
:10564000D2F84037082C23F0004304D0042C02D0B9
:10565000C2F8403710BD23F47F4343F0004343F4C6
:105660004443C2F8403710BD001000402DE9F04F10
:105670002B4C83B007461E460D46904600F0F6F8C8
:105680002378BB42814602D16378AB422DD07B1E8A
:10569000072B3CD8DFE803F027393B373B3B3B0483
:1056A00002200DF107034246294600F0E5F8824644
:1056B00090BB28469DF907B0FEF7CCFB5346024647
:1056C0003146584600F0C2F83288164BA280B278B4
:1056D00027706570E07184F8028084F803909A70F6
:1056E00003B0BDE8F08F0020DBE794F902304345BA
:1056F000CDD1E3788342CAD1A288A37994F9070077
:105700003280B370ECE70320CBE70120C9E740F219
:10571000F9310620ECF77EF93D217520ECF77AF996
:105720004C0000205000002038B5044600250D70C4
:10573000C16D21B1024B186805F0E0F9E56538BD8F
:10574000541E0020FB2908B504D940F27C412620D4
:10575000ECF760F9014B1860998008BD541E0020D9
:1057600070B5084E04460025E36A53B1E16AF0685B
:105770000B68E3620D704D708D70CD7005F0BEF951
:10578000F2E770BD881E0020014BD8601974704785
:10579000881E002080B582B000AF78600B467B8009
:1057A0000F4B1B68002B16D10E4A7B6813600D4B04
:1057B0001B68184605F095F90346094A1360084B23
:1057C0001B68002B03D123218420ECF723F9064A20
:1057D0007B88138000E000BF0837BD4680BD00BF56
:1057E000B81E0020B01E0020BC1E0020014B1B680C
:1057F0001B68184740050020014B1B689B68184731
:1058000040050020014B1B68DB681847400500205D
:10581000014B1B681B69184740050020014B1B68A2
:105820005B69184740050020014B1B685B6A1847FD
:1058300040050020014B1B689B6A1847400500206B
:10584000014B1B68DB6A18474005002010B4034C6D
:1058500024686468A44610BC604700BF400500206F
:10586000014B1878704700BF0C250020014B187DB4
:10587000704700BFD01E0020042810B511D883B196
:1058800004280CBF10242824A1420AD2064C54F844
:10589000200018B141568A42A8BF0A461A7000205B
:1058A00010BD6FF01500FBE7D01E002030B5034699
:1058B000114890F91C209A4219DD90F924209A424F
:1058C00017DA9A1A846AA05C0C4A15569D420DD0CC
:1058D0000E32002918BF01309442C0B206D129B15E
:1058E000013BDBB2012B01D80130C0B230BD0D202D
:1058F000FCE70020FAE700BFD01E002064950300FB
:1059000008B5054B93F91C30984203DAFFF7CEFF38
:10591000024B1B56184608BDD01E0020649503009C
:1059200010B51C4C94F82C3073B9012384F82C303A
:1059300008F097FF48B1184BA362D823236284F87C
:1059400024300823A361237710BD08F09FFF0028AF
:10595000F1D108F0A4FF0028EDD108F067FF38B1BD
:105960000E4BA362D823236284F824300423E9E792
:1059700008F065FF0028F3D108F06AFF0028EFD196
:1059800008F078FF0028EBD14FF4DB71742003F0AE
:1059900051FB00BFD01E00209F95030072950300AD
:1059A000014B1879704700BF041F0020054B1A797E
:1059B000824283BF1B6800EB400003EB0010002015
:1059C000704700BF041F002043F60952C0F30803CC
:1059D00002FB03F3400A03F5807302FB00F000EBC7
:1059E0005320704743F6095CC0F3080210B50CFB66
:1059F00002F2C0F34E24030E43EA01230CFB04F031
:105A0000090E02F580724FEA411C00EB52205A0148
:105A1000B2EB030E4CEAD36C6CEB01044FEA841C2E
:105A20004FEA8E12B2EB0E024CEA9E6C6CEB040C49
:105A30004FEACC0C4CEA527CD200D31841EB0C015B
:105A4000DA03C903801841EA534141F1000110BD56
:105A5000430B48F2376C0CFB03F34FEA134C00B5D1
:105A6000104B43F6095E0EFB1C0000FB03F35B0DBD
:105A70000EFB03FE03EB4C230EF5745C0CF1080CDB
:105A8000B0EB5C2F08D80EF5807EA0EB5E20C0B294
:105A90000B6010705DF804FB013300200B60107088
:105AA0005DF804FB6F0C0100F8B5274DA94246D8FC
:105AB000264E274F450F45EAC105A6FB0514C0F346
:105AC0004F31A40B01EB054107FB1411A6FB01515B
:105AD000890B41EA04411F4C04FB110448F2376C66
:105AE000600B0CFB00F04FEA104C43F6095E1A48BD
:105AF0000EFB1C4505FB00F0400D0EFB00FE00EB0D
:105B00004C200EF5745C0CF1080CB5EB5C2F12D830
:105B10000EF5807EA5EB5E2E5FFA8EFE069D85F863
:105B200000E00D0628184FEA112141F1000118602C
:105B300059601460F8BD01304FF0000EEEE7962179
:105B40009B2003F077FA00BFFF7F841E83DE1B4398
:105B5000000024F40080841E6F0C0100420B48F208
:105B6000376303FB02F2120C43F6095C074B0CFB94
:105B7000120101FB0333013B5B0D0CFB03FC5002E4
:105B8000B1EB5C2F88BF0130184470476F0C0100E7
:105B90001F2810B59FBF054B440103EB401019515E
:105BA00096BF42600020012010BD00BF101F0020E2
:105BB00070B5012504460E4685407AB1002000F0FC
:105BC0009BFDE30003F1804303F5F833C3F81005B0
:105BD000C3F81465034BC3F8045570BD014BC3F8FB
:105BE0000855FAE700F0014008B5064B93F8002489
:105BF000202A03D13F21022003F01CFA83F830044D
:105C000008BD00BF101F002008B5064B93F8002404
:105C1000202A03D14521022003F00CFA93F828042E
:105C200008BD00BF101F002010B5094A92F80034CB
:105C3000202B03D15021022003F0FCF9590102EB83
:105C40004313BDE81040525858680421104700BF64
:105C5000101F002008B501B3F0B14FF0FF331A4612
:105C6000E0FB01320E498A4203D971216D2003F015
:105C7000E1F9180D40EA0230C3F30F134FF224414B
:105C8000B0FBF1F203EB0040064B03FB1200B0FB4C
:105C9000F1F040EA0240013008BD0846FCE700BFD1
:105CA0003F420F00000024F4014B9888704700BF6A
:105CB0004C230020014B5888704700BF4C23002024
:105CC00010B5EFF3108472B6064A93790133DBB254
:105CD00093719379012B01D108F049FD04B962B6A3
:105CE00010BD00BF4C23002070B50C4C267866B95F
:105CF0000125A0602570FFF7E3FF00F09BFA30B9A3
:105D00004FF080432573C3F80453002070BDA3688F
:105D1000002BFAD09847A660F7E700BF4C2300207D
:105D200038B5FFF7CDFF00F085FA094C4FF08045FC
:105D300040B108F009FD01232B61042363730023A4
:105D4000A37338BD032363730123C5F80433F6E757
:105D50004C23002010B5EFF3108472B60A4B9A79E9
:105D600022B94FF496716D2003F064F99A79013AE3
:105D7000D2B29A719A791AB9DB7B0BB900F048FA62
:105D800004B962B610BD00BF4C23002008B5054B16
:105D90001A7822B100221A731A70FFF7DBFF002075
:105DA00008BD00BF4C230020024B587B003818BFB1
:105DB000012070474C23002038B5114C237CB3B12F
:105DC000A27B013B9A4212DA00F034FA054603F056
:105DD000DFF9237C012B82BFA37B0133A37355B171
:105DE0006369C31A0133022B09D935B16061BDE87B
:105DF0003840FFF795BFA369F3E7A061F7E738BD27
:105E00004C23002073B51B4D2B7F63B9286A00F02B
:105E1000030008F0C6FC30B1EFF3108372B66A7B62
:105E20001AB103B962B602B070BD01226A7303B938
:105E300062B64FF080430822C3F808234FF4207362
:105E4000ADF80630BDF80640A4B2631E9BB2ADF8B3
:105E50000630002CF6D14FF080460748C6F80C41BA
:105E600008F0C6FC85F82540FFF75AFF0823C6F85E
:105E70000433D8E74C230020702300202DE9F041A3
:105E8000384C94F82630002B69D04FF08043D3F87B
:105E90000071D3F8046157B10122C3F80823237BB2
:105EA0002BB1A368002525730BB19847A5604EB1AF
:105EB0004FF080430022C3F804210222C3F80823D4
:105EC000FFF7A0FF4FF080462748D6F80C8194F8E2
:105ED0002550EDB208F090FC20B140F2C5116D20C4
:105EE00003F0A8F847B1637B032B05D10423637348
:105EF00008F02AFC01233361B8F1000F16D04FF0EF
:105F000080430022C3F80C21637B042B02D040F2B3
:105F1000D711E4E708F0E7FCC0B14FF0804300225E
:105F2000C3F8342C02236373FFF714FF4DB1002331
:105F300084F82530637B022B01D1FFF7F1FEFFF7D8
:105F400009FFBDE8F041084808F065BC08F092FC84
:105F50000028E2D108F0A3FC0028DED1E2E7BDE88A
:105F6000F08100BF4C2300207023002010B5044CAA
:105F7000206A00F0030008F014FC0028F8D010BDDF
:105F80004C230020F8B5054650B10278042A07D802
:105F9000437842B9013B1F2B02D88378212B07D9C4
:105FA0006FF0150076E0002BFAD18378002BF7D143
:105FB000814B0127C3F88070BFF34F8FBFF36F8F02
:105FC0004FF08046C3F880717C4C4FF0FF33C6F829
:105FD00008330023C6F80031C6F80431C6F80C3186
:105FE000A371AB88A38008F0C7FB08B12770A77125
:105FF000D6F80C24D6F80C34D20303D5DF0701D52C
:1060000000F012F940F2F55363802B78A9782377DA
:10601000002222622174A273042B4ED8DFE803F021
:1060200005033B494B000123236208F0ACFB002829
:106030004ED008F0AFFB236A03F00303984247D128
:10604000AB79002B3ED1FFF791FF237C6BB12B780E
:106050005BB900F0EFF8054603F09AF86FF00043E3
:10606000002D00F0A580C4E905034FF08043D3F86C
:106070000C24D3F80C34D20303D5DB0701D500F090
:10608000D3F84D4A01230020607384F82630C2F80B
:1060900080311360F8BDFFF713FE4FF08043D3F853
:1060A0000C14D3F80C24CE03F9D5D007F7D502236E
:1060B000BAE7434BB8E7434BB6E740F216316D20E1
:1060C00002F0B8FF4FF080430222C3F80423BCE77C
:1060D0004FF080430122DA600022C3F80421226AD3
:1060E000C3F8182508F0A2FB10B34FF080534FF00F
:1060F0008042D3F84432C3F34233C2F83C3508F04F
:1061000095FB10B34FF080430122C3F84C254FF0AC
:10611000804301229A600222C3F80423AA79002A4C
:1061200093D1D3F8042391071CD440F2CD21C6E7C4
:1061300008F085FB0028D8D108F08AFB0028D4D1CC
:1061400008F098FB0028D0D1D9E708F078FB0028A8
:10615000D8D108F07DFB0028D4D108F08BFB0028B3
:10616000D0D1D4E7184A1669116941F010011161C4
:10617000D3F8043106F010060BB908F0E0FB4FF03D
:106180008047D7F8043183B1FFF7F0FE26B90E4AF5
:10619000136923F0100313614FF080430222C3F808
:1061A00008230022C3F804214FE708F0C6FBE8E704
:1061B000C4E9053059E700BF00E100E04C230020AE
:1061C000010002000100030000ED00E010B50D4CDD
:1061D00004F1240008F010FB48B9637B022B01D1C5
:1061E000FFF79EFDBDE81040074808F014BB074AC2
:1061F000012384F82530BDE81040C2F80031FFF7D4
:106200005FBD00BF4C2300207023002000E100E0B0
:106210004FF08042012353600023C2F80031014A4D
:106220001370704773230020014B01221A707047CE
:10623000732300204FF08043D3F8003123B9034B80
:10624000187800F0010070470120FAE7732300205E
:10625000094B4FF0FF32C3F808230022C3F8402552
:10626000C3F84021C3F84425C3F84421C3F84825A6
:10627000C3F84821704700BF00800040084B1B78DE
:106280005BB101234FF40031064AC2F84813C2F84B
:1062900008130BB9C2F8403170474FF44031F3E7AF
:1062A0007823002000B0004070B5EFF3108472B680
:1062B000094A0A4B0025D2F80415D2F804612EB120
:1062C000596801315960C2F80451F4E75B6804B9B8
:1062D00062B6C0E9001370BD00B000407823002012
:1062E000032808D90438C0B2044B8000185800387D
:1062F00018BF012070470120704700BF40B1004027
:10630000074BD3F80435C01A20F07F40884205D3EC
:10631000B0F5000F8CBF02200020704701207047AD
:1063200000B0004001282DE9F0410446884604D918
:106330004FF4F5716C2002F07DFE81000E4F0F4B83
:106340004FF4803585400026C7F808534046C7F80B
:1063500048535E500221FFF7D3FF58B904F5A874E3
:1063600047F824800AB1C7F80453C7F84453012002
:10637000BDE8F0813046FBE700B0004040B100408E
:1063800008B5054A9068022120F07F40FFF7B8FF6A
:106390000128F7D008BD00BF782300200F4B4FF431
:1063A0000062C3F88020BFF34F8FBFF36F8FC3F835
:1063B00080210B4B01225A609A60D3F80425002AF1
:1063C000FBD10849C3F80813C3F84813C3F84021A8
:1063D000C3F84421C3F80421704700BF00E100E086
:1063E00000B000400200030008B50A4B4FF4807271
:1063F000C3F88020BFF34F8FBFF36F8F0649C3F8F8
:10640000802101204860FFF723FF044B0861002230
:106410001A7408BD00E100E00080004078230020ED
:1064200010B5254C0023FF224FF0FF314FF0FF3015
:10643000C4E90201237062746360FFF7D5FFFFF7C0
:10644000ADFF1E4B4FF400621A6061691C4A51B9DE
:10645000012313601A4B4FF48272C3F844230222C3
:10646000C3F8042310BD174B1748C3F8A805C3F899
:10647000AC15C3F85C294FF40022C3F80425134A75
:106480000521C2F8401501211160D2F84011002900
:10649000FBD04FF40021C3F8081501215160D160F1
:1064A0000021C2F84011C2F84015C3F8A815C3F87E
:1064B000AC15C3F8AC15CDE77823002000E100E06F
:1064C00000B0004000F001404081004000800040EA
:1064D000F8B52D4C2778012F05460E4605D1D4E995
:1064E00002238B4208BF824248D0284B4FF04042E3
:1064F000C3F80825FFF7C2FE002225F07F411046B1
:10650000FFF710FF00283AD00FB1FFF739FF002343
:1065100001276374A761FFF767FF1D4BD3F80425BC
:1065200022F00302C3F80425D3F8082522F0030261
:1065300042F00202C3F80825102292FAA2F2B2FA3F
:1065400082F2092A04DD134840F2913102F068FD1D
:10655000C3F81025DF60A269C3F800220E4B4FF488
:106560008072C3F880211A60084B4FF00042C3F8D4
:106570000425C4E90256042363702770F8BD40F275
:106580000E316C2002F056FD7823002000F001400F
:106590000080004034D1030000E100E02DE9F0412B
:1065A0001E4C94F80080B8F1020FD4E9022305468E
:1065B0000E4605D18B4208BF82420AD1BDE8F08168
:1065C0008B4208BF824204D14FF447716C2002F025
:1065D00031FD237C13B94FF44871F7E7104F4FF0AA
:1065E00040430022C7F8083525F07F411046FFF7E9
:1065F00099FE78B1B8F1000F01D0FFF7C1FE4FF05E
:106600008043C7F80435042363700223C4E90256AB
:106610002370D3E74FF44B71D8E700BF78230020F5
:1066200000F00140014BD3E90201704778230020BC
:10663000014BD3F80405704700B0004013B568461D
:10664000FFF732FEDDE90004FFF7BEF9024B00213F
:10665000E4FB030102B010BD0080841E2DE9F0416F
:10666000224CFFF70BFE2378022B04D040F2373187
:106670006C2002F0DFFC08F0A4F8D4E90267C21C29
:1066800041F10005AF4208BF964226F07F480ED088
:1066900004214046FFF734FE48B910462946FFF76B
:1066A00017FF134BA269C3F80022BDE8F081022155
:1066B0004046FFF725FEA0B90E4A0D494FF0804332
:1066C000C2F808350123A36160744B60CB604FF0C2
:1066D0000041C2F804150422C4E902676270237005
:1066E000DFE70123A36100236374DAE77823002046
:1066F0000080004000F0014008B520B140F2AF3109
:106700006C2002F097FC014808BD00BF40810040AA
:10671000032837B508D9041FE4B2012C19D940F277
:10672000F5316C2002F086FC244900F110020123AF
:106730009340C1F8083300F5A873002241F82320E4
:106740001F4B81005A5053F820300093009B03B038
:1067500030BD1C4D2B789BB16A78824210D11A4A09
:106760004FF04041012BC2F8081501D1FFF73CFE64
:1067700000232B704FF0FF324FF0FF33C5E90223A7
:10678000124A4FF48033A340C2F80833C2F84833AA
:1067900004F5A873022152F82300FFF7B1FD012888
:1067A00018BF0B4B22B204FA01F41CBF002119518F
:1067B000074B53F822300193019BC8E7008000404B
:1067C000408100407823002000F0014000B00040EC
:1067D00040B1004008B50B4B1A78012A05D1587812
:1067E000FFF77EFD58B1002008BD022AFBD1587882
:1067F000FFF776FD0028F6D14FF08040F4E74FF028
:106800000040F1E778230020032838B522F07F41CB
:10681000264B044606D90438C0B2012838D940F2C4
:10682000A1310BE0D3E90202B2F1FF3F08BFB0F1A2
:10683000FF3F06D11A7C22B940F27E316C2002F073
:10684000F9FB1B78022B1AD0194B1A4D04F11002D8
:106850000120A40000FA02F2C5F80823185104F13F
:10686000804404F50044D4F84035CB1A23F07F432C
:10687000022B09D9C4F84015C5F8042338BDFFF729
:10688000A9FF4300FBD4DFE70020C4F84005F5E78B
:106890001A782AB15B78A34202D140F29D31CDE74C
:1068A000BDE838400122FFF73DBD00BF782300203E
:1068B0004080004000800040204A08B5D2F80433F0
:1068C000D90312D5D2F840317BB10023C2F8403150
:1068D000D2F840050221FFF713FD30B14FF48033A9
:1068E000C2F80833042001F02FFE144AD2F8043312
:1068F0009B0312D5D2F844317BB10023C2F8443156
:10690000D2F844050221FFF7FBFC30B14FF400330D
:10691000C2F80833052001F017FE084BD3F8042114
:1069200032B10022C3F80421054A53680133536091
:10693000044B4FF40062C3F8802108BD00B0004052
:106940007823002000E100E038B5314C637CFF2B58
:106950005BD023783BB1012B10D1237402236078E4
:106960002370FFF7D5FE2B4BD3F8042310030DD56E
:10697000D3F84C2152B140F23E4104E0237C002B7D
:10698000ECD140F252416C2002F054FBD3F80423C6
:1069900051030DD5D3F8483153B10220FFF7B8FEAB
:1069A0001D4B4FF48072C3F88021022001F0CCFD12
:1069B000184BD3F8042392030DD5D3F8443153B1C7
:1069C0000120FFF7A5FE144B4FF48072C3F880211D
:1069D000012001F0B9FD0F4DD5F80433DB0316D5C6
:1069E000D5F840319BB10020FFF792FE0A4B4FF4DF
:1069F0008072C3F880210020FF236374A061C5F872
:106A00000002BDE8384001F09FBD0620F9E738BD1F
:106A1000782300200080004000E100E02DE9F04FE5
:106A20008C4F7C7E04EB44033B4483B05E78202E85
:106A300047D0894BE5B26400002B00F08780874B7C
:106A4000DFF81C92002B5DD006EB451207EB420AE3
:106A50004FEA45189AF82030013BDBB2052B33D8BA
:106A6000804A12F803B0BBF1090F2DD0AFF30080BC
:106A7000EFF3108372B62C443C449AF821206270E4
:106A8000A278B24204BF2022A27013B9AFF30080F3
:106A900062B6B044730107EB480809EB46160122C1
:106AA00059F80330706888F82020594698477C7E52
:106AB00004EB44033B44E5B25E78202E4FEA4404E5
:106AC000C2D103B0BDE8F08F40F2C661702002F081
:106AD000B1FA62B6B044730107EB480809EB4616F9
:106AE000012259F80330706888F8202059469847E9
:106AF0007C7E04EB44033B44E5B25E78202E4FEAF3
:106B00004404DED006EB451207EB420A4FEA451873
:106B10009AF82030013BDBB2052BD5D8514A12F848
:106B200003B0BBF1090FCFD0AFF30080EFF31083B8
:106B300072B62C443C449AF821206270A2789642A6
:106B400004BF2022A270002BC4D1C2E7434BDFF860
:106B500014B1DFF80CA14FF02009002B4FD006EB49
:106B6000451207EB42024FEA451892F82030013BEC
:106B7000DBB2052BA8D81BF803100929A4D0EFF32A
:106B8000108372B62C443C4492F821206270A278A3
:106B9000964208BF84F80290002B52D0B04407EB15
:106BA000480873010AEB461601225AF80330706850
:106BB00088F8202098477C7E04EB44033B44E5B2F0
:106BC0005E78202E4FEA4404C9D17AE762B6B04419
:106BD000730107EB48080AEB461601225AF8033006
:106BE000706888F8202098477C7E04EB44033B447F
:106BF000E5B25E78202E4FEA44043FF462AF06EB24
:106C0000451207EB42024FEA451892F82030013B4B
:106C1000DBB2052B3FF658AF1BF8031009293FF4F0
:106C200053AFEFF3108372B62C443C4492F821200A
:106C30006270A278964208BF84F80290002BC6D1F9
:106C4000C4E70191AFF3008062B6B044019907EB4D
:106C50004808A6E79823002000000000000000007C
:106C6000101F0020D09503002DE9F04FDFF82CA174
:106C7000994601EB41034FF0200E1AF8034082F8C9
:106C800000E0744583B000F08680DFF814B10F4651
:106C9000904605460BEB4412D5F800C09068136986
:106CA000D1681B1841F100019C456B688B414FEA8C
:106CB00044161CD3EB89002B54D0D38A002B51D11E
:106CC000ACEB00030193FEF7F5FF40F25633984218
:106CD000019B5AD040F2F552904252D0B0F5C67F97
:106CE00014BF01220E2293423CDA98F800E089F8A2
:106CF00000E095E80D000BEB06011B18D1F80880A9
:106D000042F100029845CB6893411AD3CB8AA3B1D4
:106D1000EB8993B9A8EB0008FEF7CCFF40F256339D
:106D2000984230D040F2F553984228D0B0F5C67F53
:106D300014BF01230E23984503DB012003B0BDE8F7
:106D4000F08F5E4489F80040327E2B7C9A421ED937
:106D500004EB47140AEB440494F82140202CECD0B7
:106D60006601C6E704EB47130AEB430388F80040CB
:106D700093F82130202BA6460DD01C468AE73323FA
:106D8000D9E73322AFE71D23D5E71D22ABE700206B
:106D900003B0BDE8F08F89F80040CEE798230020CB
:106DA000101F00202DE9F04F85B00C4615461E46F9
:106DB0009DF83870FEF7D2FE22686368451946F1E7
:106DC0000006954276EB030351D3DFF8BC8040F216
:106DD000563905E05D4576EB0A0348D3C4E900BAAD
:106DE0000DF10F030DF10E0239462046FFF73CFF6F
:106DF00000283DD19DF80F3008EB4313D3E9022062
:106E00001969DB8A11EB020B40F1000A002BE1D17A
:106E1000E389002BDED00191FEF74CFF4845019934
:106E20002BD040F2F553984225D0B0F5C67F14BF61
:106E300001230E239942CDDAFEF73CFF484520D0CE
:106E400040F2F55398421AD0B0F5C67F14BF012224
:106E50000E229DF80F3008EB43139968DB6812EBA4
:106E6000010B43F1000A5D4576EB0A03B6D2002020
:106E700005B0BDE8F08F3323DCE71D23DAE73322CA
:106E8000E7E71D22E5E700BF101F00202DE9F04FC6
:106E9000154692F8008092F80BC0AF7A12891C4612
:106EA00087B00023E3602361C4E9003327749DF8B1
:106EB000409084F80DC00646A3606361E28184F8C7
:106EC00011800F46B8F1000F49D1FEF78BFDD5E9CF
:106ED00004C2584BC31841F1000E9C4572EB0E03DF
:106EE0000AD3013E47F1FF37C4E900674FF47A73D4
:106EF000A36007B0BDE8F08F263041F10001844562
:106F000072EB0103EDD3288901300021844572EB37
:106F10000103C0F08180BCEB000062EB010104F1D1
:106F20000C03009303AA04ABFEF7BEFD039B686845
:106F3000E97A2A890233034400290CBF7A204720CA
:106F400013441844FEF70AFEDDE90432C01A20F0AB
:106F50007F40C4E90032A06007B0BDE8F08F36483A
:106F600003A9801A04F10C02FEF772FDB4F80EB00A
:106F70000DF10B0204A95846FEF76AFD2F4B1B7852
:106F8000202B2CD02E490B69D1E90521053342F184
:106F9000000A13EB01084AF1000A6B68227B981C77
:106FA000EB7AC4F80080002BE389C4F804A01344F2
:106FB00003440CBF7A2047201844FEF7CFFD324629
:106FC000A0603B462869CDF800902146FFF7EAFE15
:106FD00000288ED1C4E9006707B0BDE8F08F16F134
:106FE000090847F1000ABBF1000FD6D0FFF722F9DC
:106FF0000028D2D1FEF75EFE40F2563398420ED002
:1070000040F2F55398420FD0B0F5C67FC5D116F1C6
:10701000160847F1000AC0E7404641467FE716F1EF
:10702000250847F1000AB8E716F13B0847F1000AC6
:10703000B3E700BF0040420FFF7F841E10230020F3
:10704000182300202DE9F04F97B01C46CDE904121B
:107050008246FFF7E7FADFF8E8820546D8F8A02075
:107060004FF080400123C0F808350E461360B54943
:10707000082202EB4412531801EB4417B3F80E90A8
:1070800054581A7B0192D3E901B3083708930FCF04
:107090000DF1380CACE80F0097E803008CE8030012
:1070A00024F07F40FEF790FC019A09F1010313449C
:1070B000A54A9042034400F21F82934200F3DA8013
:1070C000002BC0F2D1800793FFF7B4F80290B9F11A
:1070D000000F40F09980FEF7EDFD40F256339842E4
:1070E00000F0D68040F2F553984200F0CE80B0F523
:1070F000C67F00F0C48000230393002003210246D2
:10710000B6F1FF3F08BFB5F1FF3F1BD0A54276EBBC
:107110000B03C0F09B802F1B66EB0B03B7F5000F32
:1071200073F1000380F0ED81671B002F2B4609DD12
:10713000002A00F0B08098F8181000290CBF014612
:10714000002100E05346671EA7EB03034BF1FF301D
:107150008B420090069752DB029B7BB9D8E9043141
:10716000B1F1FF3F08BFB3F1FF3F07D00398E31A27
:107170006BEB0101834271F100033DD3009B099247
:10718000049AB7EB0A0A63EB02030293FEF792FD3F
:1071900040F2563C6045029B099A00F0BD8040F2E7
:1071A000F55C604579D0B0F5C67F14BF0B20182080
:1071B000824573F1000375D2059B012B00F0B4806A
:1071C000002A40F0AB80B6F1FF3F08BFB5F1FF3FAA
:1071D00000F0A480009BE91B66EB0303052973F113
:1071E000000080F27481012973F1000307DA2F4651
:1071F00006950096154665E0B9F1000FBED0002453
:10720000204617B0BDE8F08FD8E90423B3F1FF3F63
:1072100008BFB2F1FF3F7FF45EAF00287FF45BAFA1
:10722000FEF748FD40F25633984200F0608140F28C
:10723000F553984200F05681B0F5C67F00F04D81BD
:10724000029B039303211846012259E7671B6BEB4E
:107250000603B7F5000F73F10003FFF466AF40F2C9
:107260008971702001F0E6FE03F1F45303F59023D9
:10727000079329E703F1614303F5F70323E70020B0
:107280000D230321039302463AE73223039334E7A5
:107290001C23039331E7014655E73D20824573F1F6
:1072A000000389D3B9F100050099384618BF0125BC
:1072B000FFF70EF9009BB3F1FF3F08BFB7F1FF3FA7
:1072C00000F02481069B23F07F40231A23F07F43A4
:1072D000013BB3F5000F92D2089B1B191B1A23F038
:1072E0007F43B3F5000F8AD8FEF76EFB079A174B62
:1072F000A2EB000A9A452FD3801A9842C0F0DA8098
:10730000114B9A4524D8984240F20A81C0F1614657
:1073100006F5F706B24620E0272049E700993846EF
:10732000FFF7D6F80025C5E7B6F1FF3F08BFB5F176
:10733000FF3F00F0FA8006952F4600960025C1E732
:1073400098230020101F0020FF7F841E0040420F62
:107350000AF1F45A0AF5902A5646794B93F82830E8
:1073600023B909F11E03B34280F2AC80059B012BC7
:1073700002D00120FFF7CCF9B9F1000F5CD0AAEBE5
:10738000090200230120FFF73FFA002850D0002314
:1073900052461846FFF738FA002849D0002D6FD121
:1073A000D8E90423B3F1FF3F08BFB2F1FF3F05D195
:1073B000FEF786FC07F005FAC8E9040198F81830D2
:1073C000002B70D109F11902B24280F2A48000258D
:1073D000AAEB02022B460220FFF716FA30B1D8F8CA
:1073E000A0301D604FF08043C3F80855089B1093F0
:1073F0004FF0FF304FF0FF31CDE90E4B019B8DF880
:107400004430CDE90C0100238DF85030ADF84690A2
:107410000A930AAE0FCE4A4D0FC50FCE0FC596E8A0
:107420000F00012485E80F00204617B0BDE8F08F5B
:107430000120FFF76DF9E2E652464B464846FFF75A
:10744000E3F90028F4D0D8E90423B3F1FF3F08BFE3
:10745000B2F1FF3F1CD1002DB0D0039BFA1A009B64
:107460004FF0050063F10003FFF7CEF9002861D06B
:1074700098F81830002BA5D1012388F81830A1E71F
:10748000D8E90423B3F1FF3F08BFB2F1FF3FE4D0D6
:10749000FEF760FC4FF0FF324FF0FF33C8E90423E2
:1074A000002D8BD0D9E70520FFF732F9002388F8AB
:1074B000183087E7224B93F828304642B246002B1B
:1074C0007FF454AF4FF4FD61702001F0B3FD0099DB
:1074D00038461546FEF7FCFFECE60D201021039020
:1074E00001220DE6322035210390012208E61C20FE
:1074F0001F210390012203E640F23D41702001F07C
:1075000099FD40F28D71702001F094FD40F2D4712C
:10751000702001F08FFD4FF40161702001F08AFDB1
:1075200040F6B201702001F085FD40F2FB61702051
:1075300001F080FD40F22921702001F07BFD00BFA9
:10754000182300203B4B2DE9F04793F828303A4DA3
:10755000DFF8E880002B00EB40030746EC5C14BF2B
:10756000002602264FEA4709FFF762F84FF0200C89
:107570004FEA471E08EB44120EEB040391681269B0
:1075800005EB430A0B1A23F07F439E420FD8B3F555
:10759000000F0CD85218121A22F07F42B2F5000FD9
:1075A00005D8BCF1200F0BD12046BDE8F0879AF832
:1075B0002130202BA4461C46DCD1BCF1200FF3D097
:1075C0000CEB471309EB070205EB430315F802E048
:1075D00093F82130AB547901744604260B1905EB5E
:1075E000430322469445204683F8206093F82140C7
:1075F000F4D109EB07032B440A4493F802C0BCF111
:10760000200F5FFA8CF618BF76184F4418BF05EBB1
:10761000460605EB42023D4408BF83F801E04FF007
:10762000200318BF86F821E0A87082F82130204698
:10763000BDE8F0871823002098230020101F0020A9
:107640002DE9F04101EB41034C4DEE5C82B0202E60
:1076500001910C4680464FEA41073DD1484B0BB1A2
:10766000AFF3008007F0ADF8AB7E202B0AD0454B7E
:10767000D3E904E210F1020C41F10003E64572EB9C
:1076800003032ED3202E0AD042463346FFF7DAFCFE
:1076900000283BD00220AE7602B0BDE8F081D5E9EB
:1076A0000423B3F1FF3F08BFB2F1FF3F1DD12B7E92
:1076B00033BB0420FFF72CF807F093F8D5F8A0109F
:1076C0004FF080422020A876002301200B60C2F8F2
:1076D000083502B0BDE8F0810846FFF733FF864267
:1076E000BCD0002002B0BDE8F081FEF733FB4FF0C4
:1076F000FF334FF0FF32C5E904232B7E002BD8D097
:107700000520FFF705F800232B76D2E73A1906EBA0
:10771000441305EB430315F802E093F82130AB5412
:10772000610173460420CA189C4605EB4202664577
:1077300092F8213082F82000F5D13B192B443C44CB
:1077400098782028C2B218BF5218614418BF05EBC0
:10775000420205EB4101254408BF83F801E04FF0E8
:1077600000004FF0200318BF82F821E085F802C026
:1077700081F8213002B0BDE8F08100BF98230020DD
:10778000000000001823002007F029B8F8B5184AB7
:10779000184D002342F2200020214FF0FF364FF019
:1077A000FF37A97028806B76136082F82830AB71A0
:1077B000C2E90267C5E904671C46EB71A9762B761E
:1077C0006A1802F814300134202CFAD101260A4834
:1077D0002E7201F01BFD094B1870094B1C7001F053
:1077E00085FDC5F8A000FEF71BFEEE76F8BD00BFD4
:1077F00018230020982300201D6A01004823002040
:10780000102300202DE9F04F87B006F0DAFFC44EB8
:1078100005460F4606F0E5FFD6E90223B3F1FF3F28
:1078200008BFB2F1FF3F05D04FF0FF324FF0FF33FA
:10783000C6E9022396F82830002B00F0F380737F0E
:10784000002B00F0ED80B74CE379002B40F0DE8098
:10785000E81C47F10001FEF73BFE237A002B40F0C5
:107860005581DFF8C48298F800B00122BBF1200FE7
:10787000227200F050812022A37188F80020A276A5
:10788000E3713360637E03EB43025FFA83F9A25C2A
:107890005B00202A019308D0DFF890A253010AEB85
:1078A0004212517E012900F0E280019BDFF880A2A4
:1078B00003EB090727444FEA49183D78202D04D0EF
:1078C0004846FFF73FFE8542F7D1BAF1000F01D0DD
:1078D000AFF3008006F075FFA37E202B09D0D6E918
:1078E000042310F1020E41F1000C724573EB0C03FE
:1078F000E3D3202D39D02B460122FFF7A3FB00282C
:1079000055D0A57608EB0B0304EB430393F8202036
:10791000022A1DD1019A4A442244062183F82010EC
:107920009178CBB220291CBF434404EB4303D844D5
:1079300018BF83F821B0019B08BF82F801B04B4407
:10794000234404EB480883F802B0202388F8213050
:10795000019B4B449946A144FF2299F80130627281
:10796000202B56D107B0BDE8F08FD4E90423B3F142
:10797000FF3F08BFB2F1FF3F07D0FEF7EBF94FF032
:10798000FF324FF0FF33C4E90423237EC3BB04203E
:10799000FEF7BEFE06F025FFD4F8A0104FF080429F
:1079A00000232020A0760B60C2F80835AAE708EB78
:1079B000050304EB4303387893F821303B7002460B
:1079C00004211346424404EB42029D4282F82010F7
:1079D00092F82120F5D1B978BB70CAB220291CBF1A
:1079E000424404EB4202434404EB430318BF82F8D1
:1079F00021004FF0200208BF787083F821205CE757
:107A00000520FEF785FE00232376C0E7FEF726FE5D
:107A100023E7484B187807B0BDE8F04F01F022BCCF
:107A2000404C15E74FF40C71B069FEF713F9336958
:107A30007269B169023342F100025B1842F100023F
:107A40001B1842F100029D4277EB0203FFF4F7AEF0
:107A5000354B364A1B78580102EB43130821125864
:107A6000586890474FF43171702001F0E3FAD08AE2
:107A700003930DF1130205A90290FDF7E9FF98F8B1
:107A80000020202ADDE9020313D03269B16912F126
:107A90000508726942F1000218EB010842F1000288
:107AA0009A44DAE902134145934128BFCAE90282A8
:107AB000FBE615F1090847F100020028F0D0CDE9F6
:107AC0000223FEF7B7FBDDE902230028E8D1FEF729
:107AD000F1F8014640F256308142039B0CD040F24F
:107AE000F55081420DD0B1F5C67F029AD8D115F17B
:107AF000160847F10002D3E715F1250847F1000207
:107B0000CEE715F13B0847F10002C9E74FF43771A2
:107B1000702001F08FFA40F2DF21702001F08AFA24
:107B2000182300209823002010230020101F00207D
:107B3000000000004823002070B5124C0D46064698
:107B4000FEF714FA637E04F1200CD9B20CEB831C0F
:107B5000002302E00133202B12D01CF81320D8B2EE
:107B6000002AF7D103EB4111074A04EB4104590104
:107B700002EB43135650012284F820205D6070BD53
:107B8000184670BD98230020101F00201F2809D818
:107B90000B494B7E00EB431301EB430393F820208A
:107BA000012A01D0002070474B7E00EB431301EB0C
:107BB00043034FF0000C104683F820C0704700BF0D
:107BC0009823002010B5094C04EB4014D4E90201BD
:107BD000FDF708FF227DE38A9B1803F101034FF0B4
:107BE00000025241181842EB010110BD101F002085
:107BF0000378002B40F018812DE9F04F954A536827
:107C0000C3F308038DB08046002B40F0F980924DFD
:107C1000924CDFF84C924FF0000B24B1002140F25F
:107C20008240AFF300806F7EFFB285F809B024B1C7
:107C3000002140F28740AFF300808A4B7E1C06F0A3
:107C4000010A03EB871E03EB8A1CBEE80F00ACE8B9
:107C50000F00BEE80F00ACE80F00BEE80F00ACE874
:107C60000F009EE80F0056468CE80F003FB224B18B
:107C7000002140F2FA30AFF3008007EB470706EB34
:107C80004606EB19EA5B9B78AA532E44B37054B1B5
:107C9000002140F2FE30AFF3008024B1002140F219
:107CA0008C40AFF3008006F08CFDCDF800A006AB51
:107CB000424606460F46FFF7E9F824B1002140F29C
:107CC0009340AFF30080684B1B78202B54D0D9F839
:107CD0001020D9F81830DDE906019B18D9F81420D6
:107CE00042F100029842914146D2CDE90632012389
:107CF000029324B1002140F29E40AFF30080069928
:107D000026F07F400A1A22F07F42B2F5000F36D8E3
:107D1000089B5B181B1A23F07F43B3F5000F2ED886
:107D20003B465248CDF800A0324606A9FFF73AF884
:107D3000029B03B9C0B1DDE906311846FDF752FEDA
:107D4000BDF826309DF824609B1903F101034BEB2D
:107D50000B021B1842EB0102C8E9043224B10021D6
:107D600040F2B540AFF300806B7A002B7FF455AF43
:107D700001200DB0BDE8F08F00230293B9E7BDF8F4
:107D800026A00DF1130205A95046FDF761FE364B02
:107D90001B78202B11D0D9F81030D9F81410D9F84D
:107DA0001820053341F100019B1841F100011F2209
:107DB000CDE906318DF82420BFE716F1090347F11C
:107DC0000001BAF1000FF2D0CDE90231FEF732FA2C
:107DD000DDE902310028EAD1FDF76CFF40F25632AE
:107DE000904231D040F2F552904228D0B0F5C67F93
:107DF000DDE90231DBD116F1160347F10001D6E7C8
:107E0000103B59B2002911DB01F1604101F56141DC
:107E100091F8000340090028ABD00F4D0F4CDFF85C
:107E200040904FF0000BF8E60020704703F00F037E
:107E3000043B1344187E40090028EED199E716F15F
:107E40003B0347F10001B2E716F1250347F10001BA
:107E5000ADE700BF00ED00E0982300200000000027
:107E600018230020B8230020102300200040420FD8
:107E70002DE9F04FAF4A536891B0C3F3080383462E
:107E80000491002B40F0688108230393049B1B7826
:107E9000012B00F24C82A84E26B1002140F29C50EA
:107EA000AFF300800023A54C05934FF0010926B1E4
:107EB000002140F2A950AFF30080B9F1000F04D1C6
:107EC0009F4B0BB1AFF3008062B6657EEDB24FF011
:107ED00000036372039B002B40F09E80A84626B1EE
:107EE000002140F2BD50AFF3008006F06AFC049A16
:107EF00000950AAB8246FEF7C9FF26B1002140F289
:107F0000C550AFF300800BEB481904EB49094FEA69
:107F1000481799F82030013B012B7BD80A992AF0A9
:107F20007F4AA1EB0A0222F07F4323F00103002BDA
:107F300040F0C38008EB4802224407EB0B03907823
:107F400004EB43030421202883F820104FEA480360
:107F5000C1B200F0A281394404EB410181F821B0A3
:107F6000434423445F4404EB470783F802B02023D3
:107F700087F8213000230593012726B1002140F224
:107F8000CA50AFF300806F4B0BB1AFF30080EFF33B
:107F90001088C14672B6637A002B88D16A4B0DF106
:107FA000280E03EB4B1CBEE80F000CF1080CACE8EC
:107FB0000F009EE803008CE803008FB1039B002BA9
:107FC00000F0EA80059B23B1604B1B78202B00F06A
:107FD0006781637EDB4303F001036376FF236372F3
:107FE000B8F1000F04D1564B0BB1AFF3008062B66D
:107FF00026B1002140F20160AFF30080002F4AD18A
:1080000026B1002140F20D60AFF30080384611B078
:10801000BDE8F08F0027B0E74D4B05F1010A0AF0EB
:10802000010A03EB851E03EB8A1CBEE80F00ACE8D7
:108030000F00BEE80F00ACE80F00BEE80F00ACE890
:108040000F009EE80F002DB28CE80F00D0460FFA0B
:108050008AF726B1002140F2FA30AFF3008005EB39
:10806000450507EB47076319625B9B78E25327449A
:10807000BB7056B1002140F2FE30AFF3008026B154
:10808000002140F2B350AFF30080637A002B7FF4FD
:108090000EAF554623E7637E03EB43031C4463782E
:1080A000202BADD026B100214FF4C160AFF300808A
:1080B000284B187801F0D6F8A2E722F07F42B2F5FB
:1080C000000F3FF637AF0C9B5B18A3EB0A0323F0BE
:1080D0007F43B3F5000F3FF62DAF0DF127030DF1F0
:1080E000260229460AA8FEF7BFFD059000285AD1AE
:1080F00008EB480222440423907889F820304FEAA4
:1081000048032028C1B2434418BFC91923445F441F
:1081100004EB470718BF04EB410183F802B04FF0AE
:10812000200314BF81F821B082F801B087F8213014
:10813000012722E700ED00E0000000009823002066
:108140000000000000000000101F0020102300208D
:10815000B823002048230020103B59B20029C0F268
:10816000948001F1604101F5614191F800335B09B0
:108170000393002B7FF48AAE744B1B78202B00F006
:10818000DB80049B1B780393002B3FF484AE40F20A
:108190009551702000F04EFFFF236372B8F1000F7D
:1081A0007FF426AF1FE79DF826C09DF827E0F44531
:1081B0001AD1BCF1200F00F0A78007EB0C0304EBF1
:1081C000430393F8213089F82130BC4404EB4C0C74
:1081D00000228CF821B05F4404EB4703059F059211
:1081E000032283F82020C8E6BEF1200F00F0A9800A
:1081F00007EB0E0304EB4303BCF1200F93F82110AF
:1082000000F08D8007EB0C0204EB42024FEA4803BA
:1082100092F82100069082F821104FF0050A3A18D2
:1082200004EB420201468E45814682F820A092F876
:108230002100F4D103EB08022244079192F802A036
:10824000BAF1200F5FFA8AFE66D0BE4404EB4E0EF0
:10825000069A8EF8212003EB08022244079982F83F
:108260000290394407EB0B024FF0200E04EB410162
:1082700004EB4202F44581F821E082F82100A4D108
:108280004344059A04F803B0A5E703F00F03043B49
:1082900013441B7E5B0903936BE782F801B05FE632
:1082A00029460220FFF7CCF900287FF492AE637EC6
:1082B00003EB430020440BEB431204EB42028578AE
:1082C0000421DFB282F820105A015B00202DE9B2B0
:1082D0003B4418BF891823445A4418BF04EB41019A
:1082E00004EB420283F802B04FF0200318BF81F87C
:1082F00021B0059F08BF80F801B082F82130B8F1A5
:10830000000F7FF475AE6EE608EB4803E35C89F876
:1083100021304FEA4803B3E7069951709BE708EB19
:1083200048024FEA4803A05C0690A15475E740F26A
:108330009951702000F07EFE40F29251702000F0C2
:1083400079FE40F2D311702000F074FE102300205B
:108350002DE9F84F774CDFF8E08105464FF0010A30
:1083600004F1200BB8F1000F04D0002140F21F608F
:10837000AFF30080BAF1000F04D1704B0BB1AFF333
:10838000008062B64FF000036372B8F1000F04D0B2
:10839000002140F22460AFF30080667E0BEB861E66
:1083A000BEE80F0006F1010909F001070BEB871C7D
:1083B000ACE80F00BEE80F00ACE80F00BEE80F000D
:1083C000ACE80F009EE80F00B9468CE80F00B8F14A
:1083D000000F04D0002140F2FA30AFF3008006EB2A
:1083E000460607EB4707A319A25B9B78E253274495
:1083F000BB70B8F1000F04D0002140F2FE30AFF3A3
:108400000080637A03F0FF01002B40F08280B8F116
:10841000000F03D040F22E60AFF3008005EB49134C
:1084200004EB43034FEA491693F82020032A6ED148
:1084300009EB4902A75CBD4275D0202F67D03B46AF
:1084400001E0202B63D0F21804EB4202194692F8A7
:1084500021309D42F5D1202D59D07319314404EBC0
:10846000430304EB410193F8213081F82130B8F146
:10847000000F0CD0002140F26730AFF30080B8F15C
:10848000000F04D0002140F23360AFF300802E448F
:1084900004EB4606012386F82030B8F1000F04D023
:1084A000002140F23C60AFF30080254B0BB1AFF3ED
:1084B0000080EFF3108A72B6637A002B7FF452AF1C
:1084C000BD4203D11F4B1B78202B1AD0637EDB43A8
:1084D00003F001036376FF2363720124BAF1000FF6
:1084E00004D1164B0BB1AFF3008062B6B8F1000FA8
:1084F00004D0002140F25E60AFF300802046BDE86A
:10850000F88F49460220FFF79BF80028DED10024AF
:10851000E4E7B8F1000F3FF42DAF002140F22A60EC
:10852000AFF300801EE7202DF1D093F82130A35443
:108530009DE700BF9823002000000000000000001D
:10854000000000001023002070B506280ED8DFE8D8
:1085500000F01D4F040D0D6F0E00B04B4FF0804129
:10856000D3F8A0200123C1F80835136070BDAC4DCD
:108570002B78202B00F08F80AA4C5A0104EB431378
:10858000A2585868BDE8704005211047A34CD4E9B3
:108590000423B3F1FF3F08BFB2F1FF3F00F0D680E4
:1085A000A14EF38B002B6DD19D4D2B78202B00F02D
:1085B000AB80D6E90223FF21B3F1FF3F08BFB2F140
:1085C000FF3FE17105D00520FEF71EF9002800F0FD
:1085D0001F81737F012B00F08B802B78914A59010A
:1085E00002EB4313BDE87040525858680121104710
:1085F0008B4D8A4C2B78202B00F0AF800123A37188
:10860000FDF718FE002800F0F480D4E90423B3F14C
:10861000FF3F08BFB2F1FF3F63D02B78814A590179
:1086200002EB4313BDE870405258586800211047D0
:108630007A4C237E5BB1D4E90423B3F1FF3F08BF3A
:10864000B2F1FF3F00F0AC800023237670BD744D83
:108650002A78202A00F0AB80734E4FF0FF324FF0A3
:10866000FF33C6E90223E379002B00F0C7802B78A3
:108670006C4A590102EB4313BDE8704052585868E8
:1086800006211047FDF7D6FD00288DD14FF4D061AB
:10869000702000F0CFFC61494B7E03EB4300DAB25F
:1086A0000B5C202B00F0AF8003EB421201EB420287
:1086B00092F821400C54FF204872022082F82000DA
:1086C000584C59482B7000220A7280F8282004EB7D
:1086D0004312127E002A7FF450AF01F075F82B7818
:1086E0004BE7FDF7EDFA06F06CF8C4E9040194E7F6
:1086F000D6E90401B369013841F1FF31C01841F1F5
:108700000001FDF74BFF68E7627ED3B202EB420245
:10871000A15C202977D001EB431304EB430393F8CA
:108720002100A0543F4A297002EB4111002222721D
:1087300086F82820097EFF226272022283F8202018
:1087400000297FF436AF01F03FF832E7FDF7B8FAC1
:1087500006F037F8C4E9040122E7637E03EB430126
:10876000DBB2625C202A4ED002EB431304EB4303DE
:1087700093F821006054FF216172022183F82010D8
:10878000284B2A7003EB42122748137E002180F801
:1087900028102172002B7FF431AF01F015F82DE77E
:1087A000FDF78EFA06F00DF8C4E904014CE7617E8E
:1087B000CAB201EB4101605C202824D000EB4212D8
:1087C00004EB420292F8216066541649164E287056
:1087D00001EB4010237286F82830017EFF2363727C
:1087E000022382F8203000297FF437AF00F0ECFF3D
:1087F00033E740F2AA61702000F01CFC40F29C615B
:10880000702000F017FC4FF41571702000F012FC7E
:1088100040F28561702000F00DFC00BF982300201D
:1088200010230020101F00201823002070B5274BB4
:108830001A78202A86B044D0254CD4E90213B3F12B
:10884000FF3F08BFB1F1FF3F36D1224D05EB421586
:108850000646D5E90201FDF7C5F8EA8A2B7DD31853
:1088600003F101034FF0000252419B1942F1000253
:1088700018180DF10B0342EB0101009303AA04AB9E
:10888000FDF712F99DF80B20DDE904310F2A94BFA2
:10889000002201229B1841F10001C4E902310E4B74
:1088A000DB7913B9012006B070BDD4E9022305209D
:1088B000FDF7AAFF06B070BD40F68901702000F0F8
:1088C000B9FB40F68801702000F0B4FB10230020B3
:1088D00018230020101F002098230020FDF7A8BEB9
:1088E00038B5224B93F800E0BEF1200F38D0204D70
:1088F0006B7E95F819C003EB43035FFA8CFCEB5CCD
:10890000202B1FD01B4C4FEA4C1C06E0634405EBA8
:10891000430393F82130202B14D004EB4312117E33
:108920008142F3D804EB4E14D4E9021320694018B5
:10893000D2E9021243F10003814272EB030304D235
:10894000002038BD4FF0FF3038BD0B4B081A1C68B3
:10895000FDF73AF804F16F038342F1D8001B38BDEC
:1089600040F6C201702000F065FB00BF102300201C
:1089700098230020101F0020182300202DE9F04F1D
:10898000924B1E7887B0202E019000F01A81904FF4
:10899000904D7B7E03EB430380462868FC5C2B698B
:1089A00003930DF11302AB6902938946404405A974
:1089B000FDF74EF8884BA8F16F029A4261D8DFF8B4
:1089C0001C82059B696908EB4616B2689B183269E0
:1089D0009B182A699B1A23F07F40B0F5000F50D8EE
:1089E00097F819A0AB61202C85F820905FFA8AFADD
:1089F00018BF4FF0200B00F0D88008EB441C9B18E8
:108A0000DCF8080041F100019842DCF80C308B41A1
:108A10004FEA441651D3BCF81630002B35D105204F
:108A2000FDF776FE797E4FF0FF324FF0FF33BBF15A
:108A3000200FC5E90223C9B240F0A98001EB410132
:108A400020247B5C614A797E127802EB411207EBAD
:108A5000420282F821302B68019A13442B60FF23D5
:108A60007B72FB791BB16B7F012B00F09280202C75
:108A700043D05B4B187800F0F5FB002007B0BDE851
:108A8000F08F012007B0BDE8F08FEB8B002BC6D133
:108A9000A0EB0209FDF70EF940F25633984220D0C0
:108AA00040F2F55398421AD0B0F5C67F14BF0123A7
:108AB0000E234B45B3DD95F820904644337E4B455D
:108AC00011D904EB4A1307EB430393F82130202B11
:108AD00017D0A346D5E904211C46AB698DE73323A3
:108AE000E7E71D23E5E7DDE902312A695B189B1AF8
:108AF0000220AB6107B0BDE8F08F002007B0BDE8F1
:108B0000F08F0520FDF704FE4FF0FF324FF0FF33EA
:108B1000797EC5E90223C9B204EB411307EB430395
:108B20004FEA410C93F8212001EB4103480117F86B
:108B300003A0FA544FF00508534600EB030E07EB71
:108B40004E0E1A4694421E468EF820809EF8213022
:108B5000F3D10CEB010EBE4461449EF80290B9F1D2
:108B6000200F5FFA89F818BF80443944024418BFC7
:108B700007EB480807EB42028E704FF0200114BF4C
:108B800088F821A08EF801A082F821105AE75C46EF
:108B9000C2E7D5E90431A869013B41F1FF3118185A
:108BA00041F10001FDF7FAFC61E70520FDF7B0FD9A
:108BB000797E4FF0FF324FF0FF33C5E90223C9B28F
:108BC0003CE740F6EA01702000F034FA1023002060
:108BD0009823002018230020913F420F101F0020EF
:108BE000482300202DE9F84F9F4C637E00EB431390
:108BF00004EB430393F82030002B00F03081677EB4
:108C0000DFF868820546FFB2B8F1000F04D00021FA
:108C100040F62F10AFF300807E0105EB471704EB01
:108C20004707B8F1000F40F0DF80771904EB4707E2
:108C300097F82030012B09D0043B022B40F2C98069
:108C400005F07BFE97F82030012BF5D1DFF820A24C
:108C50004FF0010BB8F1000F04D0002140F6461090
:108C6000AFF30080BBF1000F04D1824B0BB1AFF327
:108C7000008062B64FF000036372B8F1000F04D0B9
:108C8000002140F64B10AFF30080667E0AEB861E93
:108C9000BEE80F0006F1010909F001070AEB871C85
:108CA000ACE80F00BEE80F00ACE80F00BEE80F0014
:108CB000ACE80F009EE80F00B9468CE80F00B8F151
:108CC000000F04D0002140F2FA30AFF3008006EB31
:108CD000460607EB4707A319A25B9B78E25327449C
:108CE000BB70B8F1000F04D0002140F2FE30AFF3AA
:108CF0000080637A03F0FF01002B40F08A80B8F116
:108D0000000F03D040F65510AFF3008009EB490384
:108D100023444FEA490B5E78B54200F09580202E3F
:108D20002FD04FEA491101E0202E2AD08B1904EBF5
:108D300043033246374693F82160B542F4D1202DE3
:108D40001FD00A44294404EB410104EB420291F88C
:108D5000213082F82130B8F1000F04D0002140F218
:108D60005F30AFF300800BEB090323449B789E42F6
:108D70005DD0B8F1000F0CD0002140F26730AFF3A6
:108D80000080B8F1000F04D0002140F65910AFF375
:108D90000080394B0BB1AFF30080EFF310839B469B
:108DA00072B6627A002A7FF455AF84F81990FF22D8
:108DB000627223B92F4B0BB1AFF3008062B6B8F1EA
:108DC000000F04D0002140F66B10AFF30080BDE827
:108DD000F88F731904EB43030122DFF894A083F8A2
:108DE00020204FF0010B35E797F82030012B3FF49E
:108DF0002DAF043B022B16D9002140F63B10AFF3F8
:108E0000008005F09AFD002140F63F10AFF300808E
:108E100007E7B8F1000F3FF425AF002140F65110ED
:108E2000AFF3008016E7012387F82030EBE7B8F1B5
:108E3000000F04D0002140F26230AFF300800BEB52
:108E4000090323449F7094E7202D9AD005EB491223
:108E500004EB4202202792F821205A707BE740F66B
:108E60002611702000F0E6F8982300200000000092
:108E7000B8230020000000000000000070B586B09C
:108E800063BB064610460D46FCF79EFD0DF10B0335
:108E90000446009303AA04AB29463046FCF704FEBF
:108EA000039A1349A31A8B420BD3121B8A420ED387
:108EB00010498B420DD88A4215D9C2F1614303F59E
:108EC000F7030A9AA2F10F00C01A06B070BD534210
:108ED000F7E703F1F45303F59023F2E740F671113D
:108EE000702000F0A7F840F6B201702000F0A2F860
:108EF0000040420FFF7F841EBFF34F8F0549064B92
:108F0000CA6802F4E0621343CB60BFF34F8F00BF27
:108F1000FDE700BF00ED00E00400FA05094B012267
:108F20005A604FF0FF32C3F80823074B4FF48042DA
:108F3000C3F88020BFF34F8FBFF36F8FC3F880213A
:108F4000704700BF00E0004000E100E0094B012253
:108F50005A604FF0FF32C3F80823074B4FF480529A
:108F6000C3F88020BFF34F8FBFF36F8FC3F880210A
:108F7000704700BF00C0004000E100E0084B002245
:108F8000C3F8FC2F0122C3F8FC2F064B0222C3F8C2
:108F90008020BFF34F8FBFF36F8FC3F880217047DE
:108FA0000010004000E100E0F8B51B4E33780546A4
:108FB0000C4617466BBBFCF7B3FC184B7760002DD3
:108FC00008BF1D4628463472FFF7D8FFFFF7BEFFE3
:108FD000FFF7A4FFFCF7D6FF0546C0B9FEF7D6FBA6
:108FE000FCF7C4FFFCF70EFF05F092FB002C0CDB36
:108FF00004F01F026409A40004F1604404F5614414
:1090000001239340C4F88031236001233370284644
:10901000F8BD4FF0FF35FAE73C240020D695030059
:1090200008B572B6024B5B6803B19847FFF764FF5F
:109030003C2400201FB572B6134B5D688DB9FFF755
:109040005BFFB2FBF6F2DCB20133002AF9D104F186
:1090500010036B4403F80C2C0A2234B901A8A8476A
:10906000EDE7024600230A26EDE7631E04AEDCB2FC
:1090700056FA83F3B0FBF2F602FB1600303003F829
:109080000C0C3046E9E700BF3C240020074B93F965
:109090000830002B09DB5A09012103F01F0301FAF4
:1090A00003F34032024941F8223070473C2400204B
:1090B00000E100E0014B1878704700BF3C2400201D
:1090C0002DE9F0472E4E2F4C0746EFF3108372B672
:1090D0003578EDB2FF22327003B962B60DB1FF23CD
:1090E00073704FF001080023DFF89C90C4F80480EF
:1090F000C4F80031C4F80431C4F80475C4F8008021
:10910000D4F8003113B9D4F80431EBB1D4F80431F8
:10911000002BE8D1B5B97378DBB203227570C4F8BF
:1091200008231A4AC4F804514FF48041C4F800518E
:10913000C2F88011EFF3108272B6357002B962B6D0
:10914000002BC2D1BDE8F087D9F81030DB06D7D5A7
:109150000E4B4FF48042C3F88021EFF3108A72B6B1
:109160000323C4F80433D4F8003123B9D4F804310C
:109170000BB905F0E2FBBAF1000FC1D162B6BFE74F
:109180004524002000E0004000ED00E000E100E0A8
:109190001B4B4FF4805270B5C3F88020BFF34F8F44
:1091A000BFF36F8F174D184C0021C5F80011C3F89D
:1091B00080212669236943F0100323610123C5F848
:1091C000043306F010062B60D5F80031A3B11EB9A8
:1091D000236923F0100323610A4B0122D3F8080509
:1091E0005A60C3F808230022C3F80021044B4FF44F
:1091F0008052C3F8802170BD05F09FFBE4E700BFFB
:1092000000E100E000C0004000ED00E038B50C498E
:10921000024605200138C0B2FF2803D14821692049
:10922000FFF708FF01EBC0031D7905F0FF04002DD7
:10923000F0D141F8302001225C719C711A7138BD67
:1092400048240020042808B503D94F216920FFF7DE
:10925000F1FE034B03EBC0000023037108BD00BF08
:1092600048240020042808B503D958216920FFF7B5
:10927000E1FE094B03EBC0000379012B01D059211A
:10928000F4E7437982790133DBB29A4218BF437124
:10929000BDE80840FFF7FABE4824002070B5124C24
:1092A00006250026013D15F0FF0500D170BD94F89C
:1092B000281004EBC1031A79012A09D158799A7947
:1092C000904205D05A79D2B29A7154F83130984709
:1092D00094F828300133DBB2042B94BF84F8283093
:1092E00084F82860DEE700BF4824002008B505F0B8
:1092F0009DFA70B905F0A3FA58B905F0A9FA40B97A
:1093000005F0B8FA044A054B002808BF1346184672
:1093100008BD024BFBE700BF00E701400C05004021
:1093200008B505F0A7FA08B3EFF3108072B6104A3B
:109330001369116941F010011161A2F5406203F057
:109340001003D2F80011D2F804210A4300D040BF24
:1093500020BF00BF00BF00BF00BF23B9044A13698C
:1093600023F01003136100B962B608BD20BFFCE70B
:1093700000ED00E0914270B53BD2B2FA82F33BB10E
:10938000C3F1200420FA04F49940214398409A4004
:10939000160CB1FBF6FC06FB1C1424041FFA82FE1B
:1093A000030C85B204EB10400CFB0EF4844206D98A
:1093B000201A90428CBF02200120ACEB000C03EB82
:1093C00001410CFB1211B1FBF6F006FB101105EB8D
:1093D000014100FB0EFE8E454FEA0C4C06D9AEEB68
:1093E000010E96458CBF02220122801A40EA0C0031
:1093F00070BD73219620FFF71DFE00BF2DE9F843D5
:109400001C4652EA040349D0074615460E467CB96D
:10941000914208D321463046FFF7ACFF04462A4666
:10942000384604FB1561FFF7A5FF2146BDE8F88328
:10943000B4FA84F9B9F11F0F34DC4FF0010808FACF
:1094400009F2A2FB051320FA08F002FB043226FA07
:1094500008F140EAC670FFF78DFFC9F11F03D8403D
:109460004FF0000118D0431E8C4661EB010105FB53
:1094700001F203FB042280461846A5FB033EFB1ABB
:10948000724466EB02061F46AF4276EB040324BF2C
:1094900040466146BDE8F8838446F5E7CA21962038
:1094A000FFF7C8FDE7219620FFF7C4FD92B1013A0E
:1094B00017D010B5034600EB020C01E09C450BD021
:1094C0008E461C4611F8012B13F8010B9042F5D083
:1094D000801A10BD1046704760789EF80120801AEF
:1094E00010BD00780A78801A704700BF10B5441A82
:1094F00094422BD34AB34B1CC31A022B31D9531EAF
:10950000072B2ED922F003048C4686460C445CF8C7
:10951000043B4EF8043BA445F9D122F003039A42E0
:1095200002F0030400EB030C01EB030E0DD0CA5C48
:10953000C254012C09D09EF801308CF80130022C65
:1095400003D09EF802308CF8023010BD002AFCD007
:109550008B18024413F801CD02F801CD8B42F9D1EA
:1095600010BD4B1E0244014613F8014F01F8014B98
:109570009142F9D110BD00BF81EA00039B072DE99C
:10958000F0415DD187075FD0002A57D0034601E044
:10959000002A53D011F801CB03F801CB9E0702F14A
:1095A000FF32F5D1032A28D941EA0305141F6D07BC
:1095B0004FEA940E4AD12B2C48D90EF101084FEAFC
:1095C000580C03EBCC0CA1F108051C46F5E9026729
:1095D000E4E802676445F9D118F0010F28F00104AE
:1095E00003D051F8245043F824500EF1010402F046
:1095F000030203EB840301EB8401FAB1541E022C35
:1096000020D922F003058C460D449E465CF8044B9D
:109610004EF8044BAC45F9D122F00304A242234496
:10962000214402F0030509D00A781A70012D05D0F3
:109630004A785A70022D1CBF8A789A70BDE8F08172
:109640000346DAE71546EFE70346ABE70EF10107FD
:1096500001EB87071D1F0C4654F8046B45F8046F97
:10966000BC42F9D1C1E700BF2DE9F04184075FFAA0
:1096700081FE5FD0002A59D0034601E0002A55D070
:1096800003F801EB990702F1FF32F7D14EEA0E24FD
:10969000032A44EA04443ED9151FAE08172D06F1EB
:1096A0000106C3F3800147D99846002940D048F805
:1096B000044B771A03EB810C79080CEBC101CCE960
:1096C00000440CF1080C6145F9D127F0010C08EBBE
:1096D0008C016745CCEB8C7805EB880517D02F1FE4
:1096E000032F0C6013D9A5F10807032F4C600ED986
:1096F000A5F10C07032F8C6009D9A5F11007032FE2
:10970000CC6004D9143D032D0C6188BF4C6102F07C
:10971000030203EB86034AB1013A83F800E005D067
:10972000012A83F801E018BF83F802E0BDE8F08168
:109730001546BEE70346A9E719461546CFE700BF21
:10974000014B1B681B68184784050020014B1B68F0
:109750005B68184784050020014B1B689B6818470D
:1097600084050020014B1B681B69184784050020F5
:10977000034B1868034BC01A18BF0120704700BF85
:1097800084050020E095030038B50E4C237803F0E3
:10979000FF05B3B96378012B06D1022363706368B8
:1097A00013B16368984765606378032B09D100257E
:1097B000657063682BB1A3685B69984763689847D5
:1097C000656038BDB0240020014B01229A777047B4
:1097D000B0240020042873B5064604D940F23D1198
:1097E0006820FFF727FC104D0124FFF7CDFF2C70F8
:1097F0006B78022B14D1AB683046DB68984705EBD9
:109800004602537D83420DD3AB7FA34200D0137D2C
:109810008DF80430AB688DF805601B6801A8984787
:1098200002B070BD2346F3E7B024002010B520B984
:1098300040F253116820FFF7FDFB064B5A78022ACD
:1098400002D05A78032A04D19B68BDE810405B68B7
:10985000184710BDB024002010B5084C6378022BC7
:1098600002D06378032B02D1A3689B68984700233A
:10987000A3772370BDE81040FFF786BFB024002017
:10988000054B5A78022A02D05A78032A02D19B68E3
:109890001B69184700207047B0240020054B5A78F8
:1098A000022A02D05A78032A02D19B689B69184782
:1098B00000207047B0240020024B5878003818BFB1
:1098C00001207047B02400202DE9F04786468C46E1
:1098D0000846089E154674461946002B40F0C28083
:1098E0008542B2FA82F245D94AB1C2F1200300FAA8
:1098F00002FC2EFA03F3954043EA0C0C94404FEA25
:10990000154EA8B2BCFBFEF8230C0EFB18CC08FBCE
:1099100000F943EA0C43994528D9EB1808F1FF37C1
:1099200004D2994502D9A8F102072B44A3EB0903FD
:10993000A4B2B3FBFEFC0EFB1C330CFB00F044EAAC
:109940000344A04214D92C190CF1FF3304D2A042D5
:1099500002D9ACF102032C44241A43EA07401EB199
:10996000D440002334607360BDE8F0874746DDE7EC
:109970006346F1E792BB431B01214FEA154EAFB29C
:10998000B3FBFEFC200C0EFB1C330CFB07F840EA7B
:109990000343984562D9EB180CF1FF3004D2984587
:1099A00002D9ACF102002B44A3EB0803A4B2B3FB31
:1099B000FEFC0EFB1C330CFB07F744EA0344A742F2
:1099C0004ED92C190CF1FF3304D2A74202D9ACF1C5
:1099D00002032C44E41B43EA0040C0E7C2F1200329
:1099E00020FA03F1954090402EFA03F303434FEA27
:1099F000154EAFB2B1FBFEFC0EFB1C10190C0CFB9C
:109A000007F841EA0041884504FA02F422D96918AE
:109A10000CF1FF3004D2884502D9ACF10200294490
:109A2000A1EB08019BB2B1FBFEFC0EFB1C110CFB71
:109A300007F743EA01439F420ED9EB180CF1FF31BF
:109A400004D29F4202D9ACF102012B44DB1B41EA54
:109A5000004192E76046E3E76146F7E76046A3E727
:109A60006346B7E7834206D916B9002108467BE76B
:109A7000C6E900E0F9E7B3FA83F78FB9834201D36F
:109A8000724508D8BEEB020460EB030301209C463C
:109A90001EB9002168E73846FAE7C6E9004CF8E746
:109AA000C7F1200CBB4022FA0CF41C432EFA0CF137
:109AB00020FA0CF3B84001434FEA14490EFA07F5B7
:109AC000B3FBF9F81FFA84FE09FB18300B0C08FBF6
:109AD0000EFA43EA00439A4502FA07F240D9E31826
:109AE00008F1FF3004D29A4502D9A8F102002344BC
:109AF000A3EB0A0389B2B3FBF9F809FB183308FB9F
:109B00000EFE41EA03418E452CD9611808F1FF335E
:109B100004D28E4502D9A8F10203214443EA004051
:109B2000A0FB0298A1EB0E014145CE46434602D36D
:109B300006D14D4504D2B9EB020E68EB040301389F
:109B4000002EA6D0B5EB0E0261EB030101FA0CFC6E
:109B500022FA07F34CEA0303F940C6E9003198E71B
:109B60004046C5E74346D9E7034613F8012B002AD0
:109B7000FBD1181A01387047F0B58DB00B46154669
:109B800004466E4600F1100720686168324603C241
:109B90000834BC421646F7D104AC03F1100618682D
:109BA0005968224603C20833B3421446F7D16846C7
:109BB000FFF786FA08AC2A460CAD234603CBAB422E
:109BC000106051601C4602F10802F6D100200DB071
:109BD000F0BD38B505460C46E8F702FA30B13E2D27
:109BE00004D12046BDE83840E8F73ABA38BD1FB581
:109BF000014601A800F006F801A803F0FAFB05B041
:109C00005DF804FB0B88C3F30B0383804B88C38090
:109C1000002242724B78C3F30113012B02D0022BB6
:109C200018BF1346043103720160704710B58B886A
:109C30000370437803F0F00343708A88C2F3032271
:109C400013434370CA888270CA8803F0CF03120A94
:109C50004370C2700A7A120102F03002134303F01B
:109C60003F0343704A7A43EA821343700C46096803
:109C70000430814205D0E288FB2A28BFFB22FFF78F
:109C80007BFCE0880430C0B210BD10B48B88037038
:109C9000437803F0F00343700A468988C1F3032137
:109CA0000B434370D1888170C17801F0C001C1704D
:109CB000D488C4F30524214303F0CF034370C1705B
:109CC000147A240104F03004234303F0BF034370EB
:109CD000547A43EA841301F03F0103F07F03437099
:109CE000C17011680430814203D0D28810BCFFF7E4
:109CF00043BC10BC70472DE9F8430B78013B054687
:109D00000C46372B00F28382DFE813F04E0052003E
:109D100056001F018102D100D700DD00E300E900F9
:109D2000ED00EF00FF001B01380081025B008102A3
:109D30006100F300F9005C016201560181026801D3
:109D400081027B01AB01B101B7018102BD01C901F3
:109D5000CF01F801FE015202300244024C023602E9
:109D60003E0204020A02100216021C02220226020D
:109D70002A02640258025E0270026A020E23B1F8DF
:109D800003200B7042F283039A4209D106236370C9
:109D900066780236324621462846FFF7EDFB5CE046
:109DA0003121C720E7F736FE0C230B700823EEE7BE
:109DB0001A230B700123EAE73E230B700223A370E2
:109DC000E6E73E230B7012234B700B23F7E72920A5
:109DD000E8F746F928B13E23237022236370292334
:109DE000EDE70A20E8F73CF93E2305F1080204F10B
:109DF00008012B70A0B30A23AB70E378EB70A38843
:109E00002B71A3881B0A6B71A379AB71E379EB719A
:109E1000A368AB608B889380D4F80E30C5F80E3001
:109E2000638A6B8263696B61238B2B83638BAB7655
:109E3000638B1B0AEB76A38B2B77A38B1B0A6B77A9
:109E4000E38BAB77E38B1B0AEB7794F8203085F834
:109E500020301F226A70023296B23046BDE8F88385
:109E60000123AB70E378EB70A3882B71A3881B0AE6
:109E70006B71A379AB71E37903F00103EB71A36814
:109E8000AB608B889380638BAB73638B1B0AEB7324
:109E9000A38B2B74A38B1B0A6B74E38BAB74E38BC8
:109EA0001B0AEB7494F820302B751322D2E73E2363
:109EB0000B7004234B70142381E73E230B700C239B
:109EC0004B7004237BE73E230B700A234B70032364
:109ED00075E73E230B700D234B7005236FE70523B9
:109EE0002370042353E70823FAE730230B7003237E
:109EF0004DE73E230B700B234B7007235FE73E2398
:109F00000B7006234B700C2359E78B788370012B61
:109F100015D113230370B1F80330C370B1F80330C7
:109F20001B0A0371B1F805304371B1F805301B0A03
:109F30008371052292B2002A3FF42AAF8AE70022F9
:109F4000F8E757230B70022321E73E2303700D230C
:109F50008370CB78C370B1F80D3083800B79837137
:109F6000D1F80530C0F80730B1F80930A0F80B304F
:109F7000CB7B43730B7C83734B7CC3734B7F03742A
:109F80000B7B43748B8A43828B7D0375D1F817302A
:109F9000C0F81530B1F81B30A0F81930CE7AC6766B
:109FA000E52E28BFE52632461F311C30FFF7E4FAC4
:109FB00006F11A02D2B24DE73E230B7001234B701B
:109FC0001123FCE63E230B7006234B701223F6E6AA
:109FD0003E230B7009234B701323F0E63E230370DE
:109FE0002420E8F73DF8002815BF24230E2313266C
:109FF0000F263246AB70A11CE81CFFF7BDFA721C9D
:10A0000028E73E2303702520E8F72AF8C0B125236E
:10A01000AB70D4F80230C5F80330D4F80630C5F878
:10A0200007306389A5F80B300A26F01CE27A04F1A8
:10A030000C012844FFF7A0FAE27A0132324409E722
:10A040000F23AB706388A5F8033023796B716379B4
:10A05000AB71A379EB71A37A2B72E37A6B7207264B
:10A06000E3E73E230B7003234B701023A7E63E2348
:10A070000B7005234B702023A1E63E230B700923B0
:10A080004B7021239BE63E2303702620E7F7E8FF71
:10A09000002815BF2623182317261326A9E73E23D9
:10A0A0000B7004234B70272389E63E23037028237B
:10A0B00083708146D1F8023049F8033F4FF0000821
:10A0C0004646AA795FFA88F39A4201D8721D31E7B1
:10A0D000B21D331DA118A25849F8032009EB030053
:10A0E0008B88838047793A460637063106303E44EE
:10A0F000FFF742FAB6B208F10108E2E73E230B701F
:10A100001D234B7019235AE63E230B7007234B7017
:10A110001A2354E63E230B7020234B702C234EE66B
:10A120003E230B704C234B702D2348E63E230B70CF
:10A1300004234B702E2342E63E230B7022234B70E8
:10A140002F233CE63E230B7014234B70302336E65E
:10A150003E230B70312332E63E230B7032232EE672
:10A160003E230B7002234B70332328E63E230B70F3
:10A1700014234B70222322E63E230B700B7C5B00E2
:10A180000F334B701D231AE63E230B7003234B70D5
:10A190001E2314E63E230B700B7D5B0013334B70C4
:10A1A0001B230CE63E230B7003234B701C2306E697
:10A1B0003E230B7005234B701F2300E6FF230B701B
:10A1C0000B234B70A223FAE5FF230B7005234B7082
:10A1D000A323F4E5FF230B7005234B70A423EEE5C6
:10A1E000FF230B700D234B708023E8E5FF230370E2
:10A1F00081238370D1F80330C21C03F1280153F886
:10A20000040B42F8040B8B42F9D1292222E640F2DA
:10A210009221C6E508B510B1FFF7E9FC10B96FF05F
:10A22000150008BD0020FCE710B50C4630B129B17F
:10A23000E7F762FE28B12070002010BD6FF0150016
:10A24000FBE76FF02200F8E708B5E7F7E7FE00202C
:10A2500008BD01F01DBA08B5E7F7F2FE002008BD01
:10A2600001F094BE01F0A6BE034602221A709A7055
:10A2700036225A716FF00F029A716FF01A02DA717A
:10A280000E221A726FF078025A72682200209A72B7
:10A2900048225870D8701871DA72704701F04ABAC3
:10A2A00038B54FF080530446D3F8A020D3F8A4105B
:10A2B000013106D1D3F8A8304FF6FF719BB28B4223
:10A2C0003ED0D3073CD54FF08055D5F8A420D5F823
:10A2D000A830A4F80530C3F3072363F03F03C4F8A4
:10A2E0000120A371D5F89030013323D0D5F89430F4
:10A2F00001331FD0D5F8983001331BD0D5F89C30EE
:10A30000013317D00020F4F719FE98B9D5F8900062
:10A31000D5F89410D5F89820D5F89C30C4F81330AF
:10A32000C4F80700C4F80B10C4F80F2001232370F1
:10A33000002038BD10220021E01DFFF795F9F5E758
:10A340000023F4E770B54FF0805510220021044639
:10A35000D5F8A060FFF788F910220021A018FFF7B8
:10A3600083F9D5F8803001330BD1D5F8843001332F
:10A3700007D1D5F88830013303D1D5F88C300133BB
:10A380000BD0D5F88000D5F88410D5F88820D5F802
:10A390008C30E36120616161A2610020F4F7CEFDA1
:10A3A00008B9F3071DD44FF08053D3F89020013241
:10A3B0000BD1D3F89420013207D1D3F89820013281
:10A3C00003D1D3F89C2001320BD0D3F89000D3F8FE
:10A3D0009410D3F89820D3F89C30E360206061603B
:10A3E000A260002070BD10B50446FEF7D1FEB0F5A6
:10A3F000007F09DA10F5007F08DD031EB8BF0333C4
:10A400009B102370002010BD7F23FAE76FF07E03BE
:10A41000F7E7F4F7F3B91FB50023CDF80A30D0F809
:10A420000230417841F64B5293428BBF40F2E242F8
:10A430004FF47A72B3FBF2F3B3FBF2F3027898BFF6
:10A4400003F5506342EA01229BB2ADF80020ADF85B
:10A450000230ADF80430C279837943EA0223ADF8C3
:10A460000630427A037A684643EA0223ADF80830A0
:10A4700001F0F1FA05B05DF804FB01F0F6BD0078DB
:10A48000003818BF012001F07CBAF4F7EBB98178ED
:10A49000008801F0B5BD01F0D1BDF4F7EBB937B5D7
:10A4A00005460C4600880DF1060101F06FFA2B8875
:10A4B0002380BDF80630638003B030BDF4F7E2B905
:10A4C00001F0CFB801F02BB908B5E7F7C1FD0020C6
:10A4D00008BDF3F707BC01F03FB9F4F72BB901F061
:10A4E0000AB901F0F1BC01F0BBBC01F002BDF3F709
:10A4F000D7BD01F02CBAF3F7B1BF01F058BA00F0A4
:10A50000F7BF00F0FCBF01F045B801F061B801F001
:10A51000A2BA01F0E7BA01F02DB901F038BB01F0A1
:10A52000F5B801F0AFB801F05BBB03880B8001F018
:10A5300012BD03880B8001F01CBD01F045B9F3F793
:10A5400063BCF3F749BC00F0E8BF01F009B801F0C3
:10A5500076B801F082B801F062B801F057B801F0A6
:10A5600068B901F08EB9F3F759BC01F0C5B901F033
:10A57000B1B801F06FB901F0BBBD01F086BDF3F7D2
:10A58000BBBBF3F779BCF8B5D4181F46BDF818303B
:10A59000053414FB03F4A4B2054604F11B0020F0BB
:10A5A000030080B28842164603D0A3211420E7F7A7
:10A5B00031FA15F0030101D0A421F7E7B4F5004FFB
:10A5C00001D9A521F2E71422281DFFF74DF8EF74F9
:10A5D0006C802E80F8BD70B50688C58803898E42D0
:10A5E000C5F30E02C3F30E0403D2C9211420E7F70A
:10A5F00011FA5D40C5F30E030BB92D0409D4A24234
:10A6000009D2C37CA41A0533E41AA14203DD002356
:10A610008374184604E01832012381528374104475
:10A6200070BD0844053010FB02F01B3020F0030021
:10A6300080B2704740881B3020F0030080B2704722
:10A6400038B503888B4204D240F201111420E7F799
:10A65000E1F9857C65B1C388C3F30E031833C25A90
:10A660008A4207D3C152811DE7F71EFD0023837480
:10A67000284638BD0025FBE70346F0B59C88A5B207
:10A68000C4F30E06DC88AC4200F1180002D10020B1
:10A69000D881F0BD5F89DC7C855B3C440234344466
:10A6A000ED1B20440C88ADB2AC4288BF0D805C89A4
:10A6B000B4FA84F4640914700A88DA81E9E7F8B519
:10A6C0008288C389002604460D4692B20E60CBB143
:10A6D000C2F30E024189183287180B44825A9BB28A
:10A6E0009342438104D94FF4A7711420E7F792F9FC
:10A6F00004D1011DE7F7D8FC46812F600023E381D8
:10A700000120F8BD1846FCE770B5044604F11806B0
:10A71000A38822899BB29A420846C2F30E050DD047
:10A7200021B1A91CE27C3144FEF726FF04F10801A7
:10A730002046755BE7F7B8FC284670BD0025FBE7AF
:10A740008388C0889BB2C31A584258417047C28858
:10A75000018910B5C2F30E044A40120458BF428862
:10A76000C1F30E03A3EB040358BF9B180288C07CFF
:10A770000532104480B293FBF0F080B210BD8288A5
:10A7800073B5C48895B2AC42C2F30E0202F118024E
:10A7900012D04189C689835A314499420EDB0DF1AA
:10A7A0000601ADF80650E7F77FFCBDF80600001B78
:10A7B00018BF012002B070BD0020FBE70120F9E7BF
:10A7C000028970B5C588C5F30E065540C2F30E0464
:10A7D000C5F30E020346183022B92A0402D5002020
:10A7E000188270BDB4421D8806D9DA7CA41B0532DC
:10A7F000A41AA542A8BF25469A890AB1845B2D1BDD
:10A80000A942ECDCDC7C1982033A05343244224450
:10A810001044E6E7F8B5038A002B39D08B4237D3D2
:10A82000C488858900F11803C4F30E041E1995B974
:10A830001D55757085891E5B0D44ADB2314485810F
:10A840001953DAB1811DE7F72FFC00238381002320
:10A8500003820120F8BD1E5BAE4204D040F201210C
:10A860001420E7F7D7F8C57C878A033E26440535D0
:10A8700035445E195F53857DB570DBE7C27C2C449F
:10A88000144402341A191B5B838293788375DEE7C4
:10A890000020DFE78388C2889BB29A4206D04289B3
:10A8A00022B9C3F30E0318331844704700207047D1
:10A8B000C37C088802330B44136070470230704732
:10A8C00038B58388C2889BB29A4209D043893BB984
:10A8D000C5893DB9011DE7F7E7FBC581012038BDFA
:10A8E0000020FCE71846FAE703881380C388C3F307
:10A8F0000E03183303440B60808970474A1E062AF2
:10A9000008B50346084604D84FF4CD711520E7F783
:10A9100081F811B903B1196008BD5BB1B1F5803F91
:10A9200002D34FF4D671F1E71B6800225A601A1D5A
:10A9300019811A600430EFE70268002322B903810D
:10A94000031D426003607047918812680B449BB2FC
:10A95000F4E703464FF6F672A1F10800904270B595
:10A9600004D94FF4E9711520E7F754F81868B8B125
:10A97000848802688C4214D03AB98EB206F1080578
:10A98000ADB2AC4204D210460AE003461046EFE7EF
:10A9900042501A6845181268A41BAC8042501D60D2
:10A9A00070BD1A60FCE700230B6003688A800B60AF
:10A9B0000160704730B590B18478B1FBF4F304FBCB
:10A9C000131300EB430252898A4201D1D8B230BD41
:10A9D000C27822B900F10A03D0B2844201D8FF2024
:10A9E000F5E733F8025BA94202F10102F4D1EEE788
:10A9F0008278038805324B4303EB420318447047C7
:10AA000013B50023CDE9003304468DF806006846EF
:10AA1000E7F746FE08B102B010BDBDF804002146BC
:10AA2000E7F71CFE0028F2D040F22F311720E6F79E
:10AA3000F1FF70B50D460A211E46FFF7F2FD3246C2
:10AA4000044609212846FFF7ECFD204470BD03466B
:10AA50000068884209D1EFF3108272B6186808B115
:10AA60000168196092B962B6704758B97047884258
:10AA700008D1EFF3108272B618680028F2D001688E
:10AA80001960EFE7034600680028F0D17047F8B579
:10AA90000346D51D25F007055C0705F1100003D01E
:10AAA00066212220E6F7B6FF03F1080413B11C600B
:10AAB0009980DA8018350A460026013A92B242B9E6
:10AAC000013989B200FB015013B122606260227229
:10AAD000F8BD002BF1D027186660267227603C462F
:10AAE000EBE70346EFF3108272B6006818B1016815
:10AAF00019600023036002B962B67047EFF3108358
:10AB000072B602680A60016003B962B67047012339
:10AB100003707047F8B505460846002811461E46E2
:10AB200014BF00240224FF23AB702B191B7D012BC3
:10AB300004D001342B191B7D012B19D105EB4407DF
:10AB40003B8B3A8C9819904204DD2C4400203883CA
:10AB50002075F8BD05EB8404324660681844FEF7A2
:10AB60000BFD3A8B16443E830023AB700120F0E7C7
:10AB70000020EEE7002910B514BF00230223FF21B7
:10AB80008170C1180C7D012C07D10C3320F81320E3
:10AB900002230B750023837010BD0133C1180C7D97
:10ABA000012CF2D04FF48B710920E6F733FF30B55A
:10ABB0000246837803F0FF00F3B9137D022B19D00E
:10ABC000537D022B19D10346012089B1D5180C33CE
:10ABD00000242C7522F81340131803241C7502EB73
:10ABE00080035B680B6000F10C0332F813308B803C
:10ABF000012002E00123E8E7002030BD30B5837872
:10AC0000E3B9837D022B17D0C47D022C16D1032318
:10AC100081B105190C3400222A7520F81420C218BD
:10AC20000324147500EB83020C33526830F81330A0
:10AC30000A608B80012002E00324E9E7002030BD98
:10AC4000037D012B01D1008B7047437D012B0CBF8D
:10AC5000408B00207047837D012B01D1808B704792
:10AC6000C37D012B0CBFC08B00207047038B23B921
:10AC7000408B003818BF0120704701207047838B3C
:10AC800023B9C08B003818BF0120704701207047DE
:10AC9000027D022A01D1008B7047437D022B01D136
:10ACA000408B7047032AF6D0032BF9D00020704761
:10ACB000827D022A01D1808B7047C37D022B01D196
:10ACC000C08B7047032AF6D0032BF9D000207047C1
:10ACD0002DE9F041064606989DF81C7098464307FA
:10ACE0000D46114602D010F0030003D025214C2060
:10ACF000E6F790FE4FF48B72FFF7C9FE002F06AB0C
:10AD0000044600FB08F10CBF18460020FFF7F6FDD3
:10AD100017B9069B33602C60BDE8F081E7F7DABE17
:10AD200000EA400303EA430303EA430303EA43035D
:10AD300003EA430313EA43030CBF012000207047DA
:10AD400008B503468B42104609D03AB183EA0100A8
:10AD500002F0BFFC01288CBF0020012008BD0120AB
:10AD6000FCE737B50023CDE9003304460D466846BD
:10AD7000E7F796FC30B10023CDE9003301238DF8CD
:10AD8000063011E0009B2A46196A2046FFF7D8FFDB
:10AD90000028ECD003B030BD009B2A46196A20463B
:10ADA000FFF7CEFF0028F5D16846E7F779FC0028C9
:10ADB000F2D00023CDE9003303238DF8063007E0FD
:10ADC000009B2A4619682046FFF7BAFF0028E1D108
:10ADD0006846E7F765FC0028F2D00023CDE9003390
:10ADE00004238DF8063007E0009B2A4619682046A8
:10ADF000FFF7A6FF0028CDD16846E7F751FC0028F1
:10AE0000F2D00023CDE9003308238DF8063008E0A6
:10AE1000009B2A46D3F8C0112046FFF791FF002877
:10AE2000B8D16846E7F73CFC0028F1D00023CDE913
:10AE300000330A238DF8063007E0009B2A46D3F83A
:10AE4000F4102046FFF77CFFE8B96846E7F728FCD6
:10AE50000028F2D000224FF43023CDE900236846C9
:10AE6000E7F71EFC30B10023CDE9003309238DF84C
:10AE7000063014E0009B2A46D3F8F4102046FFF772
:10AE80005FFF0028EBD0012084E7009B2A46D3F81F
:10AE90000C112046FFF754FF00287FF47BAF684673
:10AEA000E7F7FEFB0028F0D0002073E770B52326FB
:10AEB0000025F5F775F80446F2F73CFB40B1002198
:10AEC0002046FFF74EFF68B92046F2F769FB25469A
:10AED000013E01D00028ECD035B940F215210F20F9
:10AEE000E6F798FD0020F3E7284670BD10F0FD0F4F
:10AEF00014BF012000207047406870474068A830A8
:10AF0000704703469A0700F0010048BF40F0020076
:10AF10005B0748BF40F00800704790F80033DBB291
:10AF200090F8E6202AB913F0FB0F14BF012000208F
:10AF30007047002070472DE9F843B0F86260B0F820
:10AF4000645080461746383089B3F1F7DFFD02219F
:10AF5000044601F00BFD02218146204601F006FD6A
:10AF60004E4528BF4E46B6B21B2E38BF1B26FB2EC1
:10AF700028BFFB26854228BF0546ADB21B2D38BF32
:10AF80001B25FB2D28BFFB25B4F5A47F38BF4FF44C
:10AF9000A474B4F5296FB8F800303B8028BF4FF493
:10AFA00029647E80FD80BC803C81BDE8F883EBF79E
:10AFB0001BFFCCE707B50023CDE9003302238DF852
:10AFC00006306846E7F76CFB08B1002004E0009803
:10AFD000ECF72AF90028F4D003B05DF804FB08B5BB
:10AFE000F1F78AFB0438C0B201288CBF0020012091
:10AFF00008BD13B5FFF7F3FF58B90023CDE90033BF
:10B0000002238DF806306846E7F74AFB40B100207E
:10B0100004E0EEF7C7FF0028EFD0012002B010BD1A
:10B02000009C2046ECF700F90028ECD02046EAF717
:10B030008BF90028E7D0F0E707B5002340F6881227
:10B0400001A9FAF703FC03B05DF804FB2DE9F34115
:10B050000023CDE9003304460E46174600F10A08E6
:10B060006846E7F71DFB08B1002015E0009DA542EA
:10B07000F6D03046FFF73AFFEB1CAA78394601F0CC
:10B080004DFB0028ECD06A7A607A05F10A0341464C
:10B0900001F044FB0028E3D002B0BDE8F08108B520
:10B0A000431E072B05D8DFE803F00A0A040904044D
:10B0B00004094FF422710620E6F7ACFC032008BD1A
:10B0C00008B5431E072B05D8DFE803F00A0A040978
:10B0D000040404094FF422710620E6F79BFC0320C8
:10B0E00008BD08B5431E072B05D8DFE803F00A0AA0
:10B0F0000409040404094FF422710620E6F78AFCCF
:10B10000032008BD08B5431E072B05D8DFE803F070
:10B110000A0A0409040404094FF422710620E6F720
:10B1200079FC032008BD10B5044638B1F3F7EEFCF6
:10B1300034EA00030CBF0120002010BD0120FCE711
:10B1400007B5FFF74CFF60BBFFF734FF48BBEFF7D5
:10B150002DF830BB0523CDE900008DF80630684698
:10B16000E7F79EFA30B10023CDE9003306238DF8CE
:10B1700006300FE00098403003F07CF90028EED054
:10B1800003B05DF804FB009B586F503003F072F978
:10B190000028F5D16846E7F783FA0028F3D00020AD
:10B1A000EEE70120ECE710B50446FFF703FF28B9EE
:10B1B000FFF715FFC0B90124204610BDF3F77EFC50
:10B1C00068B1F2F7FFFA0446EAF79AFA50B9204656
:10B1D000EAF792FA80F00104E4B204F00104002CD2
:10B1E000E6D1E9E70024F8E7EEF7FAFE431E5C42F9
:10B1F0005C41E1E710B50378012B044610D1EEF76E
:10B20000DFFCC0B9EEF71CFEB8B1EEF72BFEEEF78F
:10B2100013FF50B9A1886088BDE81040F0F7FCBE6C
:10B22000F1F76AFA052801D10C2010BDF0F74CFDAA
:10B230000028FAD0F8E73A20F7E71220F5E738B50A
:10B2400005460C462AB11F2901D8002038BD12201E
:10B25000FCE7E7F725FBA04211D32846EAF768FA96
:10B2600008B11F2CF3D82846EAF700F848B1214668
:10B270002846EAF749F80028E7D14520E6E7072005
:10B28000E4E74220E2E738B50546E9F7EFFFE8B129
:10B290002846EBF7C9FF08B9002038BD2846EBF770
:10B2A00005FC04462846EBF743FD88B9002CF3D093
:10B2B0002088F3F79FFD20880121E7F7CFF90028C8
:10B2C000EAD041F2E2713920E6F7A4FB4220E4E73C
:10B2D0000C20E2E7F0B587B0054601A9008801F02F
:10B2E0007BFA0446002840F0818001A8FFF706FEA3
:10B2F000029B93F8E931003B18BF01238DF802301F
:10B300009DF80430002B74D1837F1F2B74D19DF8DE
:10B31000023083F0010303F001038DF8033090F84D
:10B3200072309B0603D49DF80330002B68D0EB8865
:10B330001B3B9BB2E02B65D82989A1F5A4739BB276
:10B3400044F2481083425DD86B881B3B9BB2E02BD4
:10B3500058D8AA88A2F5A4739BB2834252D8B1F5FB
:10B36000296F51D8B2F5296F4ED801A8FFF7C4FD57
:10B37000029EFF2786F863719DF80230002B3DD1B5
:10B380009DF80410B1FA81F103AA4909FFF7D3FD32
:10B390006A88BDF81230BDF81410BDF80E00934253
:10B3A00028BF134640F6480CA6F86831EB88AA88F7
:10B3B000614528BF6146984228BF1846BDF8103045
:10B3C000A6F864016345288928BF6346834228BFE5
:10B3D00003468A42A6F86631134628BF0B46A6F8F4
:10B3E0006A3186F86271002386F86331204607B01F
:10B3F000F0BDC3689A068AD423468CE73A24F2E764
:10B400001A24F3E71224F1E71124EFE72DE9F043C2
:10B4100085B007468846008802A901F0DDF9054697
:10B4200050BB02A8FFF76AFD034602A8FFF764FDC0
:10B43000039E814696F8FC2102F0FF051AB1B8F18F
:10B44000020518BF01259A7F93F87330232A43EA37
:10B45000D3030CBFC5F10102002203F00103134323
:10B460003CD0BC7814B9F3F751FB0446F878B8BB6C
:10B47000F3F74CFB24B90925284605B0BDE8F08355
:10B480000028F8D099F8752032B114F0020400F0C9
:10B490000200F0D00028EED0FF2286F86D21DDB941
:10B4A00096F86C2102F0FF05B2B986F86F0186F8B4
:10B4B0006C8186F86E41BA888DF80500A6F8702177
:10B4C00001A948468DF80440ADF8062001F074FA51
:10B4D000002386F86D31CFE73A25F9E71A25CBE747
:10B4E000002CCFD1C7E708B5F3F7CCFA002008BD90
:10B4F00010B50446F5F744F92070002010BD10B5D2
:10B50000FFF777FD044630B9F5F734F92046F3F735
:10B51000B5FE204610BD0C20FCE710B50378012BCA
:10B52000044601D9122010BDFFF70AFE60B9207849
:10B53000FFF7DCFC01280DD004F11703E21D611CAC
:10B54000BDE81040F3F7C2BEF3F750FF0028EED07D
:10B550000C20E8E7A37903F0C003C02BECD0E1E7AF
:10B5600010B50378012B04460AD8FFF7E9FD48B966
:10B57000214611F8010BFFF7B9FC01F0FAF838B9D0
:10B58000122010BDF3F732FF0028F1D00C20F8E7AD
:10B590000020F6E738B50546FFF72BFD0446A8B9AD
:10B5A0002878012803D9FF280BD0122038BDFFF7D7
:10B5B0009DFC691CF5F7EAF8002814BF002007205D
:10B5C000F4E70120F3F75AFE2046EFE70C20EDE701
:10B5D00038B50546FFF70DFD0446A8B92B78012BB9
:10B5E00003D9FF2B0CD0122038BD1846FFF77EFC84
:10B5F000691CF5F7FBF8002814BF00201220F3E7C0
:10B60000F3F73CFE2046EFE70C20EDE708B5008895
:10B61000F3F7F2FE00280CBF3020002008BD38B53B
:10B620000546FFF78DFD044638B92878003818BF65
:10B630000120F3F7D5FE204638BD0C20FCE708B505
:10B64000FFF77EFD18B9F3F7BBFE002008BDF3F746
:10B65000CDFE0028F7D00C20F8E708230370002067
:10B66000704710B503460D2404706FF0700111226D
:10B670000020DC70592459709A701C7158719971AE
:10B68000DA7110BD08B50821E6F728FC002008BDD6
:10B6900073B506460C460088694601F09DF80546DC
:10B6A000B0B9B3787BB96846FFF726FC90F87430E0
:10B6B000A370338894F902002380F4F709F9A0708D
:10B6C000284602B070BD7F20FFF7B6FCA070F0E7FF
:10B6D0000225F5E710B504466FF07F00FFF7ACFCDC
:10B6E000F4F7F6F820707F20FFF7A6FCF4F7F0F8E7
:10B6F0006070002010BD10B50446F2F763F8E9F75A
:10B70000F7FFF4F7E5F82070002010BD08B501221E
:10B710000B4600F1100102F0D4FB002008BD10B56B
:10B72000014604460020F3F7F1FB08B92060A08031
:10B73000002010BD10B50446F3F79EF928B900208B
:10B740002146F3F7CBFB002010BD0020FFF72BFDB7
:10B750000028F4D10C20F7E710B504460120FFF7CC
:10B7600022FD28B101202146F3F7B8FB002010BDCF
:10B770000C20FCE7F7B50C4605466946008801F049
:10B780002BF8A11C0246A8B96846FFF7B7FB034691
:10B7900000F1260783F87A20386808603879087144
:10B7A0002888208093F87A6006F0FF00002EF1D1FF
:10B7B00003B0F0BD0023C4F8023002200B712370E7
:10B7C0006370F5E7FFF786BD1FB5838844F29022CA
:10B7D000934217D80288ADF804204088ADF80600DF
:10B7E000B3F5296F28BF4FF42963ADF80A000A802A
:10B7F00001A8ADF80830ADF80C30FFF76BFD05B0CF
:10B800005DF804FB1220FAE737B50D46694600F0F3
:10B81000E3FF044650B96846FFF76EFB9DF8001041
:10B82000B1FA81F12A464909FFF785FB204603B0AA
:10B8300030BD10B503466FF0040400206FF06F01B7
:10B840000A221C7058709970DA701C7158719971C5
:10B85000DA7110BD10B50446FFF772FC58B92078B4
:10B86000FFF744FB611CE279F3F732FF002814BFB5
:10B870000020022010BDF3F7B9FD0028EFD00C2006
:10B88000F8E7F7B507460D460088694600F0A4FFC3
:10B890000646B8B96846FFF72FFB044694F87000D7
:10B8A00084F87260FFF7FBFBA87094F87100FFF753
:10B8B000F6FBE87094F8723003F0FF00002BEDD136
:10B8C0003B882B8003B0F0BD10B58388022B044663
:10B8D00010D8C078FFF727FC08B9112010BDA07858
:10B8E000FFF721FC0028F8D020460121BDE81040D8
:10B8F000FFF78CBD1220F1E713B58378C178027988
:10B9000003F0010451EA040C03F002031DD052EAD3
:10B91000030C1AD0002C18BF0021002B18BF0022E6
:10B920008DF80320037842788DF8021043EA022351
:10B93000ADF8003043798279684643EA0223ADF8D6
:10B940000430FFF7C1FF02B010BD1120FBE707B5BF
:10B95000037842788DF800300021012B8DF801200A
:10B96000ADF80210ADF8041007D1012A07D86846D7
:10B97000FFF740FC03B05DF804FB002BF7D012206A
:10B98000F8E708B5E7F7F2FD002008BD13B50C464F
:10B99000694600F021FF30B9019B9DF80020B3F803
:10B9A000BC3012B9238002B010BD0133FAE730B5C4
:10B9B00085B000240523CDE902448DF80E3002A89D
:10B9C000E6F76EFE48B10025F0F796FE05280FD089
:10B9D0007DB90C24204605B030BD029C94F8A530FA
:10B9E000802BECD094F80931002BE8D10125EBE74E
:10B9F00025B1FF2384F8A4300024EBE701A8F0F779
:10BA00006DFB04460028E5D1EEF7ECF8E2E710B54F
:10BA1000044600884FF6FF73984286B017D004A9F9
:10BA200000F0DAFEA8B904A8FFF766FAA38902932A
:10BA30006389019323890093A288E3886188F1F7E1
:10BA400043FE002814BF0020302006B010BD0020A7
:10BA5000ECE70220F9E7F8B50646FFF7D8FF054600
:10BA600030B901463088E6F7E3FD044610B90225F7
:10BA70002846F8BDFFF751FA0028F8D094F81C3397
:10BA800003F0FF0543BBB08800F0CFFF0746014637
:10BA9000012000F0D7FFB84220D241F64B539F421D
:10BAA00005D8B4F8702040F202239A4218D100233E
:10BAB000C4E9C937A4F82003F279B37943EA022331
:10BAC000A4F82C33337A727A43EA0223A4F82E3393
:10BAD000FF2384F81C33CBE73A25C9E71225C7E7D3
:10BAE0000C25C5E713B5044600F08EFE00284CD0A7
:10BAF0002046F3F739FF0023CDE90033FF246846E1
:10BB0000E6F7CEFD50B300244FF40033CDE90043F7
:10BB100001246846E6F7C4FD20B300204FF440330B
:10BB2000CDE90003FF246846E6F7BAFDF0B1002135
:10BB30004FF4A023CDE90013FF246846E6F7B0FDDB
:10BB4000C0B100224FF41023CDE90023FF24684642
:10BB5000E6F7A6FD90B1002002B010BD009B83F86F
:10BB60001443CCE7009B83F88240D2E7009B83F824
:10BB70003440D8E7009B83F83440DEE7009B93F81D
:10BB80003020032AE3D19C77E1E71220E4E713B5E4
:10BB90000088694600F020FE0146F0B99DF80030AB
:10BBA000019CA3B19DF80030012B09D1019A92F8B4
:10BBB0002433DBB292F8E62072B913F0FB0F0BD0FE
:10BBC00094F873314BB9012384F8733105E02046B2
:10BBD000FFF7A3F90028E5D10221084602B010BD05
:10BBE00038B5002105460088E6F722FD044660B31B
:10BBF000FFF793F978B394F8303343BB94F81A31D4
:10BC0000DB0726D5D4F85C312BBBD5F80230C4F85D
:10BC10003133D5F80630C4F835336B89A4F839339D
:10BC200004F23B3205F10C031C3553F8041B42F8B7
:10BC3000041BAB42F9D104F24B300C21E6F74EF96C
:10BC4000012384F83033002038BD0220FCE73A207D
:10BC5000FAE71A20F8E70C20F6E72DE9F34105464C
:10BC600090F8018000780221E6F7E2FC0446002803
:10BC700000F08780F2F722FF08B32046E9F706FDBF
:10BC8000EE78864228BF0646B6B2B8F1040F5DD002
:10BC9000E06CFEF7D5FF8719BFB2F2F70FFFB8B916
:10BCA000EB7873B92046E9F7F1FC874210D92046BA
:10BCB000E9F73EFD50B9072002B0BDE8F081EE780B
:10BCC000E3E72046E9F7F4FC0028EBD11220F3E784
:10BCD000F2F7F4FE394602462046FFF7B0FA002894
:10BCE000EAD1A8F10303012B2DD82046E9F720FD66
:10BCF0006B78032B2DD108F0FD07012F3AD1204698
:10BD0000E9F716FD002833D1B8F1010F08BF02276B
:10BD1000E16C3A466846E6F7DBFD6A68E06C33465C
:10BD20000121FEF7F7FE0028C5D06B78023B012BFE
:10BD300007D8E06CFEF784FF01210246E06CFEF7B5
:10BD400019FF0020B8E7002ECFD1BFE7002ECCD0DE
:10BD5000BCE70028BAD1042BCDD12046EBF764FA1A
:10BD60000028B3D0E06CFEF781FF0028C3D1ADE717
:10BD70000027CDE7B8F1040FCFD12046E9F718FE30
:10BD8000DFE7422098E72DE9F3470746467890F829
:10BD9000039000780221E6F74BFC044600283BD0D4
:10BDA000F2F78CFE30B12046E9F7AAFC002808BF64
:10BDB0004FF00009E06CFEF74EFF00EB09081FFA98
:10BDC00089FA1FFA88F8F2F779FE60B1F2F776FE89
:10BDD000414602462046FFF732FA054668B128463A
:10BDE00002B0BDE8F087FB78002BEFD02046E9F7E2
:10BDF00087FC0028EAD11225F1E7042EFBD0032EA0
:10BE000010D0B9F1000FF6D02046EBF70DFA38B19B
:10BE10000C25E4E704220EE04225E0E70725DEE7F3
:10BE2000012E0CD12046E9F783FC0028F2D1012E27
:10BE30000CBF06220522E16C6846E6F749FD7A68E8
:10BE4000E06C53460021FEF765FE0028E6D0023E76
:10BE5000012EC4D8E06C42460021FEF78BFEBEE7FF
:10BE600013B50446F1F7AEFC4FF44073ADF8003063
:10BE700000238DF80230684614F8013B8DF803303A
:10BE80000194FFF780FF02B010BD38B502210546CE
:10BE90000078E6F7CDFB0446A0B1EBF7C5F928B969
:10BEA0002046691CE9F7DAFA002038BD2046E9F798
:10BEB00027FC08B10C20F8E72046E9F71DFC002814
:10BEC000F8D1EDE74220F0E713B50446F1F77AFC2C
:10BED00014F8013B8DF803304FF44073ADF8003097
:10BEE000684600238DF802300194FFF7B6FE02B0D9
:10BEF00010BD73B50546F1F765FC2B78044663B1B8
:10BF000000230DF1010101208DF80030F2F7FEFF52
:10BF100018B16846FFF7B9FFA0B9002620468DF892
:10BF20000060E9F7F1FBB04214BF80233346ADF85F
:10BF300001302B788DF80360012B05D1694620462E
:10BF4000F1F7F6FD02B070BD1BB92046FFF79BF973
:10BF5000F8E71220F6E710B5012104460088E6F75D
:10BF600067FB20B1A11CBDE81040F5F7FBBF022024
:10BF700010BD08B500880121E6F75AFB20B1BDE8E5
:10BF800008400021F5F7EEBF022008BD37B5054691
:10BF90000C460088694600F01FFC034638B9684625
:10BFA000FEF7ACFF2A882280B0F84C206280184649
:10BFB00003B030BD2DE9F341438804460E46EBB192
:10BFC0000088694600F008FC054698B9238833804C
:10BFD0006846FEF793FF07466846FEF78DFF064664
:10BFE000D6F81C8062884146384600F0E7FBF369CA
:10BFF0004345F5D1284602B0BDE8F0811225F9E7A6
:10C0000010B50C460121E6F713FB88B1022C11D8BC
:10C0100004F00103C4F3400480F8ED3280F8EC42F0
:10C0200023B190F8EA323BB1EAF7EAFE002010BDF6
:10C030000220FCE71220FAE71846F8E710B504469C
:10C040000078FF280AD00221E6F7F2FA58B16378A7
:10C05000A27843EA0223C384002010BDB4F8010093
:10C06000EBF7E6F8F8E74220F7E710B5044600786A
:10C07000003818BF0120F0F73FFD2078003818BFC6
:10C080000120EAF77DFE002010BD10B50446F2F74E
:10C0900015FD50B1F1F796FB6178C1F3400201F054
:10C0A0000101E9F789FC002010BD20780221E6F7A4
:10C0B000BFFA0028F0D14220F6E738B504460D4615
:10C0C000F2F71EFD830001D40C2038BD2046082164
:10C0D000E6F7AEFA044648B1F1F790F80028F3D03D
:10C0E0002A462146BDE83840F1F7F0B80220ECE7D7
:10C0F00003880B80817898B2FFF7DFBF0820F2F742
:10C10000E3BCF7F767BAF5F79FBF10B5044604B96B
:10C1100010BD236898476468F9E703680BB90160AC
:10C1200070471A465B6813B18A42FAD170478A4257
:10C1300018BF5160704708B5EAF7BCFC20B14FF456
:10C140008C710120E5F766FCE8F7F8FF10B140F2CA
:10C150001D11F6E7BDE808400220FEF751BC08B506
:10C160000120FEF74DFC0020FEF74AFCE6F726FB17
:10C17000F2F734FEE6F7C2FF18B1FA210120E5F725
:10C1800049FC08BDFFF7EBBF08B5FFF7D4FFF4F794
:10C190004FFF20B14FF499710120E5F73BFC08BD3A
:10C1A00008B5EFF71DFE20B14FF4AB710120E5F7A4
:10C1B00031FCF0F79BFC10B140F25711F6E7F1F7B4
:10C1C0008BFDEDF727FDBDE80840F0F733BE08B55D
:10C1D000FFF7E6FF02F0F4F820B14FF4BE71012042
:10C1E000E5F718FC08BDFFF7BABF08B5EDF77EFD0F
:10C1F000F2F77CFBF2F798FBF7F7FAF8BDE8084096
:10C20000F3F7FEBC08B5EDF77BFDF2F76FFBF2F735
:10C210008BFBF7F7EDF8BDE80840F3F7F1BC10B57C
:10C22000C378044691B163B90388012B01D95B0837
:10C230002380F3F79DFE2388B0FBF3F202FB13008B
:10C24000A070E37883F00103E37010BD002BF8D1F8
:10C250000388FE2BEDD85B009BB2FF2B88BFFF232A
:10C26000E6E783780BB1013B83708078B0FA80F009
:10C27000400970470123038040F201134380704757
:10C28000F9F712BD0B46152203F8032BD0F809204D
:10C29000C1F80320427B1A717047012804D101299B
:10C2A00014BF002001207047022801D10229F7E7BE
:10C2B000042801D10429F3E70020704730B585B088
:10C2C00004460D46F3F7EAFB78B3A4F5FA7402A925
:10C2D0002088ADF8000000F07FFA18B12E217E20F2
:10C2E000E5F798FB039B93F86C208DF80220022160
:10C2F00093F86D20B3F86E308DF803206846ADF8E2
:10C300000430FFF783F808B14421E8E78DF808000E
:10C310009DF808308DF80900002063F307009DF8B0
:10C32000093063F30F2005B030BD36232B70D4F8ED
:10C330000930C5F8033004238DF80830E8E710B55C
:10C340004468037894F8C520002104F1A80000F0A7
:10C3500087FA18B986217E20E5F75CFB212384F853
:10C36000C53010BD034610F0010007D19A0704D470
:10C3700013F0040018BF082070470220704730B542
:10C3800085B0CCB2C1F307220190C5B2C0F3072338
:10C3900011462046FFF781FF20B919462846FFF7CE
:10C3A0007CFF10B32B40234002EA03010B468807B1
:10C3B0001FD411F0010203D111F0040218BF0822AA
:10C3C000990718D413F0010003D113F0040018BF2B
:10C3D0000820082A04D1BDF80630012B08BF04222A
:10C3E000D2B242EA002005B030BD05EA0201234086
:10C3F000DDE70222E4E70220EBE72DE9F84F0546EE
:10C4000008469046894600F0BBFF8246484600F049
:10C41000BBFF8346FFF7A6FF06465046FFF7A2FF85
:10C4200046EA0007FFB2003F044618BF0127F2F7B3
:10C430006DFB00EA0B00C0B2002808BF0026F2F72F
:10C4400065FB00EA0A0095F87020C0B2002808BF1A
:10C450000024B24214BF3346002388F8003095F818
:10C460007120A24208BF0024234388F801400CD168
:10C47000484600F08FFFB5F8BC30DB43184480B26B
:10C4800047F6FD73984288BF0027BEB995F8700043
:10C49000FEF716FE03280ED195F86C31012B0AD158
:10C4A000B5F8702195F87030012A09D1042B09D014
:10C4B000042388F800303846BDE8F88F082EEAE7F4
:10C4C000082BF8D00823F4E7082905D101280CD15E
:10C4D0000421518013807047042906D1012804D01B
:10C4E00008215180138001207047002070470128E7
:10C4F00005D0022803D010F00C0018BF04207047AC
:10C500007FB5CDE900214468019894F8706094F8F3
:10C5100071501146FFF733FFC3B2C0F307209E42AC
:10C5200008BF0023854208BF002084F81A3384F82E
:10C530001B0304B070BD73B54468002305460E4666
:10C5400094F8C620194604F1A80000F089F90028E3
:10C550005AD094F8C530253B022B2BD901A8F2F70D
:10C5600089FC014628B1019BDB788DF803300DF181
:10C57000030194F8C5000DF10203162201F030F911
:10C5800078B19DF802201621284601F014F93023D5
:10C5900084F8C6300020012384F80831A4F806018D
:10C5A00009E0304600F0DDFE38B93146284601F09A
:10C5B00045F900E0202002B070BD337903F0070395
:10C5C00084F86830737903F0070384F8693094F8CD
:10C5D0006D319BB994F86C31012B0FD094F8682021
:10C5E00094F871309A420BD194F8692094F8703025
:10C5F0009A4205D16B68022283F86C212323C7E796
:10C600002846F2F7D1FAF9E70120D4E7F8B54468F3
:10C6100004F1A80794F8C62005460E4601230B2115
:10C62000384600F01DF9014608B12020F8BD94F805
:10C63000C6200123384600F013F9C8B394F8C5307A
:10C64000262BF2D0304600F08CFE28B93146284621
:10C65000BDE8F84001F0DEB8737903F0070384F811
:10C660006930337903F0070384F8683094F86D314A
:10C6700093B994F86C31012B0ED094F8682094F89B
:10C6800071309A4210D194F8692094F870309A422F
:10C690000AD1022384F86C312323284684F8C6305B
:10C6A00001F070F80020C1E72846F2F77DFAF3E7C1
:10C6B0000120BBE737B5436893F8C530212B04460A
:10C6C0000D4626D1084600F057FE616868B9A1F80A
:10C6D0001A036368012283F8042100202522A3F8AD
:10C6E000000183F8C52003B030BD2A796B79D1F8F9
:10C6F0006E1102F0070203F007030020ADF80600F8
:10C700008DF804208DF80530019A2046FFF7F8FED9
:10C71000DFE70120E7E7F2F761BB704710B5504053
:10C720001C780A78624002445C7848786040024491
:10C730009C78887860401044DC78CA786240104465
:10C740001C790A795B794979624002444B40D342B3
:10C750000CBF0120002010BD034600200139C9B2E2
:10C76000FF2900D170475A5C82F001021044C0B228
:10C77000F4E708B5F2F7F0FB082807D0F2F724FC3D
:10C78000082803D0F2F736FC012008BD0020FCE7A2
:10C7900008B5F2F7E1FB082803D0BDE80840F2F73E
:10C7A00013BC08BD08B5F6F7E5FF18B1BDE80840B1
:10C7B000F7F70AB8082008BDF6F7DCBF10B500236C
:10C7C000436442F210744B1EA0F84C2004FB02326A
:10C7D000B2FBF1F1816410BD70B50D460021064633
:10C7E000E5F726FF0446686010B10020287070BD90
:10C7F00001213046E5F71CFF686018B101232B705A
:10C800002046F4E70220F2E770B5047934F01F0403
:10C810000ED1461E051D16F8010F00F08FFFAE4227
:10C820000444E4B2F7D1012C94BF0020012070BD74
:10C830000020FCE701440023884203D1B3FA83F0CF
:10C840004009704710F8012B1343F5E70A440138FB
:10C850008A4200D1704712F8013D00F8013FF7E726
:10C860000D294ED8DFE801F0070B0E1416192B34F2
:10C8700039483B3D4345B2FA82F040097047073AD8
:10C88000012A01E00B3A022A8CBF002001207047E8
:10C890000E3AF5E7113A0C2AF6E76BB9A2F113014B
:10C8A000012930D990F8620010B9172A02D87047D0
:10C8B000132A26D91C2AE7E7123A0B2AE4E7A2F149
:10C8C0001103032B1FD990F86200E8B11D2ADBE7A2
:10C8D000042A14BF002001207047012AF9E71E3AFC
:10C8E000D1E7A2F12103062B0DD92F2AF1E7292A3E
:10C8F000EFE72A3A042AC7E70BB9052AE9E7102A25
:10C90000E7E70020704701207047F8B5D0E90476CA
:10C9100005460C46FBF76CF920B94FF4E27129206B
:10C92000E5F778F8F4B1D5E90431DA1B61EB0603D9
:10C93000012A73F100014FF0000115DB6FF00100D7
:10C94000904271EB030302DA4FF4E771E7E7631EED
:10C950001344B3FBF4F35C43E41946F10006C5E964
:10C9600004461C462046F8BD0C46FBE711F00C03BC
:10C9700012D001F0040100290CBF4FF41673962366
:10C9800003F5BC730CBF40221022984212D9C01A82
:10C9900090FBF2F080B27047022905D13C2809D9FA
:10C9A0003C38C0F38F007047702803D97038C0F34B
:10C9B000CF0070470020704703460868D86670476C
:10C9C000013908B50246072910D8DFE801F007143D
:10C9D0000F040F0F0F0440F6A66008BD40F6C41305
:10C9E00040F2E240002A18BF1846F6E740F23F2125
:10C9F0002920E5F70FF840F6C410EEE780F8741030
:10CA0000F0F7BCBCA0F57A7241F270739A429DBFF8
:10CA10004FF47A73B0FBF3F000F5506040F2E2435C
:10CA200088BFB0FBF3F080B270476FF45063C31857
:10CA3000062B9ABFA0F550604FF47A7340F2E243A0
:10CA40005843704741F64B53994297BF00EB800023
:10CA5000C0EB401300EB8000800081BF00EB83003F
:10CA600000EB8000400080B2704741F64B53994282
:10CA700094BF642340F2E243B0FBF3F0C0B27047CE
:10CA800041F64B53994294BF642340F2E24358432A
:10CA9000704741F64B53994294BF642340F2E243FE
:10CAA000B0FBF3F080B2704741F64B53994294BF0C
:10CAB000642240F2E242B0FBF2F302FB1303C01A1D
:10CAC0007047A0F5AB70884298BF091A186888BFF4
:10CAD000491A00EB5100186013680129A3EB5103B8
:10CAE000136094BF002001207047C3B293FAA3F3F0
:10CAF000000A90FAA0F01B0E000E43EA00207047D7
:10CB00000131F8B5C9B2821D0023012512F8010BCD
:10CB1000884216D312F8066C002405FA04F737424F
:10CB20001CBF01F1FF31C9B2E0B269B10134082C78
:10CB3000F3D10133DBB2052BE8D199214620E4F78C
:10CB400069FF091AC9B2F4E700EBC300C0B2F8BD2F
:10CB50000B6870B5C0F801300B7903F01F03437107
:10CB600000230446C372451C861D15F8010B00F016
:10CB7000E5FD2871E37AB5421844E072F5D170BD45
:10CB800070B581EA114189B2C57A0446032682EA6A
:10CB90000100FFF7AAFF013E00EB00100A1816F093
:10CBA000FF0690B2F5D141402522B1FBF2F302FB22
:10CBB0001313C3F3C4022244D8B2567803F0070318
:10CBC000012202FA03F31E4207D169432046C1F352
:10CBD0000741BDE87040FFF793BF70BDF8B590F80E
:10CBE00030506B1E242B044658D8002A58D090F899
:10CBF000250018B1012847D01F201AE094F8321000
:10CC000094F8313002FB03132522B3FBF2F102FB4F
:10CC10001133DBB204EBD30284F8323092F82610E1
:10CC2000012603F0070206FA02F2114202D084F84C
:10CC30003330F8BDB3FBF5F205FB12330133024686
:10CC400004F12B01D8B211F8013B834219D311F83A
:10CC5000067C002306FA03FC1CEA070F1CBF00F148
:10CC6000FF30C0B2DDB220B905EBC20284F8332038
:10CC7000DFE70133082BEDD10132D2B2052AE2D130
:10CC8000BAE7C01AC0B2F7E7A28A096A04F1250020
:10CC9000FFF776FF84F833000020CAE71220C8E7C8
:10CCA0001046C6E7034612EA010003D013F03F0026
:10CCB00018BF0120704708B5037801F00F0223F078
:10CCC0000F031343037008290FD8DFE801F01205A2
:10CCD0001205121412080C000C23437008BD002327
:10CCE000C3700123F9E70E23F7E7A8212A20E4F710
:10CCF00091FE0623F1E72223EFE70B68C0F803302B
:10CD00008B88A0F807307047D0F803300B60B0F87C
:10CD100007308B8070470B68C0F809308B88A0F80B
:10CD20000D3070470378890123F0400301F0400182
:10CD30000B43037070470078C0F38010704703788E
:10CD400003F07F0343EAC113037070470078C00902
:10CD500070471F2A38B50546144603D9EE212A200C
:10CD6000E4F758FE09300634FCF706FC6C7038BD59
:10CD70001F2A38B50546144604D94FF488712A2075
:10CD8000E4F748FE09300634FCF7F6FB6C7038BD5A
:10CD900030B5037803F00F03032B024640D0052B78
:10CDA0001FD1C37F90F82000034392F82100034372
:10CDB00092F82200034392F8230020F01F0018434A
:10CDC0002DD05378222B0CD1B2F81930B2F817407D
:10CDD000907D41B1B3F5506F05D940F607518B42B4
:10CDE0000ED900201BE0991F89B240F67A45A9426E
:10CDF000F7D8411E0729F4D88342F2D9A342F0D3D1
:10CE0000B2F81B30B3F5FA7FEBD2B2F81D000A3846
:10CE100080B240F6764398428CBF0020012030BD9E
:10CE20004078A0F10C0358425841F8E72DE9F04151
:10CE300090F8038018F03F0705460E4600F09180F9
:10CE4000072900F28E80DFE801F004101A242E3842
:10CE5000424C017901224046FFF724FF00280CBF15
:10CE6000344605242046BDE8F0810179022240467F
:10CE7000FFF718FF04460028F4D0052462E001798A
:10CE800004224046FFF70EFF04460028EAD005249E
:10CE900050E0017908224046FFF704FF04460028CD
:10CEA000E0D005243EE0017910224046FFF7FAFE6B
:10CEB00004460028D6D005242CE0017920224046E3
:10CEC000FFF7F0FE04460028CCD034461AE0017982
:10CED00040224046FFF7E6FE04460028C2D0052463
:10CEE00008E0017940224046FFF7DCFE00280CBF35
:10CEF00005240624297920224046FFF7D3FE08B1F5
:10CF00001234E4B2297910224046FFF7CBFE08B173
:10CF10000334E4B2297908224046FFF7C3FE08B182
:10CF20000234E4B2297904224046FFF7BBFE08B17F
:10CF30000134E4B2297902224046FFF7B3FE08B17A
:10CF40000634E4B2297901224046FFF7ABFE08B16E
:10CF50000634E4B2072E85D1231F9F42B8BF0024B8
:10CF600080E700247EE770B50C46064611461D4654
:10CF700024B94FF446712A20E4F74CFDFFF756FF21
:10CF800010B940F21931F6E7031F2B443F2B02DDA5
:10CF900040F21A31EFE72A4621463044BDE870409E
:10CFA000FCF7EABA10B50446FFF740FF00B1204491
:10CFB00010BDC37803F03F0343EA8113C370704789
:10CFC00030B5C1F38003C1F380142344C1F30014CE
:10CFD00004EB44042344C1F3401404EBC404C1F340
:10CFE000400503EB4403C1F300042C4404EB440468
:10CFF000C1F3C0052C44134403EB440313F0FF03B7
:10D000001CBF01330171C17818BFDBB221F03F01B1
:10D0100003F03F042143C170591C41701AB104331D
:10D020009B1A013AC25430BD4378C078013B00F0EE
:10D030003F00181AC0B27047F8B507460E461946A9
:10D04000FFF7F2FF451AECB2944228BF14464EB1E6
:10D05000FA7802F03F020432114439442246304645
:10D06000FCF78AFA2046F8BD2DE9F047C678017929
:10D0700001223046FFF716FE022205463046FFF732
:10D0800011FE202282463046FFF70CFE082207469A
:10D090003046FFF707FE102281463046FFF702FEBA
:10D0A000042204463046FFF7FDFD4022804630460C
:10D0B000FFF7F8FD07EBC70705EB0A034F4404EB46
:10D0C0004404404403EB43033B44204400EB43004F
:10D0D00010F0FF001CBF0130C0B2BDE8F08738B5CA
:10D0E000C578AB09032B04461ED0437805F03F05F5
:10D0F000AB4219D9FFF7B8FFA84215D895B12379EB
:10D10000DB060FD504212046FFF74CFF48B103781A
:10D1100003F03F03242B07D880785F288CBF0020C2
:10D12000012038BD0120FCE70020FAE702784378AF
:10D1300002F00F02072A12D8DFE802F008040811F3
:10D140001111080E0C3B584258417047063B1F2BEB
:10D150008CBF0020012070470BB1FFF7C0BF00203B
:10D160007047027802F00F02072A0AD0082A0AD074
:10D17000042A0ED1407806381F288CBF00200120D9
:10D180007047FFF7ACBF4078A0F10E0358425841FA
:10D1900070470020704740787047037801F0030122
:10D1A00023F003030B4303707047007800F0030083
:10D1B00070470378490123F0200301F020010B435D
:10D1C000037070470B78837070471B2A08B504D929
:10D1D00040F272412A20E4F71DFC4270BDE808408D
:10D1E0000330FCF7C9B9B0F807007047B0F8090080
:10D1F0007047C172090A01737047B0F80B0070479D
:10D2000070B5B0F80730B0F80950B0F8056004798F
:10D21000B0F80B0091B1B3F5506F0FD940F607523B
:10D22000934218D8B5F5FA7F15D20A3880B240F685
:10D23000764398428CBF0020012070BD9A1F92B2A5
:10D2400040F67A418A4206D8621E072A03D89C42D9
:10D2500001D29E42E5E70020EFE70B6843600B79BF
:10D260000372704743680B60037A0B717047B0F824
:10D2700009007047007970470B6843604B68836012
:10D28000704743680B6083684B6070470B888381ED
:10D29000704783890B8070470B68C0F80E304B686D
:10D2A000C0F812307047D0F80E300B60D0F8123052
:10D2B0004B6070470B68C0F816307047D0F81630D6
:10D2C0000B607047FFF7D8BFFFF7DBBF0B68C36089
:10D2D0007047C3680B607047007970470171090A95
:10D2E000417170478171090AC17170470172090A61
:10D2F000417270478172090AC17270478088704715
:10D30000C0887047008970474089704703891A2B8D
:10D310000DD94389B3F5A47F09D383881A2B06D985
:10D32000C088B0F5A47F34BF0020012070470020E2
:10D330007047043001F1200351F8042B40F8042B0E
:10D340009942F9D10B880380704738B515460446D9
:10D35000FFF7EFFF2B68C4F826306B68C4F82A305B
:10D3600038BD0379024613F0070004D0507910F05D
:10D37000070018BF01207047FFF7F3BF0171704726
:10D380000079704741717047407970478171090A8F
:10D39000C1717047C08870470279437902F0070273
:10D3A00003F00703511E0A40591E0B4013430CBFE4
:10D3B000012000207047017170470079704741716A
:10D3C000704740797047FB2908B504D940F2956150
:10D3D0002A20E4F71FFB417008BD037843B1406881
:10D3E00090F8EA3223B1002380F8EA32E9F708BD69
:10D3F000704708B5017A19B101290DD0002008BD88
:10D400000368C28802218088F2F7F2FA0028F6D178
:10D41000F2F7F4FC0120F2E70368C288F3E7022385
:10D420000B7001238B707047F2F74ABB08B5037A83
:10D4300023B140F2BE211020E4F7ECFABDE8084029
:10D44000F2F7B4BB0322FFF7F1BF0422FFF7EEBFF0
:10D4500030B4057A15B130BC0272704730BCF2F7B7
:10D46000A5BB0422FFF7F4BF0B46142203F8032BDD
:10D47000D0F80920C1F80320D0F80D205A60B0F888
:10D4800011201A81704711F00C0F08B504D08001EB
:10D4900000F5747080B208BD012902D10E30C000C1
:10D4A000F8E7022902D10F308000F3E74FF4EB7167
:10D4B0000620E4F7AFFA30B587B004460D46F2F720
:10D4C000F5FAA8B3002323726FF4F0731C44694685
:10D4D00024882046FEF798F918B1D8212C20E4F7CB
:10D4E00099FABDF80630ADF80E30BDF80830ADF849
:10D4F0001030BDF80230ADF8123003A8BDF804308A
:10D50000ADF80C40ADF81430FEF75CF908B1E1213C
:10D51000E4E78DF80C009DF80C308DF80D0000202C
:10D5200063F307009DF80D3063F30F2007B030BDA3
:10D530002B46352203F8032BD4F80920C5F8032025
:10D54000D4F80D205A60B4F811201A8104238DF804
:10D550000C30E0E74068704711F00C0F0CBFC08A38
:10D560004FF42960704770B590F870608D880C8911
:10D5700016F00C0F04D143B1167816F00C0F04D03E
:10D58000B5F5296F38BF4FF4296590F8716016F032
:10D590000C0F04D143B1537813F00C0F04D0B4F541
:10D5A000296F38BF4FF42964CB884A88A0F85820E7
:10D5B000A0F85C30A0F85A50A0F85E4070BD83839C
:10D5C000BDF8003001834283C383704711F00C0F14
:10D5D00038B5044610D1C38B458C9D4228BF1D46EB
:10D5E000207AFFF750FF6389AB4228BF2B46984251
:10D5F00038BF184680B238BD4FF42965F0E72DE9F1
:10D60000F04106460D46B0F8440011461F469046CC
:10D61000FFF739FF4146044606F13800FFF7D6FF11
:10D62000844228BF04463946B6F84C00FFF72BFF6A
:10D6300017F00C0F0CBFB6F84E304FF42963984228
:10D64000A4B228BF184614FA80F0063510FA85F007
:10D65000BDE8F08170B51646C26941F64B539A4257
:10D6600094BF4D2596250C4690F8713090F87020A7
:10D670002946FFF7C4FF28443044A04294BF201A33
:10D68000002070BD70B5C66990F8713090F87020B8
:10D690000D4641F64B518E4294BF4D2196210446D2
:10D6A000FFF7ADFF0544E56370BD006801F19C0321
:10D6B000984283BF401A9C384008002070470028D9
:10D6C00003DB814204DC08B202E049428142FADC19
:10D6D000704700F05533400800F05530034403F024
:10D6E00033329B0803F033331A4402F00F3312092C
:10D6F00002F00F32134403F0FF101B0A03F0FF1374
:10D70000034403EB1343D8B2704745F2555300EA84
:10D71000030203EA5000104443F2333200EA0203EA
:10D7200002EA90021A4440F60F7302EA030003EA89
:10D730001213184400EB1020C0B2704700F05503DC
:10D74000400800F05500184400F03303800800F052
:10D750003300184400F00F0303EB1010704780EA09
:10D760006000FFF7B6BF40F34E039BB25840FFF78F
:10D77000CCBF4368002283F8C52083F80421A3F8B6
:10D780000021704743680022A3F8062193F808217E
:10D79000013283F80821704708B5426892F80831D1
:10D7A000013B5BB2002B82F8083103DA35214A20B5
:10D7B000E4F730F908BD436883F8531183F8522128
:10D7C0007047A0F10B03042B08D9A0F12103062B0D
:10D7D00004D9A0F12F0358425841704701207047E7
:10D7E000162A10B50446084612D1A4F10C02032AE9
:10D7F00003D82A221A70012010BD212C01D1232226
:10D80000F8E70029F8D00A78012AF2D9162AF6D0CA
:10D810000020F1E74268D2F8B43010B513F00804E4
:10D820000AD143F00803C2F8B430CB7882F8503103
:10D83000FFF7A8FF204610BD0120FCE738B544687B
:10D8400000230D4694F8C620194604F1A800FFF7FE
:10D8500007F860B1EB7884F85031032384F8C630C0
:10D8600000200123A4F8060184F8083138BD012006
:10D87000FCE738B54468037894F8C7200D4604F1F6
:10D88000A8000121FEF7ECFF38B92846FFF7F2FCAB
:10D89000072384F8C80084F8C730002038BD10B5CD
:10D8A0004468037894F8C720012104F1A800FEF72A
:10D8B000D7FF10B9082384F8C73010BD30B50C4627
:10D8C000082304F8033BA0F2232300255D8600F122
:10D8D00009030A4603CB1B78C2F803006160237278
:10D8E000D57030BD10B54468037894F8C520002188
:10D8F00004F1A800FEF7B4FF18B924214520E4F78D
:10D9000089F81E2384F8C53010BD2DE9F347466819
:10D9100090F8008096F8C52004460D4643460A213B
:10D9200006F1A800FEF79CFF80B32846FFF7EEFC47
:10D9300020B32846FFF7E6FC07462846FFF7DEFC43
:10D9400081462846FFF7E0FC82462846FFF7D8FCD0
:10D9500039460090534606F138004A46FFF72FFE3D
:10D96000616801F5DC7116313046F2F777FAB8F1EB
:10D97000000F0DD160680421EFF7C8F9002086F888
:10D98000040186F8C50002B0BDE8F0870120FAE77F
:10D9900060680521E9F7ACFAF0E72DE9F7430446A2
:10D9A0004068002390F8C6200D46A8301946FEF7BF
:10D9B00057FF00284AD02846FFF7A8FC30B929466F
:10D9C000204603B0BDE8F043FFF738BF284666683D
:10D9D000FFF798FC07462846FFF790FC804628464C
:10D9E000FFF792FC81462846FFF78AFC3836009004
:10D9F0004B46424639463046FFF7E1FD636893F8EF
:10DA0000C5201E2A0DD16368202283F8C6206368D2
:10DA100000200122A3F8060183F8082103B0BDE825
:10DA2000F08393F86331002BEDD1636893F8623192
:10DA3000002BE8D162681F23114682F8C63031F806
:10DA4000380B02F2E112F2F779FAE0E70120E5E79C
:10DA50000B230B70437A8B70A0F52E731B88A1F8F3
:10DA60000330037B4B7170470C230B70437A8B7030
:10DA7000A0F52E700388A1F80330704709230B70BE
:10DA8000A0F571731B88A1F80330D0F80B30C1F8F2
:10DA90000530D0F80F30C1F80930B0F81330A1F8D4
:10DAA0000D3070474368D3F85C3110B504465BB164
:10DAB0000C22FFF780FE63683022204683F8C620E0
:10DAC000FFF760FE012010BD1846FCE710B50446C4
:10DAD000406890F8C530182B14D100F59C7300F203
:10DAE0004F31002200F23B3000F0EBF96368002078
:10DAF00000210122C3E94A0183F8CA201A2283F8CF
:10DB0000C52010BD0220FCE738B50D46416891F8EC
:10DB1000C530152B044610D101F257312846FFF7C6
:10DB2000D3FB6168284601F5A671FFF7D2FB636855
:10DB3000182283F8C520002038BD0220FCE7436886
:10DB400093F8C520112A01BF0020142283F8CA00CF
:10DB500083F8C52018BF0220704738B505464068D5
:10DB6000012390F8C6200021A830FEF779FE6C68EA
:10DB700060B994F8C6200123052104F1A800FEF73E
:10DB80006FFE002814BF0820012038BD94F8CB3068
:10DB90000BB90020F9E70A212846FFF783FF044666
:10DBA0000028F6D12846FFF7EDFD6B68122283F8B6
:10DBB000C6202046E9E738B5044640680D4690F88F
:10DBC000C62001230021A830FEF74AFE70B9606824
:10DBD00090F8C620142A09D001230521A830FEF7A9
:10DBE0003FFE002814BF0820012038BD0321204635
:10DBF000FFF758FF28BB636893F80A3113B9204632
:10DC0000FFF7C0FD6168284601F53E71FFF74BFB49
:10DC10006168284601F5A471FFF750FB61680B8825
:10DC2000A1F8CD33284601F2CF31FFF72AFB616816
:10DC3000284601F2D731FFF72CFB6368162283F8E0
:10DC4000C6200020D1E7436893F8C620132A03BFFB
:10DC50001422002083F8C6200220704710B54368C4
:10DC600093F8C630192B044607D1FFF795FD63687A
:10DC70001D2283F8C620002010BD0220FCE70A46C2
:10DC8000072310B502F8033B00F109030C4603CB50
:10DC9000C4F80300516019889B789372118110BDFC
:10DCA00010B54468037894F8C520002104F1A80059
:10DCB000FEF7D6FD18B9AA211C20E3F7ABFE04231A
:10DCC00084F8C53010BD68B5054640682E787EB929
:10DCD00090F8C62033463146A830FEF7C1FD18B98A
:10DCE000B2211C20E3F796FE6B6883F8086168BDDB
:10DCF000D0F8B420D30701D4B721F2E790F8083167
:10DD0000013B5BB2002B80F8083101DAB921E8E76A
:10DD100022F00102C0F8B420E9E70E230B706FF483
:10DD2000E273184403884B80704710B54468037849
:10DD300094F8C520092104F1A800FEF791FD30B147
:10DD4000002384F8F83084F8043184F8C5300020CA
:10DD500010BD38B5047845685CB995F8C6202346EF
:10DD6000214605F1A800FEF77BFD80B9012420467D
:10DD700038BDD5F8B44014F00404F7D1FFF702FD24
:10DD8000D5F8B43043F00403C5F8B430EFE701230D
:10DD900085F808310223A5F8064185F8C630E6E784
:10DDA0000378426813B982F808317047D2F8B4306A
:10DDB00023F00403C2F8B430FFF7EEBC38B5456871
:10DDC000037895F8C5200446002105F1A800FEF768
:10DDD00047FD18B971214B20E3F71CFE2378002B77
:10DDE0000CBF0523102385F8C53038BD01230B7007
:10DDF00000238B70A0F586731B88A1F80330437A4B
:10DE00004B714389CB8083890B81704770B544681F
:10DE1000057894F80B6116F0020604F1A80012D1FF
:10DE200094F8C5202B463146FEF71AFD18B96F212C
:10DE30004020E3F7EFFD012384F8C53084F8043176
:10DE4000A4F8006170BD8DB994F8C6202B46294610
:10DE5000FEF706FD08B184F80851002384F87231FA
:10DE6000F0E722F00202C4F8B420F6E7D4F8B420B8
:10DE70009307F2D594F80831013B5BB2002B84F88C
:10DE80000831EEDA8121D3E734230B70D0F8093062
:10DE9000C1F80330704710B50B794C790A68012836
:10DEA00043EA042108BF41F48031104610BD07B594
:10DEB000FFF7F1FF0DF10702F2F706FC03B05DF882
:10DEC00004FB70B58CB00E4615460146102268461C
:10DED0001C46FEF7BBFC10220DEB02003146FEF79C
:10DEE000B5FC6846FBF7ECF835B1102208A92046CE
:10DEF000FEF7ACFC0CB070BD08AA23460CAD14466E
:10DF000003CCAC4218605960224603F10803F6D1F5
:10DF1000F0E7FFF7C5BEFFF779BFF2F787B9FFF764
:10DF2000D2BE38B553680E3814460D4693F8C52056
:10DF300009283FD8DFE800F0053E3E3E0F3E173E81
:10DF40003E26042A05D12046FFF713FC2046F2F7AF
:10DF500015FA002038BD102AFBD120460021BDE86B
:10DF60003840FFF7E2BE1E2AF3D12046FFF701FC3E
:10DF7000002DEED0626892F81A3123F0200382F867
:10DF80001A31E6E793F8C620242AE2D1002583F867
:10DF9000C6502046FFF700FC636893F86C31012BF4
:10DFA00003D129462046F0F7DFFD6368002283F89D
:10DFB0006C21CEE740F245213120E3F72BFD08B577
:10DFC000436893F8C620172A04D040F2AA413120B2
:10DFD000E3F720FD1B2283F8C62008BD08B543687F
:10DFE00093F8C620172A04D040F2A4413120E3F769
:10DFF00011FD192283F8C62008BD08B5436893F8BF
:10E00000C620122A04D040F297413120E3F702FDE6
:10E01000012283F80921132283F8C62008BD08B520
:10E02000436893F8C620232A05D022B140F201515B
:10E030003120E3F7EFFC242283F8C62008BD08B5A1
:10E04000436893F8C620302A06D1002283F8C62000
:10E05000BDE80840FFF7A0BB172A03D11B2283F8B5
:10E06000C62008BD40F2BF413120E3F7D3FC42682F
:10E07000D2F8B430D90610B5044604D440F2F541C4
:10E080003120E3F7C7FC990602D540F2F641F7E7E5
:10E0900023F01003C2F8B430FFF77EFB606805215F
:10E0A000BDE81040E8F724BF70B5426892F81A3115
:10E0B00043F00403044682F81A3108460D46FFF780
:10E0C0007CF906462846FFF77CF922460146304691
:10E0D000BDE87040F2F7E0BB10B50C46D1E9050190
:10E0E000E4F758FB94F86C0320280BD0FAF77AFD7C
:10E0F00094F86C03F9F74AFD20B940F61C11312061
:10E10000E3F788FC10BDE5F7FBB990F8EB3200228D
:10E1100080F8C52080F8C62080F8C92013B10221FC
:10E12000E8F7E6BE0321FBE70C2100F54070E3F7BA
:10E13000D5BE436893F8C520032A4FF0000206BFFE
:10E1400083F8042183F8C52083F8082170474368C9
:10E1500093F858212AB1002283F8C52083F80421BE
:10E16000704783F8C62083F80821704708B590F8F7
:10E17000CB3043B990F8C5200621A830FEF770FBDC
:10E1800000F0010008BD0120FAE710B5436893F8DC
:10E19000C620B3F81A13232A044615D181B983F88F
:10E1A000C61093F86C31012B01D1F0F7DDFC6368E8
:10E1B000002283F86C216368002283F8082110BDD7
:10E1C000262283F8C620F6E793F8C520252A0DD12C
:10E1D00041B983F8C510F0F7C7FC6368002283F8E3
:10E1E0000421ECE7262283F8C520F6E740F213511C
:10E1F0003620E3F70FFCFFF766BDFFF707BEFFF71A
:10E200004FBD08B5436893F8C5201A2A04D04FF4CF
:10E210009B613620E3F7FEFB1C2283F8C52008BD76
:10E2200008B5436893F8C520142A04D04FF49961C7
:10E230003620E3F7EFFB012283F80A21132283F84B
:10E24000C52008BD10B504464068002390F8C520DD
:10E250001946A830FEF704FB636838B993F80A2121
:10E2600022B940F2CF413620E3F7D4FB012283F8F4
:10E270000921152283F8C52010BD10B50446406859
:10E28000002390F8C5201946A830FEF7E9FA20B916
:10E290004FF498613620E3F7BDFB6368012283F8F1
:10E2A0000921112283F8C52010BD10B5044640682D
:10E2B000002390F8C5201946A830FEF7D1FA20B9FE
:10E2C00040F2BA413620E3F7A5FB63680E2283F8DB
:10E2D000C52010BD10B504464068002390F8C52045
:10E2E0001946A830FEF7BCFA20B940F2B4413620F6
:10E2F000E3F790FB63680C2283F8C52010BD10B5CE
:10E3000004464068002390F8C6201946A830FEF75E
:10E31000A7FA20B940F2E4413620E3F77BFB6068BE
:10E32000002380F80831BDE810400421EEF7EEBC70
:10E3300070B5426892F81A3143F00403044682F83B
:10E340001A3108460D46FFF738F806462846FFF70B
:10E3500038F8224601463046BDE87040F4F76EB802
:10E3600008B5F3F789FE18B9BDE80840E5F7C8B865
:10E370000021BDE808400846F4F74EB910B50C4638
:10E38000D1E90501E4F706FA94F8010320280BD03F
:10E39000FAF728FC94F80103F9F7F8FB20B94FF4D9
:10E3A00015613620E3F736FB04F536742046EEF7A8
:10E3B0004BFD20B12046BDE81040EEF755BD10BD25
:10E3C0000020704738B590F8C930B0F8FA500446CC
:10E3D00083B9C5F1020594F8F83083B92046FFF7F8
:10E3E000C5FEB8B92846A842A8BF284620EAE07072
:10E3F00080B238BDB0F8FC00401B051FEBE794F875
:10E40000C5200023092104F1A800FEF729FA0028FD
:10E41000E4D1E8E7D4F8F030D4F8EC00043B181A63
:10E42000E1E710B50C460921E08DE4F701F910B1E0
:10E43000FF2380F89E30A06820B94FF4E9710A20CC
:10E44000E3F7E8FABDE81040FCF761BB70B50E4693
:10E4500003210546E4F7ECF8044648B905212846AF
:10E46000E4F7E6F820B116B190F8BD3003B90446E0
:10E47000204670BD037C0BB900207047037C012B44
:10E48000FAD0007C073818BF0120704708B5027C1D
:10E49000012AD3B204D0FFF7EDFF00F0010008BD60
:10E4A0001846FAE738B50446FFF7F0FFD8B1237CE9
:10E4B000022B16D0257CEB1E5D425D41012907D160
:10E4C000072320792374F9F743FF2079FAF78AFBB1
:10E4D000012323743DB104F12000BDE83840EEF77C
:10E4E000C3BC0125EAE738BD10B50446FFF7CEFFEF
:10E4F00070B120460121FFF7D5FF2079F9F746FBDF
:10E5000020B94FF401710B20E3F784FA0023237440
:10E51000002010BDFFF785BF08B58B6F6BB191F878
:10E52000523053B98B6F01211888E4F797F820B166
:10E5300040F245111E20E3F76DFA08BD10B51D230A
:10E54000C3700446F0F708FB207110BD10B51E2300
:10E55000C3700446F0F700FB207110BD08B5F5F755
:10E560002BFCF5F78FFAF5F785F8BDE80840F5F7CD
:10E5700045B970B504460025666BA06D1EB9E4F779
:10E58000A1FAA66570BD616B0B6863630D704D7079
:10E590008D70CD70FCF7B2FAEEE70B460146986D30
:10E5A000FCF7ACBA10B50446E06B28B10368E3632E
:10E5B0002146FFF7F2FFF7E710BD10B5044690F8CB
:10E5C00028301BB100F12801F7F7AEF894F84D3070
:10E5D00023B104F14D012046F7F7A6F8A36D3BB136
:10E5E0002046FFF7DFFF2046BDE81040FFF7C1BF20
:10E5F00010BD70B504460025666A16B9A16D59B9FB
:10E6000070BD616A606D0B6863620D704D708D70D6
:10E61000CD70FCF773FAEFE7606DFCF76FFAA66553
:10E62000EEE7436D10B5044633B1FFF7E2FF606DCE
:10E63000E4F740FA0023636510BD10B50446F7F710
:10E640008FF82046BDE81040FFF7D3BF10B5044651
:10E65000F7F786F8002384F8203010BD10B5044683
:10E66000F7F77EF8002384F8503010BD10B504464B
:10E6700090F820300BB1FFF7E9FF94F8503013B158
:10E680002046FFF7EBFF2046BDE81040FFF7C9BF6B
:10E69000F7F746B9801A00F3070038B540B20D46C7
:10E6A00059B21446F7F72CF90023287020446C70F7
:10E6B000AB7040B238BD002070474FF0FF3070475C
:10E6C0004FF0FF30704770477047002070474FF0A1
:10E6D000FF3070470020704790F90030002B14BFC6
:10E6E0006FF0150000207047002303707047002270
:10E6F000FFF7D0BF002070474FF0FF3070474FF05A
:10E70000FF3070474FF0FF307047002303707047B1
:10E7100070B5F7F745F9002405462646E0B2854274
:10E7200000D870BDF7F742F90134868480F826607E
:10E73000F4E7F7F783BF08B50020F7F7DDFF0068BF
:10E74000003818BF012008BD08B500F0CCF828B18A
:10E750004FF080430222C3F8342C08BD00F08AF841
:10E760000028F5D100F09BF80028F1D1F5E74FF033
:10E77000804301221A6070474FF08043D3F80804A9
:10E7800000F0010070474FF08043D3F8140400F00C
:10E79000010070474FF08043D3F81C0400F00300E1
:10E7A00070474FF080410246D1F81804D1F8181490
:10E7B00010F4803004D001F00300831A584258410D
:10E7C000704707B56846F7F76FFDDDE900024FF0C7
:10E7D00080730021E2FB030103B05DF804FB00201D
:10E7E000704708B5F7F74AFDBDE80840F7F730BDB8
:10E7F0000346002018707047EFF3108272B603785A
:10E800000121DBB2017002B962B6012B0CBF6FF0BF
:10E81000220000207047EFF3108372B600220270CE
:10E8200003B962B600207047FAF738BD4FF0805345
:10E83000D3F83001A0F10F035842584170474FF010
:10E840008053D3F83001A0F10A0358425841704771
:10E850004FF08053D3F83001A0F10E0358425841D5
:10E8600070474FF08053D3F83001A0F110035842A5
:10E87000584170474FF08053D3F83001062803D039
:10E88000431C584258417047012070474FF0805355
:10E89000D3F83001A0F10D035842584170474FF0B2
:10E8A0008053D3F83001A0F1080358425841704713
:10E8B00008B5FFF7BBFF024688B9FFF7C0FF014666
:10E8C00058B9FFF7C5FF024658B9FFF7D3FF20B983
:10E8D000FFF7E5FF80F00100C2B2104608BD00223C
:10E8E000FBE70A46F9E708B5FFF7A9FF30B14FF09B
:10E8F0008053D3F83401B0FA80F0400908BD08B560
:10E90000FFF7B8FF48B14FF08053D3F83401063811
:10E9100010F1080F94BF0020012008BD08B5FFF7D3
:10E92000A9FF48B14FF08053D3F83401063810F1F5
:10E93000080F8CBF0020012008BDFAF7F1BCFAF7E0
:10E94000EFBC00280CBF6FF01500002070470020BE
:10E950007047072303700020704700207047002095
:10E960007047000000000000F0B5444D83B0D5F8BA
:10E970006431996811F0010100AF24D13A1D40F6CD
:10E98000034004F021FF0446002872D17C68E3684C
:10E990001B78ABB906F024FEBFF35B8FD5F8D430FB
:10E9A000BFF35B8F05F1D40203F00903BFF35B8F64
:10E9B00052E8001F42E800300028F9D1BFF35B8F16
:10E9C00020460CF079FE3A1D002141F2030004F0CC
:10E9D000FBFE044600284CD17B68294EDA68D2F849
:10E9E0000100D2F8051003C618460CF065FE21465A
:10E9F0003A1D41F2010004F0E7FE0446002838D138
:10EA00007868C3685A7885F870205A88A5F872200B
:10EA10001A7985F87120B3F80720A5F87420B3F8A7
:10EA20000530A5F876300CF047FE21463A1D41F23C
:10EA3000020004F0C9FE0446D8B9D7F804C0DCF8D7
:10EA40000C20531C413218685968344603C40833FB
:10EA500093422646F7D160460CF02EFE95F87C30A6
:10EA60005A0613D4074A0848012115F0E0FB6FF05D
:10EA7000120420460C37BD46F0BD00BF90050020B3
:10EA800008060020F4B20300AC8D03003A1D0021FB
:10EA900042F2030004F098FE04460028E9D17B68A6
:10EAA000A34EDA68D2F80100D2F8051003C6184662
:10EAB0000CF002FE21463A1D42F2020004F084FEF0
:10EAC00004460028D5D17C68E368B3F8012091B2F0
:10EAD00049B1D97839B1A5F80421DA78114606F19F
:10EAE000280018F000FF20460CF0E6FD95F87C6049
:10EAF00016F0200618D1022140F66D4004F02AFEDF
:10EB00000446002800F0C98002210C3018F05DF89E
:10EB10000123037046702146324640F66D4004F0F2
:10EB200053FE04460028A4D195F89C301B0712D54B
:10EB30003A1D002142F21C0004F046FE0446002863
:10EB400097D17868C368D3F80120D3F80530C5E9B8
:10EB500038230CF0B1FD95F8D8309E0621D5B91CAC
:10EB6000384604F0A9FE0446002882D1042142F26E
:10EB7000240004F0EFFD0646002800F08E800421FA
:10EB80000C3018F022F83B8803807B8843802246B3
:10EB9000314642F2240004F017FE044600287FF4B8
:10EBA00068AF95F8D8305C0610D53A1D002142F2C6
:10EBB0002A0004F009FE044600287FF45AAF786862
:10EBC000C3685B7885F820310CF076FD082142F2AD
:10EBD000010004F0BFFD044600285ED008210C307F
:10EBE00017F0F3FF95F8D81011F0400F024640F2ED
:10EBF000022308BF032388074CBF43F02C0043F0D7
:10EC00000C008B0695F8D93048BF40F0400013F057
:10EC1000090F95F8A23018BF40F4006003F0060316
:10EC2000CE0748BF40F01000062B08BF40F4C0706C
:10EC3000002115F02AFB2146002242F2010004F0D7
:10EC4000C3FD044600287FF414AF95F87C30B5F876
:10EC50000411980624D4C9B93A1D41F2050004F004
:10EC6000B3FD044600287FF404AFB5F804317C6896
:10EC70004BB9E368B3F80120A5F804219A882D4820
:10EC8000114618F030FE20460CF016FD082140F623
:10EC9000014004F05FFD044660B96FF06804E8E6E7
:10ECA0000029F3D1244A2548012115F0C0FA6FF05C
:10ECB0000404DEE608210C3017F087FF95F8D83001
:10ECC000D907024629D41E484FF0005115F0DDFA4D
:10ECD0002146002240F6014004F076FD044600285B
:10ECE0007FF4C7AE01463A1D4FF6014004F06CFDBB
:10ECF00050B3144A1148022115F099FA06F0A0F811
:10ED0000044600287FF4B5AE07F08EFE04460028C6
:10ED10007FF4AFAE05F052FBABE603A1D1E90001F1
:10ED2000D4E700BFAFF3008090880002008000208D
:10ED3000680600209806002018B30300AC8D03007D
:10ED4000108800023BB303007B68DC68B4F8013034
:10ED5000032B96BF434A444952F823106D468AB0AC
:10ED60006A464248D3614FF400731384404BC2E9B2
:10ED7000050142F8103F3F484FF4135115F076FA61
:10ED8000B4F80120B4F80330022AAD4648D1052B6F
:10ED900046D8394A52F823106D468AB06A46374839
:10EDA000D3614FF400731384314BC2E9050142F87B
:10EDB000103F4FF413512F4815F058FA6379A67994
:10EDC000D4F80900032BAD4698BF2D4AB4F807507C
:10EDD00094BF52F8231024496C468CB06A46DFF881
:10EDE000A4C0C2E907364FF400739385264BC2E9ED
:10EDF00005C1C2E909504FF4735142F8103F1D4854
:10EE000015F034FAA54678680CF056FC3A1D00213E
:10EE10004FF6024004F0D8FC044618B11B4A69E7DB
:10EE20001149B9E778681A4DC368B3F80130A5F8FD
:10EE3000C1300CF041FC95F8C1305B077FF55EAF47
:10EE40003A1D21464FF6034004F0BEFC08B1114ABA
:10EE500050E77868C3685B7885F8C0300CF02CFC0C
:10EE60004CE700BFE4990300C1B103005FB30300A6
:10EE700004000001AC8D0300CC99030078B30300BB
:10EE8000BC99030090B3030007000001BDB3030069
:10EE900090050020E6B303002DE9F04F476A97B0D4
:10EEA00014461D46CDE90445239E83467FB91020B4
:10EEB00012F0A8FA0246CBF8240020B9A24BEA21AE
:10EEC000A24813F06DFEC0E901770760C760DBF868
:10EED0002430196859B15A684A60012393408B6005
:10EEE000584613F089F9DBF8243000221A602B1EF3
:10EEF000B9BF23F00043059300233360059F944B73
:10EF0000BCBF01223260BB4319D1229A42F20F7377
:10EF10001360C7F31303234300F0E285249B53B926
:10EF20008C4B21E08C4B08930833249A136008988B
:10EF300017B0BDE8F08F874B08930333F5E7DDE9A1
:10EF40000423CDE90C23DDE90C0100220023E1F7C5
:10EF5000FFFE804650B1229A01231360249B13B117
:10EF6000249A7E4B13607E4B0893E0E714AB019329
:10EF700015AB00935846DDE90C2313F0BDFBC7F336
:10EF80000A560390002E7AD00D9BCDF84C80C3F327
:10EF90001303DDE90C0143F07F5343F44013A6F261
:10EFA000FF36194600226F4BE1F7EEF860A3D3E974
:10EFB0000023E1F7A1FA60A3D3E90023E1F7E6F823
:10EFC000044630460D46E1F72DFA5DA3D3E9002350
:10EFD000E1F792FA02460B4620462946E1F7D6F8B9
:10EFE00004460D46E2F72EFA00220746002320468B
:10EFF0002946E1F7B7FE40B13846E1F713FA224659
:10F000002B46E1F7A5FE00B9013F162F54D8564B09
:10F0100003EBC703D3E90023DDE90C01E1F7A2FE0E
:10F0200000284BD0013F00231293149B9B1B5A1EB8
:10F0300045BFC3F101030693002300230A9254BF86
:10F0400006930A93002F3BDB0A9B0F973B440A93DE
:10F0500000230B93209B092B00F28A80052BC4BF51
:10F06000043B2093209BA3F10203CCBF0024012486
:10F07000032B00F28880DFE803F02B383657DDE9F8
:10F0800014631E4406F23243202BC1BFC3F1400378
:10F090009F4006F2124324FA03F3D6BFC3F12003C4
:10F0A00047EA030004FA03F0E1F7ACF90122A1F109
:10F0B000F873013E139274E70123B5E71290B4E7A9
:10F0C000069BDB1B06937B420B9300230F93C1E748
:10F0D00000230E93219B002B58DC012309939946B2
:10F0E0001A4621920CE00123F3E700230E93219BA3
:10F0F000FB1803F1010909934B46012BB8BF01230B
:10F10000DBF824000021042202F114059D4241D9BC
:10F110004160584613F030F8089000283DD1134B59
:10F1200002464FF4D571CBE60123DFE7AFF3008051
:10F1300061436F63A787D23FB3C8608B288AC63FFD
:10F14000FB799F501344D33FB5CF0300CCCF0300CE
:10F150000000F07FB1CF0300A8CF03006AB0030026
:10F1600069B003000000F83F7096030040D0030030
:10F170000124002320930E944FF0FF330993994606
:10F1800000221223ADE701230E93F5E7219B09939B
:10F190009946B5E701315200B6E7DBF82430089A0A
:10F1A0001A60B9F10E0F6FD8002C6DD0002F36DD2C
:10F1B000A14B07F00F0203EBC203D3E90034F805BB
:10F1C000CDE910344FEA271417D59C4BDDE90C012B
:10F1D000D3E90823E1F7BAFACDE9040104F00F04FA
:10F1E0004FF00308954D5CB9DDE91023DDE904011A
:10F1F000E1F7ACFACDE904012BE04FF00208F1E7AA
:10F20000E10709D5DDE91001D5E90023E1F774F93B
:10F21000CDE9100108F1010864100835E3E700F0BA
:10F2200007817C42844B854D04F00F0203EBC2033F
:10F23000D3E90023DDE90C01E1F75EF9CDE9040132
:10F24000241100234FF00208002C40F0E580002B31
:10F25000D0D1129BDDE90445002B00F04C81784BA6
:10F26000002220462946E1F77DFD002800F0438179
:10F27000B9F1000F00F03F81099B002B00F3E480FF
:10F28000DDE90C34CDE90434159B002B02DB0E2F95
:10F2900040F342820E9A002A40F067820B9CDDF810
:10F2A00018800025B8F1000F0DD00A9B002B0ADD55
:10F2B0004345069AA8BF4346D21A06920A9AA8EB7B
:10F2C0000308D31A0A930B9B0BB30E9B002B00F081
:10F2D000A682002C00F0A18229462246584613F04F
:10F2E000B3F8039A01460546584613F003F803990C
:10F2F0000646584612F080FF0B9B1B1B0B9300F039
:10F3000091820B9A3146584613F09EF803900121E2
:10F31000584612F0D9FF0F9B0446002B00F0848260
:10F320001A460146584613F08FF8209B012B0446DD
:10F3300003DC049B002B00F07C820026236904EB95
:10F340008303186919F0A4F90F96C0F120000A9BF5
:10F35000184410F01F0000F09182C0F12003042B2C
:10F3600040F38182069BC0F11C00034406930A9B74
:10F37000034480440A93069B002B05DD03991A463B
:10F38000584613F0BBF803900A9B002B05DD21467D
:10F390001A46584613F0B2F80446129B002B00F0B0
:10F3A00076820398214619F0C2F9002880F26F8214
:10F3B000002303990A22584612F040FF0E9B039047
:10F3C0007E1E002B00F05C82002329460A2258464C
:10F3D00012F034FF099B002B054603DC209B022B17
:10F3E00000F35E82B8F1000F05DD2946424658461B
:10F3F00013F084F805460F9B002B00F0D08269685B
:10F40000584612F0B9FE0746002840F07F820D4BA7
:10F41000024640F2EA2153E5E20706D5D5E900238A
:10F42000E1F76AF808F101080123641008350BE7D9
:10F430004FF002080DE700BF7096030048960300E6
:10F440000000F03F40D003002046AD4B002229468B
:10F45000E1F752F8CDE90401099C7E1E08F101088C
:10F460004046E0F7DFFFDDE90423E1F745F8A54B6F
:10F470000022E0F78BFEA1F15073CDE9100111934A
:10F48000002C3BD1DDE904019F4B0022E0F77CFE1C
:10F4900002460B46CDE90423DDE91023E1F780FCA9
:10F4A000002840F05781DDE9102101F10043DDE93A
:10F4B0000401E1F757FC00283FF4E2AE00242546A2
:10F4C000219BDDF820A0DE434FF00008214658467E
:10F4D00012F092FE002D00F0A980B8F1000F05D0C7
:10F4E000A84503D04146584612F086FE29465846A4
:10F4F00012F082FE9AE03E464C46B1E7834B03EBA6
:10F50000C40353E90201089B1C440E9B002B4AD004
:10F5100002460B4600207E49E1F718F9DDE9102389
:10F52000E0F732FECDE91001DDF820A0DDE90401AD
:10F53000E1F788FF0546E0F775FF02460B46DDE977
:10F540000401E0F721FE3035CDE9040102460B4607
:10F550000AF8015BDDE91001E1F722FC002865D122
:10F56000DDE904236B490020E0F70EFE02460B465E
:10F57000DDE91001E1F714FC002840F00D81A245FF
:10F5800000F0EA80DDE910015D4B0022E0F7B4FFF6
:10F590005B4BCDE910010022DDE90401E0F7ACFF8F
:10F5A000CDE90401C2E7DDE91023E0F7A5FFCDE9CD
:10F5B0001001DDF820A0A046DDE90401E1F742FFDB
:10F5C0000546E0F72FFF02460B46DDE90401E0F7B0
:10F5D000DBFD30350AF8015B02460B46A245CDE95A
:10F5E00004234FF0000223D1494BDDE91001E0F77D
:10F5F000CDFD02460B46DDE90401E1F7D1FB002811
:10F6000040F0CA80DDE9102341490020E0F7BCFD4D
:10F6100002460B46DDE90401E1F7A4FB70B1C246E6
:10F6200008F1FF381AF8013C302BF8D0374655E086
:10F63000334BE0F761FFCDE90401BDE7DDE90C34B0
:10F64000CDE90434159B002BFFF628AE0E2F3FF7B3
:10F6500025AE2E4B03EBC703D3E90034CDE90634C6
:10F66000219B002B02DAB9F1000F64D0DDE90445DB
:10F67000DDF820A0DDE9062320462946E1F766F8FB
:10F68000E1F7E0FE0646E0F7CDFEDDE90623E0F710
:10F6900033FF02460B462046294606F13004E0F7C8
:10F6A00073FD0AF8014B089CAAEB0404A14502462D
:10F6B0000B4640F08280E0F769FDDDE90623044651
:10F6C0000D46E1F76DFB002865D1DDE906232046F4
:10F6D0002946E1F73DFB08B1F3075CD4039958468E
:10F6E00012F08AFD00238AF80030229B01371F6048
:10F6F000249B002B3FF41BACC3F800A017E400BF11
:10F700000000244000001C400000144070960300DC
:10F710000000E03F0000F03FA24B03EBC703D3E93A
:10F720000034CDE90634219B002B9FDAB9F1000F9C
:10F730009CDC7FF4C3AE9C4B0022DDE90601E0F7C0
:10F74000DBFEDDE90423E1F721FB044600287FF41A
:10F75000B5AE3E462546B4E0DDE90C34CDE90434CF
:10F76000159B002B01DB0E2FD6DD209A012A36DCFB
:10F77000139A82B303F233430B9CDDF81880069A88
:10F780001A4406920A9A01211A4458460A9212F023
:10F790009BFD054686E53E4653469A4613F8012DE5
:10F7A000392A06D1089A9A42F7D1089930220136AF
:10F7B0000A701A7801321A7038E77C4B0022E0F7A1
:10F7C0009BFE0022002304460D46E1F7C1FA002803
:10F7D0003FF450AF82E7149BC3F13603CCE70B9B99
:10F7E00009F1FF34A34208DBB9F1000FA3EB0404D5
:10F7F0000EDBDDF818804B46C1E70B9B0F9A0B948C
:10F80000E31A1A44DDF818800F924B460024B6E73D
:10F81000069BA3EB09080023B1E7039E71E50B9A51
:10F82000039970E5039672E5209B012B17DC049B7E
:10F83000ABB9059BC3F313039BB9059B23F00046AB
:10F84000360D360536B1069B013306930A9B01330C
:10F850000A9301260F9B002B7FF470AD0F960120B9
:10F8600075E50026F6E73FF486AD069A1C331A4488
:10F8700006920A9A1A4498440A927CE50346F4E7F1
:10F88000099B002B2BDC209B022B09DC27E0B9F124
:10F89000000F1DDC209B022B1ADDCDF824903E4684
:10F8A000099B002B7FF40CAE21460522584612F02E
:10F8B000C5FC01460446039818F039FF00287FF77D
:10F8C000FFADDDF820A031230AF8013B0136FBE54E
:10F8D0000E9BCDF824903E46002B7FF483AD089F0D
:10F8E0000398214618F0FDFD00F1300907F8019B4F
:10F8F000089B099AFB1A9A4240F3CB800399002394
:10F900000A22584612F09AFC0390E9E72A6902326B
:10F91000920005F10C010C3018F0ABFC01223946C5
:10F92000584612F0EBFD089B03F1010ADDE90823BC
:10F9300013440A93049B03F00103A8460B93054666
:10F940000AF1FF3321460398069318F0CAFD414699
:10F95000099000F13009039818F0E9FE2A46214683
:10F960000746584612F036FEC268014602B35846B2
:10F9700012F042FC002F3ADA03990122584612F0A5
:10F98000BDFD2146039018F0D2FE002803DC29D1EA
:10F9900019F0010F26D0B9F1390F1DD132E02846F8
:10F9A000C1E700BF7096030000001440000024402F
:10F9B0000E90039818F0BBFE0E990C90584612F06A
:10F9C0001BFC0C9A5ABB209B53B90B9B43B9B9F152
:10F9D000390F17D0002F05DD099B03F1310901E034
:10F9E000002F2ADADDF818A00AF8019B6EE5209BAB
:10F9F0003B4304D1049B03F00103002BBCD0B9F1BD
:10FA0000390F36D1069F392307F8013BBA46013F2B
:10FA10001AF8013C392B5BD001333B7056E5002FBF
:10FA200006DB209B3B4306D1049B03F0010313B983
:10FA3000002AA1DCD6E7002AE1DC0A9B0AF8019C37
:10FA4000534557462FD0039900230A22584612F0F7
:10FA5000F5FBA84503904FF000034FF00A02414622
:10FA600058460BD112F0EAFB804605460AF1010A1E
:10FA700066E7DDF818A009F10109B5E712F0DEFB31
:10FA80002946804600230A22584612F0D7FB054635
:10FA9000ECE7099B002BC8BF1F46089BD8BF012776
:10FAA0001F444FF0000803990122584612F026FD2A
:10FAB0002146039018F03BFE0028A7DC02D119F084
:10FAC000010FA3D1BA4617F8013D302BFAD0FDE45F
:10FAD000089BBB429AD1089A312301361370F5E492
:10FAE000249B002B7FF41EAA014BFFF73DBA00BFF9
:10FAF000A8CF0300014810F0CFB800BFF0400020AD
:10FB00001FB50F480469836803A95B68984720B94B
:10FB10002268039B53405B010BD500220023CDE9F3
:10FB2000002308484FF4C032002310F04FFE04B009
:10FB300010BD054804B0BDE8104010F0ADB800BFDE
:10FB40001C8B030018250020F0400020084B1A6988
:10FB50001268920348BF80F0010028B19B68DB68FF
:10FB600003484FF4003118479B681B69F8E700BF52
:10FB70001C8B030010B4064BDA70064A58701068EC
:10FB800099708268146819460122234610BC1847F0
:10FB900033470020EC070020F0B589B01A4818F070
:10FBA000A1F960B1194813F0A7F90020FFF7CEFFC3
:10FBB0004FF0FF314FF0FF3010F0F0FBF8E7144E3C
:10FBC000144813F099F937785FB105F0B3FB10B919
:10FBD000307013F007F90C4809B0BDE8F04018F098
:10FBE00064B90D4D0FCD03AC0FC42B6823600B49D6
:10FBF00000973B46022203A805F06AFB0028EAD1E1
:10FC000001203070E5E700BF18250020D0A10300D7
:10FC100032470020E6A10300908E030038970300CE
:10FC20002DE9F04F964889B013F066F9FF2211468E
:10FC30000020FFF79FFF9349934817F0D7FE9349A1
:10FC40009348002218F025F900221146FF20FFF703
:10FC500091FF904C204617F0D4FC28B98E4813F041
:10FC60004BF909B0BDE8F08F4FF4D0118B4813F079
:10FC70009AF80120FFF76AFF204617F0C2FC00281F
:10FC8000EFD087484FF4803113F08DF8A568AE6946
:10FC900036B14FF0C0634FF0A0721A212046B04732
:10FCA0008049814B4B604FF080638B60EB6913B1EF
:10FCB00078480122984700F0DBFAA0B97B4812F09F
:10FCC00023F800227A4B1146FF201A70FFF752FFEB
:10FCD000784E304617F095FC38B9774809B0BDE842
:10FCE000F04F12F011B87548E9E7B4687449236819
:10FCF00030469847014628B1724809B0BDE8F04F38
:10FD000011F090BF7049236830469847014608B10A
:10FD10006E48F2E76E4C6F4A6F4BA2606F4A2360E9
:10FD2000E26000236E4ADFF8BC9163602261636188
:10FD3000A3614FF000084FF0400AB7686A497B683A
:10FD40005C4898470146002800F0F280674811F0AF
:10FD500069FFBAF1010AF0D14046E0F799FE4FF091
:10FD60007251E1F797FB11F0ABF94FF07E51054668
:10FD7000E0F730FF08B14FF07E55284611F070F9DA
:10FD80005B495C4DE1F786FB0021E0F7CDFD5A4968
:10FD9000E0F7CAFD5949E1F77DFB59490746286854
:10FDA000E1F778FB01463846E0F7BEFD286018F021
:10FDB00029F8544B544F93F800804046E0F768FE12
:10FDC0002968E0F711FF514A5149002800F02081CD
:10FDD000136850484FF0000B0833C1F800B04FF0E3
:10FDE000010A4146136087F800A013F085F84A4BDA
:10FDF000D3F80080B8F1000F17D0484B18221B68C9
:10FE00000193594602A818F042FA019BADF814A0DC
:10FE100002A94046CDE9033708F0A6FE01460028B6
:10FE200000F0EC803E4813F067F83E4B1B78002B47
:10FE30003FF47FAF384BD3F80080B8F1000F3FF4A8
:10FE400078AF2868384FE0F7EDFE384B40B21D68B8
:10FE500038801822002102A818F019FA022302A9FA
:10FE60004046CDE90357ADF8143008F07DFE014659
:10FE7000002800F0DC802A4813F03EF859E700BF64
:10FE800019A2030099FB0100F0400020F5FA0100DF
:10FE9000182500201C8B030022A2030050970300AA
:10FEA000489703000041002001FB010037A2030036
:10FEB000324700206C8B030070A2030055A20300A0
:10FEC0005C0D00208DA20300540D002085A20300CC
:10FED000D0400020409454BE4094543E864B92BF84
:10FEE0008552D33E00803BC5D8070020AEA2030058
:10FEF0000000A041EC4000200000C040CDCCCC3D33
:10FF00006666663F3C0F002037470020C440002053
:10FF1000C0400020D1A20300144100201041002065
:10FF200001A3030038470020FE4600200C410020BA
:10FF3000414BB3F900503B8902A96B4302930BF08C
:10FF4000D7FB08B9029D2D133C4BDFF8F4B01868BD
:10FF5000281AE0F79DFD3B4B19680546E0F7E2FCE7
:10FF600039490746DBF80000E1F794FA01463846C4
:10FF7000E0F7DAFC334B21681D60CBF80000074640
:10FF8000E1F788FA6169E0F7CFFC61680546384619
:10FF9000E1F780FAE16883462846E1F77BFA0146FB
:10FFA0005846E0F7BFFCA169E0F7BEFCA1686061BC
:10FFB0003846E1F76FFA216907462846E1F76AFA01
:10FFC00001463846E0F7AEFC2049A0612846E0F73C
:10FFD0001FFE78B949462846E0F7FCFD60B929467E
:10FFE0002846E1F757FAE0F71DFE80447D2017F020
:10FFF00003FBAEE6154DF2E74D46F0E72868E0F763
:020000022000DC
:1000000023FA02460B461248397812F075FF0CE7C6
:100010000B6810600F4A387008330B6011680029B4
:100020007FF403AF632B84BF01231360FDE6B7F9B0
:100030000010094820E700BFFC460020D40700203C
:10004000C8400020CC40002052B87E3F00803B4595
:100050001CA30300D007002047A3030038B5064DBA
:100060001178064829701C4612F046FF297804488A
:1000700012F042FF204638BD3C0F002061A3030070
:1000800077A3030010B51C46034B11780348197081
:1000900012F032FF204610BD38470020A5A3030010
:1000A00008B5014610B1074811F0BCFD064811F033
:1000B0002BFE064B064801221A70BDE8084006F0E8
:1000C00005BA00BFBEA30300D3A303003A47002034
:1000D000F007002008B5054811F0A4FD044B0022EC
:1000E0001A60BDE80840012012F07CBEDDA30300C9
:1000F00014410020012910B50C4609D0022917D05F
:1001000089B90C4812F0F8FE0B4B0C491C7005E045
:100110000B4812F0F1FE084B0A491C70BDE8104074
:10012000094812F0E9BEBDE81040084812F0E4BEEC
:1001300010BD00BF28A403003947002040A40300DD
:10014000F7A303000EA4030016A4030049A40300B0
:10015000034B044A1A60044B044A1A60704700BFFC
:1001600010410020BC9703000C4100206C97030055
:1001700030B5334B9BB00546186029B131481BB0F0
:10018000BDE8304011F04EBD12A906F051FA20B181
:100190002D4811F0B9FD1BB030BD284614F0E3FC2A
:1001A00003780446032B44D8DFE803F0023D3F41C7
:1001B000264907A818F081F907AAA3790592627861
:1001C0000492A2780392E2780292227901926279F3
:1001D00000921E211E4A0AA812F09DFEBDF8603052
:1001E0000193BDF85E309DF8492000930AA9BDF83F
:1001F0005C30184811F016FD0320FFF7A9FF12F03C
:10020000F1FD154A1068516807AB03C307AB06A997
:100210002846069314F00BFD01460028BBD00F487A
:1002200011F000FDB7E70E49C3E70E49C1E70E49DB
:10023000BFE70E4A0A2107A812F06DFEBCE700BF17
:100240001441002077A4030093A40300A8A4030092
:10025000CAA40300EDA40300F49503006DA50300F8
:10026000AFA40300B6A40300C0A403005AC5030052
:1002700010B5074811F048FD064804F049F9044656
:1002800018B10146044811F0CDFC204610BD00BF56
:100290008CA50300A10002009DA503002DE9F04FED
:1002A00091B08407009302F004030293C2F3C203E7
:1002B00003F10103DDF86890039205460E460593AD
:1002C00040F0BA81041D30B1072909D86FF01B0036
:1002D00011B0BDE8F08F01F00706341DC6F1080625
:1002E000009B4FF00008591E4FF0040A4FF0FF33F7
:1002F0000193CDF810804746C34653460DB1009A8E
:1003000022600598002800F3E8809848009A82420D
:1003100003D397488242C0F0E080039AA4EB050E15
:1003200092074FEA9E0000F103810F2F00F2B18087
:10033000002D00F0058107F140020DEB020C019A3F
:100340000CF8200C0CF8102C049801300490E7E015
:100350007A285DD84B280ED8472859D829282DD877
:10036000252852D054D820287AD02338D0F1000B39
:100370004BEB000B74E04C382E2849D8DFE800F036
:100380007048484848484848484848484B484848C2
:10039000484848484859484B4B595959704B6D4843
:1003A0007048184B184848827F4B48484B487F009C
:1003B00000204FF0000B4FF0040A38E02A38C0B29A
:1003C000012202FA00F010EA0E0F49D110F0625C2F
:1003D0002FD110EA020B43D06046013C5444B4FBD9
:1003E000FAF40AFB04F4002D61D0A3EB050CA4443D
:1003F0006645FFF46BAF002868D1042B47D159F84C
:10040000043B2360043404232AE0019A013A019258
:100410004FF0000B24E011F8010C6C2834D111F8D6
:10042000023C00206C2B8346C5D14FF0080A53468E
:10043000D3E709F1070929F007090734F9E802AB06
:1004400024F0070435B106982044B0423FF63EAF91
:10045000C4E900AB08344FF0000B4FF0080A5346D4
:1004600011F8010F002878D0BBF1000F7FF470AFB6
:100470002528F5D1019B013301934FF0010B4FF07B
:10048000040AECE7584694E700208346A5E7082BCA
:1004900002D06FF015001BE709F1070929F00709E1
:1004A000F9E80223C4E9002308340823D8E768B92F
:1004B000042B02D109F10409A4E7082BE9D109F1C1
:1004C000070929F0070909F10809EDE7059A013A3A
:1004D000059259F8042B009210E7039A900720D553
:1004E000A4EB050E4FEA9E004FF0010CBEF5007F15
:1004F000CFD20F2FCDD8F5B107F140020DEB020E90
:10050000C0B2019A0EF8200C0EF8102CBCF1000FAE
:100510003FF41AAF60F07F000EF8200C08F10108DC
:100520000137C5F10802043406924FF6DA7E97E7E8
:100530004FF0000CDAE7BCF1000F01D00136EFE715
:10054000029802360028EBD10098CDE90631F9F780
:100550000BFBDDE906310644E2E7631BB3F5806F70
:1005600097D23DB9A6F10804E018B1E6408A03002D
:100570007CD10300029A28609B082B709DF81030F4
:10058000C2B1EB7085F80280B8F1000F05D008A861
:100590000022C5F1010C97420ED1C5F101030DF106
:1005A00020094FF0000A01930DF1300B574512D18D
:1005B000601B8DE66B70E5E710F8013B190608D566
:1005C00004EB0C0E764503F07F03FFF47FAE04F8D6
:1005D000013B0132DFE7B8F1000F03D099F90020A9
:1005E000002A17DB029BD3B11AF80B2004F8012B69
:1005F0000022019B981820448642FFF467AE99F8C8
:10060000000004F8010B00990392204617F031FE18
:10061000039A14440AF1010A09F10109C6E799F89D
:10062000002055F822300093029B45F822300098B4
:10063000F9F79AFA421CDCE76FF00D0048E600BFBC
:100640002DE9F04F95B000AF90F802B0BB61BB6FE1
:100650007A62C3F3C00304463B618A4641B94578D8
:1006600000780BEB80002044554517D8A0EB040A16
:10067000E3787B61BBF1000F02D0BB6FD80716D4C3
:100680007B6953BB7B6A1BB1BA69514620469847C8
:10069000554628465437BD46BDE8F08F461C3046C7
:1006A000F9F762FA013030440AF1010ADCE72378F5
:1006B0003B629B00FB603B6A6268FA6104EB830962
:1006C0007B6A002B40F0FE805546C84609EB0B0ABA
:1006D0000026D04551D1D94413E0BB6F9907D1D53D
:1006E00023783B6299469B00FB606368FB617B6AF1
:1006F00004EB8909002B7AD15546BBF1000F4FD18D
:100700005E46BB6F13F0050F7B6909EB430ABB6FB5
:1007100003F002030CBF4FF0020B4FF0010B7B62A2
:10072000D145B6D019F8021B19F8013C54F82380C2
:10073000AA4B984502D3AA4B984538D33B69002B66
:1007400042D0F86912F09EFB00283DD0E8468AB0FE
:100750006A46A44B5361FB69C2E906314FF400734A
:100760001384A14B42F8103FA04800234FF41251CC
:1007700001F00AF9023DC546D2E718F8013B54F8EA
:100780002300F9F7F1F9FB6F01303BB1D7F8803066
:100790009E423EBFFB6F23F816000136054498E7E2
:1007A000BB6F13F004061CBF7E6AD944A9E73B69FE
:1007B00023B1F86912F066FB0028C7D1BB6FDA07D6
:1007C00005D4A5EB0B05ABE77B6A002BA8D0404610
:1007D000F9F7CAF9FB6F43B1D7F880309E423FBFAB
:1007E000FA6F431C22F816300136054498E7BBF136
:1007F000000F6DD0BB6F13F004066CD0D8460026F6
:1008000007F140005A46494617F033FD7B695B000B
:100810007B607B69D94409EB4303BB60BB6F03F08A
:1008200002033B60BB684B4557D1B96F6378B86F23
:10083000890706EB030254BF4FEA58010021C507A0
:10084000D2B200F19A8010F0040F14BF404600208D
:10085000FB616270A070E170BA69F9687B6A20463A
:100860009847051EFFF615AF3B6A2370FB6963705E
:100870007B69E3704146BA697B6A84F802B007F18C
:1008800040009847B0F10008C0F2A480FB68BA6944
:10089000AAEB0B01C91A7B684846C91A7B6A9847BC
:1008A0000028C0F29980A84408EB00054FF0000B27
:1008B00007F1300AB34562D30021BA697B6A084662
:1008C0009847E6E65E464FF0000807F1300099E7EA
:1008D0005E46D8469AE7B04698E719F8021B3F4BA8
:1008E00019F8015C54F82500984202D33C4B984219
:1008F0001DD33B6923B1F86912F0C4FA002891D1E5
:100900003B68FBB908F1280307F1280208F1010050
:1009100003EB020C07F1500353FA80F008F10208D0
:100920000CF8101C5FFA88F800F8105C7AE73B6955
:100930002BB1F86912F0A6FA00287FF473AFBB6FF1
:10094000DB0709D506F1280307F12802711C9E1860
:1009500006F8205CCEB265E7BB6F58077FF562AF43
:1009600008F1280307F1280208F1010103EB02084E
:1009700008F8105C5FFA81F854E7002068E71BF87C
:100980000A3087F82F3054F82390FB6FFBB133F80F
:100990001B80BA697B6A012107F12F009847002864
:1009A0001ADB0544B8F1000F06D14846F9F7DCF828
:1009B00000F101081FFA88F8BA697B6A4146484687
:1009C0009847002808DB05440BF1010B72E7D7F8C4
:1009D0007C80DEE745465CE605465AE6408A030031
:1009E0007CD10300C9A5030004000001FC8D0300B5
:1009F000014B1860704700BF9408002030B587B0E5
:100A00000025CDE903010446009503A90548059595
:100A100000F07AF9DDE904309842B8BF255407B0F8
:100A200030BD00BFD32E03002DE9F047058B0446EF
:100A30002807904611D4022905F0070540F0CD8023
:100A4000204612F04AFC78B10138218B042811D8D5
:100A5000DFE800F0C3106D85950001290CBF45F05B
:100A6000100545F02005258388F31188BFF36F8FAB
:100A7000BDE8F08701F0070AAA4500F0A68000272C
:100A8000B9463E46A368002B00F0BD8041F0080146
:100A9000218388F31188BFF36F8FA168002900F0CC
:100AA000BB800D68002900F0B780D1F80480334680
:100AB00052462046C047002D76D02B6829461D4659
:100AC000F0E701F007035A1F012A1BD8002221F08A
:100AD0000701062B276889B2C4E9002209D13B46E9
:100AE00003E0628B013262831B68002BF9D141F075
:100AF00002012183204612F0F0FB00287BD041F058
:100B0000200177E0042B0AD121F0070189B221836B
:100B1000204612F0E2FB10B141F020012183218B2D
:100B200001F0070AAA4550D00027B946AAE7236971
:100B300021F0070141F00601062DD3F80090218332
:100B40002DD1B9F1000F40D041F00801218388F385
:100B50001188BFF36F8F3A492046C84729E021F03A
:100B60000701236941F0040189B2042DD3F80490F0
:100B70002183E6D000273E464FF0040A82E721F0A9
:100B80000701236941F0050189B2052DD3F80890CA
:100B90002183D6D000273E464FF0050A72E7002792
:100BA0003E464FF0060A6DE72B4687E7B9F1000F86
:100BB000D1D14FF04003EFF3118883F31288BFF3D4
:100BC0006F8F238B23F008032383258BEA062ED512
:100BD00025F01003238305F007056669218B002E9D
:100BE000BFF66FAF00232768C4E9003321F0070187
:100BF00041F001012183218B01F0070AAA454FF042
:100C000000097FF43FAF002F9BD041F00801218302
:100C100088F31188BFF36F8F002FC7D03D68394626
:100C200033465246204612F084FB2F46F4E7AB06CB
:100C30007FF51AAF25F02003238305F00705FFE6B3
:100C40005F330300F0B5094E016802460A27002011
:100C50000B4601311C78355D6D0701D41360F0BD82
:100C600007FB0043A3F13000F2E700BF7ACE030098
:100C70002DE9F84F15469A46D378224A12F803B068
:100C80006F2B80460F460BF0030B29D024D8582B2E
:100C90000CBF10260A26DDF8289032460023404675
:100CA0003946DFF7E5FF092AD4B21ED83034B04503
:100CB000E4B277F1000709F8014D01D3D14511D80D
:100CC0002B789B0605D5082E15D1AB7843F0080389
:100CD000AB704846BDE8F88F03F0F703702BD7E7F9
:100CE0000826D8E780460F46D7E7BBF1010F0CBFB7
:100CF00037345734DBE7102EEBD1AB7843F01003D9
:100D0000E6E700BF7ACE03002DE9F04F97B08A46A0
:100D1000039016461C460025307808B928464BE358
:100D2000731C2528049307D0039B5146984700283D
:100D3000C0F242830135F0E11822002110A817F01B
:100D4000A6FA7378252B00F0A3800023711C984627
:100D50009E469C4618460F4611F8012B2B2A00F0A0
:100D6000C68000F2BD80202A00F0C480232A00F053
:100D7000C4802BB19DF8483043F040038DF84830D3
:100D8000B8F1000F05D09DF8483043F020038DF8EE
:100D90004830BEF1000F05D09DF8483043F01003F5
:100DA0008DF84830BCF1000F05D09DF8483043F075
:100DB00008038DF8483028B19DF8483043F004030B
:100DC0008DF848309DF8483003F04401442903D1A0
:100DD0006FF386138DF848309DF84830099743F03B
:100DE00080032A2A8DF8483040F08C809DF84930E5
:100DF00043F001038DF849307B1C1A782E2A9DF8A8
:100E000049200CBF0121002161F341028DF84920E6
:100E10000CD15A1C09925A782A2A40F083809DF8F6
:100E2000492042F004028DF8492002331A786C2AD6
:100E300000F0A48000F28680682A00F08C806A2A84
:100E400000F0A5804C2A00F0AA801A4612F8013B57
:100E50000492782B9DF849208DF84B3000F21781D1
:100E60006D2B00F2A980692B00F21181572B00F243
:100E7000BE80412B03D0453B022B00F208819DF838
:100E80004A30042262F302038DF84A300123CAE09B
:100E9000B21C04928DF84B309DF84930D90740F1CF
:100EA000FD8054F8048BB8F1000F07DA9DF8482054
:100EB00042F004028DF84820C8F100085A0740F1BA
:100EC000F68054F804BBBBF1000F80F2F5809DF86A
:100ED00049306FF341038DF849304FF0FF3BEBE0B1
:100EE0002D2A0DD0302A7FF444AF012333E74FF091
:100EF000010C30E74FF0010E2DE74FF001082AE713
:100F0000012028E709A8FFF79DFE099BBB423FF49B
:100F100074AF9DF848201390C00F60F341028DF824
:100F200048206AE709A8FFF78DFE9DF84830149025
:100F3000C3F3400242EAD07262F341038DF84830B5
:100F4000099B73E7742A26D07A2A7FF47EAF9DF836
:100F5000492006210CE05A78682A9DF8492006D1DC
:100F6000012161F3C6028DF8492002336DE70221A9
:100F700061F3C6028DF84920013366E75A786C2A7E
:100F80009DF8492001D10421EBE70321F0E79DF80A
:100F900049200521ECE79DF849200721E8E7BDF845
:100FA000482022F4F04222F0020242F4804242F051
:100FB0000202ADF84820DFE76E3BD9B201238B4037
:100FC00040F282410B4238D113F0240F52D1DF0797
:100FD0005DD59DF84A30032161F302038DF84A3054
:100FE00002F07803A3F14000434243411BE0A3F128
:100FF0005801C9B2012000FA01F111F4624F7FF4E7
:101000003EAF40F6010739421DD111F4043F3ED0F6
:101010009DF84A3060F3020302F07802402A8DF80E
:101020004A3034D000239DF84820C2F340010B43DE
:1010300063F341028DF848202EE79DF84A300221E3
:1010400061F30203E8E79DF84A10022002F07802FB
:1010500060F30201402A8DF84A1002BF9DF8481043
:1010600041F001018DF84810632BDBD1131E18BF2E
:101070000123D8E79DF84A30032161F3020312F0FF
:10108000780F8DF84A3014BF01230023CBE79DF879
:10109000483043F001038DF84830C3E79DF94820FC
:1010A000002AB4BFDDF84C804FF0FF3806E79F07F9
:1010B0007FF513AFDDF850B09DF849100023CDE95E
:1010C00013339DF84A3003F00703012BC1F3C3012A
:1010D00033D1CB1E042B04D8DFE803F02146462190
:1010E0002100236801294FEAE372CDE910321CD1B7
:1010F0009DF94030DA17CDE9103204349DF84830BC
:1011000013F0030750D0049B03983246514612F067
:10111000CCF90028C0F250810544049EFCE554F847
:10112000043BDA17CDE91032E8E70229E5D11AB21B
:1011300043F3C033CDE91023DFE7022B24D1CB1ECC
:10114000042B04D8DFE803F0181010181800012948
:1011500054F8043B4FF0000214D00229CDE91032BC
:10116000CCD19BB21093C9E7073424F00704F4E80C
:101170000223CDE91023C1E754F8043B1093002368
:101180001193BBE7DBB2CDE7042B08D1073424F081
:101190000704D4E900230834CDE91023AEE7032B7C
:1011A000ACD154F8043BDDE79DF84B007828B4D867
:1011B00062281DD825283FF4B7AD5828ADD10DF1D0
:1011C0003E030093DDE910010AAB12AAFFF750FDC0
:1011D000BBF1000F814680F29980B9F1000F9CD0DD
:1011E0000DF13E06A6EB0903002F50D001334EE06F
:1011F0006338152891D801A252F820F07D12020020
:10120000E11202001B1102001B1102001B1102005F
:101210001B110200E11202001B1102001B1102004F
:101220001B1102001B1102006D13020007130200C4
:101230002F1302001B1102001B11020055120200A5
:101240001B110200071302001B1102001B110200F8
:1012500007130200BBF1000FDDF840900ADB59468E
:10126000484617F032F9B9F1000F3FF456AF09EBD9
:10127000000677E04846F8F777FCF8E7109B8DF812
:10128000283000270DF129060DF1280901239DF8CA
:101290004A1011F01002069200F082800233139A75
:1012A000059213444A0644BF14995B18B8F1000F25
:1012B00040F38F80A8EB03089DF848305807C3F32C
:1012C000800B00F18680590679D53FB1039B5146CA
:1012D0003846984700286FDB01355F4630236FE0C2
:1012E0001E075CBFC3F300135F01DDE9102348BF95
:1012F0002B27002BBFF663AF524263EB4303CDE9CC
:1013000010232D275BE7002759E700279DF8481099
:101310000DF13E03A3EB09036FF386119B458DF896
:1013200048107FF65AAFABEB0303139355E71098C1
:1013300080B30DF13E060AAB009612AA0021FFF71A
:1013400097FCBDF84A3003F0EF0343F4F04343F059
:101350001003BBF1000F8146ADF84A30D5DA002802
:101360003FF4DBAEA6EB0903002790E7109B0729AB
:101370003FF6D3AEDFE801F00C04060C08080C0CB5
:101380001D70CAE61D80C8E6EA17C3E90052C4E62C
:101390001D60C2E6304E0746A6F10509052376E733
:1013A000080748BF01337AE7184607935146039B65
:1013B00098470028079B04DA17B0BDE8F08F202378
:1013C000C346594600290BF1FF3BEDDC45446D1A3D
:1013D000D84637B1039B5146384698470028EBDB87
:1013E00001359DF84A30DA0601D41B0706D5039B68
:1013F0005146302098470028DEDB0135069B3BB183
:101400009DF84B00039B514698470028D4DB0135DB
:10141000059F2F4406E0039B514630209847002843
:10142000CADB01357B1B002BF5DC039833464A46AB
:10143000514612F03AF80028BEDB0544A844A8EB58
:101440000503002B7FF769AE039B51462020984788
:101450000028B1DB0135F2E782A603002DE9F04751
:10146000DFF85880044607464FF0010914B93846A2
:10147000BDE8F08794FAA4F5B5FA85F509FA05F305
:101480002E0108EB05156FEA030A24EA03042B7BFF
:10149000002BEBD058F806301B694BB946440422A8
:1014A00073682846196807EA0A0700F059FADDE769
:1014B000284698470028D9D1F0E700BF748E030072
:1014C00030B51049104889B0002216F0E2FC0F4DEB
:1014D0000F4900220023CDE9062300240E23CDE985
:1014E0000334CDE901440B4B00944FF4407228467D
:1014F0000EF0D2F80849284616F03CF9204609B00B
:1015000030BD00BF1D150200D82900205025002045
:10151000404E00200D18020083A6030001480EF083
:101520001DBA00BF501000202DE9F04780461F482B
:101530000F4612F047FA0646002830D0002528460C
:10154000BDE8F087237B73B12368DB680BB12046CD
:10155000984723681B69D3B9636804221968204639
:1015600000F0FEF9013610344C45EBD3B8F1000F12
:10157000E5D0002DE2D02846FFF770FF0546002F8A
:10158000F7D000214FF4A4700EF008FFF1E72046D9
:1015900098470028E0D00AFA06F31D43E2E7044C1E
:1015A000DFF8109005464FF0010ADDE728410020E2
:1015B000748E0300848E0300014B53F820007047A3
:1015C000FC98030008B5034608462BB1044A136093
:1015D00000F07CFC002008BD6FF01500FBE700BFA9
:1015E0009808002010B5044C237813B903480EF076
:1015F000B5F90123237010BD3B4700205010002097
:1016000010B50446084812F0DDF95CB1BFF35B8FFA
:10161000064B53E8001F013943E80012002AF8D1B5
:10162000BFF35B8F10BD00BF20410020244100208C
:101630000020064BBFF35B8F014653E8000F43E8E1
:101640000012002AF9D1BFF35B8F704720410020C0
:1016500070B5FFF7EDFF084C084E0546B44200D3C5
:1016600070BD63685B792BB123685B6813B1294651
:10167000204698471034F1E7748E0300848E0300EF
:1016800010B5044C0449204612F02DF8034B1C60A1
:1016900010BD00BF540F0020E8980300184100203F
:1016A000084A094808B500231370084A1360084A1D
:1016B0004FF400411360FFF785FFBDE80840FFF7D6
:1016C000DFBF00BF3C470020C1390300204100209C
:1016D00024410020014600220148002312F024B8D2
:1016E000540F0020014812F0BDB800BF540F002075
:1016F000024B0146186812F007B900BF18410020DC
:10170000014812F03DB900BF540F002070B5284BBE
:10171000187800284BD0FFF7E5FF054690B1BFF3DE
:101720005B8F244B53E8001F013943E80012002A65
:10173000F8D1BFF35B8F204C204EB4422DD3284606
:10174000FFF7D6FF1E4B1F4C1B68002B19DD16F050
:1017500059FB4FF47A72A0FB020302FB0131C30B69
:10176000D4E9002043EA41439B1A4FEAD13140F2C9
:10177000E93261EB0001934271F1000101D3FFF7FF
:1017800067FFD4E9003213F57A7342F10002C4E92D
:101790000032BDE87040FFF7B3BF63685B7923B1E7
:1017A000236829461B68204698471034C5E770BD5A
:1017B0003B47002024410020748E0300848E0300E8
:1017C00020410020D029002070B50D4D297861B945
:1017D0000120FFF7A9FE0B4C0B4EB44206D3FFF7D6
:1017E00095FF0028FBD101232B7070BD63685B79E6
:1017F0001BB1236820469B6898471034EDE700BF73
:101800003C470020748E0300848E030000212DE9E4
:10181000F0470846FFF788FE044648B340F2676881
:101820004FF000090EF0EEFD1A4B186030B11A4B64
:101830001B68092B02DD19480EF090F8184FDFF8ED
:101840005CA0002544B12046FFF708FE044618B905
:101850004FF0FF384FF0FF39FFF758FF064628B921
:10186000B5B942464B4650460EF09EF83546E9E77C
:101870004FF0FF384FF0FF39D4E72B689B691BB15D
:1018800000221146284698471035BD42F5D3E8E7B7
:10189000044DFAE71C410020244100205010002094
:1018A000848E0300748E030013B5184812F08AF872
:1018B000174B1B787BB14FF04003EFF3118483F398
:1018C0001288BFF36F8FFFF721FF84F31188BFF3F6
:1018D0006F8F02B010BD0F4B1B68002BF9D050B9B1
:1018E00000220023CDE900230B484FF400420023DF
:1018F0000EF06CFFEDE70928EBD1074816F0D5FA9A
:10190000064802B0BDE810400EF028B8244100207F
:101910003C4700201C410020D82900205010002006
:1019200010B5064B1B68044698472146A060044842
:1019300011F078FFBDE81040FFF7B6BF980800200F
:10194000540F0020044A054B9B1AB1EBD30F34BF50
:1019500052F83100002070476C8D0300748E030034
:10196000084BC31A10B41B11446801332371436838
:101970009A7143681960436801225A7110BCFFF7DD
:1019800031BE00BF748E03002DE9F04F8FB004AF5D
:10199000C1F34A28B8600D4691467B600C0DB8F142
:1019A000000F63D0002607F114034FF0040B4FF033
:1019B0000A0AC7F80C80C7E907667E620193CDF872
:1019C00008B0CDF800A007F11C03F968324648467C
:1019D000FEF736FEB0F5006F03461CD36C468AB0A6
:1019E000D9F8041004AB2648C3E9050140F2FF71A1
:1019F000D9611A464FF400711984224B42F8103F06
:101A0000214833464FF41251FFF7BEFFA5462C374D
:101A1000BD46BDE8F08FC0F30A0804F11700184472
:101A200020F0070080083B60FFF754FE68F3532561
:101A3000044690B13B68154AC7E9083600F1100129
:101A400007F11403F961CDE900A3CDF808B0F968F6
:101A500007F11C034846FEF7F3FD68F353257B6846
:101A6000B9682A46204611F0E3FFD0E704F11700D9
:101A700020F007008008FFF72DFE0446EDE700BFC9
:101A800098A6030004000001148E0300053A030029
:101A90002DE9F04F87B0DDE91269DDE9105A0446FF
:101AA0000F4693469846A6B31021CDF800903346D2
:101AB00052460020CDF81490FEF7F0FB014605F1E8
:101AC00017000844144B039104F007040BF0070BB4
:101AD000E40020F0070003EA412344EA8B14800865
:101AE0001C43FFF7F7FD44EA0554054640B13EB1FB
:101AF0000399CDF80090334652461030FEF7CEFBE6
:101B0000434622463946284607B0BDE8F04F11F05B
:101B10008FBF3146D3E700BF00FE0F000EB403B500
:101B200003AB014653F8042B0448019311F0FCFF6A
:101B300002B05DF804EB03B0704700BF513B0300F7
:101B4000CA0605D48B064CBF02490349FFF7E6BF1E
:101B5000704700BFD8A60300D7A603002DE9F04FB9
:101B600089B09A46DDE914739DF84CB00593169B35
:101B7000179E069204460D460493BBF1000F00F039
:101B8000858006F00803079311F03AFF06F002097A
:101B90000246002849D086492046FFF7BFFF80460D
:101BA000B9F1000F08D016F0440F40D181492A4600
:101BB0002046FFF7B3FF804406F0010353B17E4B8C
:101BC0007E4953F82B207E4B2046002A08BF1A4638
:101BD000FFF7A4FF06F00803002B54D0794B7A4995
:101BE00053F82B202046FFF799FF0546069B2BB1A3
:101BF00076491A462046FFF791FF0544BAF1000FD7
:101C000005D0734952462046FFF788FF05444544F6
:101C1000002F49D1049B002B4FD1F30700F1C18065
:101C200031462046FFF78CFFB5E08046B8E7694BA8
:101C300018680028BFD0684B4FF47A791B68B5FB51
:101C4000F3F54FF46161B5FBF0F300FB135509FBAD
:101C500005F54FF03C0CB3FBF1F201FB1231B5FB83
:101C6000F0FEB1FBFCF300FB1E550CFB131109FB4E
:101C700005F50091B5FBF0F55849CDE901E52046A1
:101C8000FFF74CFF97E706F00805AFE7BAF1010F41
:101C900006D1002F65D1049B002B7CD000250CE0E1
:101CA000002FF8D04E485DE04E484F493B46224653
:101CB00011F0B7F8049B002B69D0DFF83081DFF812
:101CC0003091049F3146102F204628BF1027FFF780
:101CD00037FF4FF0000A554546DC059B49461A7808
:101CE0002046FFF71BFF4FF0010A1AF0070F03D140
:101CF00041462046FFF712FF57453CD9059B494610
:101D000013F80A202046FFF709FF0AF1010ABAF189
:101D1000100FEAD1374920464FF0000AFFF7FEFEC8
:101D20005246059B9A5C344B995C11F0970F08BFA3
:101D30002E2232492046FFF7F1FE0AF1010ABAF1DC
:101D4000100F1DD01AF0070F03D141462046FFF7B0
:101D5000E5FE57455246E4D841462046FFF7DEFEF1
:101D6000EBE720485D46A0E741462046FFF7D6FE58
:101D70000AF1010AAFE722492046FFF7CFFEC4E788
:101D8000059B3B440593049BDB1B049399D1BBF15A
:101D9000000F7FF442AF204609B0BDE8F04F11F0CC
:101DA000CABE074A05492046FFF7B8FE38E700BF1C
:101DB000DFA60300E3A603000C9903008CB2030026
:101DC000DAA603002099030008A703000EA703006A
:101DD00012A70300304100202C410020ECA6030094
:101DE000873B0300513B0300293B03001FA703006F
:101DF00017A7030021A703007ACE030023A703003F
:101E00001DA703002DE9F0410F884B688E6886B04E
:101E100005460C469046C7F382175BB1144A9B1ADD
:101E200043F3CF01002920DB2078C0F3C200FFF785
:101E300089FD03462146608851F8102B0197C2F3B3
:101E40004A22002A01EB0204C0F30B1008BF002154
:101E50000022CDE90408CDE902140092314628465B
:101E6000FFF77CFE06B0BDE8F0810023E2E700BF8B
:101E70006C8D030073B542F20F738B4228BF0B4683
:101E800005680F4A04460521684611F044F8636866
:101E90000C495B6806460B22284611F038FE636841
:101EA0003246694628465B6811F031FE6368064990
:101EB0005B681B22284611F02AFE02B070BD00BFED
:101EC0003CCD030042A7030026A70300074A0021D8
:101ED0000123904206D8064A01B901231360054B3D
:101EE0001860704740085B000121F2E740420F0094
:101EF0002C41002030410020014B01221A70704714
:101F00003D470020014B00201960704748410020E8
:101F1000024B034801221A7011F00DBE3E4700200B
:101F2000509903000148FFF7A5BF00BF5099030077
:101F300010B5064B18680C46FFF73EFB21460346DA
:101F4000BDE8104002480F22184700BF484100205A
:101F50005099030010B9074B18707047064B1B7857
:101F60001BB141F2883015F047BBA42000210EF0D0
:101F700015BA00BF3D4700203E4700202DE9F84339
:101F8000DFF874901D4F80460E46042499F80050E7
:101F900095B90DF073F92846324641460DF0F4F834
:101FA00005460DF075F9E5B101233B7099F8003055
:101FB00073B93046BDE8F8833246414600200DF043
:101FC000E3F80546EFE72046FFF7C4FF651E2C4601
:101FD00000200DF049F90028EBD03B78002BF2D11E
:101FE000E7E73B78002BE4D0013C2046FFF7B2FF47
:101FF0003B78002BCAD1DCE73E4700203D4700205C
:10200000014B036000207047609903000449431EA0
:102010000F3013F8012F8A5C1A708342F9D1704790
:102020008AA70300F0B5264E07460C460FCE8DB0AA
:1020300001AD0FC50FCE0FC596E8070085E8070074
:102040003846002F38D0002C38D0381F21460246A1
:1020500010344B780D781B0443EA0563CD782B438D
:102060008D78043143EA05238C4242F8043FF0D1D5
:10207000144C04218A07036916D1C3F30742A55CF7
:102080001A0EA25C42EA0562C3F30725DBB2655D66
:10209000E35C42EA054242EA032221F003033033C3
:1020A0006B4453F82C3C534050F8042F01315340FB
:1020B0002C290361DED101200DB0F0BD2046FBE7E5
:1020C000A48E03008AA703002DE9F047804600AFE5
:1020D0000C46002936D0E9468AB0D1E90012A3683F
:1020E0006D461C482E464FF0050AC5E90501C5E9B5
:1020F000072346F810AF1848324600234FF4215109
:10210000FFF742FCCD46D4E903126369AD4613489C
:10211000C5F810A0C5E90501C5E907230E4800234D
:1021200032464FF42151FFF72FFCCD46E3690C4AAC
:102130000948012111F0D5FCA3690A4A064801218A
:1021400011F0CFFC214640460DF0AEF8BD46BDE88B
:10215000F08700BF8AA803004C8E0300B9A80300D3
:10216000E8A80300F7A8030030BFFFF7FDBF00BFDA
:10217000044B99685869884203D003494FF0805254
:102180000A607047B846002004ED00E070B5294CA5
:1021900006460D462848294911F038FFA36AD9049C
:1021A0003CD52548264911F031FF1720A36A1A05AE
:1021B00004D52148234911F029FF18201D4CA36A9A
:1021C0009B0512D51C48204911F020FFA36BA26A81
:1021D000100409D51D4A1848012111F082FC1EB1D6
:1021E000A36A23F40043A3621920124CA36A590581
:1021F00004D51148164911F009FF1A20A36ADA051F
:102200000ED50D48134911F001FF1B20094A936AAE
:1022100043F47F43936200232B7070BD1620C5E703
:10222000A36A9B04F2D504480B4911F0EFFE1C2071
:10223000ECE700BF00ED00E04C8E030025A9030091
:102240003BA903004CA903005FA9030078A9030080
:102250008DA90300A8A90300C0A9030010B5204C54
:102260002049214811F0D2FEA36A990136D51E48B3
:102270001E4911F0CBFE1E20A36ADA0104D51A48CC
:102280001B4911F0C3FE1F20154CA36A1B0304D584
:102290001548184911F0BAFE2120A36A590304D544
:1022A0001148154911F0B2FE22200D4CA36A9A0381
:1022B00004D50D48114911F0A9FE2320A36ADB03C0
:1022C00004D509480E4911F0A1FE2420044A936A5E
:1022D0006FEA03436FEA1343936210BD1D20CBE7FF
:1022E00000ED00E0EFA903004C8E030007AA0300F5
:1022F0001AAA030034AA030052AA030077AA030013
:1023000091AA03002DE9F843364D804689463648A8
:102310003649174611F07AFEAB6ADE0627D53449F6
:10232000314811F073FE1124AB6A1D0704D5314901
:102330002D4811F06BFE12242A4DAB6A980718D570
:102340002D49294811F062FE6E6BAB6A190646D51D
:102350002A4A25483346012111F0C3FBB9F1000F89
:1023600003D0AB6A23F08003AB62132403E0102494
:10237000DAE76FF015061B4DAB6ADA0704D5204982
:10238000194811F043FE1424AB6A9B0604D51D497D
:10239000154811F03BFE1524124B9A6AD50602D45B
:1023A0009A6A90070AD55B68190507D541463046F9
:1023B00000F090FA10B180F309880224094B9A6A60
:1023C000920642BF5A6A22F400525A629A6A42F056
:1023D000FF029A6200233B702046BDE8F8836FF04D
:1023E0001506C2E700ED00E04C8E0300BCAA030016
:1023F000D2AA03004CA9030005AB03001DAB0300E8
:1024000033AB0300C0A903002DE9F041664B8AB04D
:10241000D3F8048000AF0446C8F30805002686F30D
:102420001188BFF36F8F02F07F43B3F17F4F07D165
:1024300002F00C03082B12D15C495D4811F0E6FD57
:10244000002634460023FB71EB1E092B00F28A8024
:10245000DFE803F00A80837D8888888888861007F3
:102460004CBF0C460126EDE7524951484E4D11F044
:10247000CDFD0023FB71EB6A9A0705D54E494C4808
:1024800011F0C4FD002333E0EB6A002B01DA4B4965
:10249000F5E7EB6A5B00F5D54949454811F0B6FD13
:1024A0006B69A26943F480736B61BFF34F8FBFF315
:1024B0006F8F6B6932F8022C23F480736B61BFF36A
:1024C0004F8FBFF36F8F4DF602739A4209D0AB6AFC
:1024D000DBB27BB3FA1D01212046FFF713FF034651
:1024E00006E02368374A3248012111F0FAFA2368DE
:1024F000FA79DAB907F1080504F1200C206861685F
:102500002A4603C2083464451546F7D17A6A002E7C
:1025100044D0C2F3080121B96FEA52226FEA422285
:102520007A6207F108011846FFF7CEFD2837BD464D
:10253000BDE8F081AB6A13F47F4F04D0F91D012090
:10254000FFF724FECBE7AB6AB3F5803F9AD3FFF7E2
:1025500085FEC4E7FA1D0021BEE7F91D0020EFE764
:1025600019498CE7194A1A4B18F4F87FE8468AB0E3
:1025700018BF13466A461749C2E905134FF40073A2
:102580001384103D144BD56142F8103F08480023D6
:102590004FF41151FFF7F8F9C54673E722F4FF72C3
:1025A00022F00102BCE700BF00ED00E080AB0300B9
:1025B0004C8E0300ABAB0300C2AB0300E3AB0300E4
:1025C000F1AB030010AC03002CAC030067AB0300BD
:1025D00052AB030050AC030004000001024A5369EF
:1025E00043F010035361704700ED00E0EFF3088003
:1025F000EFF3098101B57246FFF706FF01BD00BF89
:10260000002080F31488BFF36F8F00F08FFB002051
:102610000D490860BFF34F8F0C4880F3088800F025
:102620003DF8402080F3118809484FF404614018B8
:1026300080F30988EFF314800221084380F31488A3
:10264000BFF36F8F00F00EF994ED00E08079002069
:10265000C06B0020BFF34F8F0549064BCA6802F4D8
:10266000E0621343CB60BFF34F8F00BFFDE700BFB5
:1026700000ED00E00400FA050749D1F8902000239E
:10268000C2F307221846934200DB7047C1F8983026
:10269000C1F8A0000133F6E700ED00E008B572B61E
:1026A000002383F31388FFF7E7FF144B4FF0FF324B
:1026B000C3F88020C3F88420C3F88820C3F88C2096
:1026C000C3F89020C3F89420C3F89820C3F89C2046
:1026D000C3F88021C3F88421C3F88821C3F88C2172
:1026E000C3F89021C3F89421C3F89821C3F89C2122
:1026F00062B6BFF34F8FBFF36F8F08BD00E100E0FC
:10270000084B9B6883420BD1EFF3058343B1064B23
:102710005A6842F080525A605A6A22F400425A6261
:1027200015F012BBB846002000ED00E0094A93689E
:102730006FF00A01D967084998674B6843F08053E6
:102740004B60002383F31188BFF36F8F9368D86FBA
:10275000704700BFB846002000ED00E012498A68CB
:102760004FF030001044EFF3098C80E8F01F402058
:1027700080F31288BFF36F8F0C4F4FF000664A69E9
:102780008A603E60906F0023936780F3118804B5E0
:10279000104600F017F9BDE8044002F1300090E85F
:1027A000F01F8CF309887047B846002004ED00E064
:1027B0001EF0040F0CBFEFF30880EFF3098081696E
:1027C00011F8021C0229FFD001B511F014FC01BD63
:1027D00040B2002807DB044A4109012300F01F0032
:1027E000834042F82130704700E100E040B2002809
:1027F0000CDB4309064900F01F0020330122824010
:1028000041F82320BFF34F8FBFF36F8F704700BF96
:1028100000E100E0054B420900F01F0053F82220C0
:10282000012303FA00F01040704700BF00E100E010
:1028300040B2D30754BF023100210028ACBF00F1E1
:102840006040074A4FEA4113ACBF00F5614000F019
:102850000F00DBB2B4BF135480F80033704700BFE1
:1028600014ED00E00B4A08B50B4B22F07F029A6092
:10287000BFF34F8FBFF36F8FD3F8882022F470021D
:10288000C3F888200CF0C2FD0DF0D4FD00F06EF806
:102890000CF00EFE0000000000ED00E042F8203CCD
:1028A000009B42F81C3C0A49019B42F8183C029BE1
:1028B00042F8143C21F001014FF0807342F8043CCF
:1028C00042F8081C0023203A02658367704700BF66
:1028D000312F0300094A0346906870B113F1160FB7
:1028E000806E05D0A0F140029A4205D8834203D2FF
:1028F000814228BF0020704700207047B846002062
:1029000008B5094B0D461446986000F05BF8204668
:1029100085F30988002163B681F31188BFF36F8FB7
:102920000022002310F004FBB846002001491022C9
:102930000A60704710ED00E072B6404080F31188E5
:10294000BFF36F8FBFF34F8F30BF62B6BFF36F8F90
:10295000704700BF72B6494081F31188BFF34F8FB3
:1029600020BF80F3118862B6704700BF044800237F
:102970004021C2180133272B82F80013F9D1704788
:1029800000E100E001B5EFF30580A0F110004FEA8F
:10299000C0000449014409C99847BDE80140024903
:1029A00008470000D08B030071210200024B034A4C
:1029B0000348012100F084B800000120000000203D
:1029C00060990300826E054B403A1A60044A402128
:1029D000C3E901121846012100F07CB84C410020E7
:1029E00000000B15072808B5034607D90C480D4A07
:1029F000012111F076F86FF0150008BD0A48C0F803
:102A000098300A6822F01F021A4342F01002C0F800
:102A10009C208A6842F00102C0F8A0201846ECE72A
:102A20002C8E030067AC030000ED00E0F0B50E460D
:102A300085B01F4604460025B5420DDA606810B324
:102A400097B1431E18420AD0104A11482B46012163
:102A500011F047F86FF01502104605B0F0BD1F28C1
:102A6000F2D921680B42EFD12368019311F0D6FA15
:102A7000A36801A90343D0B20393FFF7B3FF10F19A
:102A8000160FE7D0421C01350C34D5E78DAC03009E
:102A90002C8E0300044B0522C3F89420BFF34F8F04
:102AA000BFF36F8F704700BF00ED00E0BFF35F8F93
:102AB000024B0022C3F89420704700BF00ED00E0F5
:102AC00010B5034C01232278FFF7B0FF207010BD32
:102AD0004F47002008B5094A00231278FFF7A6FFE8
:102AE00010F1160F03D0064B0022072800DD08BDA9
:102AF000C3F89800C3F8A0200130F6E74F47002044
:102B000000ED00E0F0B54F490868082885B000F2F4
:102B10009680FFF7CBFF4C4C49680022904201F1B0
:102B20000C010DD1494D4A4F28706846FFF768FAED
:102B300000240646A64216D1FFF7ACFF00202DE088
:102B4000C4F8982051F80C3C23F01F03134343F0C2
:102B50001003C4F89C3051F8043C43F00103C4F85E
:102B6000A0300132DAE7009800EB04114FEA041CB0
:102B7000CB683B40B3F5000F4FD011D8B3F5001F21
:102B800035D0B3F5800F3DD0B3F5801F17D0314A53
:102B90003148012110F09CFF6FF0150005B0F0BD29
:102BA000B3F1807F42D0B3F1007FF0D150F80C3008
:102BB00088684A6811F032FA40F4802009E050F841
:102BC0000C3088684A6811F029FA40F0885040F4C7
:102BD0003020039001A92878CDE90123FFF702FFF7
:102BE0000028D9DB2B7801332B700134A2E750F891
:102BF0000C3088684A6811F011FA40F0885040F4AF
:102C00000020E6E750F80C3088684A6811F006FAB0
:102C100040F0E06040F40030DBE750F80C308868AA
:102C20004A6811F0FBF940F08270D2E750F80C309E
:102C300088684A6811F0F2F940F08870C9E74FF0EF
:102C4000FF30ABE76C99030000ED00E04F47002038
:102C50000000F0FFB0AC03002C8E0300014B1860A5
:102C6000704700BFA0080020F8B5084F06460D4683
:102C70000024AC4208DA3B6898470A28305504F132
:102C8000010401D00D28F4D12046F8BD9C08002095
:102C9000F8B50A4F0D46461EC0F10104A3199D4226
:102CA00001DC2846F8BD73780A2B02D13B680D2061
:102CB00098473B6816F8010F9847EFE7A0080020F7
:102CC00010B5074C2368C2180648C0F1005101F541
:102CD00080318A423ABF2260C0184FF0FF3010BDE9
:102CE000584100200498002008B5044810F004F969
:102CF000404080F311884FF0040002DFE1AC030094
:102D0000044A0123C2F840354FF080420020C2F847
:102D10007835704700E0014020B1034B800143F05B
:102D200001031847704700BF409603000BF054BBE7
:102D300008B5044814F065FC00280CBF6FF01200C1
:102D4000002008BD308B03000E4B402970B528BF12
:102D500040210D4C46181D46B04203F1020304D138
:102D6000002305F81130074870BD02781209A25CF3
:102D700003F8022C10F8012B02F00F02A25C03F8FA
:102D8000012CE9E76E47002008AD030030B5037859
:102D90008BB0044607AD032B21D8DFE803F0021AFD
:102DA0001C1E1249284615F088FB0595637804938C
:102DB000A3780393E37802932379019363790093D3
:102DC000A3790B4A0B481E2110F0A5F809480BB057
:102DD00030BD0949E6E70949E4E70949E2E7094A5C
:102DE0000A21284610F097F8DFE700BFA8A40300E7
:102DF000CAA4030050470020AFA40300B6A40300F8
:102E0000C0A403005AC5030030B50A4D0A4B85B073
:102E1000002428460293039414F026FE02AB00938C
:102E2000284606490A234FF4A3620CF03BFF2046D4
:102E300005B030BD102A002020AD030080510020D5
:102E4000014601480CF066BF102A00200378012BD0
:102E500030B513D0022B27D07BB9194B0A4603F1AA
:102E6000100453F8045B42F8045BA342F9D11B78C9
:102E7000137043884B731B0A8B7330BD104B0A468B
:102E800003F1100453F8045B42F8045BA342F9D148
:102E90001B78137043684B73C3F307221B0CCB736F
:102EA0001B0A8A730B74E8E700F1100350F8042B37
:102EB00041F8042B9842F9D103780B70DDE700BF8D
:102EC00029AD030038B50546054813F018FE044641
:102ED00020B100210C3013F074FE2576204638BD59
:102EE0006011002070B502460D48BFF35B8F0B46A2
:102EF000002150E8004F40E80015002DF9D1BFF344
:102F00005B8F24B9BDE870400120FFF7DBBF0123D0
:102F100004F10C002376218213F053FE204670BD8D
:102F2000D006002070B504460F2C0D4610461946F9
:102F300005D80D2C0DD9BDE87040FFF7D3BF132C79
:102F400007D10C4813F0DBFD044638B900242046B5
:102F500070BD02460B4645B10748F3E700210C302F
:102F600013F02FFE01232376F1E7BDE87040012026
:102F7000FFF7A8BF8C110020DC100020C368034AB3
:102F80001B780348022111F054B900BF42AD030081
:102F9000AC8D030038B5C368B3F801401B78A3B902
:102FA0000F21204603F060F9054678B90B4B1A88CB
:102FB00022B96FEA04526FEA12521A805A8822B973
:102FC0006FEA04546FEA14545C8038BD012103F0A9
:102FD00023F82846BDE8384011F0D8BC004700204F
:102FE0002DE9F041C66835785DBBB6F801700F2158
:102FF000384603F039F9044638B93B46124A1348BB
:10300000BDE8F041012111F014B9F37803732946AA
:1030100003F002F8A378012B04D02046BDE8F0416C
:1030200011F0B4BCBFF35B8F6368BFF35B8FDB074A
:10303000F3D52046022102F0EFFF284602F0D6FA2F
:10304000EBE7BDE8F08100BF6AAD0300AC8D030083
:1030500010B5C368B3F801400121204603F004F91C
:1030600038B92346054A0648BDE81040012111F051
:10307000E0B8BDE8104011F089BC00BF90AD03007E
:10308000AC8D030010B5C3681C880121204603F0F5
:10309000EBF838B92346054A0548BDE81040012140
:1030A00011F0C7B8BDE8104011F070BC90AD03003E
:1030B000AC8D030010B501210C3013F0B7FDBDE855
:1030C00010400378024A0348012111F0B2B800BF52
:1030D000B4AD0300AC8D0300014610B5084813F0F1
:1030E00015FD0849084814F0AEFC031E06DABDE8D9
:1030F0001040064A0648012111F09BB810BD00BFE0
:10310000D4060020F4080020302B0020D6AD0300A8
:10311000AC8D030010B5084C0146052294F86F00F1
:1031200003F058FA38B994F86F000449BDE810402C
:10313000042203F04FBA10BD90050020EEAC03004E
:10314000024A0348012111F072B800BFF3AD030039
:10315000AC8D0300B0B50B460D8A00AF044629467E
:10316000D868FFF7F1FD8AB06A46094BC2E9053419
:1031700040F202439384074BC2E907504FF43251A7
:1031800042F8103F044811F071F8BD46B0BD00BFD1
:103190000DAE030005000001AC8D030037B502EB56
:1031A000C303934204D103B0BDE83040FFF7D2BF60
:1031B000144614F8085B854211D10B8A54789C425E
:1031C00007D9084A00900121074810F094FC03B089
:1031D00030BD5368084603B0BDE83040184722466A
:1031E000DFE700BF2FAE0300AC8D030010B5012157
:1031F00004460C3013F01AFD2146034A0078BDE85E
:1032000010400B23FFF7CABF4C9A030070B5C56886
:10321000B5F801600121304603F026F8044638B9BC
:1032200033460D4A0D48BDE87040012111F001B848
:103230002B783BB9D5F80330C0F8AD30D5F807305E
:10324000C0F8B130201D4FF4005110F0F4FF2046BB
:10325000BDE8704011F09ABB90AD0300AC8D030047
:1032600073B53D4813F068FC0446002871D0017E18
:10327000012945D0032969D1038A032B02D8374A93
:10328000012141E004210C3013F0D0FCFF234288DF
:1032900006886376238AC6F30B009A42608309D0BE
:1032A0002F48009201212F4A10F025FC204608F0FB
:1032B00003FA12E00F2102F0D7FF054610B9638B25
:1032C000294ADDE703F010F8320B607621462846E4
:1032D00002F072FD284611F059FB244BD3F844311B
:1032E000002B36D02249234814F0ADFB031E30DA00
:1032F000214A1B48012102B0BDE8704010F099BF7F
:10330000038A012B04D81D4A154810F092FFCDE71F
:1033100002210C3013F08AFC0546007810F05CFFA7
:1033200083070CD4164A1749174840F69B2310F020
:10333000D3F8404080F311884FF0030002DF134AB6
:10334000287806232146FFF729FFAFE7104A0B46EE
:1033500096E702B070BD00BFD406002051AE030056
:10336000AC8D030072AE030096AE03009005002002
:10337000F4080020302B0020D6AD0300B8AE0300C7
:10338000D4AE030008AF030036AF03001C9A03005D
:1033900053AF03002DE9F04383B0064602AF907AA5
:1033A0003F4D8846144608F0DDF8854219D0A47ACE
:1033B000204608F0D7F8E8468AB002AA394B556291
:1033C000C2E905360623C2E907404FF4425142F8EC
:1033D000103F354810F04AFFC5460437BD46BDE8EA
:1033E000F083204608F0C6F8304D4FF00C0909FB79
:1033F00000504388B3420DD0204608F0BBF809FBCB
:10340000005043882A4A009327483346022110F08F
:1034100072FBE2E7274ED6F8400120B108F04CF9E4
:103420000023C6F84031204608F0A4F80C2606FB1D
:1034300000504368ABB1B8F1000F12D1204608F03C
:1034400099F806FB005001214268D2E90003127A84
:1034500003F01F06B1405B09DAB100EB830010F006
:10346000EAFE204608F086F80C2606FB005083682A
:10347000002BB2D0204608F07DF8704305F800809C
:10348000204608F077F806FB0055A8680CF066FAAD
:10349000A3E7C94300EB830010F0EBFEE1E700BFB8
:1034A0003411002067AF0300AC8D03005C410020A5
:1034B0009CAF03009005002038B5042104460C3071
:1034C00013F0B4FB4578017840882246FFF762FF8D
:1034D00025B10348BDE838400CF040BA38BD00BF04
:1034E000B806002070B5032104460C3013F09EFB93
:1034F0000578B0F80100E36840F6354290421B7849
:1035000006D1BDE87040084A0848022110F091BE7B
:1035100022461946FFF73EFF25B10548BDE8704039
:103520000CF01CBA70BD00BFCFAF0300AC8D030020
:10353000B80600202DE9F84FD0F80C80018A98F8E1
:103540000040012303EB84038B4200AF7CD96D461E
:103550008AB06A463F48C2E907310523C2E905043B
:103560004FF4215142F8103F3B4810F07FFEAD462A
:10357000BD46BDE8F88F394A37485B46012110F057
:1035800058FE013598F800309D42F1DA08EB8503CA
:103590000F21B3F801B0B3F80360584602F064FE9F
:1035A00004460028E7D000F1280B16B34FF0400383
:1035B000EFF3118283F31288BFF36F8FE3696BB16E
:1035C000013BE36182F31188BFF36F8F204602F065
:1035D000B5FB013E0CF0C2F9B6B2E6E7636963B928
:1035E00082F31188BFF36F8F1B485246012110F000
:1035F0001EFE204611F0CAF9C3E7A1691868606190
:103600008B4208BFA06182F31188BFF36F8F4FF028
:103610004002EFF3118182F31288BFF36F8FDA68F3
:10362000E261C3F80C90C3F80090626A4AB9C4E939
:10363000083381F31188BFF36F8F58460CF02CFBD1
:10364000C4E713606362F4E70025DFF814A0A9461D
:1036500098E700BF05B00300AC8D03002FB0030056
:103660004BB0030073B5C568B5F801600121304661
:1036700002F0FAFD044640B92B4A2C48334601219A
:1036800002B0BDE8704010F0D4BD2B781A2B00F1C9
:10369000040619D1C378012B2AD14FF4806130463A
:1036A00010F0C9FD42050FD4D4F8A030009369464C
:1036B000D4F8A8300193204603F04CFB204602B01A
:1036C000BDE8704011F062B92B788BB9B5F80330C2
:1036D000A4F89E30B5F80530A4F8A430B5F807304A
:1036E000A4F8A6306FF48071304610F0C2FD17E0E8
:1036F000BFF35B8F6368BFF35B8FDB05F2D52B787D
:10370000202BEFD194F8AC30002BEBD0013B84F8A8
:10371000AC304FF42032002304F158000CF024FBAD
:10372000204602F003FEC9E790AD0300AC8D030014
:1037300010B5C1E900239DF808300B720C4607F064
:1037400019FF034B0C2202FB00335C6010BD00BF6D
:103750005C4100202DE9F0474FF0FF324FF0FF337E
:1037600006461748174D0F4613F0C9F9044600F1F5
:103770000C0A00214FF00008504613F022FA84F89A
:103780001880204607F0F6FE4FF00C0909FB0050A8
:103790004680204607F0EEFE09FB0050C0F8088086
:1037A000204607F0E7FE09FB005503215046C5F807
:1037B000048013F00AFA068087702046BDE8F0877F
:1037C000341100205C4100202DE9F041074688B00B
:1037D00015460C4621B9FFF7BDFF0446002854D01A
:1037E00002AE01220021304614F07DF8204607F099
:1037F000C1FEDFF8A4800C2303FB00808660204616
:1038000013F0B3F90146254813F0ADF94FF4A022A7
:10381000304600230CF0C8F8064688B140F24B133E
:103820001F4A204920480FF057FE204832463946AB
:103830000FF052FE404080F311884FF0030002DF8A
:10384000204607F097FE0C23584318F80060A6B1F5
:10385000174A184800963B46022110F04CF92046C2
:1038600007F02AFF092E13D00D2E0CBF6FF00B00AE
:103870006FF0040008B0BDE8F08115B12C600020A5
:10388000F8E7204607F018FFF9E76FF06800F1E766
:103890006FF06E00EEE700BF5C410020DC06002008
:1038A000D4AE030062B0030036AF03006BB0030078
:1038B00097B00300AC8D030073B506460D4601AA10
:1038C000002142F22F00FFF77FFF044638B1094A7A
:1038D0000948012110F0ABFC204602B070BD0198F0
:1038E000C368B3F801203280B3F803302B8007F0AF
:1038F000E3FEF1E7B3B00300AC8D0300F7B5144B62
:1039000093F99B30002B05460C461DDA14B920466E
:1039100003B0F0BD082C01AA4FF0000142F21800DC
:10392000264628BF0826FFF74FFF0028F0D1019F49
:10393000F96832460131284614F09BFC384607F0FE
:10394000BBFE3544A41BE1E76FF08500E0E700BF54
:1039500090050020F0B587B006460DF10B01002060
:1039600001F0A6F90546002845D1192142F20D00C3
:10397000FFF7F0FE0746002840D019210C3013F065
:1039800024F929460446192214F081FC1D4A9DF8A9
:103990000B30237392F8211192F82031994294BF91
:1039A00006F1880106F19601601D10F053FC938921
:1039B0002380D3896380B6F8A030A4F80D30B6F820
:1039C000A230A4F80F30B6F8A430A4F81130B6F83D
:1039D000A630A4F81330012300930C230DEB030150
:1039E000094A3846FFF7A4FE0022394642F20D008C
:1039F000FFF7EAFE0546284607B0F0BD6FF0680500
:103A0000F9E700BF900500206406002030B50021D2
:103A100087B042F20E00FFF79DFE00250C230446FE
:103A20000DEB0301054A0095FFF782FE2A46214669
:103A300042F20E00FFF7C8FE07B030BD640600205A
:103A40002DE9F04788B0B34BB0F80180198848F4ED
:103A50007042914202AF054624D05988914223D149
:103A60000122002123F812104FF0010900F0AEFFEF
:103A70002C78002C4FD03C2C21D101F0F7FA6FF0BC
:103A80008001103010F0F5FB0020FFF743FB0546E6
:103A900068B9A14AA148012110F0C9FB1837BD46F9
:103AA000BDE8F0870022DCE74FF00009DEE7047391
:103AB000002102F0B1FA284610F068FFEEE7022C70
:103AC00022D100210622084602F084FD054640B9B5
:103AD000934A9248012110F0AAFB002001F086FDD4
:103AE000DCE70473002102F097FABFF35B8F6B6889
:103AF000BFF35B8FDE0703D52146284602F08CFA20
:103B0000284610F043FFE8E7864A8448234602210E
:103B100010F08FFBC2E7EB78012B08BF824B05F159
:103B20000406304608BF93F86F4010F051FB314651
:103B3000002800F0E18007F1100010F03EFB05F1D5
:103B4000110107F1090010F08CFB01233B72E878AA
:103B5000002840F0F380062207F1100102F03AFD40
:103B6000EB78012B04460AD101F080FA6FF0800156
:103B70008246103010F07DFB504610F063FEEB786B
:103B800023B96A486FF4805110F073FB002C00F0E9
:103B9000D7802046B5F8013020F8883B07F11001A6
:103BA00010F058FBB5F81730A4F89E30B5F819306E
:103BB000A4F8A430B5F81B30A4F8A630EB78E37075
:103BC0000022012B227316D107F1080104F18F00A6
:103BD00010F040FB01F04AFA217A534AC1EBC101CF
:103BE000114404F1960010F035FBD2F8E4305D0684
:103BF00001D501F0FDFBE37873B907F1080104F189
:103C0000960010F027FB217A474BC1EBC101194404
:103C100004F18F0010F01EFB0721204602F0FCF992
:103C2000B9F1000F03D00121204602F0F5F920463A
:103C300010F0E9FE637B072B56D1BFF35B8F6368FF
:103C4000394EBFF35B8F13F4005F21D1E3781BB1D2
:103C500096F8D83018071BD5022142F21600FFF75C
:103C600079FD0546002800F08A8002210C3012F010
:103C7000ACFF238803800022294642F21600FFF79A
:103C8000A3FD034620B12A4A2448012110F0D1FAAD
:103C900096F8D930D9070DD5022300211A46009194
:103CA000204610F03BFB034620B1224A1B4801216D
:103CB00010F0BFFA96F8D8309A0615D5D6F86431C8
:103CC0009B689B0710D5B91D381DFFF7F5FD58B946
:103CD000FA88B988204610F003FB034620B1164A43
:103CE0000E48012110F0A5FA204610F04FFEE378AF
:103CF000002B7FF4D3AEF0E6204610F059FC0146CD
:103D000007F1100010F0A6FA314607F1080010F094
:103D1000A1FA1CE700470020D3B00300AC8D0300DC
:103D2000F4B0030012B103009005002064060020E7
:103D300047B1030068B103007FB10300012819D027
:103D40003046FFF723F86C4688B002AA0D4BC2E953
:103D500005304FF4007393830B4B42F8103F0B4830
:103D60004FF4E25110F082FA1321A546404610F0BC
:103D70009CFA93E607F11000FFF7CCF9F0E66FF03C
:103D8000680380E72BB1030003000001AC8D030042
:103D900000B5C16889B00B788DF80030B1F80130FA
:103DA000ADF80130CB788DF80330B1F80B30ADF8B9
:103DB0001730B1F80D30ADF81930B1F80F30ADF85B
:103DC0001B304B7C8DF81D3001A8043110F042FAF5
:103DD00007490DF10B0010F044FA0DF1110010F03D
:103DE00040FA6846FFF72CFE09B05DF804FB00BFFF
:103DF00002AD030029289ABF014B185C09207047C7
:103E00005AB4030070B5C368B3F801601D780F2180
:103E1000304602F029FA044638B93346184A1948A0
:103E2000BDE87040012110F004BA65B12846FFF7E3
:103E3000E1FF29460246204602F022FB2046BDE86B
:103E4000704010F0A3BD8678012EEFD107F07EF907
:103E5000204610F0D3F90028E8D10520FFF7CAFF6B
:103E600005210246204602F00BFB3146064A054872
:103E700010F0DDF90521204610F077FEDEE700BFE7
:103E80006AAD0300AC8D03009BB103002DE9F04146
:103E9000C668B6F8017035780F21384602F0E4F9AB
:103EA000044638B93B461D4A1D48BDE8F041012192
:103EB00010F0BFB965B12846FFF79CFF29460246BE
:103EC000204602F0DDFA2046BDE8F04110F05EBD6C
:103ED0008278F378C372012A05D00020FFF78AFFA9
:103EE00000210246ECE70BB107F030F9204610F054
:103EF00085F90028F1D10520FFF77CFF0521024656
:103F0000204602F0BDFA074A0548012110F08FF95A
:103F10000521204610F029FED5E700BF6AAD030059
:103F2000AC8D03009BB1030070B50C4D06460FCD60
:103F30008EB06C460FC40FCD0FC40FCD0FC495E8E3
:103F400003000D2E84E803009BBF0EAB03EB860637
:103F5000034856F8380C0EB070BD00BFD08E030079
:103F6000C1B10300024BD3F864315B69184700BF4D
:103F70009005002038B505460C4619B9FFF7EAFB55
:103F80000446C8B140F635439D420FD12046FFF7A5
:103F9000E9FF054640B10346094A0A48012110F0ED
:103FA00048F9204607F088FB284638BD06482146D8
:103FB00012F0D9FD0025F7E76FF06805F4E700BFC0
:103FC000C9B10300AC8D0300DC060020F0B5C56864
:103FD0002F88BCB287B00121204602F045F9064681
:103FE00040B9274A27482346012107B0BDE8F040E1
:103FF00010F01FB902ACD5F80220D5F806300194B4
:104000006989009112F0D8FA40B3122142F21A00E5
:10401000FFF7A0FB054648B91B4A1A48012110F0DA
:1040200006F9304610F0B2FC07B0F0BD12210C309A
:1040300012F0CBFD0346224623F8027B06AF14465E
:1040400003CCBC4218605960224603F10803F6D144
:10405000294642F21A00FFF78DFFE2E7022142F201
:104060001B00FFF777FB04460028D5D002210C3057
:1040700012F0ABFD2146078042F21B00EBE700BFC8
:1040800090AD0300AC8D0300EBB1030073B5C368C2
:10409000D9789A781E8842EA0122ADF80020597931
:1040A0001A7942EA0122ADF80220D9799A7942EAD6
:1040B0000122ADF804201A7A5B7AB4B242EA0323F3
:1040C00001212046ADF8063002F0CEF8054658B979
:1040D0001C481D4A0121234610F0ABF8022120465E
:1040E00010F068F902B070BD694602F061F938B9A4
:1040F0001E21204610F05EF9284610F047FCF1E73B
:104100000E2142F22000FFF725FB04460028F3D0E1
:104110000E210C3012F059FD00230680C0F80A3041
:10412000BDF800304380BDF802308380BDF8043014
:10413000C380BDF806300381214642F22000FFF71C
:1041400019FFD9E7AC8D030090AD03002DE9F84FBE
:10415000484FDFF8248107F11409FB6848466FF3E4
:104160009433FB6001F004FF451C42484FF0FF32DE
:104170004FF0FF3329460CF063FB60B13F494048E4
:1041800040F6183342460FF0A7F9404080F31188FB
:104190004FF0030002DF374EDFF8E8B015B90CF03E
:1041A0007BF8DAE7F368C3F38633022B51D9042B8B
:1041B00059D1337B002B4FD133480022002312F01A
:1041C000A3FC044660B931492D4840F6AA23424673
:1041D0000FF082F9404080F311884FF0030002DFB6
:1041E000DFF8ACA02B484FF0FF324FF0FF330BF05D
:1041F000DBFBDAF840215AB1274A2248012110F0AE
:1042000016F8DAF8400107F057FA0022CAF8402100
:10421000204612F0AAFCCAF840012046FFF7A2FE91
:104220000346B0B11D4A1748012110F002F81948A1
:104230000BF094FB204607F09DF9194B0C2202FB72
:1042400000301F2140882246FFF7A4F8204607F0DF
:1042500033FA1436013DA1E7012BFAD13069383821
:1042600002F058FBF5E70F4A022158460FF0E1FF34
:10427000EFE700BFA4080020D4AE030062B0030043
:1042800036AF0300AC8D0300DC06002091C60300AE
:1042900090050020B806002002B20300C9B1030057
:1042A0005C4100201DB203002DE9F041044600F1FD
:1042B0000C06304612F0D2FCB4F81080B8F1010FB1
:1042C00005460AD8194A1A48434601210FF0B1FFA2
:1042D0002046BDE8F04107F0EFB93046022112F068
:1042E000A5FC074600780FF077FFC20706460CD4FE
:1042F000104A1149114840F6CA630FF0EDF84040EA
:1043000080F311884FF0030002DF05230C4A387850
:104310002146FEF743FFB307DAD56369A4F810809E
:1043200013FA85F5E560BDE8F08100BFB8AE030083
:10433000AC8D0300D4AE03003EB2030036AF0300E1
:10434000F499030038B5037E012B044605D0032BF6
:1043500011D1FEF7C1FE002038BDC36818780FF0F8
:104360003BFFC207054602D52046FFF79DFFAB077E
:10437000F1D52046EDE7054A054801210FF059FF28
:10438000204607F099F96FF01500E5E757B20300F2
:10439000AC8D0300084A0346D2F8640130B9D968ED
:1043A00039B1596929B1C2F8643170476FF07700AB
:1043B00070476FF015007047900500202DE9F84F09
:1043C000042100AF3E4C3F483F4D0FF034FF00202A
:1043D00001F00CF9E2793D4B2046012A88BF1D46C9
:1043E0006E46FEF7D3FC8AB06A46394BD061C2E90B
:1043F0000535384B1362384B42F8103F3748DFF829
:10440000E080DFF8D8904FF423510FF02FFFB5462E
:10441000344EA3460125E3799D420BF1070B38DBAF
:1044200094F870502846FFF77FFD6E468CB0B4F8C4
:104430007210B4F876306A46DFF8ACC05362C2E955
:1044400007512A4B4FF40075C2E905C015854FF49A
:10445000535142F8103F21480FF008FFB54694F839
:1044600071603046FFF760FD8AB0B4F874306A4678
:104470001F499584C2E907631E4BC2E9051042F843
:10448000103F16484FF433510FF0F0FEBD46BDE823
:10449000F88F5846FEF77AFCEA468AB06A4640F240
:1044A0000133C2E90565D06113844FF4135142F81A
:1044B000108F48460FF0DAFE0135D546ABE700BF56
:1044C0009005002064060020D9A603006BB203000B
:1044D0006FB203000002010304000002AC8D030070
:1044E000040000017EB203008FB203000600000149
:1044F000CDB203000500000110B5FAF735FA034B01
:104500001B6813B1BDE81040184710BD744100206E
:1045100070B5344DD5F8643188B006464BB9324A8F
:10452000324801210FF083FE6FF01204204608B0DC
:1045300070BD6FF0020105F1D4000FF09AFE012169
:104540000FF079FE10EA010448D1294B1E600A469B
:1045500005F5947013F0C7F905F5A67013F09EF9F0
:1045600000220023CDE906236FF00803CDE90243C2
:10457000CDE900441F4B204904944FF4C0621F480A
:104580000BF08AF81E491D4813F0F4F81D4813F08B
:104590006BFA1D491B4800946FF007034FF4C0628B
:1045A0000BF080FB1949174813F0E4F8D5F8643193
:1045B000DB689847044630B10346154A0B48012191
:1045C0000FF037FEB2E726B908B0BDE87040FAF741
:1045D000CBB905F1C4000BF05FFBA7E76FF07704E0
:1045E000A4E700BF900500200FB40300AC8D0300CA
:1045F000744100204D41020000570020B02A0020E5
:1046000028B40300302B0020405D00202EB40300AE
:1046100034B40300044BBFF35B8F1868BFF35B8FA8
:10462000C0F38000704700BF640600200048704758
:1046300050B40300F8B50A4DEF7906460024E3B202
:104640009F4202D86FF0010007E0294630460FF084
:10465000D7FE0735631C08B12046F8BD1C46EEE7BF
:104660009005002037B504460D4671B11249284621
:104670000FF0C6FE48B91148C4EBC40429462044D3
:104680000FF0D3FE002003B030BD68460FF087FD69
:104690000028F8D16846FFF7CDFF0028F5DA074B70
:1046A000C4EBC400184469460FF0BFFE002DE9D0EA
:1046B00001462846E4E700BFF5AC03009005002062
:1046C00038B512490622054613F0C3FDC8B10621CC
:1046D00042F20500FFF73EF80446A0B10622294643
:1046E0000C3012F078FA0022214642F20500FFF762
:1046F0006BF838B9054829460FF092FE012300F8FF
:10470000013C002038BD6FF06800FBE7F905002090
:104710002DE9F341002104460622084601F05AFF24
:104720000546A8B1BFF35B8F494B53E8001F41F426
:10473000004143E80012002AF7D1BFF35B8F237AD0
:1047400043F00103237202B0BDE8F04110F01EB93E
:104750003F480FF05DFE2946C0F380163D4800F04B
:104760007FFC16B1284610F086F83B4D95F82131B4
:104770004BB100200FF09CFE28B1384A0221384886
:104780000FF04CFE1DE095F8212195F820319A425A
:1047900025D1344A324802210FF040FE0022114652
:1047A00042F22900FFF710F810B12F4A0121E6E785
:1047B00095F82131013385F82131237A43F0040340
:1047C000237201200FF074FE16B1012010F053F88F
:1047D0002648002102B0BDE8F04100F041BC22466D
:1047E00004F1010812F82A0B41460FF025FE074696
:1047F00008B11F4ADAE795F82131013385F82131F4
:10480000237A43F00403237295F8A7305B0701D4A1
:10481000184AB3E7414668460FF007FE0123082116
:1048200042F24E008DF80730FEF794FF044660B167
:10483000082269460C3012F0CEF93A46214642F27F
:104840004E00FEF7C1FF0028BBD00B4AAEE700BF09
:1048500064060020794503009005002087B5030019
:10486000B48D0300ACB50300DDB50300E1440300E3
:10487000FDB503001DB6030047B6030000212DE976
:10488000F84306220446084601F0A4FE0546A0B1FE
:10489000BFF35B8F3D4B53E8001F41F4004143E8F9
:1048A0000012002AF7D1BFF35B8F237A43F0020393
:1048B0002372BDE8F84310F069B834480FF0A8FD42
:1048C0002946C0F38018324800F0CAFBB8F1000F47
:1048D00002D028460FF0CFFF00200FF0E9FD2D4D4C
:1048E0000646B8B12C4A034601212C480FF0F9F8CE
:1048F00095F8213113B101200FF0DAFDB8F1000F66
:1049000002D001200FF0B7FFBDE8F8432448002192
:1049100000F0A6BB95F8213195F820219A420CD2DF
:10492000013B85F82131237A1E4923F00403024616
:104930002372022006F0E6FCDAE7072142F22800A3
:10494000FEF708FF04F10109074628B9164A134883
:1049500001210FF063FDCBE707210C3012F035F990
:1049600049460FF062FD3246394642F22800FEF712
:104970002BFF0028EAD195F82131013B85F8213140
:10498000237A23F004032372B2E700BF64060020F9
:10499000794503009005002062B60300B48D030042
:1049A000E14403009B4403008FB6030008B528B11F
:1049B00005480FF02DFDC30401D5012008BD0248B4
:1049C0000FF026FDF9E700BF640600200A4BBFF395
:1049D0005B8F53E8002F22F4004143E800100028C9
:1049E000F7D1BFF35B8F130404D5044900220220E2
:1049F00006F088BC704700BF6406002045460300EF
:104A000007B50023CDE9000304496A46022006F0F9
:104A100079FC019803B05DF804FB00BF0F4503006B
:104A200010B4034670B10A4991F8204191F8212150
:104A30000CB1944208D2013281F821211A7A42F055
:104A400004021A7210BC704710BCFFF761BE00BFB1
:104A50009005002010B4034698B10B4C94F8201137
:104A600094F8212129B101318A4203DC10BCFFF7FF
:104A700005BF12B1013A84F821211A7A22F004020A
:104A80001A7210BC704700BF9005002070B50D462B
:104A90000446C0B120490FF0B3FCA0B92378012B24
:104AA00004D1A37903F0C003C02B07D01B4A1C48D4
:104AB00001210FF0B3FC6FF0150070BD2046FFF729
:104AC000B9FD002821DA002DF5D1164DEB79012B27
:104AD0001ED005F1D4000FF09BFCC30707D4002CB7
:104AE000E9D00D4920460FF08BFC0028E3D1EE7988
:104AF0002146731C3046EB71FFF7B4FD08B9304610
:104B0000DBE7EB79013BEB71D7E76FF07700D4E798
:104B10006FF00B00D1E700BFF5AC0300B4B60300A3
:104B2000B48D030090050020F7B5044638B9174A44
:104B3000174802210FF072FC002003B0F0BD01AA5B
:104B4000002141F20900FEF73FFE064608B1114A76
:104B5000EEE7019F1049FD6801350622284613F053
:104B600078FB28B10D490622284613F072FB18B9CC
:104B7000384606F0A1FDDFE72946601C0FF050FC27
:104B80003846267006F098FD0120D6E7E2B603000D
:104B9000B48D0300FBB6030002AD0300FCAC0300C0
:104BA00007B56846FFF7C0FF044BD87118B16946D6
:104BB0000020FFF757FD03B05DF804FB90050020CF
:104BC000F7B51F4B93F8C230DB0705460E4608D4F5
:104BD0001C4A1D4802210FF021FC0024204603B08E
:104BE000F0BD01AA00214FF60940FEF7EDFD034696
:104BF00008B1164AEDE70198C2685478B44228BF5C
:104C00003446023216279C4209DC06F055FD002C82
:104C1000E4D10F4A0C4802210FF000FCDEE71146F8
:104C200007FB035602F1140C51F804EB46F804EBB1
:104C30006145F9D10988318001331632E3E700BFBD
:104C40009005002019B70300B48D030045B7030099
:104C500065B7030070B5154DEC7988B02CB901210A
:104C600002A8FFF7ADFFE871C0B90021084608B0FF
:104C7000BDE87040FFF70ABF02AB06FB02310DF141
:104C800001000FF0CDFB0123694610468DF800307E
:104C9000FFF7E8FC013410B108B070BD1626EB79BF
:104CA000E2B29342E8D80020F6E700BF900500206A
:104CB00038B50C4669B1084D2B78012B03D02B7801
:104CC0002370002038BD681CFFF7FAFC0028F6D0DE
:104CD000F8E76FF01500F5E79005002070B506467F
:104CE0000D46D9B10F4B1B780B700FF03BFC10B188
:104CF0000024204670BD0FF06FFC044658B1002E12
:104D0000F7D10FF02FFC0028F3D0074A07482346BD
:104D100002210EF0E6FE01232B70E9E76FF0150487
:104D2000E7E700BF900500208EB70300B48D0300B5
:104D30002DE9F8430F4691461E46044650B14BB14B
:104D40003903057812D57A0709D5394A394801213E
:104D50000FF064FB6FF015042046BDE8F8830FF0F8
:104D600051FC04460028F7D1012348E0FB0733D566
:104D7000DFF8C480A2B1B8060BD4C5EBC50318F8A0
:104D80000330012B14D03370BA0623D543F002034D
:104D90000CE098F8D8305906EFD46FF08504DBE7C3
:104DA000C5EBC50318F80330012B01D0337011E0B7
:104DB000072101FB0581204601310FF005FC044667
:104DC0000028C9D1C5EBC50518F805303370B9F115
:104DD000000FD9D10024BFE717F0040711D0164FF8
:104DE000C5EBC50817F80830012BDFD1072111FBEF
:104DF000053139440FF0E8FB17F8083004463370EA
:104E0000AAE70E480FF004FB43060BD538460FF017
:104E100032FD20460FF0F6FB0446012030700FF003
:104E20002AFD99E720460FF0EDFB04469CE700BF02
:104E3000C4B70300B48D0300900500206406002071
:104E400038B5104DEB7913B10024204638BDFFF77B
:104E5000A7FE044628B10C4A0C4801210FF0DEFAE7
:104E6000F3E7EB79002BEFD1FFF7F4FE04460028BF
:104E7000F1D1681CFFF724FC04460028E5D0044A61
:104E8000EAE700BF90050020E3B70300B48D0300FC
:104E900002B803002DE9F74F0C46202100909246FE
:104EA000FEF758FC0546002855D020210C3011F0A3
:104EB0008CFE20220021814613F0E9F909F1010B53
:104EC00004EBCA0A0026D4F80080002362689342EB
:104ED0000CD30834A245F6D1009889F8006000226E
:104EE000294603B0BDE8F04FFEF76EBC98F80120EC
:104EF00098F800C0B01C11181F2915D9BCF1090F72
:104F0000C0F11F0201D1002A0CDC144A144801210F
:104F10000EF0DEFD284606F0CFFB6FF0150003B063
:104F2000BDE8F08F4FF0080CD7B2791C0BF80610D3
:104F3000711CC9B25BFA80F00BF801C0D8F80410FC
:104F40000193023713F095F9019B3744FEB2013308
:104F500008F10808BAE76FF06800E0E725B8030039
:104F6000748D030008B504490722093013F071F964
:104F7000003818BF012008BDF5AC0300F8B5154B8B
:104F8000067883F86F6004460D46FFF7EBFF70B9B3
:104F90001149304601F0A2FA044610B96FF00B0037
:104FA000F8BD042101F038F82C600020F8E704F186
:104FB00009073946304601F0D5FA40B9207839461C
:104FC00001F08CFA04460028E8D00521EAE76FF0EA
:104FD0001500E5E790050020EEAC0300F8B5456844
:104FE0006905064635D4046914B115F0010330D0C3
:104FF000194F3078FB7983422BD9C0EBC000174999
:105000000722384413F025F9A8B115F0010306D1A1
:1050100097F87020082A02D8B2689F2A19D915F08B
:10502000300F09D0ACB1EA060AD405F46035B5F505
:10503000603018BF0120F8BDEB0601D4002CF4D17C
:10504000D6E902239A4204D81F2A02D9B3F5804F29
:10505000EBD90020EFE700BF90050020F5AC03007E
:1050600003460148184700BFA805002000487047C4
:10507000A80500202DE9F04FD1F810908DB09A4688
:105080000023B9EB030506468C48059218BF01259D
:1050900007930FF0F6FA0C46410740F103812046D2
:1050A000FFF79CFF28B96FF0150B58460DB0BDE80F
:1050B000F08F2046FFF77AFC80460028F3D006F1F7
:1050C000100738460FF0DDFA0206C0F3C01300F1F6
:1050D000EC80CDE90933CDF82B30A3686068ADF8DA
:1050E0002030E368ADF822300FF0BCFA6FF40051C5
:1050F0008DF82D0071480FF0CAFA714A2378337089
:1051000082F86F3061680DF125032A463046FFF7BB
:105110000FFE83460028C8D106F10900B9F1000F3F
:1051200013D021690FF0C2FA20460FF054FB6268D9
:105130000546D00716D4920503D4169B0BB9022D51
:1051400052D102238DF8243019E05E490FF0AEFAF7
:1051500020460FF040FB6268D1070546EBD58DF87D
:1051600024900CE012F0100F0CBF012204222169E0
:105170008DF824200DF126000FF098FAD8460F2163
:1051800042F20600FEF7E6FA8346002800F090801F
:105190000F2208A90C3011F01EFD0022594642F2E0
:1051A0000600FEF711FB002840F08580B9F1000FE2
:1051B00020D06368DB072BD4012130460FF01BFBA6
:1051C0008346002866D0404A404801210EF080FC0A
:1051D000079C002C3FF469AF2046002100F01CFF23
:1051E00020460FF0D3FB60E70323DDF858808DF8ED
:1051F0002430C4E7179B0093CDE90185169B0599E0
:10520000524630460FF070FA83460028D1D04CE762
:1052100007A93046FFF7B2FE83460028CCD010F134
:105220000C0F7FF442AFB9F1000F7FF43EAF62681C
:1052300090073FF53AAF636883F00203C3F3400B76
:105240000BF001020E2138460FF037FA6B1E5A425E
:105250005A41082138460FF030FAA91E4A424A4105
:10526000384609210FF029FA62680A2102F001028A
:1052700038460FF022FA42460B2138460FF01DFA4D
:1052800062680D21C2F3800238460FF016FA4FF023
:10529000000B0AE7079808B10FF078FBB9F1000F8F
:1052A000CED1C8E76FF00A0BFFE66FF0770BFCE694
:1052B0006FF0680BF9E68346F7E600BF640600204E
:1052C00090050020F5AC03003EB80300748D030088
:1052D00073B51546069A0C46CDE900322B460A46B0
:1052E00001461148FFF7C6FE21460646002340F25C
:1052F00001109D4202D1304602B070BD0A88824240
:1053000004D14A6812B11278D20702D401330831AD
:10531000EFE70649064812F0ADFB4FF47022002378
:1053200003480AF055FDE6E7A8050020CD5302002A
:10533000C005002010B520480FF084FA6FF48041BA
:105340001E480FF0A4F91D480FF09BF901062CD55B
:105350001A480FF096F9420513D51748FFF702FED9
:1053600017490346087E1BBB1649042201F032F997
:10537000044630B10021017300F04EFE20460FF0CC
:1053800005FB0D4800210FF036FA044670B90E48AF
:105390000FF077F9430608D520460FF06CFA204647
:1053A0000FF01AF901200FF066FA0024204610BD14
:1053B00005222131DAE700BFA8050020B80500204A
:1053C00090050020EEAC03006406002010B5FFF746
:1053D000B1FF034630B1044A0448BDE81040022141
:1053E0000EF07FBB10BD00BF59B80300748D0300E1
:1053F00073B53548344C0FF044F910F4804F38D071
:1054000020460FF03EF9030633D420460FF039F959
:1054100046052ED501A9A4F11000FFF7AFFD40BB52
:10542000A4F11000FFF79EFD024620460FF029F977
:10543000C0F3803120460FF024F981F001014505C9
:105440004FEA4101204848BF41F001010FF019F92E
:10545000800448BF41F004011C480DF10303FFF72D
:1054600067FC054638B11A4A0346012119480EF077
:1054700038FB02B070BD154801210FF0BCF9019E48
:1054800028B9304602B0BDE870400FF07FBA294617
:10549000304600F0C1FD6FF480410B480FF0F7F883
:1054A000054630460FF072FA6B04E2D5BFF35B8F0E
:1054B00054E8003F43F4804344E80032002AF7D127
:1054C000BFF35B8FD5E700BFB8050020A80500201B
:1054D00078B80300748D0300034BBFF35B8F18682B
:1054E000BFF35B8F704700BF6406002030B5022118
:1054F00087B0044642F20C00FEF72CF9054600B3D3
:1055000002210C3011F061FB012C024617D1FFF78C
:10551000E3FFC0F34020631E14705C425C41507096
:1055200003A9094A009428460623FEF701F9002240
:10553000294642F20C00FEF747F907B030BD0020C3
:10554000E9E76FF06800F8E76406002073B5002310
:10555000ADF80530431E8DF8000005465842ADF801
:10556000011058410DF10501ADF80320FFF7B6FB1E
:10557000044638BB072142F20B00FEF7EBF8064663
:1055800048B3072269460C3011F025FB224631460C
:1055900042F20B00FEF718F9044698B90120FFF714
:1055A000A5FF044670B9012D0FD1BFF35B8F0B4BE4
:1055B00053E8001F41F4807143E80012002AF7D13C
:1055C000BFF35B8F204602B070BD6FF4807103485B
:1055D0000FF03BF9F6E76FF06804F3E7640600208C
:1055E000014B00221A6070478041002038B5054603
:1055F000FFF772FF0106C0F3C01233D4FFF76CFF50
:10560000430627D400210622084600F0E3FF0446A3
:1056100030BB0222014600F0DDFF18B3BFF35B8F01
:10562000114B53E8001F41F4007143E80012002AB7
:10563000F7D1BFF35B8F0FF0A9F9002D204608BF0B
:105640001222BDE8384016BF30224FF400616021BD
:10565000FFF77CBF1046FFF749FF0028D2D038BDC6
:105660000FF094F90020FAE7640600202DE9F04FCE
:1056700000F10C068BB00446304611F0DFFADFF87B
:10568000CCA18046B8F1000F02D10BB0BDE8F08F7D
:10569000238A082B07D86E4A6E4801210BB0BDE85B
:1056A000F04F0EF015BA0921304611F0BFFA037A17
:1056B000228A01339A420546EDD30123ADF8243006
:1056C0007F238DF81E30037A034400F101095B7AD1
:1056D0008DF81D30FF238DF81C300023ADF82230EB
:1056E00002788DF81F20042A9CBF5B4B9B5CADF8B1
:1056F0002030037A0193FFF7EFFE07060DD5BDF8C2
:105700002030580709D5297A3046013108F1FF3891
:1057100011F084FA5FFA88F8B4E748460EF058FDB5
:10572000002848D0494604A80EF047FDDAF80030BA
:10573000A3B1304611F092FA019B278A9DF81F20F1
:105740002382834633469DF91D10DAF800C004A871
:10575000E0476369278213FA8BF3E36004AB069397
:105760003E4B1B68002B35D01A6802B1083A53F83B
:10577000081CB9B11746A3F108023046039211F094
:105780006DFA238A039A0293019B2382126883464F
:10579000314606A890476269029B238212FA8BF277
:1057A000E2603A46B2B1976813688FB1083F002BA8
:1057B000E3D13A46F7E76B78FF2B04D1284904A8D8
:1057C0000FF052F8B2E749460EF0F2FE0146F6E756
:1057D000002BD2D10023BDF820200693FFF77CFEDA
:1057E0000106C0F3C01B8ED4D2078CD5022204A9B7
:1057F000584600F0EFFE0746002884D0FFF76CFE05
:10580000430610D407F1960049460FF02DF83846AC
:10581000FEF7A0F860B93846062100F0FDFB3846D7
:105820000FF0B4F86FE75846FFF760FE0028E9D0A4
:105830001F233B730021384600F0EEFB38460FF083
:10584000A5F80020FFF7D2FE5DE700BF80410020F1
:10585000B5B80300D48D0300CEB803007841002012
:10586000F5AC030008B50449402212F0F2FCB0FA8E
:1058700080F0400908BD00BF5AB9030070B5394B2C
:1058800093F8A23003F00603062B08D0364A3748B7
:1058900002210EF01DF96FF08505284670BD002825
:1058A0005CD0334E326872B1131F834207D1314A44
:1058B0002E4802210EF00CF96FF07705EDE75B68DA
:1058C0000BB1043BF1E742607268031D336002B91B
:1058D0007360294CBFF35B8F54E8002F42F0200324
:1058E00044E800310029F7D1BFF35B8F12F02002AA
:1058F00001D00025D1E7BFF35B8F54E8003F23F0D0
:10590000100344E800310029F7D1BFF35B8F114643
:1059100042F22500FDF758FF05460028E9D0174A56
:10592000124801210EF0D4F8BFF35B8F54E8003F1A
:1059300023F0200344E80032002AF7D1BFF35B8F45
:1059400034683CB154F8043C043C0BB10020984747
:105950006468F6E70023C6E900339EE76FF015059B
:105960009BE700BF90050020D3B803009C8D030087
:1059700088410020F2B80300640600200EB903003D
:10598000054BBFF35B8F1B680448BFF35B8F13F0BD
:10599000100F08BF0020704764060020EF4700206A
:1059A00070B5244E33688B4204463DD01BB16FF076
:1059B0000F04204670BD204BBFF35B8F1A68BFF306
:1059C0005B8F9206F3D4BFF35B8F1B68BFF35B8FD3
:1059D000DB062CD5316042F226004021FDF7BAFEED
:1059E0000546F0B140210C3011F0EFF8234604F1E8
:1059F000400253F8041B40F8041B9342F9D10022E3
:105A0000294642F22600FDF7DFFE04460028D0D0EA
:105A100000233360094A0A48234602210EF061F848
:105A2000C7E76FF06804F3E76FF07704C1E76FF042
:105A30007C04BEE7844100206406002038B90300DE
:105A40009C8D0300F8B51D4BC568BFF35B8F53E811
:105A5000002F22F0200243E800210029F7D1BFF3F4
:105A60005B8F2A78AAB916496A1C05F1410052F8E1
:105A7000044B41F8044B8242F9D1BFF35B8F53E8EA
:105A8000001F41F0100143E80012002AF7D1BFF3D4
:105A90005B8F0C4E34686CB1094F043C23682BB10A
:105AA0002A78002A0CBF38460020984764680CB159
:105AB000043CF3E70023C6E90033F8BD6406002088
:105AC000EF4700208841002005490B6833B1C268C8
:105AD00000200860117801B9501C1847704700BFBA
:105AE0008441002070B50B4B1D68044625B90A4D52
:105AF0000A4EB54207D370BD2B6813B1217B2046F7
:105B00009847AD69F2E72B6813B1217B204698478F
:105B10001C35EEE7304200202C8D03002C8D030055
:105B20002DE9F041154F04464FF000084FF04002B8
:105B3000EFF3118382F31288BFF36F8F216A29B9C3
:105B400083F31188BFF36F8FBDE8F081606A0A6844
:105B50002262814208BF626283F31188BFF36F8FB4
:105B6000D1E90156C1F80C80C1E90188384611F02D
:105B7000A1FE002231462046A847D7E79810002012
:105B800070B5D1E901560022C1E901220446CA607C
:105B9000054811F08FFE314620462B466FF06D020E
:105BA000BDE87040184700BF981000202DE9F0476D
:105BB000DFF860811F46B8F80431002B04460E461A
:105BC00008F58470154608BF00200022002309F064
:105BD000EBFE002840F09B80002D77D005F10C0AE9
:105BE0005046B8F8049111F03DF8484568D9B8F826
:105BF000049156F80C1F4A46504610F0ECFF4946F7
:105C0000304611F00BF8637BAE69072B7CD14FF067
:105C10004003EFF3118283F31288BFF36F8F002EDE
:105C20005FD000233360A369002B57D1C4E9056618
:105C30004FF0000982F31188BFF36F8F042105F143
:105C40000C0010F0E3FF238807F0FD0743EA073755
:105C500007802B8A043B438002232B762846FEF7DD
:105C600081F9074648B32C4A034601212B480DF021
:105C700038FF4FF04003EFF3118783F31288BFF32F
:105C80006F8F002E3AD0314604F114000EF0F5FD6E
:105C900087F31188BFF36F8F6FF00407B8F80431F2
:105CA0001F48002B08BF002009F058FE2EB100232A
:105CB000AB6131462046FFF763FF3846BDE8F08709
:105CC000504610F0CFFF1FFA80F992E70022002320
:105CD00004F1380010F018FF054694E71E60A66135
:105CE000A6E7A36933B103F10C09DB680133C9F8F6
:105CF00000309FE7E36904F11C09F7E7D9F80030A9
:105D0000013BC9F80030C3E76FF07F07C6E76FF0CB
:105D10006807D2E790050020C9B10300848D030015
:105D20009806002008B5034A034802210DF0D0FE72
:105D3000002008BDA1B90300848D03000448B0F819
:105D40000431002B00F5847008BF0020704700BFAD
:105D50009005002038B5002204468A4202D1002472
:105D6000204638BD04F1BC030120BFF35B8F53E82C
:105D7000005F002D04D143E8000CBCF1000FF6D108
:105D8000BFF35B8F02D0C0340244E6E7002CE6D0BC
:105D9000BC220021204612F07AFA04F1580004498E
:105DA00011F068FE034904F1280011F01FFED7E747
:105DB00011680200F9480300F7B5164604460D467F
:105DC000FFF7AEFE012E23D0022E50D123693BB146
:105DD0003048314A01210DF07BFE20460EF08FFD48
:105DE000256121690B8A012B51D9CA6812880432B6
:105DF00092B293424BD341D9264800920121274ABF
:105E00000DF079FE204603B0BDE8F0400EF077BDFE
:105E1000206940B9224A1F4831460DF059FE2046FC
:105E20000EF06DFD01E02F8A2FB9284603B0BDE8C2
:105E3000F04005F041BC0C3010F014FF87420CD943
:105E4000184A144831460DF043FE216900222046CD
:105E500000F054FF00232361E7E720692A8AE968FC
:105E60000C3010F0B8FE284605F026FCB9E70E4AC3
:105E70000848334601210DF034FED0E7002301220B
:105E80002046236103B0BDE8F04000F037BF03B007
:105E9000F0BD00BF848D0300CAB903004ABA0300F5
:105EA000E7B9030005BA03002CBA03002DE9F3415A
:105EB0009846CB7A072B06460D4617460BD8082284
:105EC000254800920121254A0DF015FE6FF01500BE
:105ED00002B0BDE8F081437B072B07D0204A1E4863
:105EE00001210DF0F5FD6FF07F00F1E772B30AF0CC
:105EF00089FA1C4B83421C4807BF002200234FF045
:105F0000FF324FF0FF3309F0F5FC044600B3737B1A
:105F1000072B0DD0154A104802210DF0D9FD0023A2
:105F2000C4E901331048E360214611F0C3FCDAE70D
:105F3000C0E901780023C360AC61002406F1380099
:105F40002C77294610F00FFE2046C1E71446F3E7F0
:105F50006FF06800BCE700BF848D030065BA0300E2
:105F60008ABA0300004000209810002099BA03006C
:105F70002DE9F84F06462448244CDFF8949012F09F
:105F800009F9214B00220121304612F0D9F80125F0
:105F90004FF000084FF0140AAB4604F1BC000EF0BD
:105FA00096FC58B1637B9BB96FF04001201D0EF049
:105FB0007FFC43060CD520460EF0AAFCC034B8F195
:105FC000000F02D02846BDE8F88F4FF00108E4E743
:105FD000637B072BF2D1B9F80431002BEED00AFB1A
:105FE0000567D9F81021A36B4BB142B9094B0221C7
:105FF000384612F0A5F8013587F80CB0DEE704F159
:10600000380300220421F3E704090020D02B0020EC
:1060100090050020980600202DE9F041457B8D4237
:1060200000AF04460E461BD1082D96BF854B864B0C
:1060300053F825306C4688B06A468449C2E9051396
:106040004FF400739383824B42F8103F8148002342
:106050004FF4E451FBF798FCA546BD46BDE8F0813E
:106060004173DDB1062D1FD0637B082B00F2E78062
:1060700001A252F823F000BF35610200B7600200B0
:106080005B6002005B6002005B6002005B6002001C
:10609000C1610200F76002005B6002008378082B98
:1060A000E2D00EF058FCDFE78378012BDCD15830CA
:1060B00011F0EEFCD8E7684D4FF0000805F5847646
:1060C0004FF04002EFF3118382F31288BFF36F8F1A
:1060D000E269002A00F08E80013AE26183F31188C0
:1060E000BFF36F8FB5F80431002B14BF304600208A
:1060F00009F034FCE4E7A378042BAED004F13800B7
:1061000011F0CCFB554800210AF0F6FB0023C4E94E
:106110001433E378012BA0D1A378012B04BF032310
:1061200084F8AC304FF42032002304F1580009F019
:106130001BFE92E7A378042B03D120460EF026FC29
:106140008BE7082D89D801A353F825F0B36102002D
:1061500071610200A56102003B6102003B61020027
:10616000A5610200A5610200B3610200B3610200F3
:106170002046FFF7D5FCA378012B0AD104F158057E
:10618000284611F083FC10F00C0F02D0284611F0C5
:106190007FFC4021201D0EF0A0FB00212F480AF0BB
:1061A000ABFB5AE7237B002BC7D02046FFF79AFCB6
:1061B000C3E72B4A3346274802210DF092FC4CE7F7
:1061C000A378012B7FF449AF234B9D8A002D3FF428
:1061D00044AF0A235D434FF4004640F2E73000210C
:1061E0004FF47A720023C5FB0601DAF741FD02463F
:1061F0000B469AE7616921B983F31188BFF36F8F6A
:106200002BE7A0690A686261814208BFA26183F33B
:106210001188BFF36F8F4FF04002EFF3118382F3C9
:106220001288BFF36F8FCA68E261C1F80C8083F3F4
:106230001188BFF36F8F2046FFF7A2FC52E7094A8F
:106240003346B8E7B49A0300BFBA0300C9BA0300E3
:1062500003000001848D0300900500200409002044
:10626000DABA0300F1BA030070B5024605460E46DD
:106270000A4802210EF0A5FB044610B9002420466E
:1062800070BD83781E42FAD1054A06482B4602218A
:106290000DF027FC20460EF079FBEFE7D02B002015
:1062A0000DBB0300848D03002DE9F047DFF834A017
:1062B00006460F46904600254FF0C00909FB05A091
:1062C0000EF049FB044620B183781E4206D10EF041
:1062D0005DFB0DB1BDE8F0870125EFE74146B8470A
:1062E0002046F4E7D02B0020034BC01A034B80114B
:1062F0005843C0B2704700BFD02B0020ABAAAAAA57
:1063000038B50D460849002808BF084610F0F7FBCD
:10631000044618B9BDE83840FFF704BD291D0C300C
:1063200010F04FFC204638BDB0100020F8B5031D1A
:10633000044618460EF0CBFA820512D5B4F89E201A
:10634000B4F8A01091420CD8B4F8A210914208D32E
:10635000D4E92912914204D16FF4007118460EF06D
:10636000A7FA104B1D6825B90F4D104FBD420CD335
:10637000F8BDEE683EB1B4F8A630B4F8A420B4F885
:106380009E102046B047AD69EDE7EE683EB1B4F827
:10639000A630B4F8A420B4F89E102046B0471C35AF
:1063A000E4E700BF304200202C8D03002C8D030059
:1063B0002DE9F041074608460C460DF0DAFF054688
:1063C00018B900252846BDE8F081134B1E6846B970
:1063D000124EDFF84C804645F4D2B36883B91C36C0
:1063E000F9E7B3680BB9B669F1E721463846984733
:1063F0000028E6D020460DF0BCFF0028F3D1E0E7EE
:106400002146384698470028DBD020460DF0B1FFE2
:106410000028E4D1D5E700BF304200202C8D0300D6
:106420002C8D03002DE9F041C378044673B900F1C7
:106430009606104B1D6804F1880755B90E4D0F4F95
:1064400004F18808BD420CD3BDE8F08100F18F064D
:10645000EFE72B691BB13A46314620469847AD69B4
:10646000EBE72B691BB142463146204698471C3565
:10647000E8E700BF304200202C8D03002C8D030084
:10648000F8B5437A8372044616460EF058FC0C4B5E
:106490001D6825B90B4D0C4FBD4208D3F8BD6B6983
:1064A0001BB1617A324620469847AD69F1E76B69C6
:1064B0001BB1617A3246204698471C35ECE700BF95
:1064C000304200202C8D03002C8D0300024B1A68F3
:1064D00082611860704700BF3042002038B5054621
:1064E0000C460B480221FFF735FC80B1057223688A
:1064F000C0F88830A388A0F88C30A37980F88E305B
:106500000123437283728370024BC0F8A03038BD00
:10651000D02B0020180028002DE9F041104D064630
:106520000F464FF0000828460EF015FA044620B139
:106530008378012B0CD00EF029FAC035B8F1000F8A
:1065400003D000242046BDE8F0814FF00108EAE7BF
:106550003A4631460EF0E7FA0028F3D12046EAE742
:10656000D02B0020B0B500AF0D46FFF7D5FF044695
:1065700008B32846FCF70AFC637B082B96BF0F4A3A
:106580000F4B52F823306D468AB06A460D49C2E976
:1065900007030D4B53620D4BC2E9051442F8103F3F
:1065A0000B4800234FF44251FBF7EEF92046AD466D
:1065B0000EF0ECF90120BD46B0BD00BFB49A030057
:1065C000BFBA030024BB030001030204050000025C
:1065D000848D03002DE9F047DFF850A005460E46F4
:1065E000904600274FF0C00909FB07A00EF0B3F951
:1065F000044620B18378012B06D00EF0C7F90FB105
:1066000000240FE00127EFE736B1324629460EF0AD
:106610008AFA08B92046F0E7637B4345FAD1237A2A
:10662000AB42F7D12046BDE8F08700BFD02B002059
:1066300010B583780B70C3784B70037A8B70437BF3
:10664000023BDBB2062B98BF234C02464FF0000002
:106650008CBF0346E35CC8770B77537A4B771046C1
:106660000EF030FA88779378012B31D102F188034C
:106670008B60137A1948C3EBC30303444B60D4788F
:1066800002F1960302F18F0014B11C460346204626
:10669000C1E90303B2F89E308B82B2F8A430CB82FA
:1066A000B2F8A6300B83D2F8B83023B15B7BD806A2
:1066B00044BF0123CB77D2F8B83013B15B7B9B0684
:1066C00001D4002010BDCB7F43F00203CB77F8E765
:1066D0006FF01500F6E700BFDCBB0300900500205B
:1066E00070B506462F480EF0F2F840070D4653D518
:1066F00029B90DF09EFF40B96FF0150070BD084636
:106700000DF037FE0028F4D1F6E731460020FFF700
:1067100003FF044628B93146FFF7E0FE044600288F
:106720003DD0201D3DB32B88A4F8A0306B88A4F881
:10673000A230AB88A4F8A430EB88A4F8A6300121DD
:106740000EF0CBF8C10702D420460EF004F9637BAB
:1067500063B914480EF0BBF8430707D51DB10221F9
:106760002046FFF759FC0020FEF740FF20460EF0C0
:106770000DF90020C2E76FF001010EF099F8C20791
:10678000E5D520460EF002F9637B022BDFD12946C6
:106790002046FFF741FCDAE76FF00A00AEE76FF042
:1067A0000B00ABE76406002038B5044608460D46EA
:1067B0000DF0DFFD38B3154B93F8D830990707D4A7
:1067C000E37873B129462046BDE8384000F0C2BAEC
:1067D00094F8AD309A07F3D5201D0EF078F84305F4
:1067E000EED4294620460EF0FAF958B92B88A4F8C1
:1067F000A0306B88A4F8A230AB88A4F8A830EB884E
:10680000A4F8AA3038BD6FF01500FBE79005002012
:10681000F7B510F84B3C0446A0F15805FBB92846E3
:106820000EF075FA314B1E684EB9314E314FBE42F3
:106830000DD3284603B0BDE8F0400EF0A7B873684A
:106840001BB114F84C1C28469847B669ECE77368EE
:106850001BB114F84C1C284698471C36E7E710F883
:10686000563C012B3FD110F8553C23B903B0BDE88D
:10687000F040FDF7CBB8A0F154066FF4007130463C
:106880000EF016F881051BD5A36C00936946236DA5
:1068900001932846FFF788FF034658B96FF48071CB
:1068A00030460EF005F88021304603B0BDE8F040D8
:1068B0000EF013B8104A114802210DF012F9F2E758
:1068C0000F4A4FF4281369462846CDE90023FFF705
:1068D0006BFF034628B94FF4807130460DF0FDFF81
:1068E000E1E7084AE7E703B0F0BD00BF304200200F
:1068F0002C8D03002C8D03005DBB0300848D0300F1
:106900001800280082BB030001460148FFF7F8BCCD
:10691000081100202DE9F047437B05465BB96FF075
:10692000400104300DF0C4FF430604D52846BDE8FD
:10693000F0470DF0EDBF05F1380010F0D0FF044630
:1069400060B9354A354936484FF466730CF0C4FDDA
:10695000404080F311884FF0030002DF204610F022
:1069600004F9DFF8C090028AB9F804319A4204466B
:10697000027F07D832B9022321462846FFF716F9CD
:10698000064632E017464FF0000A228AB9F8043171
:106990009A4204D80123237700220323ECE74FF027
:1069A000FF334FF0FF320020FFF7AEFF6B7B072B6A
:1069B000804606D004F080FE2046BDE8F04704F093
:1069C0007BBEC0F818A080F81CA0637F4377024606
:1069D0003B4621462846FFF7E9F80646B8B107F0DE
:1069E00001072777404604F067FE204604F064FE66
:1069F00005360ED1A6690023A361204604F05CFE93
:106A00003EB131462846BDE8F047FFF7B9B8012747
:106A1000BBE7BDE8F08700BFACBB030091C6030035
:106A200036AF03009005002070B51F481F4D1E4E65
:106A300010F034FF002429463046013410F03AFFAC
:106A40000A2C05F11005F6D101F0E4F804F01EFC63
:106A5000054608BB0EF0DEF915480DF07CFF044634
:106A600038B104300DF033FFC20717D420460DF0C3
:106A70008DFF10480DF06FFF044668B104300DF033
:106A800026FFC30705D50023237202212046FFF706
:106A9000C3FA20460DF07AFF284670BD2572022108
:106AA0002046FFF7B9FAE1E7981000209041002056
:106AB000D02B0020902C002008B50346034A044840
:106AC00001210DF00EF8002008BD00BF5CBC0300E2
:106AD000C48D030080B500AF88B06A46074BC2E999
:106AE0000530032342F8103F054800234FF4C251FC
:106AF000FAF74AFF6FF00B00BD4680BD84BC03006F
:106B0000C48D0300074B1A6822B11A6B0AB1FFF754
:106B1000E1BF0122302000FB0233034A5A6000200B
:106B20000B60704740420020F89A0300F7B5244DEF
:106B3000244F04460026BD4201D303B0F0BD6B686C
:106B400001A920469847002834DB019B2A889A82B5
:106B50009A8403F11002A868BFF35B8F52E8001F0C
:106B600042E8006CBCF1000FF8D1BFF35B8F9E6070
:106B7000616D03F10802F9B9C4E914221C60D86000
:106B8000019843681B6803B19847019BBFF35B8F73
:106B9000103353E8001F41F0010143E80012002ABE
:106BA000F7D1BFF35B8F01984368DB6913B100F144
:106BB000100198470C35BEE70A606265DEE700BF4A
:106BC000088D03002C8D0300F0B50D4685B00646F8
:106BD000042105F10C0010F029F82B8A04464088A6
:106BE000984207D0354A0090012135480CF083FFC8
:106BF00005B0F0BD617839B9324A0121304805B09D
:106C0000BDE8F0400CF064BF2378122B0FD0132B9B
:106C100009D0012BECD02A482B4A02210CF061FF4D
:106C20006178306812E00128E2D8284AE5E70728B1
:106C30003468EA6801D8264ADFE7637B072B02D075
:106C4000244A0221DAE7E7782FB1204605B0BDE8F3
:106C5000F0400EF0ADB81388ADF808305388ADF8A9
:106C60000A309388ADF80C30D388ADF80E3002228C
:106C700013200EF01BF805460028B9D002A92046C3
:106C8000FFF796FB0221064605F10C000FF09DFF71
:106C900086F00103DBB203802A4600973B460521BC
:106CA00020460EF06CF810B1284604F005FD002EC9
:106CB0009ED002A920460DF092FF99E7ABBC0300DD
:106CC000C48D0300CCBC03003ABD0300EDBC03003F
:106CD00009BD03002CBD030008B50B8A032B06D8A1
:106CE000044A054801210CF0F3FE002008BDFFF71F
:106CF0006BFFFAE762BD0300C48D030038B50B8A51
:106D0000032B05460C4609D80F4A104801210CF008
:106D1000DFFE2046BDE8384004F0CEBC042104F17B
:106D20000C000FF083FF418828460EF069F830B957
:106D3000074A06480B4602210CF0D3FEE9E74368F8
:106D400021465B699847E4E780BD0300C48D0300DA
:106D50009DBD030073B5174B0E4619780131C9B2BA
:106D6000012938BF012105460822122019700DF0B3
:106D70009DFF0446D0B108210C300FF026FF338868
:106D8000038073884380B3888380F388C3800023A3
:106D900028460093224605210DF0F1FF054610B16B
:106DA000204604F089FC284602B070BD6FF00B0548
:106DB000F9E700BF2F48002023281FD81A2804D83D
:106DC000431E182B0ED906207047A0F11B03082B79
:106DD0001ED8DFE803F0051D1B231D19251D050026
:106DE000032070470F4A012383401A40C2B90E4A5C
:106DF0001A40002A14BF01200620704700F07F03CC
:106E0000522B05D1002070470120704705207047A4
:106E100010F0400F0CBF0620002070470420704780
:106E200002207047AAAA8A025455450108B5437B3F
:106E3000072B06D00C4A02210C480EF010F8002057
:106E400008BD04210DF0DCFF10B9094A0121F3E768
:106E5000BFF35B8F036BBFF35B8F5B0701D4054A06
:106E6000F4E750F8040CEBE72CBD03007C8D030025
:106E7000D9BD0300F4BD0300011F014810F04EBC52
:106E8000B40F002010B500210446142211F0FFF9C0
:106E900021460248BDE8104010F00CBD80100020D3
:106EA0002DE9FF4105460E464FF000084FF42053F0
:106EB000006817688DF8088002A91446ADF80A30FA
:106EC0000DF01FF9A0B142F6010328688DF80C807F
:106ED00003A9ADF80E300DF014F948B123691BB1C8
:106EE0005A88B24200D25E80012004B0BDE8F08131
:106EF000616828680DF005F910B100232361F3E7FC
:106F0000E368A0681A786AB1B7F81AC0798D038A65
:106F10008C4594BFC3EB0C03C3EB0103934201DA2E
:106F20000020E2E704210C300FF04FFE20610680C4
:106F300023695E80074B00930194A26800232946D1
:106F400038460EF082F80028EADB2069003818BFC6
:106F50000120CAE7734F030070B505460C4609F0DF
:106F600051FA064B834206481ABF2A46234600229E
:106F7000BDE8704008BF002308F0BCBC0040002002
:106F8000801000202DE9F3410D46438B418D8B424B
:106F900002F1010228BF0B469A4280460AD92048D6
:106FA000009202211F4A0CF0A6FD0024204602B0E8
:106FB000BDE8F0812846FFF7FFFE022814D0042820
:106FC00012D04FF0FF364FF0FF37002132463B46DC
:106FD00008460DF0D1FE044650B9134A10482B461E
:106FE00001210CF07EFDE0E74FF470260027ECE76E
:106FF00030463946FFF7B0FF40B90C4A0848022135
:107000000DF02DFF204604F057FBCEE7C0F80080BE
:107010000121A06104F10C000FF0D7FD0570C5E758
:107020007C8D03000EBE03005CBC030033BE030076
:107030002DE9F743176805468846006851687E6861
:1070400014460DF05EF88146002842D13046952264
:1070500029460EF0F8FE0646207540B1E3681B781D
:107060000BB184F81490002003B0BDE8F083A06851
:107070000FF07FFD02210C300FF0A7FD164B2061B1
:10708000A0F8008000930194A26833462946384650
:107090000DF0DBFF002807DA10F1FF0F26BF40429A
:1070A000C0B20E202075DEE72369002BDBD0A0687C
:1070B0000DF0BBFE7B8B7A8D9A4294BFC0EB020031
:1070C000C0EB0300E3681B78984294BF00200120C6
:1070D000CAE70120C8E700BF3B4E03002DE9F04F8F
:1070E00091B0166880460F46002542F601030068FD
:1070F000D6F804908DF82C500BA91446ADF82E301C
:107100000CF0FFFF002870D04FF42053D8F8000097
:107110008DF82C500BA9ADF82E300CF0F2FF38B1E1
:10712000A3681BB15A88BA4200D25F8001200EE0EA
:10713000616808460DF079FE728B738D9A4294BF98
:10714000C0EB0200C0EB0300032803D8002011B0FD
:10715000BDE8F08F08460FF00CFD054660680DF0A5
:1071600064FE728B738D05F10C0B9A4294BFC0EBD9
:10717000020AC0EB030A58460FF074FD824537D26D
:1071800060680DF052FE728B738D9A4294BFC0EB13
:107190000200C0EB030070B96368987A04F0E2F96A
:1071A000002200230FF0ABFC05460028CED001469C
:1071B00060680FF0EFFC00230093D8F80460102300
:1071C00002AA41464846B047061E0EDB227CE06814
:1071D000B2422BD001460BA80CF0C1FF60B9237C52
:1071E000144A154802210CF07CFC0023A3609DE7A3
:1071F00058460FF037FDCEE7F2B202A906A80CF010
:10720000AEFF10B90D4A3346EBE706A90BA80CF008
:1072100078FF0028E9D100236374042105F10C00F4
:107220000FF0D3FCA0600780A3687EE702A911F0ED
:1072300010F8EEE752BE03007C8D030071BE030020
:107240002DE9F04182B000AF044688463D48002257
:107250000023394608F0C0F90546B0B16D4688B044
:107260006A46394BC2E90534032342F8103F3748D8
:1072700000234FF4C251FAF787FBAD466FF00B06BF
:1072800030460837BD46BDE8F08109F0BBF83E68DE
:107290002F4B282218602946301D10F0F8FF34606B
:1072A0003C682C487D60C4E90155C4E909550022B9
:1072B0000023391D08F090F9064688B123686C4612
:1072C00088B06A462449C2E90513032342F8103FF7
:1072D0001E482B464FF4C451FAF756FBA546CDE79E
:1072E0007B6801469022184610F0D1FF1B4A82604D
:1072F0003C3010F0D3FA7B68BFF35B8F343353E834
:10730000002F43E800610029F9D1BFF35B8F7B6850
:107310001C60636A7D681BB904F10C0010F0BEFAB2
:10732000626AC5F88820A26A05F18803636202B91F
:10733000A3627B6817225A855A830433C8F8003049
:107340009EE700BF980F002090BE03007C8D0300D5
:1073500068430020B40F0020B5BE030014090020CC
:107360002DE9F347D1F81880CB68D8F80090BFF327
:107370005B8F426BBFF35B8F520706460C460AD405
:10738000274A284801210DF06AFD6FF015052846AF
:1073900002B0BDE8F0871B78D22B11D103681868C2
:1073A0000FF09DF9054658B11F4A1E4801210DF006
:1073B00056FDA069FFF766FD204604F07DF9E6E77B
:1073C00004F10C000FF04AFCB4F810A0C8F80060FB
:1073D00033681D68E36807461878FFF7EDFC052859
:1073E00096BF124B124B53F82030CDF80080284640
:1073F000224604210DF0C3FC05460028C7D010F139
:10740000690F04D10B4A074801210DF028FD63697B
:10741000A4F810A013FA87F7E760C8F80090B6E761
:10742000F4BD03007C8D0300DABE0300209B030043
:107430003D550300EDBE030010B500F130030446D6
:10744000BFF35B8F53E8001F41F0040143E80012D3
:10745000002AF7D1BFF35B8F201F0DF01BFD04F155
:107460005400044910F006FB2068BDE8104001F00C
:107470001DBE00BF757E02002DE9F3470B8A076829
:1074800004460E4643B9394A012139480DF0E7FC5C
:10749000002002B0BDE8F087012106F10C000FF0DA
:1074A000C5FB7B7B072B0546F2D154F8043C002B2F
:1074B000EED003782F4FA4F10408002217F8320011
:1074C00098424FEAC20A07EBC2010DD191F802902F
:1074D000B9F1010F20D1002104F130000DF0ECFFD3
:1074E00028B3254A0221D0E701321E2AE6D12048DE
:1074F000224A02210CF0F5FA29780846FFF75CFCD5
:107500000028C5D00528C3D00029C1D006230022F9
:1075100040460DF0B4FFBBE7B9F1050F07D10121DB
:1075200004F130000DF0C8FF08B1154ADAE75744FE
:10753000338A7A789A420BD92A780D480092012131
:10754000104A0CF0D8FAB9F1010FA1D1042309E0D7
:107550007B68314640469847B9F1010F034697D101
:10756000002895D02978002992D0D0E710BF0300D9
:107570007C8D0300389B030045BF03002BBF030035
:1075800061BF030080BF0300F0B51E4603680D46CF
:10759000003987B0044618BF0121186817460EF05D
:1075A00065FD48B9052104F134000DF085FF002880
:1075B00048D0002007B0F0BD002E45D01822002191
:1075C000684610F064FE67BB2368204A1B6800937E
:1075D0000023ADF812300C9B0393BDF83430ADF8A6
:1075E000103001238DF8143031466B4630468DF84B
:1075F00008500DF0B3FC9DF81430E3B1002FD8D043
:10760000019B9869FFF73EFC019804F055F89DF83E
:107610001430002DCDD03246294620460DF02FFFE4
:10762000C7E7002239462046FFF7ACFC019000284E
:10763000CAD11120BEE701990029BAD020460DF029
:10764000F6FEB6E71220B5E70120B3E7FB4E0300D4
:10765000F8B50F461646FFF7E9FBB0B1446A20467D
:107660001CB150F8884904B1883C731C194638B1E4
:10767000428D458BAA4228BF2A469A4207D264B956
:107680000A4A0B4802210CF02CFA0020F8BD3246C1
:107690003946BDE8F840FFF775BCD4F8885005B10D
:1076A000883D20460B462C46E2E700BF9FBF030003
:1076B0007C8D0300F8B50D46002106464FF470227C
:1076C000002308460DF058FB044640B9124A1348FF
:1076D0002B4601210CF005FA00242046F8BD00F1EC
:1076E0000C07082138460FF06CFA4FF47020002187
:1076F000FFF732FC40B90A4A084802210DF0AFFBFF
:10770000204603F0D9FFE7E706600121A061384673
:107710000FF05BFA0570E0E75CBC03007C8D0300B2
:1077200033BE03002DE9F0410E8A043EF6B2022E6C
:1077300004468CB0084601D0102E6BD104210C30C9
:107740000FF074FA0DF1080805884788011D3246CC
:1077500040460CF004FD00285ED0002D39D00026F4
:10776000002F35D0BD4234D84FF4205301A94046F4
:107770008DF80460ADF806300CF0C3FC68BB142231
:10778000002107A810F083FD012211212046FFF7F8
:1077900091FF099000283BD001210C30CDE907482A
:1077A0000FF013FA00230A901C4A037039460B931A
:1077B000284607AB0DF0D2FB0A9B1B781BBB099B2D
:1077C0009869FFF75FFB099803F076FF0A2301E051
:1077D0003D4601232A4610210EE042F6010307A987
:1077E00040468DF81C60ADF81E300CF08AFC002875
:1077F000C5D010232A46194620460DF040FE002031
:107800000CB0BDE8F081099920460DF010FEF6E7B6
:107810001120F5E70420F3E70E20F1E7A16E020046
:107820002DE9F043036885B004460D461868012130
:107830000EF01CFC50B9052104F134000DF03CFEA3
:1078400000283BD1122005B0BDE8F08310220021B2
:10785000684610F01CFD002221212046FFF72AFF78
:10786000029068B3DFF85C90009405F10C074FF0CC
:1078700001082B8A012B04D8029920460DF0D7FD70
:107880001CE038460FF0E2F96B464A4601460646D0
:107890008DF80C800DF062FB9DF80C30002BE8D0C9
:1078A000029B9869FFF7EEFA029803F005FF9DF836
:1078B0000C303246202120460DF0E1FD0020C2E7C9
:1078C0001120C0E7335203002DE9F043036885B06F
:1078D00004460D46186801210EF0C8FB50B9052179
:1078E00004F134000DF0E8FD00283BD1122005B072
:1078F000BDE8F08310220021684610F0C8FC002289
:107900000F212046FFF7D6FE029068B3DFF85C90A7
:10791000009405F10C074FF001082B8A012B04D8C5
:10792000029920460DF083FD1CE038460FF08EF9D9
:107930006B464A46014606468DF80C800DF00EFB5C
:107940009DF80C30002BE8D0029B9869FFF79AFA5B
:10795000029803F0B1FE9DF80C3032460E2120460D
:107960000DF08DFD0020C2E71120C0E7ED510300AE
:10797000F0B51D46036885B004460E46186801211F
:1079800017460EF073FB40B9052104F134000DF0E9
:1079900093FD70BB122005B0F0BD8DB31022002105
:1079A000684610F074FC002239462046FFF782FE3C
:1079B000029038B3BDF82830ADF8043001238DF8BB
:1079C0000C30114A00946B46294628460DF0C6FA41
:1079D0009DF80C307BB1029B9869FFF753FA02982F
:1079E00003F06AFE9DF80C302A46314620460DF021
:1079F00046FD0020CFE7029920460DF018FDF8E77C
:107A00000120C8E71120C6E7ED5103002DE9F04140
:107A10000D8A043DEDB2022D04468CB0084601D01B
:107A2000102D50D104210C300FF000F90DF1040895
:107A300006884788011D2A4640460CF090FB002826
:107A400043D096B187B1B7420FD3182200210DEB76
:107A5000020010F01CFC012209212046FFF72AFE3B
:107A6000089060B9112007E03E4601233246082104
:107A700020460DF004FD00200CB0BDE8F08101218E
:107A80000C30CDE906480FF0A0F8002309900370F0
:107A90000A238DF82C300E4A06AB394630460DF0DD
:107AA0005DFA9DF82C304BB1089B9869FFF7EAF915
:107AB000089803F001FE9DF82C30D7E7089920467E
:107AC0000DF0B5FCD7E70420D6E70E20D4E700BFC1
:107AD000317002002DE9F0430F4687B004460621BD
:107AE00007F10C000FF0A2F80588B0F80280828838
:107AF000D7F80C90C5B10023B8F1000F13D045455D
:107B000012D88DF800308DF8043001A94FF42053BD
:107B10006846ADF80220ADF806300CF0F2FA0646E1
:107B200060B10A2301E0454601232A46062120468A
:107B30000DF0A5FC002007B0BDE8F083014614223B
:107B400001A83F7C10F0A3FB324607212046FFF737
:107B5000B1FD0290F8B10A238DF815300F4A019457
:107B600001AB41462846CDE903698DF814700DF04C
:107B7000F5F99DF815304BB1029B9869FFF782F932
:107B8000029803F099FD9DF81530CEE70299204642
:107B90000DF04DFCCEE71120CDE700BFDD700200F7
:107BA0007FB5CB681D885E8804468DB17EB1B54235
:107BB0000ED810220021684610F069FB0022052132
:107BC0002046FFF777FD019058B9112007E03546B0
:107BD00001232A46042120460DF051FC002004B068
:107BE00070BD6B460A4A0094314628460DF0B6F93E
:107BF000029B43B9019B9869FFF744F9019803F090
:107C00005BFD0A23E5E7019920460DF010FCE5E74E
:107C1000934F030070B50948094D084E0FF03EFE22
:107C200000242946304601340FF044FE0A2C05F1A9
:107C30001405F6D1BDE8704000F034BC801000207F
:107C4000A042002037B5002305460C46019308F0FA
:107C5000D9FB0C4B1B68834204BF00252C4601A9AD
:107C600009482A46234607F0B7FC014640B9019B64
:107C70001C22184610F00BFB0346184603B030BD1B
:107C80000023FAE768430020D00F002010B5836876
:107C900004463BB19869FFF7F5F8A06803F00CFDC6
:107CA0000023A36021460248BDE810400FF036BD16
:107CB000D00F00202DE9F347044658300E461746F2
:107CC0001D460FF0E5FEA06B58B9174A1748022170
:107CD0000DF0C5F820680DF036FB002002B0BDE8BD
:107CE000F087134B98424FF0000802D1C4F8388057
:107CF000F0E7D0F80490C0F80480A06BD0F818A08A
:107D0000FFF7C4FF2068C4F838800DF01CFBB9F100
:107D1000000FE2D02068CDF800A000683B46324654
:107D20002946C847D9E700BFBABF03007C8D0300CE
:107D30006C43002070B5836BCA68044643B319498D
:107D40008B4225D0D5781DB3052D406806D00F2D68
:107D50001FD1437A012B1CD8022107E0437A012B63
:107D6000FAD9022B12D0032B13D104210CF0B2FE4E
:107D700008B110300DD104F158000FF089FEA26B4C
:107D8000137C43F001031374002070BD0321EDE761
:107D90000E2500222B4620461146BDE87040FFF715
:107DA00089BF00BF6C4300202DE9F34150F8044C1B
:107DB0000546002C59D000F1840104F124000DF097
:107DC000EBF92F1F05F138080022002340460EF082
:107DD0009BFE064640BB6B6B2BB1024601460E2351
:107DE0003846FFF767FF002345F8043C022105F100
:107DF00030000DF0EAF9636A002B36D104F10C076C
:107E00000022002338460EF07FFE064698B96668C9
:107E1000C6B91748266021460FF080FC286802B0DA
:107E2000BDE8F04101F0B2B9B069FFF72BF8304678
:107E300003F042FCC8E7B069FFF724F8304603F0CE
:107E40003BFCDDE7A26833686360964208BFA3602D
:107E5000776837B1B3690093002320681A460E2172
:107E6000B8473046FFF712FFD1E702B0BDE8F08116
:107E7000980F00202DE9F04192B050F8583C06AF21
:107E8000064618680CF06FFE037804463D1D032B70
:107E90003BD8DFE803F0023436381F49284610F09B
:107EA0000CFBA379059562780492A2780392E2789C
:107EB0000292227901926279009207F11008174A22
:107EC0001E2140460BF027F86C4688B006AA144BDA
:107ED000C2E905384FF400739383124B42F8103F08
:107EE00000234FF4E2511048F9F74EFDA6F154007B
:107EF000A546FFF759FF3037BD46BDE8F0810B4975
:107F0000CCE70B49CAE70B49C8E70B4A0A212846C8
:107F10000BF001F8C5E700BFA8A40300CAA4030042
:107F2000D1BF0300030000017C8D0300AFA4030058
:107F3000B6A40300C0A403005AC5030010B50C4644
:107F400020B319B3FEF772FF00B3436AC3B153F80D
:107F5000882902B1883A996B8C420AD082B11346C3
:107F6000D2F88820002AF6D0996B8C42A2F18802C0
:107F7000F5D1074A9A632046BDE81040FFF786BE58
:107F8000043021460DF008F92046F5E710BD00BF8A
:107F90006C4300202DE9F0410D4CDFF83880054698
:107FA00000262746621C6DB9414610460DF0F4FCD0
:107FB00028B90136032E04F11004F2D10027384607
:107FC000BDE8F081217828460CF0ADFDF0E700BF58
:107FD000B8430020F5AC0300F8B50B4D06460F463C
:107FE000002415F8013CB34207D1394628460DF06C
:107FF000D3FC10B105482044F8BD0C34242C05F105
:108000000C05EED10020F7E70D4700200C470020BB
:10801000F8B50C4F06464C1C01F11F056EB114F863
:10802000011C224630460CF07EFD08B1601EF8BDF2
:108030000A34AC42F2D10020F9E7394620460DF06F
:10804000ABFCF2E7F5AC03002DE9F0410D4CDFF895
:108050003880054600262746621C6DB94146104609
:108060000DF09AFC28B90136032E04F11004F2D168
:1080700000273846BDE8F081217828460CF053FDF2
:10808000F0E700BFF4430020F5AC03002DE9F8430E
:108090001E46BDF82030D1F80C8081460F46002BDB
:1080A00045D1731E012B45D8012E4146157818BFC6
:1080B0001588FFF7ADFF0446C0B915B93046BDE8D5
:1080C000F8834146FFF7A4FF044638B91B481C4A11
:1080D00002210DF05FFC6FF01000F0E709F188015C
:1080E00001300DF0CCFC99F808302370D8F824301A
:1080F0008BB92581B8F81E30AB4203D041463846D3
:108100000DF0CCFB002DD9D10E49601C0DF0B7FC51
:1081100025702581D2E72A463946484698470028E7
:10812000CDDB01380128E4D96FF00D00C7E76FF00F
:108130000600C4E76FF00C00C1E700BFA48D030088
:10814000F2BF0300F5AC030038B50C4619466BB11D
:1081500003F118059B698AB9E268A360954200D1D2
:10816000E36000230D688B611A46A847A3685BB9DA
:10817000601C0649BDE838400DF081BC1360E3681F
:108180009D4208BFE260ECE738BD00BFF5AC0300DC
:108190002DE9F041069C0E4605466FF0040104F1FE
:1081A00014000DF016FC1EB32846FFF74DFF0146E4
:1081B000002833D0836853B11868002204F1180CEA
:1081C0002BB163450CD123462846FFF7BDFF6768F6
:1081D000C7B12246314628463B46BDE8F041184724
:1081E00020B107681A4603463846E9E70746F9E72B
:1081F000238A002BEBD12768334632462146284696
:10820000B847E4E7A3684BB1054A064802210DF0E0
:10821000C1FBA3683A4631462846DEE7BDE8F08157
:108220000CC00300A48D03001FB51046074A194671
:108230004FF42813CDE9022308230093BDF818203A
:108240006B440DF062FC05B05DF804FB18002800DB
:10825000024608B5084901300DF011FC00231372E5
:108260000C32BFF35B8F52E8001F42E80030002859
:10827000F9D1BFF35B8F08BDF5AC03002DE9F041E8
:1082800080460F4616461D46FFF7A6FE044680B9F7
:108290000F49FFF7A1FE044630B9BDE8F0410D4A91
:1082A0000D4801210DF076BB00F8018B39460DF029
:1082B000E6FB228963891AB92BB92681658104E01E
:1082C000964238BF26819D42F8D8BDE8F08100BFB4
:1082D000F5AC030043C00300A48D030037B50C4682
:1082E0000546082104F114000DF064FB122304225A
:1082F000CDE900320349044B224628460DF0A8FC84
:1083000003B030BD91810200135D03002DE9F047F9
:10831000284B164682689A4207462BD1C568EB8BDC
:1083200043B36C1C05F11F094FF00008B4F8073087
:108330009BB114F8011C224630460CF0F4FBE0B966
:1083400014F8010C2146FEF7E7F830B1437B072B08
:1083500008BF4FF001080CF019FB0A344C45E5D179
:10836000B8F1000F06D12B6AA5F81E8013B1414663
:10837000384698470120BDE8F08706F1880A307A30
:1083800051460CF034F878B90B4B9D4202D130467F
:108390000DF09EFC094920460DF071FB002304F806
:1083A000013CA4F80730D8E7514620460DF067FBA2
:1083B000D3E700BF8D80020054090020F5AC030014
:1083C0002DE9F0411F46BDF81830012B06469046B6
:1083D00034D83B44012B3D4633DCFFF7DBFD04463C
:1083E00068B9FFF7D7FD044648B9194A1948022170
:1083F0000DF0D0FA6FF010052846BDE8F08197B176
:10840000217A98F80020002321FA03F0C70703D54A
:1084100022FA03F0C00717D50133032BF4D102F081
:10842000070211432172601C06F188010DF027FB41
:10843000337A237020460DF081FCDDE76FF00605EE
:10844000DAE76FF00C05D7E76FF01205D4E700BF4D
:1084500062C00300A48D030010B56FF00201044652
:108460000E480DF0B6FA0D480DF09EFAC20704D57D
:108470000B480022002307F0ABFC20460DF0E5F985
:1084800050B12046FFF786FD30B1037ADB0703D5F4
:10849000BDE810400DF052BC10BD00BF082E0020FA
:1084A000D82D002010B5154801210DF083FAC3071F
:1084B00023D4022111480DF07DFA084007D110495C
:1084C000104A0B88104CA24211D300B10B800F4907
:1084D0000F480FF0CFFA0E484FF4A4720023FAF7BA
:1084E000AFFCBDE810400B490B480FF0C3BA506811
:1084F00003449BB208320120E5E710BDE8430020A9
:10850000304700202C8D03006C8D03001D87020076
:10851000602D002031890200D82D00202DE9F04186
:10852000034648B1008A38B91249DFF84CE001240B
:108530004FF0140C714501D3BDE8F081D1E900760C
:10854000BB4204D30CFB0672143A93420ED9344456
:10855000A2B208311446EDE70CFB0578434507D07D
:1085600001356219B54292B2F6D1F2E70025F8E77B
:108570001046E1E72C8D03006C8D03002DE9F74FC9
:10858000BDF83050009199464FF6FF73002D08BF9B
:108590001D46244B1B888342074690463CD203B0BD
:1085A000BDE8F08F73682344BB4232D29CB20836D8
:1085B0001D4B9E42F6D3F2E78958019340460BF0DB
:1085C000A0FD019B90B101340AF1010AA4B27368C5
:1085D0005345ECD9009B9C42E1D8BC423168F2D3B0
:1085E0000BFB0AF28B18B8F1000FE5D1B9F1000FBF
:1085F0000BD1013DADB218460E9A0D9B214698470E
:10860000002DCCD00028DED1C9E7DA689145DAD157
:10861000EFE74FF0000ADAE7044E01244FF0140BA5
:10862000C6E700BF304700206C8D03002C8D03008F
:1086300010B5C8B000241CAA694604A8CDE90044BE
:10864000CDE902440BF00DFC30B9134A1348012167
:108650000DF0A0F948B010BD4FF6FF710120104A8F
:1086600004AB0DF0E5FB0F4804A90BF08FFC08B933
:108670000D4AEBE70B4B214603F11002013118784C
:1086800012F8014D03F8014B08291070F6D1074884
:108690000DF090F9DEE700BF8EC00300A48D03004B
:1086A000EF580300502D0020A7C00300082E002023
:1086B0002DE9F0411649BDF818700446A1F13000CB
:1086C00015461E460FF0F8F912480DF06DF9010736
:1086D00001D4FFF7ADFF2046FFF75CFC68B1037AD9
:1086E000DA070AD500F10C0420460DF05DF9C30746
:1086F00003D4022120460DF05DF9102306933A467B
:1087000031462846044BBDE8F0410DF0FEB900BFEC
:10871000902D0020082E0020502D002008B505487F
:108720000DF042F9030703D4BDE80840FFF780BF0E
:1087300008BD00BF082E002007B500230193FFF7F6
:10874000EDFE411C89B20846034A01AB0DF070FBF7
:10875000019803B05DF804FB975803002DE9F0473A
:10876000154689469422696806460DF06CFB8046E2
:1087700048B12E4A2E4802210DF00CF94FF0FF357A
:108780002846BDE8F0876968022230460DF095FB67
:1087900038B9284A264802210DF0FCF86FF015057B
:1087A000EEE74FF470200021AF8AFFF74BFA023753
:1087B0000446A8B1204B47611D214174C0F80C80CC
:1087C000436085613A463046FEF742FF074650B99E
:1087D00017481A4A02210DF0DDF82046FFF756FA35
:1087E0006FF00B05CCE701234246414607F10C0A26
:1087F0000DF04AF8022150460EF0E7F98046504647
:1088000028F8029BA98A0EF0E0F9AA8A2969404655
:108810000FF02FFDA760214630460CF0DFFF054624
:108820000028ADD02046FFF731FAA9E7C0C0030009
:10883000A48D0300D6C00300C158030001C103008A
:1088400030B504468BB037480DF0AEF842070D4600
:1088500061D514B1637B072B60D168680590FFF781
:108860005DFE2A68ADF818003AB305A902912E49B9
:1088700001910121002300914FF6FF710593FFF74D
:108880007DFE059B1BB96FF001000BB030BD6B6026
:10889000059B186800238DF8103004A942F60303E5
:1088A000ADF812300BF02DFC70B90598C3689B79B8
:1088B0009B0605D46FF01500E7E70028E8D1E2E752
:1088C0000DF06FFAADF81800BDF818003CB10123A7
:1088D0000146AB752A462046FFF740FFD5E76FF00B
:1088E0007F0307930223ADF8203042F60213ADF860
:1088F000123005ABAC7502930C4B0193012300932E
:1089000004AA23464FF6FF7109958DF81040FFF732
:1089100035FE0798B9E76FF00A00B6E76FF07F0001
:10892000B3E700BF64060020E7580300518C020043
:1089300073B500F13005044650F8083C0193A0F1EE
:1089400020066FF0010128460DF043F80D4B44F866
:108950001C3C0D4B44F8183C01AB002044F8103C83
:10896000042324F8080C24F8060C24F80C3C3146A7
:10897000FFF766FF18B9022128460DF01BF802B078
:1089800070BD00BF509C0300598402002DE9F84FD0
:10899000404B1468904682689A4200AF054675D1F4
:1089A000D0F80C9009F1010609F11F0AB6F807305A
:1089B000F3B116F8011C324620460CF0B4F8B8B1F9
:1089C0004FF49572294620460DF03DFA30B3032846
:1089D00012D1EB4688B06A462F4BC2E9053542F802
:1089E000100F2E4800234FF4C451F8F7CDFFDD4699
:1089F0000A365645DAD149E0052820460CBF4FF02B
:108A0000030B4FF0020B0CF08CF8834506D998F855
:108A100004305B45ECD288F804B0E9E749462846C3
:108A20000CF03CFF1E4B994530D1207A04F18801AF
:108A3000FFF7D2FA054648B303890BB943892BB334
:108A40002046FDF751FC174A2B8922F8203002EB13
:108A50008003698959801449144D182303FB0013BE
:108A600000B202EB800200EB40005D601A61104D25
:108A70009D60042201EBC00120469A82FFF7E0FED0
:108A800020B10C4A054801210CF084FF0120BD46AD
:108A9000BDE8F88F8D80020028C10300A48D03007B
:108AA000540900200447002088430020509C030004
:108AB000455D03003CC103002DE9F8431446884698
:108AC0009422616806460DF0BEF940B12248234A5F
:108AD00002210CF05FFF4FF0FF30BDE8F8836168C2
:108AE000012230460DF0E9F938B91B481C4A022131
:108AF0000CF050FF6FF01500EFE7A2891B21023246
:108B00003046FEF7A5FD054638B91348154A02213F
:108B10000CF040FF6FF00B00DFE700F10C090221C1
:108B200048460EF052F80746484627F8028BA189BE
:108B30000EF04BF8A289A16838460FF09AFBD4E9F1
:108B40000412284601230CF09FFE29463046BDE85A
:108B5000F8430CF013BE00BFA48D0300C0C0030097
:108B6000D6C0030059C1030030B504468BB0354868
:108B70000CF01AFF42070D465DD514B1637B072B3D
:108B80005CD168680590FFF7C9FC2A68ADF8180049
:108B90003AB305A902912C490191012100230091CA
:108BA0004FF6FF710593FFF7E9FC059B1BB96FF0CA
:108BB00001000BB030BD6B60059B186800238DF879
:108BC000103004A942F60303ADF812300BF099FA05
:108BD00070B90598C3689B79DB0605D46FF0150062
:108BE000E7E70028E8D1E2E70DF0DBF8ADF8180080
:108BF000BDF818002CB101462A462046FFF75CFF5D
:108C0000D7E742F60212ADF8122005AA6FF07F03F3
:108C100002920E4A07930123CDE90032ADF82030CD
:108C200004AA23464FF6FF7109958DF81040FFF70F
:108C3000A5FC0798BDE76FF00A00BAE76FF07F0068
:108C4000B7E700BF64060020E7580300518C02001C
:108C50002DE9F84F474B144682689A42814639D134
:108C6000D0F80CA0444B9A451CD1444D444F0026EB
:108C7000394628460CF090FE78B915F8010C072209
:108C80002946FDF7A7FC40BB236915F8010C1A69BA
:108C9000294653881288FFF7F1FA0136032E05F1B1
:108CA0000C05E5D10AF101070AF11F0BB7F80720FF
:108CB000A3899A420BD117F8010C3946FDF72CFC19
:108CC000054620B1437B072B0AD00BF05FFE0A3725
:108CD0005F45EBD14FF0010849E00BF057FEDCE7B0
:108CE000DAF8283023B14946984708B92846ECE716
:108CF0009422494628460DF0A6F8804628B1214A1C
:108D0000214802210CF046FEF0E7A389022B15D181
:108D1000B7F8073013F0020604D128460BF036FEF0
:108D2000A660D4E72269A1882846FFF717FD06460A
:108D3000B8B92269937D01339375EEE7012B05D015
:108D400028460BF023FEC4F80880C0E7B7F80730C8
:108D500013F00106E1D02269A1882846FFF7ACFE96
:108D6000064628460BF012FE002EA660AFDA4046FB
:108D7000BDE8F88F8D800200540900200D470020C7
:108D8000F5AC0300C0C00300A48D030007B5437B0E
:108D9000072B0A462CD14B683BB908234FF0040E31
:108DA000CDE9003E144B154909E0012B11D0097B98
:108DB0005B00019341B1202300931149114B0CF04A
:108DC00047FF03B05DF804FB0E2300930E490F4BE1
:108DD000F5E74B8933B10C234FF0040CCDE9003C8F
:108DE0000B4BE0E70A230221CDE90031094BDAE71A
:108DF0006FF07F00E5E700BF1B5C0300198E0200E7
:108E0000975A0300455A0300495A03001D5A0300AC
:108E1000055A0300F15903002DE9F7430A9C064661
:108E200090461D460F4601B953B900230A932568A1
:108E3000224639463046AC4603B0BDE8F0436047B1
:108E40006368002B44D1013DADB202F101090DB3BD
:108E5000B9F800309AB23AB92D4A2E48012103B030
:108E6000BDE8F0430CF096BD98F800102381A942AC
:108E70008CBFA91E023989B20091276809F102034B
:108E8000224600213046B84700283DD098F80030EF
:108E9000AB420BD921463046FFF778FF002833DA82
:108EA00000230A93256822460E21C3E7238962899D
:108EB0009A4205D100230A93256822461946B9E74C
:108EC0000133238198F80030ED1AADB29944BEE722
:108ED00000951346D4F800C02246E047A0B1238A8B
:108EE000013B9D4203DA0A9725683B46E5E7638923
:108EF0001D44658121463046FFF748FF002803DA0C
:108F00000A9725683B46CEE703B0BDE8F08300BF73
:108F100082C10300A48D03002DE9F041437B072BA0
:108F200007460D465BD1FFF78FF80646002859D05B
:108F30008468002C56D00023183C9846A54209D0DE
:108F4000A189AA89914208BF4FF00108A4691CB108
:108F5000183CF3E70123F9E7002B43D005F1140097
:108F60000CF022FD430703D5294638460DF02CF8B6
:108F7000B8F1000F19D0B36805F1180253B19A4245
:108F800023D1AB69DCB9F168B3608A4200D1F360E8
:108F90000023AB61B3681BB91449701C0CF06FFD62
:108FA000B8F1000F14D1002007E0A5F81080294681
:108FB0003846FFF793F90028DDD0BDE8F081236043
:108FC000F3689A4208BFF460E2E71C461B68D5E7E5
:108FD00000232C681A4629463846A047E3E76FF07D
:108FE0007F00EAE76FF01500E7E700BFF5AC03008C
:108FF0002DE9F04F87B080460C469246FFF724F8E3
:109000008146E0B15246214603A80DF0D4FDBDF8DB
:109010001030042B13D9042103A80DF007FEBDF86E
:1090200010204788B0F800B0BA4206460AD21D4A5E
:109030001D48CDF800A03B4601210AF05CFD07B0B9
:10904000BDE8F08FD9F8084024B3256805B1183D74
:1090500034F80C2C5A451AD1183C07E02C46AD695F
:10906000A289E5B15A45A5F11805F7D198F809107C
:10907000A27C91420BD3D4F800C03B46321D21465E
:109080004046E04718B921464046FFF745FF2C46C9
:10909000002DE4D1394603A80DF0C8FDB7E75A45C5
:1090A000E4D0F7E791C10300A48D030013B50F4A84
:1090B00000904FF6FF7104466B4601208DF80400C6
:1090C0000CF0B6FE20460BF02CFD9DF804108842F3
:1090D00009D220460BF0FEFC034620B1044A0548A5
:1090E00002210AF0FEFC02B010BD00BF8D89020013
:1090F000AAC10300A48D0300F8B5084B1C680546FF
:109100000E4617464CB154F8043C043C1BB13A4699
:109110003146284698476468F4E7F8BDEC430020E0
:1091200037B501230546009000F18801007A8DF8DB
:1091300004300BF05CF960B9134A6B464FF6FF71CF
:1091400001200CF075FE002128460CF08FFF03B0C3
:1091500030BD2846FEF778FF0028EDD08468002C4B
:10916000EAD0183C04F1140318460CF01DFC020769
:1091700008D418460CF018FC830703D4214628466F
:10918000FFF7ACF8A469EAE78D8902002DE9F84FF2
:109190002F4A034604464FF6FF7101200CF048FEAB
:1091A0002046FEF751FF064638B92046FEF7F2FE8C
:1091B0000546002839D1BDE8F88F8568002DF4D028
:1091C00055F8187907B1183F4FF0000804F18809E5
:1091D000C24601E03D461F4605F1140B6FF0080141
:1091E00058460CF0F6FB207A49460BF000F970B9AE
:1091F000A5F810A02B46424631462046FEF7A4FFB4
:10920000002FD2D0BB69002BE4D0183BE2E75846D0
:109210000CF0CAFBC307EBD473781BB14946701C32
:109220000CF02DFC05F11808EAE704F18806207A15
:1092300031460BF0DCF820B92846BDE8F84FFFF7BF
:1092400007B83146681CBDE8F84F0CF018BC00BFE9
:109250000D830200034B42689A4204BF836919825E
:10926000704700BF198E020008B5014608480CF08F
:1092700054FF50B907480CF050FF28B101230648AD
:109280004FF4AC7202FB030008BD0023F7E700BFF8
:10929000142E00206C2F0020102E002010B50C4A38
:1092A00011680C4ABFF35B8F00F5A87353E8004FB9
:1092B000944204D143E8001CBCF1000FF6D1BFF387
:1092C0005B8FBFF35B8FD0F85001BFF35B8F10BD96
:1092D0003C420020102E002008B5FFF7DFFF0346B8
:1092E000C8B1D0E9001221B9002A0CBF0320022026
:1092F00010E032B1836813B9094B1B7833B90420ED
:1093000008E00749087828B19B6833B9003A18BFCC
:109310000122500008BD0320FCE70120FAE700BF4E
:109320003048002070B504460D46043005210CF08D
:10933000F4FEF0B9042D1BD8E37AA27C1340DB07BE
:1093400031D4237BE27C134313F0040010D0204679
:10935000FFF7C2FF174B05EB85051D44285C042869
:1093600006D1D4F8EC30DB78002B14BF01200220AA
:1093700070BD237BE07C03EA0002160704D5E27A85
:10938000A67C3243D20710D4042D10D8034313F027
:109390000400EDD02046FFF79FFF074B05EB850546
:1093A0002B44185CE4E70620E2E70846E0E70020EB
:1093B000DEE700BF4BC6030032C6030038B50546E2
:1093C000FFF76CFFD5F8EC309B7A032B04460AD0EC
:1093D00005D8013B012B8CBF0020012038BD042B98
:1093E0000FD00020FAE72846FFF776FF032806D1C2
:1093F000002CF6D0E068003818BF0120EEE701200D
:10940000ECE72846FFF768FF032802D11CB1E468A7
:109410000CB1024B1C7804F00100DFE7304800205B
:1094200030B5037A87B00446052B1ED8DFE803F079
:10943000250303251D3290F8DC20D0F8D830D34026
:1094400003F0010343F08003134902AD009509685E
:1094500004F1370204F157000DF0DBFA78B10F4A3E
:109460000F4801210CF057FE04E00E4A0C48012180
:109470000CF0F6FE082007B030BD0023E4E7102210
:10948000294604F117000EF0E4FE003818BF012051
:109490008000F0E70020EEE72444002001C2030032
:1094A000F48D0300E5C1030008B5034A0348012118
:1094B0000CF031FE002008BD1AC20300F48D030039
:1094C00037B513460022009204460D460A46D0F8EE
:1094D000EC0006210BF053FC60B1693004D1084A5E
:1094E000084801210CF017FE284603B0BDE83040C3
:1094F00002F0E2B8204603B0BDE830400CF0C4BE34
:10950000EDBE0300F48D030070B50446D0F8EC60A6
:10951000FFF7C4FE0421054604F1D80004F00CFD59
:10952000C0B9D4F8D8300C4AB3FBF2F102FB1133C6
:10953000C4F8D83084F8DC0055B12B6843B10B2156
:10954000201D0CF0A8FE2B68D4F8D81030469847A0
:10955000002070BD0820FCE740420F0038B5EC2227
:10956000054600210EF093FE102105F1270004F0BE
:10957000E3FC044648B9052128460CF08CFEFCF7B4
:10958000FFF9034B1860204638BD0824FBE700BFF5
:109590002444002038B5051D0446082128460CF057
:1095A0007AFE084904F15700FCF7FAF948B108219E
:1095B00028460CF037FE0448044A01210CF0ABFDAC
:1095C000082038BD35680300F48D030035C2030060
:1095D00073B50446D0F8EC60FFF760FE06F1880131
:1095E0000546307A01F0FAFE237A50B1427BD20769
:1095F00007D533B92C4A2D4801210CF08CFD0820E9
:1096000019E0062B48D8DFE803F0153F1847474715
:109610000400002D46D0EB68002B43D000230A2124
:10962000201DADF804300CF036FEEB68D4F8EC00E9
:1096300001A99847002002B070BD04210DEB010084
:1096400004F07AFC0028DAD1019B194AB3FBF2F14D
:1096500002FB113301934DB12B683BB10B21201D4F
:109660000CF019FE2B68019930469847019B84F84D
:109670004730C3F307221B0C84F849301B0A84F8D7
:10968000482084F84A30D5E7201D0A210CF003FE5B
:109690006B6830469847CDE7064A044801210CF034
:1096A000DFFDACE70220C6E74EC20300F48D0300E5
:1096B00040420F00E5C1030073B5047A022C054651
:1096C00023D844B190F8DC30D0F8D840DC4004F026
:1096D000010444F08004032128460CF001FE0646F4
:1096E000D8B110210C300DF070FA009013482346C9
:1096F000006805F1270205F157010DF08AF90446CB
:1097000080B1304601F0D8FF07E0032C08D00C4AA6
:109710000C48234601210CF0A3FD082002B070BDC7
:109720000024D8E7024631462846FFF7C9FE281D27
:1097300021460CF077FD2046F0E700BF24440020CE
:10974000E5C10300F48D030070B50C2105460CF053
:10975000C7FD0446F8B140210C300DF036FA0F4B2E
:109760001B680246014603F1200053F8046B41F8E0
:10977000046B8342F9D1203203F1200153F8040B2A
:1097800042F8040B8B42F9D1284600222146FFF70C
:1097900097FE002070BD0820FCE700BF2444002095
:1097A00070B50446FFF77AFD261D05460E213046AA
:1097B0000CF0B3FC70B9264B2022196804F1570055
:1097C0000EF047FD30B9234A234802210CF0A3FCD8
:1097D000082012E02046FFF7B7FF70B9237A052B67
:1097E00030D8DFE803F003180B032F2C04212046A8
:1097F0000CF051FDFFF760FFE0B170BD2046FFF7B0
:1098000083FE0028F9D1032120460CF044FD0E21EF
:109810000CF041FD0EE0204603210CF03CFD0E2132
:109820000CF039FD30460A210CF035FD6B68D4F898
:10983000EC0098472046BDE870400CF040BD042184
:109840002046E5E7054A044801210CF009FDBFE781
:10985000244400207BC20300F48D0300E5C1030013
:109860002DE9F3410E460446FFF718FDF36804F1B5
:1098700057080546424603F1200153F8040B42F80D
:10988000040B8B42F9D104F1770203F1200153F864
:10989000040B42F8040B8B42F9D14046FBF7E2FF80
:1098A000D0B9D4F8EC30DB78002B40F08C80271D49
:1098B0000E2138460CF031FC002832D14A4B2022D0
:1098C000196840460EF0C5FC58BB484A484802217A
:1098D0000CF021FC082021E0464A454803210CF009
:1098E0001AFC0E21201D0CF0D6FCD4F8EC60D6F842
:1098F000B83033B9307A06F1880101F0DDFCC6F8E2
:10990000B800D6F8B830002BCBD0DA8902F02402A8
:10991000002AC6D05B7B9B07C3D4032002B0BDE8FE
:10992000F081237A052B48D8DFE803F0031E0803F3
:109930004728032120460CF0AEFC0FE02046FFF73D
:10994000E3FD0028EAD1032120460CF0A4FC0E21FF
:109950000CF0A1FCFFF7B0FE0028DFD1204602B0DA
:10996000BDE8F0410CF0ABBC0A2138460CF093FC8A
:109970006B68D4F8EC0098470E21DBE7102104F166
:10998000270004F0D9FA06460028A3D155B3EB68A6
:1099900043B3194B01A91B88ADF8043020460CF0E5
:1099A0009DFB3846C4E938660C210CF074FCEB686A
:1099B000D4F8EC0001A99847D0E7104A0C480121DF
:1099C0000CF04EFC86E7084B1D682DB9201D0621C2
:1099D0000CF061FC2846A1E7204602B0BDE8F0414A
:1099E000FFF7DEBE022099E7244400207BC203007B
:1099F000F48D030096C20300FC950300E5C103004B
:109A00002DE9F04104468CB01022002108A80EF088
:109A10003EFC237A052B34D8DFE803F00603030667
:109A20003323D4F8D8300893D4F8EC3004F147024B
:109A300004F1C706CDE9016204F1270703F196029C
:109A400004F1370800928F334246394604F19700FB
:109A500001F0D6FCF0B11E4A1E4801210CF05BFB60
:109A600014E0D4F8E430002BDED008AD03F110068A
:109A7000186859682A4603C20833B3421546F7D11D
:109A8000D2E7154A134801210CF0EAFB08200CB07C
:109A9000BDE8F081D4F8EC3003F196028F3304ADC9
:109AA000019304F10A0302920093039508AB424626
:109AB000394630460CF0D2FF08B1084ACCE70D21F8
:109AC00020460CF0E8FB29460CF061FCDFE700BF04
:109AD000B7C20300F48D0300E5C10300CCC203004C
:109AE0002DE9F043044691B0102200210CA80EF09D
:109AF000CEFB237A052B34D8DFE803F006030306F8
:109B00003323D4F8D8300C93D4F8EC3004F1470266
:109B100004F1C705CDE9015204F1370603F19602BD
:109B200004F1270700928F333A46314604F197003B
:109B300001F066FCF8B13D4A3D4801210CF0EBFA1A
:109B400014E0D4F8E430002BDED00CAD03F11006A5
:109B5000186859682A4603C20833B3421546F7D13C
:109B6000D2E7344A324801210CF07AFB0825284616
:109B700011B0BDE8F083D4F8EC3003F18F029633D6
:109B80000DF12008019304F1110302920093CDF826
:109B90000C800CAB3246394628460CF05FFF08B10A
:109BA000254AC9E7237A052B0FD1D4F8E01019B361
:109BB0000B460DF1300C01F1100E18685968624621
:109BC00003C2083373459446F7D1D4F8EC3003F15F
:109BD00096028F330DF11009019304F10A030292EA
:109BE0000093CDF80C900CAB3A46314628460CF069
:109BF00035FF30B1114A9FE710220CA80EF047FB49
:109C0000E3E71022494604F1B7000EF022FB58B9F1
:109C1000414620460CF0BBFB05460028A7D1012198
:109C2000201D0CF038FBA2E70B25A0E7B7C203000C
:109C3000F48D0300E5C10300CCC20300EFC20300B2
:109C40002DE9F041D0F8EC70CE68FD7890B0044674
:109C5000002D69D1102229460CA80EF018FB237A9A
:109C6000052B50D8DFE803F0060303064F3ED4F877
:109C7000D8300C9307F18F030DF12008029396372B
:109C800004F111030093CDF80C8001970CAB04F1A3
:109C9000270204F1370104F1C7000CF0DFFE0028B1
:109CA00036D11022314640460EF0D3FA002839D181
:109CB000227D637B9A4294BF00920093CDE9060017
:109CC000ADF8140004F14703D4F8EC0005AA06A986
:109CD0000AF0B9FE002820DA284A294801210CF0B0
:109CE0001AFA15E0D4F8E030002BC3D00DF1300C97
:109CF00003F1100E18685968624603C208337345B1
:109D00009446F7D1B6E71F4A1D4801210CF0A8FA86
:109D10000825284610B0BDE8F0810121201D0CF077
:109D2000BAFAF6E70B25F4E7012D18D1051D10212D
:109D300028460CF077FA314604F1B70306F1100219
:109D400051F8040B43F8040B9142F9D1072128463E
:109D50000CF0E3F928B1092128460CF09CFA002503
:109D6000D7E70A2128460CF0D8F90028F3D120467D
:109D700010B0BDE8F041FFF7B3BE00BF13C303004E
:109D8000F48D0300E5C1030038B5174B1B78054679
:109D900023B301F00F042846FFF79EFA134A032865
:109DA0000CBF04F00B0444F0040405F5AA73127808
:109DB000BFF35B8F53E8001F013103D143E800205C
:109DC0000028F7D1BFF35B8FBFF35B8FD5F8543119
:109DD000BFF35B8F2BB144F0010038BD01F00704E5
:109DE000D9E704F0FE00F8E7304800203D0F0020DE
:109DF000F8B505460CF03DFA044600287AD0061D59
:109E0000042130460CF089F9002876D10221304631
:109E10000CF083F9002869D1032130460CF07DF95C
:109E200010B16FF00F00F8BD012130460CF075F94C
:109E30000028F6D12046FFF7C1FA002860D0D5F8F7
:109E4000B83033B12046FFF789FB70B16FF068007E
:109E5000E9E7287A05F1880101F02EFAC5F8B80083
:109E60000028EFD16FF00B00DDE7012120460CF058
:109E700037FA07460028E9D006210C300CF0A5FE81
:109E8000092105462046FFF77FFFA8702046FFF70F
:109E900023FA1D4B28701B7853BB1C4B1B786B702F
:109EA0001023EB70AB7813F0010314BF03220022E0
:109EB0006A712B7184F8E8306B7984F8E9300123FA
:109EC00063722B68C4F80A30AB88E38100223946FC
:109ED0002046FFF7F5FA204602210CF0DCF90B21B1
:109EE0000CF0D9F9032130460CF0D5F900209AE79F
:109EF0000123D4E76FF07F0095E76FF0040092E74D
:109F00006FF015008FE700BF314800203248002075
:109F10002DE9F341061DD0F8EC40CB68074602213D
:109F200030460CF0FAF800286BD1032130460CF0D3
:109F3000F4F8002865D1012130460CF0EEF8002835
:109F40005FD11D78304B1B787BB105F00F05D4F83D
:109F5000B8306BB1DB8903F02403D3B92046FFF797
:109F600047FF002845DB0F2148E005F00705EEE735
:109F700004F18808217A4246202001F0D1F9C4F882
:109F8000B80030B9217A4246042001F0C9F9C4F87A
:109F9000B800D4F8B8100029E0D06B0711D54B7B7E
:109FA000D8070ED43846FFF797F903282B4602D07E
:109FB000164A032101E0164A022116480CF050F916
:109FC000CCE72A0704D5CB899B0601D42B46EFE7C3
:109FD0000B7B009301F1180201F11A0320461031A6
:109FE0000AF031FD002808DA0B4A0A4801210CF07A
:109FF00092F8082002B0BDE8F081012130460CF053
:10A000004AF90020F6E700BF304800202EC30300C5
:10A0100055C30300F48D030013C303002DE9F04181
:10A020000D46D0F8EC600446FFF738F9ED68EB78A0
:10A03000073B092B804600F2CB80D6F8B8306BB1D5
:10A04000271D0F2138460CF068F890B92046FFF71D
:10A0500085FA70B1C5B22846BDE8F081307A06F1C4
:10A06000880101F029F9C6F8B8000028E8D10825D0
:10A07000F1E7012363722B68C4F80A30AB88E381EF
:10A0800002232374A9782046FFF77EFEE074204661
:10A09000FFF722F91023607423752B7903F0030373
:10A0A00063756B7903F00103A375E37C1A070CD584
:10A0B000AB781B0709D5052138460CF0ECF8637D19
:10A0C00003F0020363750023A375052138460CF0E5
:10A0D00024F8002853D0414B1B78A374E37C9806E6
:10A0E00006D5AB78990603D5142138460CF0D3F881
:10A0F000E37CDA0745D5AB78DB0742D50D2138463E
:10A100000CF0C9F8A37D84F8E830637D84F8E93069
:10A11000032138460CF0BFF829782046FFF702F9F2
:10A120002072D6F8B81020460CF037F8002851D02D
:10A1300020460CF053F8054600288CD105213846FE
:10A140000BF0EBFF60BB2046FFF7A8F80646204661
:10A15000FFF73EFA00283FD1237AB3B90F213846E2
:10A160000BF0DBFF88B986B1736973B138460A21F9
:10A170000CF091F87369D4F8EC0098476BE7184B32
:10A18000AAE700236375A375BCE7032120460CF002
:10A1900082F80E210CF07FF8BDE8F0410CF0BFB85A
:10A1A000237A93B90F2138460BF0B7FF68B9B8F19D
:10A1B000000F0AD0D8F814303BB138460A210CF011
:10A1C0006AF8D8F814303046D7E70C212046E1E78A
:10A1D000062540E703253EE705463CE732480020D8
:10A1E0003148002038B512490446A0F1EC0534305E
:10A1F0000DF040FC28460CF00FF9BFF35B8F0D4AC1
:10A2000004F1640353E8001F43E800200028F9D15B
:10A21000BFF35B8FBFF35B8F68344FF0FF3354E8BD
:10A22000002F44E800310029F9D1BFF35B8F38BD1E
:10A230001DB10200102E002080B500AF88B06A4624
:10A24000074BC2E90530032342F8103F05480023BD
:10A250004FF4C251F7F798FB6FF00B00BD4680BD7D
:10A2600084C30300F48D030010B40C4AD2F8EC3020
:10A2700033B1D2F8443213B110BCFFF7DDBF012374
:10A280004FF4AC704343D018054CC0F8F040EC33A9
:10A290001A44002010BC0A60704700BF102E002036
:10A2A000549D03002DE9F04788B00446D0F8EC0037
:10A2B000D0F8B85000AFD5B98830F8F767FD6C46D4
:10A2C00088B06A46454BC2E905304FF4007393836A
:10A2D000434B42F8103F43482B464FF4E251F7F707
:10A2E00053FB0820A5462037BD46BDE8F08704F1A2
:10A2F0000408052140460BF010FF08B10020F2E7EA
:10A3000094F8E830DB07F9D5D4F8EC301A21381D81
:10A31000D3F8B85003F010FE814628B1324A3148D4
:10A3200001210BF0F8FEE9E7062120460BF0D8FFEB
:10A33000064608B92D4AF2E710210C300CF045FC16
:10A340002A7B391D82460DF094FF287B0F2805D803
:10A35000C0F11002494650440DF099FF31460022E9
:10A360002046FFF7ADF8072120460BF0B9FF06465F
:10A3700008B91F4AD3E70A210C300CF026FC07F17C
:10A380001402034603CAC3F80200C3F80610BA8BCE
:10A390001A8020463146174AFFF792F80D214046B1
:10A3A0000BF0BBFE07F114040028A7D001212846BA
:10A3B0000CF0E7FA05F14A063B1D1A4603CAA24211
:10A3C00030607160134606F10806F6D1234603CBD0
:10A3D000BB8B28646964A5F848308FE7A9C30300E4
:10A3E00003000001F48D0300BEC30300D9C30300C2
:10A3F00000C40300356903002DE9F0410B4600AFAE
:10A4000006460D2104300BF088FE78B3DD68D6F8DF
:10A41000EC3003F18808197A424602200CF0A1FAC8
:10A420000446C8B94046F8F7B1FC6D4688B06A46A4
:10A43000114BC2E905304FF4007393830F4B42F880
:10A44000103F0F4823464FF4E251F7F79DFA0820DA
:10A45000AD46BD46BDE8F0812B462A3405F1100219
:10A4600053F8041B44F8041B9342F9D130460921E8
:10A470000BF011FF0020ECE728C4030003000001EB
:10A48000F48D03002DE9F0410B4600AF06460D2187
:10A4900004300BF042FE78B3DD68D6F8EC3003F1FF
:10A4A0008808197A424604200CF05BFA0446C8B9C1
:10A4B0004046F8F76BFC6D4688B06A46114BC2E91E
:10A4C00005304FF4007393830F4B42F8103F0F4851
:10A4D00023464FF4E251F7F757FA0820AD46BD4640
:10A4E000BDE8F0812B461A3405F1100253F8041B25
:10A4F00044F8041B9342F9D1304607210BF0CBFE00
:10A500000020ECE728C4030003000001F48D0300E1
:10A5100070B5061DCD6804460B2130460BF082FE57
:10A520002B4604F1170205F1100153F8040B42F811
:10A53000040B8B42F9D1D4F8EC30DB783BB92046E0
:10A5400004210BF0A8FEBDE870400BF002BF05210E
:10A5500030460BF0E2FD20B92046BDE870400CF01B
:10A560000FB8237A012B09D0022B13D120460421E6
:10A570000BF091FEBDE87040FFF79EB80A2130460F
:10A580000BF0CBFD0028F1D0304600210BF083FE0C
:10A59000002070BD0348044A01210BF061FE082031
:10A5A000F7E700BFF48D0300E5C103002DE9F0419A
:10A5B0000D46D0F8EC800446FEF770FEED68EB78AF
:10A5C000073B092B074600F2A9802A7994F8E83066
:10A5D000134084F8E8306A7994F8E930134084F83D
:10A5E000E930022323742B68C4F81130AB88A4F837
:10A5F0001530AB781B0706D5237B1E0703D5052135
:10A60000201D0BF048FEAB78980606D5237B9906F3
:10A6100003D51421201D0BF03EFEAB78DA073BD5A5
:10A62000237BDB0738D50D21201D0BF034FE297864
:10A630002046FEF777FE2072D8F8B81020460BF0BF
:10A64000ACFD00286CD020460BF0C8FD054600BBD1
:10A65000261D052130460BF060FDB0BB2046FEF7FD
:10A660001DFE07462046FEF7B3FF00285AD1237A85
:10A67000B3B90F2130460BF050FD88B187B17B692B
:10A6800073B130460A210BF006FE7B69D4F8EC006A
:10A6900098472846BDE8F0810023A4F8E830C6E7D3
:10A6A0000A2130460BF039FD50B9204603210BF04A
:10A6B000F2FD0E210BF0EFFDBDE8F0410BF030BFD5
:10A6C000002130460BF0E7FDE3E794F8E93084F829
:10A6D000E85003F0020384F8E930237A73B90F21BC
:10A6E00030460BF01AFD48B147B17B6933B13046B3
:10A6F0000A210BF0D0FD7B694046C9E70A4B1B6875
:10A700000BB90621DDE720460C210BF0C4FD0B211F
:10A710000BF088FDBDE8F041FFF716B80625B8E755
:10A720000325B6E70546B4E7244400202DE9F047A9
:10A730000D468CB00446FEF7B1FDEB6804F1370915
:10A7400007464A4603F1100153F8040B42F8040B84
:10A750008B42F9D1261D052130460BF0DEFCD4F8E2
:10A76000ECA0002864D10AF1960304F1470808AF71
:10A7700001930AF18F030093029704F1100304F18F
:10A780000902494640460BF070FE48BB102239468C
:10A7900004F117000DF05DFD002847D19AF8035031
:10A7A00004F127013B462DBB0A46404649460BF0C3
:10A7B00048FDA8B9227D637B9A4294BF0092009322
:10A7C000CDE90600ADF814003B4605AA06A950469F
:10A7D0000AF039F930B1804A804801210BF09BFC26
:10A7E000082503E0012130460BF055FD28460CB04A
:10A7F000BDE8F0874A4640460BF023FD08B1784A91
:10A80000EAE70CAA3B4603CB9342C8F80000C8F81D
:10A8100004101F4608F10808F4D1012130460BF05E
:10A820003AFD20460BF095FD0546DFE70425DDE700
:10A830009AF80330002B56D12046FEF7F1FD05466D
:10A840000028D3D1237A052B36D8DFE803F03B1D4F
:10A850001D03353B08AB6348009300684B4604F189
:10A86000270204F1570100F033FE0028B8D10A2175
:10A8700030460BF010FD09210BF00DFDBB68089967
:10A88000D4F8EC00984726E094F8DC300133DBB2D2
:10A89000142B84F8DC3015D0102104F1270003F0CC
:10A8A0004BFB00289CD1032120460BF0F4FC0CB09C
:10A8B000BDE8F047FEF700BF4B4A484801210BF0C6
:10A8C000CFFC8DE7072130460BF027FC28B109218A
:10A8D00030460BF0E0FC002588E720460CB0BDE8D0
:10A8E000F047FFF78DB8237A052BE5D801A252F87F
:10A8F00023F000BF3BA9020047A9020047A90200BC
:10A900000DA90200B9A8020099A9020008AB3549B7
:10A910000093096804F127034A4604F1570000F048
:10A92000D7FD00287FF45CAF0A2130460BF0B3FC62
:10A93000BB680899D4F8EC0098470D2120460BF02D
:10A94000AAFC10216AE72046FEF76AFD05460028AA
:10A950007FF44CAF032120460BF09DFC0BF0F9FC7B
:10A96000054600287FF442AF94F8DC300133DBB2B7
:10A97000142B84F8DC3005D10D2120460BF08BFC24
:10A980001021A5E7102104F1270003F0D5FA051ED8
:10A9900018BF0125ED0029E7102104F1270003F07D
:10A9A000CBFA054600287FF41BAF97B1FB6883B153
:10A9B0000E4B08A91B88ADF8203020460BF08EFB0B
:10A9C0000C21C4E9385530460BF065FCFB6808A93A
:10A9D00056E702250AE700BF13C30300F48D030006
:10A9E00042C4030024440020E5C10300FC95030099
:10A9F000F8B5D0F8EC40D4F8B8300646051D002B69
:10AA000032D102213D4A3E480BF085FB07213D4BE8
:10AA10005F5CD4F8B8304BB11B7B002B56D1D4F817
:10AA2000B8000BF0B2FF0023C4F8B830022128466A
:10AA30000BF073FB40B9072F96BF334B1F21D95D35
:10AA40003A462046FBF71CFD032128460BF065FB28
:10AA500038B32E4B1B6823B31D6805B10C3D53F86A
:10AA6000083C002B3BD13DE051BB284B0D21284633
:10AA70000BF053FB1B6807469BB11D6805B10C3DED
:10AA800053F80C3C13B13946204698474DB12B463C
:10AA9000ED681B681DB10C3D002BF4D1F7E7002BCE
:10AAA000F1D130460BF0B8FC637B072B24D1627ADE
:10AAB000A37A9A4220D02046BDE8F8400BF012BE9F
:10AAC0000139C9B20E29A2D90927A2E702212846D5
:10AAD0000BF023FB0028A2D1A8E70C3D23B1394697
:10AAE00020469847002DDCD02B46ED685B68002D92
:10AAF000F3D1002BF3D1D4E7F8BD00BF57C4030056
:10AB0000F48D030023C6030012C603003442002064
:10AB1000031DF7B506460F46184602210BF0FDFA55
:10AB2000044620B1B6F8E840B4FA84F4640903217D
:10AB300018460BF0F2FA88B139463046FFF758FF55
:10AB4000CCB11B481B4A02210BF0E5FAD6F8EC0009
:10AB500005210AF00AF8002003B0F0BD01211846D3
:10AB60000BF0DBFA0028E7D10F2118460BF0D5FADD
:10AB70000028E1D1E4E7052130460BF0B1FB0546A2
:10AB800090B101210C300CF020F807700094D6F839
:10AB9000EC0023462A4606210AF0F1F80028DAD014
:10ABA000284600F089FDD6E76FF06800D4E700BFC3
:10ABB000F48D030081C403002DE9F3410B8A0446A0
:10ABC0000E4643B92D4A2E4801210BF0A4FA00206D
:10ABD00002B0BDE8F081012106F10C000CF026F86E
:10ABE000A4F1EC05E83C0746042120460BF095FA59
:10ABF0003B7828B1234A224802210BF031FBE6E7DB
:10AC00000E2B01D9204AF6E7DFF8808058F8332070
:10AC10004AB902211E4A1A480BF022FB0721284696
:10AC2000FFF776FFD3E7194628460BF0CEFB3B78BB
:10AC300060B91348174A02210BF012FB032120468A
:10AC40000BF06BFA0028C2D00821E8E708EBC3013B
:10AC5000328A0979914208D00121009308481346AD
:10AC60000D4A08F048FF0A21D9E7314658F8333039
:10AC70002846984701460028A9D0D0E7D9C4030048
:10AC8000F48D0300F4C4030025C503007C9D03007C
:10AC900047C5030061C5030080BF030038B5134CEE
:10ACA00000250621201D0BF038FA78B1D4F8EC30DD
:10ACB000DB78204683B9FEF747FD014610B12046F8
:10ACC000FFF726FF0C2120460BF0E5FA04F5AC74E3
:10ACD00005B138BD0125E4E7FEF762FD0146002815
:10ACE000F4D02046FFF714FFF0E700BF102E00203D
:10ACF00008B5084B186030B9BDE80840064A074857
:10AD000002210BF008BA064804F028FEBDE808400E
:10AD1000FFF7C4BF244400207CC50300F48D03006A
:10AD2000681000202DE9F04782B090F8E930D1F8A2
:10AD30000C80D0F8EC5023F0020380F8E93098F84A
:10AD4000003000AF044605F18809BBB398F806301F
:10AD500003F0C003C02B31D04046F8F717F86E4619
:10AD600088B06C465D4BDFF8788125464FF4007A59
:10AD7000C4E90530A4F81CA045F8108F00232A462A
:10AD80004FF4E2515748F6F7FFFD4846B546F7F74E
:10AD9000FDFFA546544BA4F81CA0C4E90530C4F837
:10ADA0001080504800232A464FF4E251F6F7ECFD9C
:10ADB0000A20B5460837BD46BDE8F0870722414660
:10ADC00048460DF046FA68B1287A414600F006FB85
:10ADD000064638B1014620460BF0DFF928B330466D
:10ADE0000BF0D3FD0D21201D0BF097F9002858D052
:10ADF000297A4A4602200BF0B4FD0646B8B9484607
:10AE0000F7F7C4FF6C4688B06A46384BC2E9053094
:10AE10004FF400739383324B42F8103F314833466E
:10AE20004FF4E251F6F7B0FDA5460820C2E7EB78F3
:10AE30008BBB05F196031878012821D19A7902F08D
:10AE4000C002402A1CD1D3F80120C6F83A20B3F83A
:10AE50000530F38795F8883093B195F88E3003F07C
:10AE6000C003C02B0CD022493A46C7E90098FBF733
:10AE70001BFA701C41460BF0F5F92846FBF7D2FA95
:10AE80003046F9F7BDFD48B116481A4A02210BF0C9
:10AE900042F903208EE705F18F03CCE73046F9F73E
:10AEA000BFFD94F8E9305B0703D50A2120460BF07B
:10AEB000F2F9EB7823B1B4F8E81059B1002079E742
:10AEC00094F8E930002BF6D12046FFF7EBF9002883
:10AED000F1D06FE72046FFF78BFDEFE795C5030044
:10AEE00003000001F48D0300B6C3030028C403006F
:10AEF000F7630300A9C503002DE9F8430446D0F821
:10AF0000EC6000AF0B4604300D210BF006F968B37E
:10AF100006F18809317AD3F80C804A4604200BF0F8
:10AF200020FD0546C8B94846F7F730FF6C4688B0A3
:10AF30006A46214BC2E905304FF4007393831F4BDF
:10AF400042F8103F1E482B464FF4E251F6F71CFD25
:10AF50000820A546BD46BDE8F883424632F8023BCC
:10AF60000383D8F8023003615368436194F8E930F1
:10AF700023F0010284F8E9209A070AD50821204627
:10AF80000BF089F9F37843B1B4F8E81079B10020F7
:10AF9000E0E75B07F6D50A21F1E794F8E930002BEA
:10AFA000F2D12046FFF77EF90028EDD0D2E7204607
:10AFB000FFF71EFDEBE700BF28C4030003000001FC
:10AFC000F48D03002DE9F0410E460446D0F8EC80E4
:10AFD000FEF764F9F668114A337801210546271D0A
:10AFE0000F480BF03DF90A2138460BF0EEF938B165
:10AFF0006DB920463178FFF7FBFC0020BDE8F081F9
:10B000000B2138460BF0E1F90028F1D1F1E72B696B
:10B01000002BEED040469847EBE700BFE4C50300A5
:10B02000F48D03002DE9F0410546A0F1E806044641
:10B030000F463046012155F8EC890BF0C6F900287F
:10B040005FD0CFB1032130460BF067F8002858D00D
:10B050003846F8F7CFFE0138C0B208289ABF2E4B09
:10B060001C5C0024022130460BF015F921462846CD
:10B07000BDE8F041FFF7BCBC98F80B30002B40D086
:10B08000032130460BF049F820B92846BDE8F041CD
:10B090000BF0C2B9052130460BF03FF8B8B114F8F7
:10B0A000043C1F0707D514F8033C180703D51121EA
:10B0B00030460BF0F0F814F8043C23F0080304F8D1
:10B0C000043C14F8033C23F0080304F8033C14F890
:10B0D000033CD90717D5062128460BF0DCF80221DE
:10B0E00030460BF0D8F898F8033013B914F8033C45
:10B0F0003BB92846FFF7D6F818B934F8041C0029E4
:10B10000B5D0BDE8F0819A0701D50821E4E75B07D7
:10B11000E5D50A21E0E700BF1AC6030010B5094AC9
:10B120000446012108480AF0F6FFA4F590700821B2
:10B13000FFF75EFCA4F58E700421BDE810400BF013
:10B14000AAB800BF06C60300F48D03002DE9F8433A
:10B1500000AF04460BF08DF8054670B3061D0321C1
:10B1600030460AF0DAFF40B3D4F8B80008B10BF06B
:10B170000CFC04F18809207A494600F09DF88046CD
:10B18000C4F8B800E0B94846F7F700FE6C4688B04E
:10B190006A463B4BC2E905304FF400739383394B49
:10B1A00042F8103F38484FF4E2514346F6F7ECFBC3
:10B1B0000821A5462846FFF7ABFCBD46BDE8F8834D
:10B1C0000E2130460AF0A9FF28B1D4F8B820537BED
:10B1D00043F0020353732A7AD4F8B810032A4B7B46
:10B1E0003AD8002A3FD0D4F8B820537B43F001036B
:10B1F00053732B7D697BD4F8B8208B4228BF0B4654
:10B200001373052130460AF088FFD4F8B8305A7B12
:10B2100090B342F010025A730D2130460AF07DFFC0
:10B220000028CAD0D4F8B80020210BF0AAFBD4F82B
:10B23000B83005F147021A33573552F8041B43F86A
:10B24000041BAA42F9D1D4F8B8200023136153613A
:10B25000D4F8B8201383B0E7053A012A03D843F0A5
:10B2600020034B73BFE723F020034B73D4F8B820BF
:10B27000537B23F00103BBE722F010025A739CE7D3
:10B2800028C4030003000001F48D030008B5074B38
:10B29000074893F8A23003F006039A1F5342534124
:10B2A000044A1370FAF7EAFA002008BD900500205E
:10B2B000980900203048002070B50F4C14F8013B6D
:10B2C000834206460D4604D1072220460CF0C1FFFA
:10B2D00068B10A490A4807220CF0BBFF48B904F8D4
:10B2E000016C2B682360AB88A380AB79A371024803
:10B2F00070BD0020FCE700BF28440020F5AC03002F
:10B300002944002010B40B461146044AD489044253
:10B3100002D010BC1046184710BC704728440020CB
:10B32000F8B50C4CE389074620463B400D464FF0EC
:10B330000006114610F8012B07D0954203D10722D1
:10B340000CF087FF18B1304600E01846F8BD2046E3
:10B35000FCE700BF28440020F8B50B78012B064617
:10B360000C4601D00020F8BD8B7903F0C003402BC0
:10B37000F8D1174DEF892946BF0711F83A2B4FF046
:10B38000000304F1010006D5B24204D106220CF0FC
:10B3900060FFD0B10023EA89297802F00202002B75
:10B3A000E0D1002ADED0B142DCD1671C0948394621
:10B3B00008F094FE01230028EDD0D4F80130C5F840
:10B3C0003A30054BB4F805209A800148CBE700BF1E
:10B3D00028440020524400206244002010B5074C4D
:10B3E0002378834208D10722601C0CF032FF00282A
:10B3F0000CBF2046002010BD0020FCE728440020A0
:10B400002DE9F0479AB01D46DDE923972E4B1646ED
:10B410000CAA84468A4603F1300E90461868596893
:10B42000144603C4083373452246F7D118681B79C4
:10B43000206023716146202204A80BF0B4FA23484F
:10B440006B46202204A90BF0C6FA0446C0BB1022AA
:10B4500051460DF135000BF0A6FA102231460DF1E0
:10B4600045000BF0A0FA2946062211F8013B8DF8A1
:10B4700055300DF156000BF096FA2299062211F87C
:10B48000013B8DF85C300DF15D000BF08CFA4B4602
:10B490003522414668460BF09EFA044680B948467C
:10B4A0000BF08BFA01238DF8303035223B464146B4
:10B4B00068460BF090FA044610B938460BF07DFA56
:10B4C00020461AB0BDE8F087FE95030073C603005E
:10B4D00070B598B00E4614460146202204A81D46B9
:10B4E0000BF061FA202231460CA80BF05CFA102216
:10B4F000294614A80BF057FA1022214668460BF093
:10B5000052FA6B46502204A918460BF064FA40B96F
:10B51000039B054A1BBAB3FBF2F102FB11331C9AE1
:10B52000136018B070BD00BF40420F0070B5416994
:10B53000867A0B4D044659B1437ADB0706D42C2397
:10B5400003FB06535B6A1B689B6898470023636193
:10B550002C20214606FB0050BDE870400CF0B5B928
:10B56000B0100020024B2C2202FB0030704700BFBD
:10B57000B0100020827A064B2C2101FB02339A6A1C
:10B580001B7F1B33801A23F00303B0FBF3F07047DB
:10B59000B010002038B50A4B827A2C2404FB023309
:10B5A0000C685B6A5B681A68944294BF0C600A601E
:10B5B000D3E90054FFF7DEFF05FB004038BD00BFB4
:10B5C000B01000202DE9F04385B005466846039190
:10B5D00090461C460CF018FCDDE900674FF0400374
:10B5E000EFF3118983F31288BFF36F8F6B8B002BFE
:10B5F00041D02A8B9A4225D900220023284604F004
:10B6000079F90446F0B189F31188BFF36F8F039B7A
:10B61000002B41D032463B4668460CF019FCA27A1A
:10B62000234B2C2101FB023320465B6A1B6803A9D4
:10B630001D68DDE90023A847606170BB2046FFF765
:10B6400075FF24E0698B4B1E6B8389F31188BFF370
:10B650006F8F2B7F2A8BAC6A1B3323F00303521AA4
:10B6600002FB0344124B134AEB1A9B105343A37281
:10B670002B7FE372CBE789F31188BFF36F8F2346EB
:10B680004246284604F036F904460028BFD100247B
:10B69000204605B0BDE8F0836361002301226360AA
:10B6A00022812382039A63696282E360F0E700BF2C
:10B6B000B0100020A38B2EBA70B50C4C2C2500B90D
:10B6C00070BD037A4668013BDBB20372002BF7D1F1
:10B6D000C3604360837A05FB03431B6A13B1984739
:10B6E0003046ECE7FFF722FFFAE700BFB01000207A
:10B6F00013280ED8084A12F8103053B102EB40025A
:10B70000527832B108684343002093FBF2F30B6098
:10B7100070476FF015007047A4C60300054B012267
:10B72000C3F8002590F8861009B1DA6070471A60F6
:10B730005A6070470070004070B5087900F01F042F
:10B74000072C1DD80B780B2B15D8DFE803F0070763
:10B750000707140614140E10141204234A78032A3F
:10B7600011D0042A21D02E4A06E00523F6E706234D
:10B77000F4E70723F2E72B4A2B48012108F0A8F948
:10B780006FF0150070BD01254A8844F20A06B242E6
:10B790003FD00CD844F20306B24216D044F205065C
:10B7A000B24234D0AAB3214AE6E70025ECE744F2DE
:10B7B0001406B2422FD044F22806B2422DD044F2F1
:10B7C0000F06B242EFD1032200E00022C0F3401086
:10B7D0001B0243EA005343EA053343EA02432201D2
:10B7E00002F1804202F5E0420020C2F81835230140
:10B7F00003F1804303F5E0438A79C3F81425C3F8C5
:10B8000010050B4B4A79234483F8A020BAE70122A4
:10B81000DCE70222DAE70422D8E70522D6E700BFF8
:10B82000EBC60300CCC603006C8D03000FC70300FA
:10B83000F8060020F7B50D464FF0FF3363484FF090
:10B84000FF3204F0B1F86E68731EFE2B05D9604A12
:10B850006048012108F03CF912E000235E485F4F88
:10B860001A4626FA03F111F0010134D017F803C08B
:10B87000BCF1000F0CD15A4A5648012108F031F9A9
:10B880006FF01504514804F069F8204603B0F0BD8C
:10B8900000EB031E6C7CDEF81815003C18BF012479
:10B8A00021F0807141EA0461CEF8181503F15101CD
:10B8B0000901013240F801C0D2B20133082BD0D1C6
:10B8C0002B7CA3F10801062916D8DFE801F0171533
:10B8D00019150915130003F1510424010151ECE776
:10B8E00002233D49012AC1F8F0356B7C0AD95BB1CE
:10B8F0003C4AADE70323F4E73B4ABDE70023F0E70A
:10B900000123EEE7082B10D8C1F8F4352B6851005D
:10B910006BB9EB688B420ED2344A00912D4801215D
:10B9200008F0E9F86FF00B04ACE7314AA4E79B8913
:10B9300003FB0111EDE7284BA968C3F82C162F462D
:10B94000C3F830260FCF2B4C04F174060FC63B68AA
:10B950003360002626672B6827469BB30FCB04F184
:10B96000880585E80F006567A4F8986050B3BFF3B9
:10B970005B8F57E8003F47E80062002AF9D1BFF328
:10B980005B8F1D49D4F888501C4A4FF400400F4685
:10B990003146E5FB007100233846D5F769F90022EE
:10B9A000CDE90001002304F1080004F00FFF144862
:10B9B0004FF0FF324FF0FF3303F0F6FF00B1206786
:10B9C000246F5FE70B48FFF7A9FEF0E73807002078
:10B9D0003AC703006C8D03000070004098070020F8
:10B9E00058C7030097C7030072C70300ECC70300E2
:10B9F000C9C70300F80600203F420F0040420F0075
:10BA00005007002010B50E4B0024C3F80441D3F8B2
:10BA10000421C3F81041D3F810211222C3F80423E3
:10BA20000720F6F7D5FE224601210720F6F700FF92
:10BA30000448836C13B9403003F090FF002010BD20
:10BA400000700040F806002038B52F4BD3F80421D1
:10BA5000002A4CD00022C3F80421D3F804112B4C47
:10BA600001219960C3F80025636F2546D3B3D4F84C
:10BA70008C30B4F8982033B104F174019847012850
:10BA800014D0022828D0B4F89830B4F894209A4200
:10BA900022D90133A4F898301B4BD3F82C26D3F8C5
:10BAA000341689B202EB4102C3F82C26D4F8883050
:10BAB00023B9BDE838401548FFF730BEBFF35B8FB0
:10BAC00055E8003F5A1E45E800210029F8D1BFF390
:10BAD0005B8F012BEDDC38BDD4F8883013B10C48F6
:10BAE0000CF0E3F90B48BDE8384003F037BFD3F85A
:10BAF00010110029EFD0C3F81021D3F81021012232
:10BB00009A601A605A60E6E700700040F80600206C
:10BB10000007002050070020084B70B5C31A0D46DF
:10BB200007499B1004465943064840220BF0D5F8BC
:10BB30002B4601462046BDE8704018479844002037
:10BB4000B76DDBB6088B030073B50C4C0C4A402371
:10BB5000041B00930D460B460A49A4106143064698
:10BB600009480BF0E6F8011E05DA30462B4602B014
:10BB7000BDE87040184702B070BD00BF9844002077
:10BB80009D6D0300B76DDBB6088B0300002270B516
:10BB9000012104461046F6F74BFE0F4802F0F8FB71
:10BBA0000E4B984215D10BF0CAFB26690C49304662
:10BBB00007F0E3FB00280BDB012535642469084905
:10BBC00004F11C0007F0D9FB002801DBE56400202C
:10BBD00070BD6FF00400FBE719BC02000000AD0B64
:10BBE0000C9E030070B501460C2309484B43C41852
:10BBF000D4E90E56403300221844A2630BF05AF8E1
:10BC00002DB132462B460348BDE87040184770BD41
:10BC100098440020088B030010B1012804D070471D
:10BC2000034B1B6C5B0701D1FFF7DCBF704700BF04
:10BC30009844002008B54FF04003EFF3118183F3DF
:10BC40001288BFF36F8F124A136843F0020010602E
:10BC5000DA0708D481F31188BFF36F8F0120BDE8A4
:10BC6000084002F085BB4FF08043D3F80C24D3F892
:10BC70000C34DB07EED507480BF01CF881F3118874
:10BC8000BFF36F8F0020BDE80840FFF7ABBF00BFD8
:10BC9000E8440020D84400207FB500220123CDE9EC
:10BCA000022304ABCDE90433094ACDF800D06B463A
:10BCB000CDF804D00BF06BF8002805DB4FF4804280
:10BCC0000023684603F070FE07B05DF804FB00BF78
:10BCD000B56D030010B5074C23782BB94FF4A57050
:10BCE0000BF08AFC01232370BDE81040002002F015
:10BCF0003FBB00BF3348002010B54FF04003EFF3C7
:10BD0000118483F31288BFF36F8F074A136823F0FF
:10BD10000201DB07116002D401200BF00BFB84F35E
:10BD20001188BFF36F8F10BDE8440020F8B5284993
:10BD3000BFF35B8F0646012251E8003F41E8002037
:10BD40000028F9D1BFF35B8F33B9224922484B60F9
:10BD5000CB608A6007F024FB731E012B1DD80BF00B
:10BD600003FD0446D0B91D4B1B78BBB14FF0804397
:10BD70000222C3F8082305464FF08047D7F818245D
:10BD8000D7F81834D20313D59B0701D0012E0FD159
:10BD9000C4B185F31188BFF36F8FF8BD4FF0400336
:10BDA000EFF3118583F31288BFF36F8F0124E3E76C
:10BDB0001CB12846F6F7CEFDE0E70021212004F073
:10BDC000EDFADBE74FF080430222C3F80423E4E7F7
:10BDD0009444002084440020B4440020054E0020F8
:10BDE00010B5044C2046F4F703FE2046F6F736FF64
:10BDF000002010BDF9BD0200F7B5134E8DF8070005
:10BE00000446032503F03AFA01220DF10701002050
:10BE100003F0FEF9074603F03BFA27B10123337024
:10BE2000204603B0F0BD3378002BF9D0013D08D097
:10BE30000BF09AFC0028E5D10021422004F0AEFA74
:10BE4000E0E73570ECE700BF344800204FF04003D6
:10BE5000EFF3118283F31288BFF36F8F094BD3F88E
:10BE6000001161B10021D3F80805C3F80011D3F81F
:10BE70000031C0B282F31188BFF36F8F70476FF04B
:10BE80000A00F7E700D00040F0B5034610469C7862
:10BE900093F803C04FF04005EFF3118285F3128849
:10BEA000BFF36F8F1F7893F801E0E41B04EA0C04E2
:10BEB000A04288BFA0B23E180CEA06063D461E709E
:10BEC00082F31188BFF36F8F0A188A4217D1774522
:10BED0000DD14FF04001EFF3118281F31288BFF3CF
:10BEE0006F8F1978597082F31188BFF36F8F1B79A8
:10BEF000241AA34222BF064B01221A60F0BD5E192C
:10BF00000135767901F8016B05EA0C05DDE700BF24
:10BF100000D00040DB432DE9F04713F001050E4649
:10BF2000144604D02348FFF7AFFFBDE8F087A2B363
:10BF30004FF04003EFF3118883F31288BFF36F8F44
:10BF40000D20F6F767FC07460D20F6F74FFC88F347
:10BF50001188BFF36F8FDFF860A0DFF86080CAF848
:10BF60000051DAF800314FF400590123CAF80030CB
:10BF70002546C8F88091DAF8003183B1FFF766FFF3
:10BF8000031EC8F88091F6DB013DADB27355002D5C
:10BF9000F1D117B10D20F6F71BFC2046C5E74FF095
:10BFA0004003EFF3118083F31288BFF36F8FF6F72E
:10BFB000D1FCE0E71C45002000D0004000E100E09B
:10BFC0002DE9F041124F0D46144607F1450814B90A
:10BFD0002046BDE8F0814FF0FF334FF0FF32384686
:10BFE00003F0E2FC224629464046FFF74DFF064695
:10BFF000384603F0B3FC3EB94FF0FF324FF0FF3349
:10C00000044803F0D1FCE6E7A41BA4B23544DEE704
:10C01000EC4400200445002038B5194C012211469B
:10C0200020460BF060FC0122002104F118000BF007
:10C030005AFC40F20743A4F848304FF07063236382
:10C040000C2384F8343000250E4B84F84550A4F8B6
:10C050004650D3F8042522F00102C3F8042501213B
:10C06000C3F80051D3F80021C3F804132A4619601D
:10C070000D20F6F7DDFB0D20F6F7AAFB284638BDAC
:10C08000EC44002000D0004010B5FFF7DFFE002890
:10C0900020DB174B93F8322093F8314093F833109C
:10C0A000141B31EA0404C0B20DD193F8472093F871
:10C0B000464093F84810141B31EA04040BD10D4B91
:10C0C00001225A600EE09C180132114084F83500BC
:10C0D00083F8321010BD9C180132114084F84A00D8
:10C0E00083F847100448BDE8104003F037BC00BF98
:10C0F000EC44002000D000400445002038B54568DD
:10C100002B69B3B11035284602F042FD044680B9D0
:10C110000146284602F004FD084B98420BD108491D
:10C120002246284602F0E4FC224605210620F6F7C6
:10C130007FFB002038BD6FF00400FBE70000AD0B73
:10C1400045C10200430970B507D10B4B596821B1B5
:10C1500001250C68094E854001B970BD8A682A40E6
:10C1600002D04B68304698471CB1236821461C46D4
:10C17000F2E72346FAE700BF404500201C8B03008E
:10C180002DE9F043476840F20636D0063B7B87B086
:10C1900002EA060654BFC2F34010032001F01F0557
:10C1A000B6F5837F144645EA43158DF8030042D067
:10C1B0000FD8062E18D007D8B6B1022E3DD06FF09A
:10C1C000150007B0BDE8F083B6F5807FF7D10126F2
:10C1D0000AE040F20222964231D0B6F5407F30D0DC
:10C1E000B6F5007FEBD1022622032CD57A68012315
:10C1F0008B40C2F808353B696BBB05F01F026D0927
:10C2000076D1920002F1A04284F48031D2F8003756
:10C21000C1F30041C4F3404423F4E16344EA410420
:10C2200023F007031C4344EA800444EA0624C2F8CE
:10C2300000470020C5E70726D6E70426D4E70526F1
:10C24000D2E70326D0E7630341BF01237A688B401E
:10C25000C2F80C35CFE710370DF1020229463846F7
:10C2600002F04CFC14F4403F80460CD1294638467D
:10C270000BF0F3F8214B9845DBD19DF802103846BE
:10C2800002F090FCD5E701AB4FF0000903AA294664
:10C290003846CDE90439CDE90199CDF80C9002F08A
:10C2A00001FB164B98428AD114F4003315D09DF847
:10C2B00003308DF80E3084F48034C4F300444B46D0
:10C2C00003AA294638468DF80C608DF80D4002F01F
:10C2D00099FB0A4B9842CDD071E7CDE9043303AA0C
:10C2E0000DF1030329463846039302F0DBFAF0E729
:10C2F00002F5E07253F82230FFDE00BF0000AD0B04
:10C30000F0B54068057B01F01F0444EA4514056957
:10C3100087B0002D60D0B2F5001F00F1100506D1E6
:10C32000214628460BF09BF8002007B0F0BD01AE77
:10C330000027B2F5800F0197776038D1B3F1007F05
:10C3400014BF052304238DF804300023CDE90463D2
:10C350000393836823FA01F111F0010119D1B2F1BD
:10C36000A07F16D104F01F03620903F5E07339D1F1
:10C370004FF0A04252F82330DB070AD40DF1030638
:10C3800032462146284602F0B9FB184B984219D094
:10C39000029603AA2146284602F084FA144B9842DA
:10C3A0001DD101222146284602F008FCBCE7B3F16A
:10C3B000C06F05D0B3F1007F14BF01230223C2E791
:10C3C0000323C0E73146284602F0F2FB084B9842AF
:10C3D000DED06FF00B00A8E76FF08500A5E76FF0E7
:10C3E0001500A2E751F82330FFDE00BF0400AD0BBB
:10C3F0000000AD0B08B5044A0448012107F068FBB2
:10C400006FF0850008BD00BF83C803006C8E030079
:10C41000B0B5446800AF054620680BF0F2F868B18B
:10C42000E06838B994F822100023DAB291421ED89D
:10C4300000201AE00BF0E5F80028F3D123686C46E1
:10C4400088B01B686A461849C2E905134FF40073A7
:10C450009383164B42F8103F154800234FF4E251E6
:10C46000F5F792FA6FF01200A546BD46B0BD626ABC
:10C47000D25C032A03F10103D7D96C4688B02B683C
:10C480006A460C49C2E905134FF400739383074BC6
:10C4900042F8103F064800234FF4E251F5F774FAD2
:10C4A0006FF01500A546E0E7A3C8030003000001F4
:10C4B0006C8E0300BBC803002DE9F041594D5A4E64
:10C4C00000EB8101814202D10020BDE8F0810468C7
:10C4D00014F4805FC4F3432704F07F0340F08E80A0
:10C4E0007F2B4FEA1444EF5D08BF4FF0FF33192C48
:10C4F00000F28780DFE804F00D13191C1F251C854E
:10C50000858585366185858585858585858564797B
:10C510007C7FC2F80C355C1C5CD10430D2E7C2F8D9
:10C5200014355C1CF9D000245DE0C2F80835F2E750
:10C53000C2F81035F5E75C1CC2F80835EDD00024D0
:10C5400004E05C1CC2F80C35E7D001245FEA531C00
:10C550005AD14FF0010E4FF0A04C0EFA03F8CCF870
:10C560000C8508E0C2F80835002FDAD15C1CD4D065
:10C570000024A6460627D0F8008008F4005CBCF131
:10C58000000F1CBF4FF0000E012403F01F0C5B09CD
:10C5900042D14FEA8C0C0CF1A04CC8F3C118DCF866
:10C5A0000037334043EA880343EA072343EA0E0394
:10C5B00043EA4403CCF80037AFE7C2F80C35D3E7C1
:10C5C000C2F86035B3F1FF3F0468A6D0C4F38034ED
:10C5D000002CBAD05C091BD101244FF0A04C04FA06
:10C5E00003FECCF808E5A646C5E7C2F86435E9E7DE
:10C5F000C2F86835E6E7C2F86C35E3E76FF015007E
:10C6000063E76FF0850060E70023C3F80C35FFDEB9
:10C610000023C3F80835FAE70CF5E07C002353F853
:10C620002C30F4E71BC90300F0F8FCFF2DE9F341BF
:10C630000022064601210220F6F7FAF80220F6F75A
:10C64000C7F8776835693C680021C4F800152E608A
:10C65000D7F80C8001AA40460AF070FC0028C0F20E
:10C660009580019BD8F8002019791868FFF724FFFE
:10C670000028C0F28B806B7A012B21D1AB7A032B7F
:10C680001ED1E87A08B101281AD12A7A12B1022AF9
:10C6900016D10E226B687168B3F5164FD1F800C041
:10C6A00077D02BD8B3F5165F76D014D8B3F5966F44
:10C6B00074D008D8B3F5967F73D0B3F5167F73D0D6
:10C6C0006FF0850062E0B3F5166F70D0B3F5965F3A
:10C6D000F6D15B4B3CE0B3F5E14F6BD007D8B3F537
:10C6E000615F69D0B3F5964FEAD1564B30E047F61B
:10C6F00012218B42E4D14FF4000329E0B3F5613FEE
:10C700005CD013D8B3F5963F5BD009D84DF6C02165
:10C710008B4258D0B3F5614FD2D14FF46B0317E081
:10C72000B3F5E13FCCD14FF0EB7311E0B3F5612FDE
:10C730004CD008D844498B424BD0B3F5E12FBFD140
:10C740004FF0E86304E041498B42B9D14FF0805388
:10C750003169CCF8243573681B680243C3F86C2533
:10C760000B1DD5E9010183E803007B6899073FD5DC
:10C7700005F1180002F014FB354B98422CD03548D7
:10C78000354A012107F0A4F96FF0040002B0BDE8BA
:10C79000F0814FF41D03DBE7304BD9E74FF49E23C4
:10C7A000D6E74FF4A033D3E74FF41C33D0E74FF470
:10C7B0001D23CDE72A4BCBE72A4BC9E74FF06C731B
:10C7C000C6E7294BC4E74FF46503C1E74FF0706338
:10C7D000BEE74FF08063BBE7287E04F10C0204F54E
:10C7E00090710AF0C0FD2B7E0120984001F074FF8B
:10C7F0000823C4F800353B7A53B9C4F81031D4F893
:10C8000010316B69C4F834350123C4F8383523601E
:10C810007B689A075CBF4FF48073C4F804337B686D
:10C82000DB0644BF4FF48003C4F804332B69C4F81B
:10C83000443500200123C4F84805A360E360A5E760
:10C8400000B0130000A04E0090D0030040420F0043
:10C850000000AD0B648E030023C9030000502700C5
:10C8600000C0750000F03A0000903A01F8B50446A7
:10C8700007690D460AF078FFB0B92E4B1B789BB1C3
:10C88000642660680AF088FB00BB01200AF069FD9D
:10C89000013EF6D10021212003F080FDF0E786F370
:10C8A0001188BFF36F8FF5E74FF04003EFF3118668
:10C8B00083F31288BFF36F8F606831460AF06CFB18
:10C8C00090B986F31188BFF36F8FEDE74FF0400307
:10C8D000EFF3118683F31288BFF36F8F60683146E0
:10C8E0000AF05AFB0028DAD03B691D70626838698B
:10C8F0001368C3F844050120C3F848050020C3F8B5
:10C900002001D3F82051C3F858015268D3F85801D8
:10C91000D20608D5626812680820C2F800054FF4F4
:10C920008002C3F8042301229A6081F31188BFF3C7
:10C930006F8FF8BD054E00202DE9F04383B04568A8
:10C940000669D5F8208000AF3A1D002140460AF064
:10C95000F5FA041E1ADB7B68D8F8002019791868EC
:10C96000FFF7AAFD041E11DB696A481C1BD005F104
:10C97000280000F0F1FA10F1130F04460BD1314AF0
:10C98000314801210AF051FB6FF0120420460C37A8
:10C99000BD46BDE8F083411D05D12C4A2A4801213E
:10C9A0000AF043FBF2E7EB699847B5684FF00108DE
:10C9B000D6E9023203EBC2039D4204D330460AF0AB
:10C9C0006CFB0024E2E728680AF01BFE0346B0B9BE
:10C9D0002A68297910686C468AB06A461C4DD16174
:10C9E0004FF4007111841B49C2E9055042F8101F31
:10C9F00015484FF41151F4F7C7FFA546C4E728685E
:10CA00002979EB88D0F810C0D0F80890DCF8004005
:10CA1000DA0754BF43F4B01383F4D01323F4801225
:10CA200008FA01FEDB074CBF44EA0E0424EA0E04B8
:10CA3000CCF80040D9F800309847041EA6DB083532
:10CA4000B6E700BF60C903005C8E03008BC903001A
:10CA5000A8C90300040000017FB5054640682969A4
:10CA60008A6D0B6E0ABBABB14C6D8B6616461A46CF
:10CA7000C96D0291CDE9004611B3002B18BF1346D2
:10CA800000226946039302F0B9FA0E4B98420AD08D
:10CA90006FF004032C69236404F1280002F05EFFA8
:10CAA000002384F86C3004B070BD4C6D13B19A4211
:10CAB00028BF1A46002C8A6614BF16460026D7E700
:10CAC0000B46DDE70000AD0B38B503780C4663B9C3
:10CAD0008D6E5DB94B6E1C696FF07303236404F1B6
:10CAE000280002F03BFF84F86C5038BD8B6D33B1E9
:10CAF0009D4213D9224A234801210AF096FA236E57
:10CB0000A26E33B19A4221D91D4A1E4801210AF072
:10CB10008CFA606EBDE83840FFF79EBF5B1B8B65EB
:10CB200073B94B6C08334B648B6C013B8B6401F124
:10CB3000580204F1440048310AF088FA6065DEE7E3
:10CB40004B6D002BDBD02B444B65D8E79B1A23663B
:10CB50007BB9E36C0833E364236D013B236504F187
:10CB6000600204F1500104F14C000AF06FFAE06534
:10CB7000CFE7E36D002BCCD01344E365C9E700BFDA
:10CB8000CCC903005C8E03002DE9F04F8BB000AFE1
:10CB9000C7E9023243687B608B8804699E04804643
:10CBA000894630D44FF0FF324FF0FF3304F11000CC
:10CBB00002F0FAFEC4F80490D8F810A0D8F804B037
:10CBC0009AF86D3023B1DAF80030994500F0D3803F
:10CBD000B9F8046016F400631CD0B44AB4480121CB
:10CBE0000AF023FA6FF0850523689B8813F400533D
:10CBF00004D1636004F1100002F0B0FE28462C3727
:10CC0000BD46BDE8F08FA369002BCBD16368994284
:10CC1000C8D1D1E7F50716D56D4688B0D8F8001011
:10CC20006A46A448C2E905014FF400719183A24904
:10CC300042F8101F9E484FF4E251F4F7A5FEAD46AE
:10CC40006FF01505D0E7300705D59C4A98480121BB
:10CC50000AF0EBF9F4E7C6F34513082B01D0984A24
:10CC6000F4E7D9F80050974B9D4201D8964AEDE77A
:10CC70000BF1080EBEE80F0007F1140CACE80F0032
:10CC8000DEF80030CCF80030904B9D4252D9904BEA
:10CC90009D4252D98F4B9D4252D98F4B9D4252D9C2
:10CCA0008E4B9D4252D98E4B9D422CBF4FF000457A
:10CCB0004FF08045B107FD6106F0040349D5002B14
:10CCC00014BF0323022387F82030C6F3001387F82C
:10CCD0002130DBF80030D3F8082516F0020FC6F338
:10CCE00040014FEA52104FF0010336D1002840F0C6
:10CCF0002B8193404FF0A042C2F80C359AF86D306A
:10CD00002BB1584602F042F900238AF86D30754A7B
:10CD1000534607F11401584602F004F9724A904252
:10CD2000034623D0714A6248012106F0DAFE6FF013
:10CD3000040559E74FF00075BCE74FF08065B9E78F
:10CD40004FF00065B6E74FF08055B3E74FF0005560
:10CD5000B0E7003B18BF0123B5E7002840F0F7809B
:10CD600093404FF0A042C2F80835C7E701238AF884
:10CD70006D30CAF80090012384F86C307B68596AE2
:10CD80004A1C0AD003F1280000F016F9743004D1CF
:10CD9000574A474802210AF048F9FB68002B75D131
:10CDA00063640023A36404F1580204F1480104F110
:10CDB00044000AF04BF9BB686065002B6ED1E36458
:10CDC0000023236504F1600204F1500104F14C00DA
:10CDD0000AF03CF9E06520680023236448B18368C9
:10CDE0003BB1012108300AF044F9236818690AF0C0
:10CDF00003FC4046FFF730FE0022A06C134683423E
:10CE00007AD10023256D1946A9427CD1934226464A
:10CE100038BF13464FF4FA5202FB03F556F8283B8D
:10CE20004FF4004C1B68B5FBF3F540F2E730C83512
:10CE300000214FF47A720023E5FB0C01D3F718FFB1
:10CE400002460B46304602F0AFFD002862D0294A68
:10CE5000174801210AF0E9F84FF000097868C4F892
:10CE6000689002F093F884F86D90D8F810506FF045
:10CE70007308C5F8408005F1280002F06FFD85F8C1
:10CE80006C90304602F0B8FD454647E0FB681B68F1
:10CE90006364002B85D0FB685B6883E7BB681B6815
:10CEA000E364002B8CD0BB685B688AE7EAC90300A7
:10CEB0005C8E030004CA03000300000126CA0300BD
:10CEC00045CA030047E8010074CA03008FD003007D
:10CED0001FA107003F420F007F841E00FF083D0096
:10CEE00000127A00C9CA02000000AD0BA5CA0300F7
:10CEF000CCCA0300F6CA0300616C01EBC301013325
:10CF000049680A447BE7E06C00EBC10001314068EE
:10CF1000034479E7256C15F1740F9DD02368002B2D
:10CF20003FF462AE9A68002A3FF45EAE998811F42D
:10CF300080567FF459AE18690AF05EFB20683146CE
:10CF400008300AF096F84FE6C1F80C15FFDE002312
:10CF5000C3F80835FAE700BFF0B587B001238DF8B4
:10CF6000023002238DF804306B4403930F4601AB6B
:10CF70000DF103010024049305460291059401F08C
:10CF800017FE0C4B984206460FD103AA3946284695
:10CF900001F088FCB0420BD09DF80310284601F048
:10CFA00001FE6FF0040007B0F0BD6FF01200FAE769
:10CFB0002046F8E70000AD0B2DE9F0410D4606468E
:10CFC0000AF04FFA002207462946304601F0F6FDE6
:10CFD0006B0905F01F0429D1A40004F1A044164BED
:10CFE000D4F80027134043F00C03C4F800370AF0CC
:10CFF0008AF880463368DB597BB1002730462946E2
:10D000000AF02DFAD4F800270B4B134043F0040329
:10D01000C4F800373846BDE8F0810AF074F8A0EB98
:10D0200008000628E6D96FF07307E7E704F5E07417
:10D03000002353F82430FFDEF0F8FCFF70B5012325
:10D0400083400E4ABFF35B8FDC4352E8001F01EAC6
:10D05000040542E80056002EF7D1BFF35B8F4FF472
:10D06000803282400648C0F80823BFF35F8FBFF3C9
:10D070006F8F0B4214BF0120002070BD504500206F
:10D080000010014070B40E49D1E90034D01AC31821
:10D0900044F1000422F07F46C1E90034A6F50013F4
:10D0A000B3F5400F09D2074B1B681A0A1B069C19DF
:10D0B000054B42F10005C3E9004570BC03F090BA8E
:10D0C000D030002054450020D830002011B3BFF3E9
:10D0D0005B8F0123104A834052E800CF4CEA030CD7
:10D0E00042E800C10029F7D1BFF35B8F0B4A4FF430
:10D0F00080338340C2F80433094BBFF35B8F1B6856
:10D10000BFF35B8FC340DB0742BF064B4FF40032D7
:10D11000C3F80021704700BF5045002000100140B7
:10D120004C45002000E100E00D4B1868010A0006A4
:10D13000BFF35F8F0B4BD3F80435181841F1000192
:10D14000B3F5801F0AD2084BD3E90023904271EB5C
:10D15000030303D210F1807041F10001704700BF5A
:10D160005445002000100140D83000202DE9F04F38
:10D1700085B016461F469DF840A00446FFF75EFFA7
:10D180000190FFF7D1FFB04271EB070354D23E4B41
:10D19000301A67EB0101984271F100014FD23B4B0D
:10D1A00003EB0413D3E902239F4208BF96425ED0EB
:10D1B00037494FF4803804F1500508FA04F8AD00FF
:10D1C000C1F848832046ADB209F091FF26F07F4BAD
:10D1D00005F1804504F5A87305F58835DC464FF068
:10D1E00003090293029A2CF07F4341F82230C1F8E0
:10D1F0004483D1F80435274A6FF00200C01A604416
:10D2000020F07F40904232D9286868B1D1F80435C7
:10D210000393A3EB0B0020F07F40B0F5000F26D95D
:10D22000204609F064FF039BBAF1000F07D109EB18
:10D23000030C09F10109D5E7BAF1000F09D06FF02D
:10D24000150520460199FFF741FF284605B0BDE8C6
:10D25000F08F0123104ABFF35B8FA34052E8000F09
:10D26000184342E800010029F8D1BFF35B8F07495A
:10D270000E98230101EB0412C8500F9B5360C2E9C2
:10D2800002670025DDE700BF01008000C0300020FC
:10D2900000100140FDFF7F004C4500207FB51C4C75
:10D2A0001C4BC4F80833C4F848331B4B00254FF01F
:10D2B000FF304FF0FF31C4F80855C3E902014FF4C5
:10D2C0008033C4F80433154B02264FF40032012199
:10D2D000C4F804631120C3F880212A46F5F7A8FAA0
:10D2E0001120F5F775FA0E4A0123A360236013603D
:10D2F0000C4B0D4A0093CDE9015500232846FFF75A
:10D3000035FF3046FEF712FD284604B070BD00BF61
:10D310000010014003000F00C030002000E100E0D9
:10D320005045002085D00200FFFF7F002DE9F74324
:10D330002B4CD4F8043399070BD5D4F8043143B1FE
:10D34000284A0023C4F80431D4F8043113680133A7
:10D350001360D4F80433DA0323D5BFF35B8F224B79
:10D3600053E8002F22F0010143E800100028F7D114
:10D37000BFF35B8FD30702D4D4F840318BB10025C3
:10D38000C4F84051D4F84031FFF7CEFEEFF31082DD
:10D3900072B6164BD3E90267B042B94104D282F3A8
:10D3A000108803B0BDE8F0834FF0FF384FF0FF392D
:10D3B000C3E90289D3E900101D604FF48033C4F83B
:10D3C0004833C4F84051D4F8403182F31088002922
:10D3D000E7D0009032463B4628468847E1E700BF49
:10D3E00000100140544500204C450020C030002072
:10D3F00030B5431C124C85B005D08442A8BF04460A
:10D40000012CB8BF0124FFF78FFE0E4B0C4DD3E962
:10D410000013401AB0F5000F10D22218AA4228BFFC
:10D420002A4652184FF0000007490091CDE901004B
:10D4300043F10003FFF79AFE05B030BD2A46F0E73E
:10D44000FFFF7F00D030002085D0020008B5FFF735
:10D450006BFE024B1B68C01A08BD00BFD030002015
:10D4600002460B46014802F0CBB900BF281000204D
:10D47000014802F089B900BF2810002008B5F4F770
:10D48000A3F90448044A012106F022FB0020F5F725
:10D49000E1F800BF0C8E030050CB030030B54748C5
:10D4A00087B0F6F777FF4648D4F720FBD4F776FC31
:10D4B00018B16FF0850007B030BDD4F781FC0028AB
:10D4C000F7D1D4F78FFC0028F3D1D4F7B7FC0028AC
:10D4D000EFD1D4F7A1FC0028EBD1D4F7C1FC002890
:10D4E000E7D1D4F7CFFC0028E3D1D4F7DDFC044624
:10D4F0000028DED1012503AA29468DF80C50D4F767
:10D5000045FB0028D7DB03AA022120468DF80C50EA
:10D51000D4F73CFB0028CEDB082303AA0721002018
:10D52000ADF80C30D4F732FB0028C4DB254B039355
:10D5300003AA03210020D4F729FB0028BBDB03AAA0
:10D54000042100208DF80C50D4F720FB0028B2DB1A
:10D550001F2303AA06210020ADF80C30D4F716FBD8
:10D560000028A8DB032303AA052100208DF80C3036
:10D57000D4F70CFB00289EDB0023FB22B0F5506F94
:10D58000ADF814208DF80C30ADF80E20ADF8103049
:10D590008DF8123010DD0C4A00904FF450630B48A8
:10D5A000294606F0A8FA404080F311884FF00400A5
:10D5B00002DF6FF00B007EE718467CE71CA003003B
:10D5C000F9D502001B1B03026DCB0300EC8D030099
:10D5D000014902480AF037BA58450020603E002051
:10D5E00010B403460A46034881680C68194623466E
:10D5F00010BC1847308B030098B500AF6C468AB05A
:10D600006A460C4BD161C2E905304FF400731384B4
:10D61000094B42F8103F094800234FF41151F4F729
:10D62000B3F9A546404080F311884FF0030002DFB4
:10D63000BD4698BD8FCB030004000001EC8D0300B4
:10D64000B0B58AB03649374800AF0AF0CFF900F0DC
:10D6500079FD07F11400D4F78FFB6C4688B06A4659
:10D66000314B5361314B93614FF400739383304BD3
:10D6700042F8103F2F49304807F11403F4F784F9BA
:10D68000A5462E4809F0BDFF50B92D4A2A48012170
:10D6900006F01EFA6FF0120420462837BD46B0BDD2
:10D6A0000023C7E9023307F10800264B3B61D4F79A
:10D6B0000DFC034638B1244A1F48012106F011FA37
:10D6C0006FF01504E8E74FF0FF304FF0FF31FFF740
:10D6D000C7FE04460028DFD11C491D48D4F70CFBC7
:10D6E000044610B1FFF7C4FED6E741F64C557D6005
:10D6F000381DECF7CAFE20B1FFF7BAFE6FF08504C3
:10D70000CAE7012338463B70ECF7B7FE0028F3D197
:10D710007D60381DECF7C1FE0028E3D0ECE700BFC8
:10D720009F710300584500208CB20300B4CB030066
:10D7300003000001C01C4001EC8D0300308B03008E
:10D74000DBCB0300E1D50200FBCB0300E03000207F
:10D75000D1D5020073B54FF0FF304FF0FF31FFF726
:10D760007FFE002861D1324D0DF10701284600F0FF
:10D77000CDFB0446FFF77CFE002C56D19DF8073008
:10D78000042B2CD128783E2815D0FF281AD04FF032
:10D79000FF324FF0FF332146F5F7C4FB0646A0B930
:10D7A00024B9244A2448012106F092F902B0BDE8C8
:10D7B0007040FFF70DBFAB78022BE8D100220023A9
:10D7C0000124E8E7AB78802BF7E76A781849023242
:10D7D0000C3009F000FA3046F6F7B4FDE6E7022B0C
:10D7E0000AD14FF0FF324FF0FF330320F5F76AFB09
:10D7F000044658B9114AD5E7082B10D14FF0FF3233
:10D800004FF0FF330520F5F75DFB04466A88294693
:10D81000043204F10C0009F0DEF92046DCE7084A86
:10D820000548012106F05DF9C0E702B070BD00BFF8
:10D830004F4800201FCC0300EC8D030039CC0300BF
:10D8400052CC0300F7B5774D2B780446002B40F0FF
:10D85000568304238DF80730734B06881F68B7B1D1
:10D860000DF106030DF10702691CB84701280ED01F
:10D870009DF80630002B40F0B6829DF80730AB7063
:10D880000E2201236A70EB70AE80A871B4E2B6F587
:10D89000105F4FEA96230BD2002B00F01183013B5F
:10D8A000072B08D8DFE803F009073476070707C617
:10D8B0003F2B00F03B82012095E2204640F20642D9
:10D8C00030F9033B93420ED040F21D42934213D0F5
:10D8D000012040F206439E4200F0858240F21D4343
:10D8E0009E422BD17FE2ECF74AFE42F226039E4293
:10D8F00004D942F23203F3E7ECF743FE42F20C03A1
:10D900009E42E6D9A6F500530D3B484A9BB2DEE2A3
:10D91000204640F6634230F9033B93422ED010DCA0
:10D9200040F6034293421DD040F62D4293421CD054
:10D9300040F601429342BED1ECF786FC01289CD10F
:10D94000B9E740F67B4293421BD040F67C429342BB
:10D95000B1D19DF80730364902338DF80730ECF726
:10D9600081FCEBE7D4F792FBE8E79DF807303049FC
:10D9700003338DF80730ECF76CFCDFE7ECF76BFC5A
:10D98000DCE79DF807302A4904338DF80730ECF7BF
:10D9900067FCD3E72388A3F58053013B082B8AD883
:10D9A00001A252F823F000BFCDD90200DFD9020056
:10D9B000F3D90200B7D80200B7D80200B7D80200E6
:10D9C000B7D80200B7D8020013DA02009DF807307A
:10D9D000174808338DF80730ECF772FDAEE79DF875
:10D9E0000730134840338DF8073009F0DAFB002088
:10D9F00043E79DF8073008338DF807300C4B0022C1
:10DA00001A605A60EB7A23F0600343F06003EB7214
:10DA1000EDE79DF80730064806338DF80730ECF740
:10DA200051FD8BE74E49002068450020411200035C
:10DA300055490020204630F8033BA3F50053013B35
:10DA40007B2B00F23B82DFE813F07C008900920020
:10DA500039029C009F00A200AB00AE00B100B700ED
:10DA6000BA00BD00C000C300CC00CF00D200D5007A
:10DA7000D800DB00E400E700F000F900FC0005013D
:10DA80000E01390239023902390239021701200127
:10DA900029012C012F01350138013B013E013902DA
:10DAA000390247014A014D0156015F016201390205
:10DAB000390239023902390239023902390239028E
:10DAC000390239023902390239023902390239027E
:10DAD0003902390239023902390239023902650143
:10DAE000390239026E01390239023902390239022A
:10DAF000390239023902390239023902390239024E
:10DB00003902390232013902390239023902390245
:10DB1000390239023902390239023902390239022D
:10DB2000390239023902390239023902390239021D
:10DB3000390239023902390239023902390239020D
:10DB4000B400ECF7C1FC42F244039E4200F2C681ED
:10DB500042F242039E427FF6C8AE44E19DF8073090
:10DB6000B74803338DF80730ECF7B3FCEBE79DF8CB
:10DB70000730B34808338DF8073009F04CFB00201C
:10DB8000E1E7ECF7A8FCDEE7ECF7A7FCDBE79DF8A4
:10DB90000730AB4801338DF80730ECF7A0FCD2E733
:10DBA000ECF79FFCCFE7ECF79EFCCCE7ECF79DFC95
:10DBB000C9E7ECF7E2FCC6E7ECF799FCC3E7ECF742
:10DBC00098FCC0E7ECF797FCBDE7ECF796FCBAE7EA
:10DBD0009DF807309A4801338DF80730ECF78FFC39
:10DBE000B1E7ECF78EFCAEE7ECF78DFCABE7ECF7BA
:10DBF0008CFCA8E7ECF78BFCA5E7ECF78AFCA2E726
:10DC00009DF807308E4907338DF80730ECF783FC19
:10DC100099E7ECF782FC96E79DF8073088491033C6
:10DC20008DF80730ECF77BFC8DE79DF807308448D2
:10DC300008338DF80730ECF774FC84E7ECF773FCDD
:10DC400081E79DF807307E4902338DF80730ECF705
:10DC50006CFC78E79DF80730794902338DF807307E
:10DC6000ECF767FC6FE79DF8073008338DF8073055
:10DC7000FF23EB71EB7282E79DF8073070490233A6
:10DC80008DF80730ECF759FC5DE79DF807306C48DC
:10DC900004338DF80730ECF752FC54E7ECF751FCF5
:10DCA00051E700F07FFA4EE709F002FB4BE709F07D
:10DCB00002FB48E7ECF747FC45E7ECF746FC42E798
:10DCC000ECF745FC3FE79DF807305D4801338DF8E0
:10DCD0000730ECF73EFC36E7ECF73DFC33E7ECF7BA
:10DCE0003CFC30E79DF80730554808338DF8073085
:10DCF000ECF735FC27E79DF80730514904338DF8E0
:10DD00000730ECF72EFC1EE7ECF72DFC1BE7ECF7D9
:10DD10002CFC18E79DF80730494802338DF807308E
:10DD2000ECF725FC0FE7ECF724FC0CE720464FF658
:10DD30000B4230F8033B934211D8B3F57C4F7FF68A
:10DD4000BAADA3F57C43013B0A2B00F2C680DFE8A5
:10DD500003F0212EC4C4C46AC4C458616D0003F525
:10DD6000407292B2162A26F008023FF6A4ADA3F53F
:10DD70007D43162B00F2C180DFE803F0647C7F82D4
:10DD80008588BFBFBF8BBFBF8EBFBFBFBFBF91BFA7
:10DD900094BF9D009DF8073029480C338DF807305B
:10DDA000ECF762FA26F008034FF60252A3E09DF862
:10DDB000073040338DF80730214B00221A80EB7971
:10DDC00023F0230343F02303EB712B7A23F00703A3
:10DDD00043F007032B724FF6025226F008039342DA
:10DDE0007FF405AE00200F236B700423AB7001237A
:10DDF000E8702B71A5F8056001232B70002003B09B
:10DE0000F0BD9DF807300E4817338DF80730ECF75A
:10DE100047FAC7E79DF80730094820338DF80730E7
:10DE2000ECF790FABEE7ECF739FABBE79DF807305C
:10DE3000034801338DF80730ECF7D5FAB2E700BF9D
:10DE4000554900209DF8073040338DF807302D4BA1
:10DE500000211980EB7923F03F0343F03F03EB717E
:10DE60002B7A43F080032B720A236B724FF6025316
:10DE70009A42B5E7ECF7CDFA94E7ECF7CCFA91E7E4
:10DE8000ECF7FBFA8EE7ECF7FAFA8BE7ECF7FDFA22
:10DE900088E7ECF7FCFA85E7ECF7FDFA82E7ECF7A8
:10DEA000FCFA7FE79DF80730164904338DF80730F8
:10DEB000ECF7F5FA76E7ECF701FB73E7012042E6B1
:10DEC00001203BE5A6F50153283B0F4A9BB222FAFD
:10DED00003F3DB077FF532AD85E7012042F28503CE
:10DEE0009E423FF65FAF42F267039E42EAD826F0B9
:10DEF000020342F264029342F3E4012052E74FF03E
:10DF0000FF307CE7554900202F80002038B5094CB0
:10DF100023780D461BB9BDE83840ECF785B9A278E7
:10DF2000611C02320AF0A5F90020042320702B7036
:10DF300038BD00BF4E49002070B505460E46084C5E
:10DF4000204609F05EFB38B1A368B2B229462046EC
:10DF50001B68BDE8704018476FF0120070BD00BF2D
:10DF6000308B03001E4B1F4903F12002002808BF1D
:10DF7000194670B5104602F021FD034650B31A4A07
:10DF80001A48012105F0ADFD12244FF0FF324FF089
:10DF9000FF330120F4F796FF00F10C06022105463D
:10DFA000304608F012FE3E23037022234370012105
:10DFB000304608F00AFE092303702121304608F09C
:10DFC00004FE00F8014B3CB12022FF210AF05FF96A
:10DFD000284670BD0446D8E7054909F05FF9F7E720
:10DFE00095490020FFCC0300C1CC0300E48D030061
:10DFF000B5490020F8B53D4CBFF35B8F2368BFF3F4
:10E000005B8F022B274659D0042B5CD0012B5CD1AF
:10E01000374C384E20212046FFF78EFF002842D192
:10E020002022314620460AF014F90028F2D0324866
:10E03000214602F0AFFC05460028EBD14FF0FF323D
:10E040004FF0FF330120F4F73DFF00F10C060221F1
:10E050000446304608F0B9FD3E2303704223437066
:10E060000121304608F0B1FD0823037041213046FC
:10E0700008F0ABFD064600F8015BB5B14022002177
:10E080000AF005F9BFF35B8F002357E8002F47E83C
:10E0900000310029F9D1BFF35B8F34B32046BDE8CE
:10E0A000F840F6F74FB91F25C8E7134909F0F6F80D
:10E0B000203106F1210009F0F1F8E3E70020FFF735
:10E0C00051FF0446DEE70120F9E70C4A0C48022123
:10E0D00005F0FEFCBFF35B8F002354E8002F44E8FB
:10E0E00000310029F9D1BFF35B8FF8BD7C450020DA
:10E0F00095490020FFCC0300B5490020E2CC030085
:10E10000E48D030010B586B01022002101A80AF0AA
:10E11000BEF80B4C059401238DF811304FF0FF32FF
:10E120004FF0FF33012101A802F08AFB20460AF0DC
:10E1300036F8049B6FF394330493FFF75BFFEDE72E
:10E140006C45002010B588B00E480AF023F80E4C3C
:10E150000E4900220023CDE9062300230A22CDE93F
:10E160000323CDE9013300934FF46272084B20463C
:10E1700001F092FA0749204608B0BDE8104009F0C6
:10E18000F9BA00BF6C450020E03D0020806300200C
:10E1900005E10200F2CC03000148F4F7B1BA00BF78
:10E1A000E03D002008B50B4BBFF35B8F012253E825
:10E1B000001F002903D143E800200028F7D1BFF356
:10E1C0005B8F05D10448002102F096FB002008BDBA
:10E1D0000C20FCE77C4500206C45002010B5002990
:10E1E000114BBFF35B8F04460CBF0222042253E89D
:10E1F000001F002903D143E800200028F7D1BFF316
:10E200005B8F0ED12146094809F048F8084804F10F
:10E21000200109F043F80748002102F06DFB0020BF
:10E2200010BD0C20FCE700BF7C450020B549002054
:10E23000D54900206C45002010B5E7F7BDFDBDE8CD
:10E240001040034903484FF40032002301F062BD3F
:10E25000A0070020603E00200149024809F0F3BBFE
:10E2600080450020603E002013B54FF4FA73ADF8EE
:10E27000043000238DF806304FF48053ADF80030A1
:10E280000D4A0223192168468DF80230EAF78CFE08
:10E29000044670B9014601220820F4F7C9FA0122A8
:10E2A00021460B20F4F7C4FA012221461046F4F768
:10E2B000BFFA204602B010BDBDE2020098B500AF23
:10E2C0006C468AB06A460C4BD161C2E905304FF406
:10E2D00000731384094B42F8103F094800234FF4A0
:10E2E0001151F3F751FBA546404080F311884FF0E0
:10E2F000030002DFBD4698BD2BCD030004000001E2
:10E30000248E030037B5114D1149002400946FF09D
:10E3100009034FF48062284601F0C4FC0D492846E9
:10E3200009F028FA0C490D4809F060FB2246042147
:10E330001920F4F77DFA0A494FF4003200232846E9
:10E3400001F0E8FC204603B030BD00BF603E002075
:10E35000806700203FCD0300E1720300804500206C
:10E36000A0070020014B00201B68184790450020A3
:10E3700020B1012806D10448E7F7B6BC034B0120C1
:10E380001B681847704700BF65E3020090450020F6
:10E39000014B186001487047904500200000AD0B0C
:10E3A0004FF0704393F8E02F062A09D1D3F8E83FE5
:10E3B000C3F30313033B042B02D8024AD05C70471B
:10E3C0000020704762CD0300024AD2F80034002BCF
:10E3D000FBD0704700E0014010B508F0B3FF40B13A
:10E3E0004FF080538E4AD3F82433C3F30423C2F88A
:10E3F0004035FFF7D5FF10B18A4B8B4A5A6708F0BA
:10E40000A1FF48B14FF080534FF08042D3F844321F
:10E41000C3F34233C2F83C35FFF7C2FF30B1834A41
:10E42000D2F8FC3023F08073C2F8FC3008F08AFF89
:10E4300040B14FF080430022C3F80C21C3F81021F3
:10E44000C3F83825FFF7ACFF20B14FF0804303221B
:10E45000C3F8A025FFF7A4FF60B1754B0522C3F8F0
:10E4600010260122C3F888260022C3F818263F226E
:10E47000C3F814264FF08053D3F83021511C09BF44
:10E480004FF07043D3F8343193F8E02FD3F8E83FDE
:10E4900008BFC3F30313062A4DD1033B042B03D853
:10E4A000644AD35C002B46D04FF08052624BD2F8C6
:10E4B0000414C3F82015D2F80814C3F82415D2F8B0
:10E4C0000C14C3F82815D2F81014C3F82C15D2F880
:10E4D0001414C3F83015D2F81814C3F83415D2F850
:10E4E0001C14C3F84015D2F82014C3F84415D2F810
:10E4F0002414C3F84815D2F82814C3F84C15D2F8E0
:10E500002C14C3F85015D2F83014C3F85415D2F8AF
:10E510003414C3F86015D2F83814C3F86415D2F86F
:10E520003C14C3F86815D2F84014C3F86C15D2F83F
:10E530004424C3F8702508F005FF48B14FF080531C
:10E540004FF08042D3F8583203F04F03C2F8E43E54
:10E5500008F0F8FE48B14FF08043D3F80024D2070A
:10E5600044BF6FF00102C3F800244FF08053D3F88A
:10E570003021062A26D1D3F83431033B042B02D8AC
:10E580002E4AD35C63B12E4AD2F83C3743F4806301
:10E59000C2F83C374FF08053D3F83031062B11D1FD
:10E5A0004FF08053D3F83431033B042B02D8254A73
:10E5B000D35C3BB14FF01023D3F808224FF08043D7
:10E5C000C3F858254FF01023D3F80022002A03DBAC
:10E5D000D3F80432002B22DA1B4901234FF010201C
:10E5E000C1F804351524FFF7EFFEC0F80042FFF72D
:10E5F000EBFEC0F80442FFF7E7FE0023C1F8043544
:10E60000FFF7E2FEBFF34F8F0849104BCA6802F4D0
:10E61000E0621343CB60BFF34F8F00BFFDE710BD37
:10E620000030014000C007400DF0ADBA00ED00E041
:10E63000005000405DCD030000C0004058CD0300F5
:10E640000010004053CD030000E001400400FA0533
:10E6500030B50468CCB1BFF35B8FB4FA84F3C3F177
:10E660001F03DBB201229A4024EA020250E8005F55
:10E67000A54204D140E8002CBCF1000FF6D1BFF355
:10E680005B8FE6D102480B7030BD0248FCE700BF4B
:10E690000000AD0B0200AD0B10B50368CB40DB07EB
:10E6A00014D401238B400268BFF35B8F43EA02015D
:10E6B00050E8004F944204D140E8001CBCF1000F28
:10E6C000F6D1BFF35B8FEED1014810BD0148FCE7E6
:10E6D0000000AD0B0400AD0B014BC3F804057047FF
:10E6E00000F0014070B500F108030C4C34F8133011
:10E6F000DA0505460E4607D5C3F3432304EBC302F0
:10E7000054F8333052689847A3682BB1E268314619
:10E710002846BDE87040184770BD00BF0C0B0020B4
:10E7200010B4C0B2114A083032F81030D9051BD5E8
:10E73000C3F3432123F4F85322F8103002F10E04FE
:10E74000002034F8023F13F4807F03D0C3F3432347
:10E75000994209D001302028F3D1002342F831300A
:10E76000034810BCFFF798BF10BC70470C0B00208B
:10E77000640B0020F0B5054600200446012607463C
:10E780008C420BD1114BD3F87C2132B10022C3F85B
:10E790007C21D3F87C3140F00040F0BDE3B29B0017
:10E7A00003F580729B0806FA03F31D420BD002F1B9
:10E7B000804202F5C042D2F800C0BCF1000F02D086
:10E7C0001760126818430134DAE700BF00600040A8
:10E7D000C0B2064B083033F81000830643BF400B2D
:10E7E000800000F580704FF4BE7070470C0B002065
:10E7F000CBB20246083308460C4931F8133099066B
:10E8000011D599070FD410685B0B01219940C0F80E
:10E810000813126802EB8303D3F8102522F00302D9
:10E82000C3F810257047002108F0FABD0C0B00203A
:10E83000F7B5CDB2174E0835074636F81530DB0769
:10E840000C4624D5FFF7D4FF36F815309A0606D5C6
:10E850005B0B3A6803F5A273002142F823102046AF
:10E86000FFF75EFF002301A826F81530019408F099
:10E8700084FD019B00EB8300074BD0F80027134079
:10E8800043F00203C0F80037044803B0F0BD044869
:10E89000FBE700BF0C0B0020F0F8FCFF0000AD0B05
:10E8A0000400AD0B2DE9FF41136807460C461546E1
:10E8B000FBB1CEB2DFF83C81083638F8162002F002
:10E8C0002202222A22D00022CDE900228DF80E2039
:10E8D0008DF80F200DF10E010DF10F02204608F00A
:10E8E00056FD38F8163023F0020343F0010328F8F0
:10E8F00016306B684BB393F800C05A683D4EE3B2D4
:10E90000083336F81310880702D5B2B13A481FE031
:10E9100021F02001C904C90C26F813106AB1BCF11A
:10E92000030FF3D86A68386852681278BCF1000F98
:10E9300011D102F5A27240F822C036F8132022F05D
:10E940001C0242EA8C0226F81320AB6843BB2B481A
:10E9500004B0BDE8F08100EB820041EA4231D0F81A
:10E9600010E52EF0030EC0F810E53F6807EB8207B4
:10E9700041F02001D7F8100526F8131020F4473095
:10E9800020F44070C7F810052002D7F810E500F415
:10E99000F85040EA0C4040EA0E00C7F81005CCE7FA
:10E9A000D3E900672046FFF7BBFE002ECFD0114D04
:10E9B000D5E90023964203D19F4201D1002209E00C
:10E9C0000F480DF10F01FFF743FE0C4B9842BFD1EA
:10E9D0009DF80F2045F83260E4B205EBC20308341D
:10E9E0005F6035F8143043EA422343F4807325F81E
:10E9F0001430ACE70C0B00200400AD0B0000AD0B95
:10EA0000640B00202DE9FF4107460C461E4612B359
:10EA1000CDB2DFF8D080083538F81530980701D42A
:10EA2000990621D413F01C0F02D05378012B1BD070
:10EA300001238DF80F300023CDE900230DF10F01E4
:10EA4000931C2046013208F0A2FC38F8153043F040
:10EA5000030328F81530002E42D0E1B2214D0831D1
:10EA600035F81120930703D41F4804B0BDE8F081A6
:10EA700096F800E0D7F800C022F020020EF5A27050
:10EA8000D2040023D20C4CF8203025F8112096F83F
:10EA900001C0BCF1000F23D03868B67800EB8E00BF
:10EAA0004FEA0C4CD0F8103523F4981323F4F853A4
:10EAB000C0F81035230203F4F8530CF4403C36053B
:10EAC000D0F8107543EA0C0306F4801642EA4E3281
:10EAD000334342F020023B4325F81120C0F81035A3
:10EAE0000248C2E70C0B00200400AD0B0000AD0B88
:10EAF000014BC3E9021270470C0B0020C9B2083168
:10EB0000044B33F81130990643BF5B0B0248137076
:10EB1000024870470C0B00200000AD0B0400AD0B49
:10EB200070B5184E96F8604005464CBB2146402211
:10EB300006F1100009F0ABFB2D68306D21468842CC
:10EB400012D10023C5F87C3145F30730D5F87C316C
:10EB5000F3F73EFE4FF00043C5F804330A480123A3
:10EB600086F86030B36570BDCBB29B0003F5807250
:10EB70007C2B08BFAC5001F1010108BFAB58DEE7A8
:10EB80000248F0E70C0B00200000AD0B0C00AD0BB1
:10EB9000034B93F86000003818BF0120704700BF96
:10EBA0000C0B00200148FFF777BD00BF600B002071
:10EBB0000148FFF74DBD00BF600B002073B5CBB21D
:10EBC0000C4608331D4931F8133099061AD513F055
:10EBD000020617D15B0B9C00056804F580716E502E
:10EBE000695801682144D1F8104544F00104C1F886
:10EBF00010452AB10168012202FA03F3C1F8043377
:10EC000002B070BDC3F38203042B12D0052B12D0C7
:10EC100001A8019408F0B1FB019AD0F81035D34057
:10EC200003F00103991C204602B0BDE8704008F0D3
:10EC3000F7BB0321F7E70221F5E700BF0C0B00202B
:10EC40002DE9F347544B554FD3F80403396DC0B247
:10EC500040F00040FFF78EFD051E18DA0023F96D25
:10EC60000093684608F0EBFB4FF0010897F85C3022
:10EC7000DA075AD4396D4FF00040FFF77BFDF96D8C
:10EC8000684608F0DCFB0028F0D125F0004501249F
:10EC9000002D69D102B0BDE8F08794FAA4F4B4FA6B
:10ECA00084F4E00804F1080304F0070237F8139035
:10ECB0001DF80030019408FA02F223EA02030DF86D
:10ECC000003001A808F059FB019B03F5E0734FEAFF
:10ECD000990150F82360C9F3820A4B07D146C6F365
:10ECE000014626D520465146FFF7FCFC01A80194B9
:10ECF00008F043FB019B03F5E073F6B250F82330B4
:10ED0000C3F301439E4207D10021204608F088FB4F
:10ED10003146204608F084FB01A8019408F02DFB41
:10ED2000019B08FA03F3C0F82035009C002CB4D1F5
:10ED3000A0E7022E0CD10321204608F071FB0AF057
:10ED40000503012BE8D149462046FFF7CBFCE3E75A
:10ED50000221204608F064FBBAF1030FF3D0032E22
:10ED6000DAD1BAF1020FEDE795FAA5F3B3FA83F31E
:10ED700004FA03F29B0003F1804303F5C04325EA44
:10ED80000205D3F81005D3F81015C0F30420C1F321
:10ED90000141FFF7A7FC7BE7006000400C0B00205F
:10EDA00001460148FFF754BC700B002007B50190E5
:10EDB00001A808F059FB019B00EB8300054BD0F83C
:10EDC0000027134043F00303C0F8003703B05DF899
:10EDD00004FB00BFF0F8FCFF73B5CB7B0446002BAF
:10EDE00038D10B7B0878012B77D808F054FB0B78CF
:10EDF000019301A808F038FB019B00EB83003C4B1A
:10EE0000D0F80027134043F00103C0F800374878DA
:10EE1000FF2804D008F03FFB4878FFF7C7FF8B7846
:10EE2000FF2B0FD001A88D7B019308F01DFB019BE8
:10EE300000EB83002E4BD0F80027134043EA8503F4
:10EE4000C0F80037C878FF2804D008F017FBC8784E
:10EE5000FFF7ACFF23792748CA78282505FB030371
:10EE60009A770B7C9BB94B7825680E78FF2B18BFDF
:10EE70001A468B78C5F8086508BF4FF0FF32FF2BA4
:10EE800008BF4FF0FF33C5F80C25C5F810352368CF
:10EE90008A68C3F824254B7B0A7B2568003B18BF92
:10EEA0000123022A1CD0032A1DD0012A01D143F0DC
:10EEB0000203C5F8543523794979282202FB03035C
:10EEC000D97723795343C35883B1206840F307307F
:10EED00002B0BDE87040F3F77BBC08F0CFFA86E7DC
:10EEE00043F00403E5E743F00603E2E702B070BD38
:10EEF000F0F8FCFF9445002007B5019001A808F048
:10EF0000B3FA019B00EB8300054BD0F800271340B8
:10EF100043F00203C0F8003703B05DF804FB00BF04
:10EF2000F0F8FCFF2DE9F04190F80480144C4FF00C
:10EF3000280C0CFB08FC04EB0C06074696F81CE0BA
:10EF4000BEF1000F19D144F80C20736041B1CB7BA6
:10EF500086F82530CB78B3774B79F377FFF73CFF12
:10EF60003A6808480123C2F80035282202FB084409
:10EF7000002262772377BDE8F0810348FBE700BFFA
:10EF8000944500200000AD0B0C00AD0B70B5067968
:10EF9000194C056828237343E35833B145F3073010
:10EFA000F3F724FC0423C5F808330023C5F8003523
:10EFB000282303FB064393F82530BBB9D5F8080591
:10EFC000FFF79AFFD5F81005421C01D0FFF794FF18
:10EFD000D5F80C05431C01D0FFF78EFF282303FB57
:10EFE0000643987FFF2801D0FFF786FF282303FB05
:10EFF00006440023237770BD944500202DE9F84393
:10F000000779394C28237B439046E2180E46517FFE
:10F010008146002966D1E3580BB10123537796E866
:10F020000F00282505FB074505F10C0C8CE80F00A7
:10F03000A87F0023FF2885F8243001D008F02BFAA0
:10F040002823B8F1000F06D003FB0743002227480E
:10F050005A77BDE8F883D9F8005003FB0743042230
:10F06000C5F80823C3F82080C5F80881D5F8082121
:10F0700072689AB133681B78C5F81C357368012B28
:10F080000ED933685B78C5F81C3528237B43E658D6
:10F0900076B10423C5F804331548DAE7DB7FEBE7E4
:10F0A000F368012BF1D9282303FB0743DB7FEAE751
:10F0B00007EB870104EBC101D5F80831002BFBD029
:10F0C000C5F808612846D5F8083108F0F1F900289C
:10F0D000F2D1282303FB0744A07FFF28DCD008F0EF
:10F0E000CDF9D9E70348B4E7944500200300AD0B00
:10F0F0000000AD0B0B00AD0B0149024808F00BBA44
:10F10000944500200030004002494FF0402008F0B4
:10F1100002BA00BFBC4500200149024808F0FBB913
:10F12000E44500200030024008B5124BA82200211F
:10F13000184609F0ACF8032202610F4942610F4AF8
:10F140008161C2614FF48062026200228262426287
:10F15000C26201660A494166102181660949026757
:10F160000346C266426711F8010D98540132102A15
:10F17000F9D108BD0C46002067CD0300054A0020E8
:10F18000F549002080CD03002DE9F84FDFF87C80A1
:10F19000182606FB008E00FB06664644DEF8244077
:10F1A000DEF828C07368A44507468946154603EB78
:10F1B000040022D8DEF820B0ABEB040A0AF1FF33DA
:10F1C0009A4203D809F055F82C440FE063449A4260
:10F1D00019D852462C4409F04CF8B4EB0B0405D076
:10F1E0007068224609EB0A0109F043F8182303FB73
:10F1F000078301205C62BDE8F88F0CF1FF3CACEBAB
:10F20000040C9445DED20020F5E700BF0C46002038
:10F21000F8B5144B182700FB07751D4407FB003396
:10F220000E46DB6A012B14460AD0022B14D023B9F8
:10F23000284608F08AF9844208D900242046F8BDFF
:10F24000284608F082F9844228BF04462246314607
:10F25000284608F083F9F1E72846BDE8F84008F0B1
:10F260009AB900BF0C460020034B182202FB003362
:10F270009A6A586A801A70470C46002003484FF07B
:10F28000FF324FF0FF3300F0BBBA00BF3C1000204C
:10F29000014800F079BA00BF3C100020014B98688B
:10F2A00064307047B84600202DE9F843044600AFAB
:10F2B0000D464FF04003EFF3118883F31288BFF33C
:10F2C0006F8F0428284A98BF284B9668117C94BFFA
:10F2D00053F82030264BE9468AB06A462548C2E9F1
:10F2E000073140F201339384234BC2E9050442F80D
:10F2F000103F224800234FF43151F2F745FBCD4631
:10F3000045B1EB69C3F3080323B11D4A1B48012132
:10F3100004F0DEFB2EB1304608F02FFA08B1037876
:10F3200003B91848E9468AB06A46174BD061C2E96A
:10F33000053640F201331384144B42F8103F00238A
:10F340000E484FF41151F2F71FFB2946CD462046D7
:10F35000FEF794F888F31188BFF36F8F3046F3F708
:10F36000CFF9BD46BDE8F883B846002034A00300BD
:10F3700081CD03008FCD0300050000014C8E0300FA
:10F38000B7CD0300C1B10300D8CD030004000001D4
:10F39000104B70B553F82040013053F82060A6425E
:10F3A00000D870BDD4E9003595B153B128469847CF
:10F3B00038B10028B8BF4042EB68FF28A8BFFF2043
:10F3C0001870EA68537843F0010353700834E6E795
:10F3D0009847FBE748A0030008B50A4B0122032029
:10F3E0001A70FFF7D5FF01F0CFFA0420FFF7D0FF26
:10F3F00000F07EF9F0F714FC034A137B23F00103BD
:10F40000137308BD054E0020803F002008B5034857
:10F41000034A0021121A08F0FFF808BDB8110020B5
:10F42000084E002070B5002386B00122CDE90423E8
:10F43000194E1A4D01930F22CDE9023218491423B7
:10F4400003FB005506EBC01604464FF4C070154B85
:10F4500000954FF4A07200FB0411304600F0EAF86A
:10F46000737B114AEE6023F0040373734FF404635B
:10F4700004FB033313446B600C4B2C74BFF35B8FA2
:10F4800053E8001F013143E80012002AF8D1BFF30E
:10F490005B8F06B070BD00BF003F0020B846002063
:10F4A0000074002083770300C06B0020B446002066
:10F4B00080B50020A6B0FFF76BFF2E4B83F30888C2
:10F4C0002D4D2E4E6B692E4F43F400736B61E0237C
:10F4D00085F8223000242023EB772C766C76AC76EE
:10F4E00085F820406B6A43F4E0236B6285F8234083
:10F4F000F3F774F8F3F71AFA4FF0FF33AB62EB62ED
:10F50000F3F700FBF3F752FAF2F7CAF840F20113EF
:10F51000ADF8243006ABB360CDE92044239408F065
:10F520006FF80120FFF734FF0220164DFFF730FF80
:10F5300000F0AAFE144B7561059301231349009452
:10F54000CDE903434FF480623B46CDE901442846B0
:10F5500000F070F86A7B064622F0040228466A73BF
:10F5600008F01EFB2046FFF75DFF3A46314628466D
:10F57000F3F7C6F90074002000ED00E0B846002063
:10F58000D9F30200803F00203ACE030080750020AE
:10F5900038B5064C064DAC4201D3002038BDD4E945
:10F5A0000112204608F03CF81434F4E7EC0F002078
:10F5B000EC0F002038B5064C064D0020AC4200D3BD
:10F5C00038BD204608F094F80028F9DB1C34F5E734
:10F5D000980F0020EC0F002073B50C464FF040054B
:10F5E000EFF3118185F31288BFF36F8FC5685DB1AA
:10F5F00025602B68C360836901338361002081F338
:10F600001188BFF36F8F11E052EA030603D1256022
:10F610006FF00B00F3E7CDE900230246083000F05D
:10F620006FFD18B9024B9B685B69236002B070BD27
:10F63000B84600202DE9FF410E9E0673042646734E
:10F640000D9E867300F158050F46D61DC0E916556C
:10F650000C9A002526F007064037C0E90655C0E998
:10F660001A768560C573056706F1400802920B9A09
:10F67000019288440A9A009242460446F3F70EF932
:10F68000044B65659B6803B15B6F6367404604B0DC
:10F69000BDE8F081B8460020F0B587B0002505959B
:10F6A000109D04950F9D03950E9D0295DDE9127640
:10F6B0000D9D01950C9D00950446FFF7BBFFB6F12B
:10F6C000FF3F08BFB7F1FF3F05D056EA070305D15A
:10F6D000204600F08BFD204607B0F0BD03493A46B6
:10F6E000334604F1180000F005FFF4E75F7C0300E7
:10F6F00070B5224C224D86B02646AE4204F130044D
:10F700000AD300F091FD1D4C1E4EAC4220D306B032
:10F71000BDE8704000F09CBD54F80C3C059354F8D3
:10F72000103C049354F8143C039354F8183C02938F
:10F7300054F81C3C019354F8203C009354E90A23EC
:10F7400054E90C01FFF776FF54F8303C5E65D3E7CF
:10F75000D4E90A23B3F1FF3F08BFB2F1FF3F05D060
:10F7600052EA0301206803D100F040FD3034CCE7B9
:10F770003146183000F0BEFEF8E700BF088D0300E8
:10F78000088D03005F7C030038B5836804466BB3C3
:10F79000194A926893422CD1C368012B03D9013BCB
:10F7A000C360002038BD4FF04003EFF3118583F3B1
:10F7B0001288BFF36F8F0169806807F0EEFF204663
:10F7C00008F068FAA06058B190F90E20226100227A
:10F7D000C26708F0E5F90948294600F0F5FCE0E7C2
:10F7E000E06085F31188BFF36F8FDAE76FF01500E3
:10F7F000D8E74FF0FF30D5E7B8460020064E00208E
:10F800002DE9F341044617461E464FF04003EFF33F
:10F81000118883F31288BFF36F8FC368334A7BB1BB
:10F8200080689168884219D057EA060318D188F396
:10F830001188BFF36F8F6FF00F0002B0BDE8F08149
:10F84000916891F90E1021610133E3609368A36020
:10F8500088F31188BFF36F8F0020EEE72169F2E78C
:10F8600091F90E1090F90E309942A8BF19466FF029
:10F870007E029142B8BF11468B422EDD07F08DFF0C
:10F880000546CDE900761A482246414600F038FC8C
:10F890000028E1D04FF04003EFF3118683F3128884
:10F8A000BFF36F8FA068D0B1236821699C420AD052
:10F8B0004BB193F90E309942A8BF19466FF07E0301
:10F8C0009942B8BF194607F068FF40B10848314671
:10F8D00000F07AFC6FF00A00AFE70025D1E7002DB9
:10F8E000F4D186F31188BFF36F8FF3E7B846002099
:10F8F000064E002037B511464FF04002EFF3118558
:10F9000082F31288BFF36F8F04689CB1236842684A
:10F9100023F003039442036008BF436001212046A3
:10F9200007F0B0FF044685F31188BFF36F8F2046C0
:10F9300003B030BD51EA0302F5D000F10802CDE971
:10F9400000131046294600F0DBFB0028EFD1024BE4
:10F950009B685C69EBE700BFB846002038B50446F9
:10F960004FF04003EFF3118583F31288BFF36F8FDD
:10F9700008F090F948B10022C26708F011F9294651
:10F980000848BDE8384000F01FBCD4E902329A4272
:10F9900018BF0133A360022104F1100008F0DFFB5F
:10F9A000EDE700BF064E002013B54FF04004EFF323
:10F9B000118184F31288BFF36F8F846844B1013CD6
:10F9C000846081F31188BFF36F8F002002B010BDF7
:10F9D00052EA030406D181F31188BFF36F8F6FF0F1
:10F9E0000F00F3E7CDE900230246024800F088FB50
:10F9F000ECE700BF064E002070B504464FF0400310
:10FA0000EFF3118583F31288BFF36F8F6FF00A064F
:10FA1000204608F03FF918B1C66708F0C1F8F7E7CB
:10FA2000A060022104F1100008F099FB2946024869
:10FA3000BDE8704000F0C8BB064E00201FB5094B62
:10FA4000029302AB00240093074908488DF80C404C
:10FA50004FF0FF334FF4006200F024F9204604B069
:10FA600010BD00BF42CE0300C0790020004000203E
:10FA70002DE9F04F4A4E85B004464FF0FF384FF065
:10FA8000FF394FF04003EFF3118783F31288BFF380
:10FA90006F8FD4F880508DB9022104F1980007F0DF
:10FAA00032FF002843D10023CDE90089029304F1FD
:10FAB000880239463B4800F0ABFCE2E7D4F88420EA
:10FAC0002B68C4F88030954208BFC4F88430D4F85D
:10FAD000983043F00203C4F89830EB6823F0040335
:10FAE00043F00103EB606B6887F31188BFF36F8FFE
:10FAF000284698474FF04003EFF3118B83F31288A9
:10FB0000BFF36F8FEB68990723F0010219D4EA6005
:10FB1000D4F8983023F00203C4F898308BF311889E
:10FB2000BFF36F8FDB05ACD400F0B6FBA9E704F19F
:10FB3000900500220121284608F027F90028F8D175
:10FB4000B1E7306823F00303EB600028E0D0002722
:10FB5000D0F800A03B460028DAD042689542014622
:10FB60000CD101689FB972683160824200D1716026
:10FB700040F8083BFFF7F2FE39460023BAF1000FC8
:10FB80000BD0DAF8002050460F469246E3E7396082
:10FB90007268824208BF7760EAE75246F3E700BF27
:10FBA000D8460020064E002070B5C368C3F3400657
:10FBB0009B0705460C460DD50122002104F10800E3
:10FBC00007F091FE00232360054B65605A681AB95F
:10FBD000C3E90044304670BD14605C60FAE700BFC2
:10FBE000D8460020F8B5C3689A0704460F46C3F309
:10FBF00040062CD45B071AD40B680BB983680B60E2
:10FC0000E368DD0744BFA3683B603D684CBF022644
:10FC10000126002D3AD01F4B9B68AB420AD0D5F885
:10FC20009830D807C3F3800214D46FF01206002373
:10FC30003B6025E007F098FDD5F898300028F0D11A
:10FC4000D907C3F3C002F0D552B15B0708D46FF0F7
:10FC50000F06ECE7002AFAD1C3F3C003002BF6D15C
:10FC600000232360D5F8843063B9C5E920442846D1
:10FC700007F063FEE36843F00403E3603B68A360BE
:10FC80003046F8BD1C60C5F88440F0E76FF01506FB
:10FC9000CDE700BFB84600200146014807F0D3BEBB
:10FCA00000400020F0B589B004460020C4E92000DF
:10FCB0000E9D04F18800C4E9220004F19000C4E91B
:10FCC00024001DB32879002840F2011008BF01204C
:10FCD000C4F8980000204FF0FF364FF0FF37CDE911
:10FCE0000330CDE90100CDE90667094B00942046B9
:10FCF000FFF7D2FC25B1296811B1204607F03AFD83
:10FD0000204609B0BDE8F04007F039BD0120DFE72B
:10FD100071FA020037B5019008464FF04001EFF349
:10FD2000118481F31288BFF36F8FC16811F00E0F39
:10FD300016D153EA020508D101A9FFF753FF84F356
:10FD40001188BFF36F8F03B030BD41F00801C1606F
:10FD5000019981621030034900F0CCFB0120EEE7ED
:10FD60000020ECE7AF79030001460148FFF7D2BF5E
:10FD700000400020F7B50C46019016461D464FF096
:10FD80004003EFF3118783F31288BFF36F8F0846A8
:10FD900007F0C4FD55EA060309D101A92046FFF783
:10FDA00021FF87F31188BFF36F8F03B0F0BDE368C5
:10FDB000064943F00803E360019BA36204F11000CD
:10FDC00032462B4600F096FB0120EAE7AF790300AC
:10FDD00001460148FFF7CEBF00400020C3897F2BBA
:10FDE00012D80A4B1B6863B1094B90F90E201B68AF
:10FDF0009A4209DB437BDB0606D1064BC31A18BFC8
:10FE0000012303F0010070470023FAE7E8460020D1
:10FE1000E4460020003F0020044BC01A044BC010F1
:10FE20005843044B01221A54704700BFA0400020E1
:10FE3000ABAAAAAA064E002070B50E4B0E4C1E7C33
:10FE400006EB460304EBC3040546204607F0C0FF5B
:10FE50000A4B002228469A55FFF7C0FF48B1084BCD
:10FE600008491A68013A2046D317BDE8704000F0EF
:10FE700041BB70BDB8460020A0400020064E0020C7
:10FE8000E846002019FE020038B50D4D2B4653F808
:10FE9000184F9C4200D004B9EC68AB6838B95A7B63
:10FEA000D20604D1A26912B9DA897F2A05D89C4208
:10FEB00002D02046FFF7C0FF23466B6138BD00BF6C
:10FEC000B846002070B590F90D20437B002A01460A
:10FED00004DA03F07F03437307F01FFE4B7B154AE0
:10FEE00063F07F0310464B7350F8183FD469834288
:10FEF00008BF002323B9C1E900042160D1610CE0EF
:10FF000091F90E5093F90E60B5420ED0AE420CDD61
:10FF10005868C1E90030016059609068431A58423E
:10FF2000BDE870405841FFF7AFBF9C42E3D01B686B
:10FF3000E0E700BFB846002070B490F90D30427B76
:10FF4000002B29DBD30627D183692BBB134962F031
:10FF50007F0242730A4652F8184F944218BF234654
:10FF6000CC6923B9C0E900242060C8610CE090F995
:10FF70000E5093F90E60B5420AD0AE4208DD5A68C1
:10FF8000C0E900321060586070BC0020FFF77CBFF1
:10FF9000A342E7D01B68E4E770BC7047B846002076
:10FFA00008B590F90D20437B002A014604DA03F0DE
:10FFB0007F03437307F0B1FD044B9868431A58421E
:10FFC0005841BDE80840FFF75FBF00BFB8460020BA
:10FFD00070B515461C46064607F0BAFDB4F1FF3F62
:10FFE00008BFB5F1FF3F08D02A46234606F11800A6
:10FFF0000249BDE8704000F07DBA70BD5F7C03002F
:020000023000CC
:100000002DE9F041002A437B0E460CBF1021082148
:10001000194204460AD10B43DD0903F09F0211D1B6
:100020004273082914D00120FFF72EFF1B4B9B6859
:10003000A3422CD1EFF305834BBB3046BDE8F04122
:10004000F2F774BB03F01F03437307F066FDE8E7A4
:10005000A36813B1204607F068FD04F1180007F00B
:10006000B7FE04F158074FF00008A56DBD42DAD085
:10007000002DD8D0284607F058FD05F1180007F0EC
:10008000A7FEC5F87C802846FFF756FFEDE786F30C
:100090001188BFF36F8FBDE8F08100BFB846002024
:1000A00038B54FF04003EFF3118583F31288BFF3A7
:1000B0006F8F104B104A9C681068A04206D1FFF762
:1000C000BBFE85F31188BFF36F8F38BD00211B7C09
:1000D00011600A4AD35C002BF3D02046FFF77EFE66
:1000E0000028EED0637BDB0602D12046FFF7EAFE54
:1000F0002046E4E7B8460020E0460020064E0020F7
:1001000070B50C480C4D86682E600C461146DDE932
:1001100004234FF04006EFF3118586F31288BFF3F6
:100120006F8F8068FFF754FF2046BDE87040F2F7FC
:10013000FDBA00BFB8460020E0460020F8B50446EE
:100140004FF04003EFF3118683F31288BFF36F8FF4
:10015000437BDA0649B219D18569BDB903F07F0343
:10016000437307F0DAFC437B164A817363F07F0325
:100170004373134653F8180F984218BF0546D069C9
:100180005DB9C4E900300460D46111E0A1730020BE
:1001900086F31188BFF36F8FF8BD95F90E70B942E1
:1001A0000BD08F4209DD6B68C4E900531C606C60A2
:1001B0000120FFF769FE0120EAE7A842E1D02D689F
:1001C000DEE700BFB846002049B9EFF3058030B93B
:1001D000054B5A699B689A4201D0F2F7A7BA81F39E
:1001E0001188BFF36F8F7047B846002010B54FF0ED
:1001F0004002EFF3118482F31288BFF36F8F427BCA
:10020000510704D484F31188BFF36F8F10BD22F01F
:1002100004024273FFF790FE21460248BDE81040F9
:10022000FFF7D2BF074E00204FF04003EFF31181DC
:1002300083F31288BFF36F8F044B9A68D37B013B23
:10024000D37381F31188BFF36F8F7047B8460020D6
:1002500010B54FF04003EFF3118483F31288BFF31E
:100260006F8F084B9A68D37B0133D3730020FFF75D
:100270000BFE84F31188BFF36F8FBDE8104007F0C9
:1002800049BD00BFB8460020024B03F11802C3E984
:1002900006227047B8460020F8B54FF04003EFF350
:1002A000118583F31288BFF36F8F19498868437BE8
:1002B00003F07F03437307F030FC8B685A7B0846DA
:1002C00062F07F025A7350F8182FCC69824208BF3F
:1002D000002222B9C3E900042360CB610CE093F94A
:1002E0000E6092F90E70BE420ED0B7420CDD51681E
:1002F000C3E900210B6053600120FFF7C5FD2846CC
:10030000BDE8F840F2F712BAA242E3D01268E0E783
:10031000B846002050EA01032DE9F04105460E469B
:1003200003D1FFF7B9FF00202CE0831C71F1FF33EC
:100330002ADB07F063FD2C184FF04003EFF3118820
:1003400083F31288BFF36F8F114F124BB868186098
:10035000FFF726FEB86810492A463346183000F0E9
:10036000C9F8BA68537B43F0100353734046F2F761
:10037000DDF907F043FD201A63EB0303012873F155
:100380000003D0DBBDE8F0816FF00104241AD3E74D
:10039000B8460020E04600205F7C0300B1F1FF3F3B
:1003A00008BFB0F1FF3F08B506D1084B986807F0C9
:1003B00007FC4FF0FF3008BDFFF7ACFF4FF47A7336
:1003C00080FB0303C00B40EA4340F4E7B84600203B
:1003D00038B50A4C0A4A4FF400450021C0FB0541DC
:1003E00000232046D0F744FCC117FFF793FF044BCE
:1003F00080FB0303C00B40EA434038BD3F420F007F
:1004000040420F00014B9868704700BFB84600207B
:10041000D3B5DDE90667089CCDE90067FFF770FEFC
:100420001CB1034B9B685B69236002B0D0BD00BF69
:10043000B846002008B50648064A0749121A07F0D0
:10044000EDF8BDE80840054A0549064807F0E6B85A
:1004500000000020B81100207CD103000000000043
:100460007CD1030000000020034B1B680BB9FCF794
:10047000EDBF0020704700BFEC46002010B50E4BCA
:100480001C689C4204D1FFF7EFFF6FF0004010BDE5
:10049000FFF7EAFF002CF8D0D4E904321B1A62EB14
:1004A000E072B3F1004F72F10001EEDA002AACBF46
:1004B00018460020EBE700BF740B002030B570B188
:1004C0000B4B5B6898420AD0036843B1D3E904211F
:1004D000D0E90445121941EB0501C3E90421D0E933
:1004E000003213605A600023C0E9003330BD00BF02
:1004F000740B0020B3F1FF3F08BFB2F1FF3FF8B526
:1005000004461D4616465CD081604FF04003EFF371
:10051000118783F31288BFF36F8F013275F1FF33B8
:1005200024DA2D49D1E900206FF001039B1A4FF026
:10053000FF3262EB00009E1B60EB0500012E70F1A4
:10054000000301DA01260020C4E90460234ED6F836
:1005500000C07568B44508BF4FF0000CBCF1000F37
:100560000DD1C4E900652C6074601CE0FFF77CFFCE
:10057000013645F10005361845EBE070E4E7DCE9AB
:100580000420D4E90431934271EB000E1ADAD21A36
:10059000DCF8043060EB0100CCE90420C4E900C3BE
:1005A0001C60CCF804403368B34206D09C4204D1AE
:1005B000FFF764FF0021FCF71BFF87F31188BFF3EF
:1005C0006F8FF8BD9B1A61EB0001AC45C4E90431A3
:1005D000C7D0DCF800C0C1E7B8400020740B002091
:1005E0002DE9F84F4FF04003EFF3118C83F312889D
:1005F000BFF36F8FDFF8B0A0DFF8B0902C4FC9F8D1
:100600000000DAF800000024504508BF0020002553
:10061000D7E90021D9F80030E04680B3D0E9046C76
:100620004FEAE37EB3427EEB0C0B05DAF61A6CEB75
:100630000E04C0E9046422E0B21841EBE671C0E99F
:100640000445C7E90021FFF739FF88F31188BFF39C
:100650006F8F836898474FF04003EFF3118883F35F
:100660001288BFF36F8FD9F80030DAF800009B1BB7
:100670005045C446C9F80030CAD1D7E900219A18BC
:1006800041EBE3730024C7E90023C9F80040FFF7FA
:10069000F5FE2146FCF7ACFE88F31188BFF36F8F9F
:1006A000BDE8F84FFFF7FCBC740B0020EC460020BF
:1006B000B840002010B54FF04003EFF3118483F3EE
:1006C0001288BFF36F8FFFF7CFFE064A0346D2E9C9
:1006D0000001181841EBE37184F31188BFF36F8FA9
:1006E00010BD00BFB8400020F8B504464FF04003ED
:1006F000EFF3118783F31288BFF36F8F026822B183
:1007000087F31188BFF36F8FF8BDD0E90A36581C04
:1007100046F10001022871F1000127D3012B76F187
:100720000001BCBF012316465D1E46F1FF3607F0EF
:1007300069FB013041F10001401946EB010101283C
:1007400071F100013ADB07F05DFB013041F100017E
:100750006FF00102401946EB0103121A4FF0FF310E
:1007600061EB030318492046FFF7C4FE236B0133F6
:100770002363236A73B187F31188BFF36F8F236AF2
:10078000204698474FF04003EFF3118783F3128818
:10079000BFF36F8F54F8185FA542B1D0002DAFD0D2
:1007A000284607F028FA0023EB6787F31188BFF388
:1007B0006F8F2846BDE8F84007F0F2B96FF00102EC
:1007C0004FF0FF33CEE700BFE90603002DE9F0410B
:1007D00005461C4690461F464FF04003EFF3118636
:1007E00083F31288BFF36F8FB4F1FF3F08BFB2F1FC
:1007F000FF3F05D186F31188BFF36F8FBDE8F0810D
:10080000531C74F1FF3309DB012A74F10003BCBFF0
:100810000122002412F1FF3844F1FF37284607F087
:10082000D7FADDE906010023C5E90A012B63034974
:1008300042463B462846FFF75DFEDBE7E90603003C
:100840002DE9F3471D46294B9F68012387F8603047
:1008500087F8613052EA050316460CBF01230023D6
:1008600007F16002804607F0AEFB81464FF040037F
:10087000EFF3118A83F31288BFF36F8F97F860400C
:1008800064B901465246404607F03DFB8AF31188A1
:10089000BFF36F8F204602B0BDE8F087002387F8D2
:1008A000603056EA050306D18AF31188BFF36F8FD3
:1008B0006FF00A04EEE7CDE900650D4A0D48514698
:1008C000FFF71EFC04464FF04003EFF3118583F35E
:1008D0001288BFF36F8F2A464946404607F013FB44
:1008E00085F31188BFF36F8FD4E700BFB8460020AF
:1008F0007C0B0020074E002038B503464FF0400225
:10090000EFF3118582F31288BFF36F8FC16001216D
:1009100081600068834206D185F31188BFF36F8F31
:100920000024204638BDD0E9003213605A6000230D
:10093000C0E9003307F0BEFB294604460148FFF733
:1009400043FCEEE7074E002073B506460D4606F061
:100950000BFF78B90B4B9B685C6F7CB12A1D09D2E9
:1009600000200021CDE9000146F00401204606F0F8
:100970005FFE08B9002401E00460041D204602B0B7
:1009800070BD00BFB8460020014802F0B5BA00BFF4
:100990004BCE030030B599B00546684600F028F804
:1009A0006946044608A800F053FA08A904432846FB
:1009B00000F08AF9204619B030BD00BF70B598B07C
:1009C00005466846164600F013F83146044608A866
:1009D00000F046F908A96A460443084600F082F987
:1009E00008A90443284600F06DF9204618B070BDF0
:1009F00070B50B68124E1BBAC3614B681BBA83619A
:100A00008B681BBA4361CB681BBA03610B691BBAC5
:100A1000C3604B691BBA83608B691BBA4360CB69A7
:100A20001BBA3246036001460446D0F7E3F931466B
:100A3000054602462046D0F7FDF9681E70BD00BF8E
:100A400060A003002DE9F04188B00C46064602F193
:100A50002001684606F120079046D0F7C5FC6A469B
:100A600069466846D0F7E2FB69463846D0F7BCFCD9
:100A70003A463946384604F12005D0F7D7FB6A4696
:100A800069466846D0F7D2FB41462846D0F7ACFC11
:100A90006A4641463046D0F78FFC2A4629466846CA
:100AA000D0F7C4FB2A4669466846D0F7BFFB124A16
:100AB00069466846D0F7BAFB69462046D0F794FCF1
:100AC000324621462046D0F7EFFB324621462046EB
:100AD000D0F7EAFB224631462846D0F7E5FB6A46C6
:100AE00029462846D0F768FC3A4629462846D0F7DA
:100AF000DBFB08B0BDE8F08140A10300F0B599B080
:100B000004460D460A4601466846D0F7CDFB6946C5
:100B10006846D0F769FC6A46214608A805F1200618
:100B200004F12007D0F748FC6A4629466846D0F70A
:100B300043FC3246394610A8D0F778FB3246394696
:100B40003046D0F7B1FB31462846D0F74DFC6A4617
:100B500008A92046D0F76AFB224629462846D0F746
:100B6000A3FB6A4608A96846D0F79EFB6A46394649
:100B70003846D0F721FC2A4608A96846D0F794FBEE
:100B80006A4631463046D0F717FC3A463146304681
:100B9000D0F78AFB10A96846D0F726FC22466946A2
:100BA0002046D0F781FB08A922460846D0F77CFBF7
:100BB00010A908AA0846D0F7FFFB3A4610A9384604
:100BC000D0F772FB19B0F0BD2DE9F04188B00C46AA
:100BD000054690460A4601466846D0F765FB6946D9
:100BE0006846D0F701FC6A462946284604F12006EB
:100BF000D0F7E2FB05F120076A4621466846D0F7A8
:100C0000DBFB324639463046D0F74EFB31462046B4
:100C1000D0F7EAFB2A4621462046D0F745FB6A4634
:100C200021462046D0F740FB6A4629464046D0F789
:100C30003BFB424639463846D0F7BEFB22462946A2
:100C40006846D0F731FB6A4631463046D0F7B4FBF0
:100C50003A4631463046D0F727FB08B0BDE8F08170
:100C600070B500F1200690B00D46044600F014F96E
:100C700005F12001304600F00FF9214608A8D0F711
:100C8000B3FB08A908460D4AD0F7D0FA08A92246B6
:100C90000846D0F791FB08A9094A0846D0F7C6FADA
:100CA00031466846D0F7A0FB202269460DEB0200D2
:100CB000D0F78EFA013810B070BD00BF40A103001C
:100CC00020A1030000F002B938B504460D4600F03B
:100CD000FDF805F1200104F12000BDE8384000F0E6
:100CE000F5B800BF2DE9F0471346B8B0544A89461D
:100CF0008046194610A8D0F77DF85249024610A840
:100D0000D0F798F8179E4E4900EAD6760746C6F106
:100D1000010210A8D0F78EF8179B4A466FEA030A23
:100D200028A918A8FFF78EFE4FEADA7A20A9CAF19F
:100D30000102084600F092F8C7F10107FE246A4656
:100D400018A928A8FFF740FF631138AA02EB830314
:100D500004F01F0253F8A03CD340554603F0010AAB
:100D60008AEA05052A4628A918A8D0F7BFF82A4616
:100D700030A920A8D0F7BAF8013C28A918A8FFF795
:100D8000BDFE631CDBD1CAF1010220A908A800F056
:100D900065F886EA0A066A4618A928A8FFF714FF2C
:100DA00028A9324618A8D0F7A1F8324630A920A8C1
:100DB000D0F79CF808A96A460846D0F7FDFA08A9BA
:100DC000084600F09DF808A908F1200409F1200266
:100DD0000846D0F7F1FA20A908AA2046D0F7ECFA85
:100DE00008AA18A96846D0F7E7FA69466846D0F716
:100DF000FBFA18AA694608A8D0F7DEFA2146684629
:100E0000D0F7F2FA08AA69461046D0F74DFA0E4A12
:100E100008A96846D0F748FA20462021D0F7ECF917
:100E200008A9024644426846D0F760F84046074A9F
:100E30006946D0F7C1FA3C43204638B0BDE8F08798
:100E4000A0A00300C0A0030020A1030080A0030015
:100E50000A460149FFF746BFE0A0030070B588B01D
:100E600004460D46164600212022684607F00FFA78
:100E70000023294620222046009307F0FAF92A464B
:100E800069466846D0F710FA324669462046D0F7E0
:100E90002DF808B070BD00BF0B681BBAC3614B686A
:100EA0001BBA83618B681BBA4361CB681BBA0361B1
:100EB0000B691BBAC3604B691BBA83608B691BBA91
:100EC0004360CB691BBA0360704700BFCB691BBA94
:100ED00003608B691BBA43604B691BBA83600B6963
:100EE0001BBAC360CB681BBA03618B681BBA436132
:100EF0004B681BBA83610B681BBAC361704700BFA4
:100F000070B598B00D46064610A8D0F76DFA2A467F
:100F100010A96846D0F750FA694610A8D0F764FACD
:100F200010A90846D0F760FA6A4610A908A8D0F7B9
:100F300043FA08A910A8D0F757FA10A90846D0F725
:100F400053FA10A90846D0F74FFA10A90846D0F76F
:100F50004BFA10A908AA0846D0F72EFA10A908469D
:100F6000D0F742FA10A90846D0F73EFA10A96A460F
:100F700008A8D0F721FA052408A910A8D0F734FA58
:100F800010A90846D0F730FA013C10A9F5D108AAFB
:100F90000846D0F711FA052410A90846D0F724FA1C
:100FA00010A90846D0F720FA013CF5D110A908AAEB
:100FB0000846D0F701FA10A908A8D0F715FA08A931
:100FC0000846D0F711FA08A96A466846D0F7F4F93E
:100FD0001024694610A8D0F707FA10A90846D0F7E0
:100FE00003FA013C10A9F5D12A460846D0F7E4F9E6
:100FF000402410A90846D0F7F7F910A90846D0F701
:10100000F3F9013CF5D110A96A460846D0F7D4F9A6
:10101000102410A90846D0F7E7F910A90846D0F720
:10102000E3F9013CF5D110A96A460846D0F7C4F9A6
:10103000102410A90846D0F7D7F910A90846D0F710
:10104000D3F9013CF5D110A908AA0846D0F7B4F9A4
:101050002A4610A93046D0F7AFF918B070BD00BFCE
:1010600038B5044600F04EF8124B93F900300133C6
:10107000054613D021462046D0F75CFB70B900210D
:101080002046CFF7B1FD48B100212046CFF798FDAB
:1010900030B103F003F8084D22230360284638BD21
:1010A00002F0FCFF21230360BDE83840034800F054
:1010B00077B800BF3E0F0020000080FFD9A60300D4
:1010C00038B5054607F075F80D4B93F9003001333C
:1010D000044612D029462846D0F72CFB68B90021D7
:1010E0002846CFF777FD40B102F0D8FF2123002139
:1010F00003600846D0F782FA0446204638BD00BF98
:101100003E0F0020F8B530F00043014605D1002124
:101110004FF04C40D0F772FAF8BD0028034603DACE
:10112000CFF700FC0021F5E7B0F1FF4F02DBCFF76E
:10113000FBFBF1E7B0F5000F29DA4FF09841D0F74B
:10114000A9F96FF018020346D8157F381044C70F6D
:1011500000EBD070C3F31604CFF79AFC0D49054697
:10116000D0F798F90646C7F17F0044EAC05000F076
:101170001BF80949D0F78EF93146CFF7D5FB07495F
:1011800004462846D0F786F901462046CFE70022DC
:10119000DAE700BFDB275435D95BDE3E80209A3E7C
:1011A000004870470000C07F30F000422DE9F84F42
:1011B000014606D100214FF04C40D0F71FFABDE8A0
:1011C000F88F0028044603DACFF7ACFB0021F4E7E0
:1011D000B0F1FF4F02DBCFF7A7FBF0E7B0F5000F50
:1011E00035DA4FF09841D0F755F96FF018030446FF
:1011F000E7157F3F1F44764BC4F31604234403F4E2
:10120000000080F07E504FF07E51204307EBD35713
:10121000CFF788FB6F4B04F10F0213400646002BFB
:1012200043D10021CFF7CCFC98B1002F00F0CD8046
:101230003846CFF72DFC68490546D0F72BF96749AA
:1012400004462846D0F726F901462046C3E7002386
:10125000CEE763493046D0F71DF901464FF07C5088
:10126000CFF760FB314604463046D0F713F901460C
:101270002046D0F70FF904460FB9214678E03846EA
:10128000CFF706FC54490746D0F704F95349054601
:101290003846D0F7FFF801462046CFF743FB3146EA
:1012A000CFF740FB0146284679E04FF08041CFF769
:1012B0003BFB01463046D0F7A1F981463846CFF7CF
:1012C000E7FB494680464846D0F7E4F801468246A7
:1012D000D0F7E0F84349DFF810B10546D0F7DAF867
:1012E0004249CFF721FB2946D0F7D4F84049CFF740
:1012F0001BFB2946D0F7CEF83E49CFF715FB5146E8
:10130000D0F7C8F83C4982462846D0F7C3F83B4995
:10131000CFF70AFB2946D0F7BDF83949CFF704FBD0
:101320002946D0F7B7F8A3440146C4F557145046F0
:10133000CFF7FAFA04F5227444EA0B04002C0546B0
:1013400030DD4FF07C513046D0F7A4F83146D0F76D
:10135000A1F8014604462846CFF7E6FA4946D0F7F9
:1013600099F8054637B901462046CFF7DBFA014622
:10137000304614E018494046D0F78CF81749074624
:101380004046D0F787F82946CFF7CEFA01462046E7
:10139000CFF7C8FA3146CFF7C5FA01463846CFF73E
:1013A000C1FA0CE701463046CFF7BCFA4946D0F700
:1013B00071F80446002F3FF460AF07494046D0F76C
:1013C00069F806490546404663E70020F7E600BF96
:1013D00020FB4A00F0FF7F008071313FD1F71737C3
:1013E000ABAAAA3E9788173E305CCFFF25333A3E22
:1013F0002549923EABAA2A3F4FD01C3E298E633E20
:10140000CDCCCC3E024B0146186800F04DB800BF71
:10141000840B002038B50546002941D051F8043C22
:101420000C1F002BB8BFE41800F09AFE1D4A136889
:1014300033B9636014602846BDE8384000F096BEBA
:10144000A34208D9206821188B4201BF19685B6844
:1014500009182160EDE71A465B680BB1A342FAD97F
:1014600011685018A0420BD12068014450188342E3
:101470001160E0D118685B68536008441060DAE7D7
:1014800002D90C232B60D6E7206821188B4204BFB9
:1014900019685B68636004BF091821605460CAE77B
:1014A00038BD00BFF4460020F8B5CD1C25F003057B
:1014B00008350C2D38BF0C25002D064601DBA9424E
:1014C00003D90C2333600020F8BD00F049FE214908
:1014D0000A6814469CB9204F3B6823B92146304620
:1014E00000F01AFC38602946304600F015FC431C19
:1014F00023D10C233360304600F038FEE3E7236845
:101500005B1B17D40B2B03D923601C44256004E01C
:101510006368A2420CBF0B605360304600F026FEA9
:1015200004F10B00231D20F00700C21A1CBF1B1A78
:10153000A350C9E722466468CCE7C41C24F0030426
:10154000A042E3D0211A304600F0E6FB0130DDD1A5
:10155000CFE700BFF4460020F04600202DE9F04F11
:1015600091B00C46DDF8688016461F46054600F02F
:10157000F3FD036808931846E8F7F6FA00230E9384
:10158000D8F800300990073323F0070303F108026D
:1015900094F818A0D4F800B0C8F80020D3E9008966
:1015A00029F000430B93CDF82880C4E91289DDE9C6
:1015B0000A019C4B4FF0FF32CFF72EFF70BBDDE9E5
:1015C0000A01984B4FF0FF32CFF7D6FB30BB002219
:1015D000002340464946CFF7C5FB10B12D2384F8C0
:1015E0004330914A914BBAF1470F94BF90469846C9
:1015F000032323612BF0040323604FF000090097BD
:1016000033460FAA2146284606F0EAFE013040F094
:1016100099804FF0FF3011B0BDE8F08F42464B4645
:1016200040464946CFF7F8FE40B14B46002BBCBFC1
:101630002D2384F843307E4A7E4BD4E763685A1CDE
:1016400029D1062363604BF4806300222360069255
:101650000EAACDE904A20DAA03920DF13302CDE941
:1016600001326368009342464B46284606F017FE57
:10167000BAF1670F0D99804615D1CB1C3BDB63682F
:10168000994238DC0E9B994255DB23682161D807CB
:1016900045D54B1C42E00AF0DF02472AD3D1002B8C
:1016A000D1D10123CEE7BAF1470F07D1C81C25DB02
:1016B00063688B4222DB4FF0670AE3E7BAF1650FFC
:1016C0001FD80139524604F150000D9106F04EFE2C
:1016D0000E9A1318012A8146236102DC2268D20780
:1016E00001D5013323619DF83330002B87D02D23A2
:1016F00084F8433083E74FF0650AE2E74FF0450A8C
:10170000DFE7BAF1660FBDD1002963680BDD216107
:1017100013B92268D00702D501330B442361A165B8
:101720004FF00009DFE713B92268D20701D5023371
:10173000F4E70123F2E70029D4BFC1F1020201223C
:101740001344EBE723685A0507D423694246314620
:101750002846B84701302BD15BE7BAF1650F40F25C
:10176000DC80D4E9120100220023CFF7F1FA00282F
:1017700033D0314A012331462846B84701303FF47F
:1017800048AFDDE90D38434502DB2368D8070FD5A4
:10179000DDE9082331462846B84701303FF439AF28
:1017A0004FF0000908F1FF3804F11A0AC84509DCB6
:1017B00023689B0700F10281E0680F9B9842B8BF45
:1017C000184628E70123524631462846B8470130DB
:1017D0003FF41FAF09F10109E8E70D9B002B38DC4E
:1017E000154A012331462846B84701303FF411AF6E
:1017F000DDE90D3959EA030302D12368D907D7D5AA
:10180000DDE9082331462846B84701303FF401AFEF
:101810004FF0000A04F11A0B0D9B5B4253450DDC9F
:101820004B4693E7FFFFEF7F7ACF030066A70300E5
:101830007ECF030082CF030069B0030001235A4624
:1018400031462846B84701303FF4E3AE0AF1010AB9
:10185000E2E7A36DDDF838A05345A8BF5346002B3F
:10186000994636DC4FF0000B29EAE97904F11A02B7
:10187000A36D0A93A3EB09035B4531DC0D9B9A45ED
:101880003ADC2368DA0737D40D9BAAEB03090A9BDD
:10189000AAEB03039945A8BF9946B9F1000F33DCC1
:1018A0004FF0000829EAE97904F11A0B0D9BAAEB25
:1018B0000303A3EB090343457FF77AAF01235A469D
:1018C00031462846B84701303FF4A3AE08F101087D
:1018D000ECE7424631462846B8470130C2D198E687
:1018E0000123314628460A92B84701303FF491AEB1
:1018F0000A9A0BF1010BBBE7DDE9082331462846C4
:10190000B8470130C0D184E60A9A4B46424431467A
:101910002846B8470130C3D17BE6DDF838A0BAF1DC
:10192000010F01DCDB0736D501234246314628464C
:10193000B84701303FF46DAEDDE908233146284653
:10194000B84701303FF465AED4E91201002200230C
:101950000AF1FF3ACFF7FCF9C0B9534608F101028A
:1019600031462846B84701300CD152E601235A4689
:1019700031462846B84701303FF44BAE08F1010824
:10198000D045F3DB4B4604F15002E0E64FF000088F
:1019900004F11A0BF4E701234246E1E701234A462A
:1019A00031462846B84701303FF433AE08F101080C
:1019B000E3680F995B1A4345F0DCFDE64FF0000841
:1019C00004F11909F4E700BF2DE9FF470F7E0C9DD4
:1019D000782F914680460C469A4601F1430207D87B
:1019E000622F0AD8002F00F0E080582F00F0BB8053
:1019F00004F1420684F842703AE0A7F16303152B24
:101A0000F6D801A151F823F0611A0300751A0300FA
:101A1000F1190300F1190300F1190300F119030092
:101A2000751A0300F1190300F1190300F1190300FD
:101A3000F1190300911B0300051B0300471B030062
:101A4000F1190300F1190300B31B0300F11903009E
:101A5000051B0300F1190300F11903004F1B0300DC
:101A60002B681A1D1B682A6004F1420684F8423074
:101A70000123ABE0236829681F0601F104002860F8
:101A800001D50D6803E05E06FBD5B1F90050616831
:101A9000002D7ADA2D20002984F84300A1602DDA88
:101AA0005E486D420A231646B5FBF3F103FB11575E
:101AB000C75D06F8017D2F46BB420D46F4D9082BC1
:101AC0000BD12368DF0708D5236961689942DEBF1F
:101AD000302306F8013C06F1FF36921B2261CDF857
:101AE00000A04B4603AA2146404606F079FC01308F
:101AF00071D14FF0FF3004B0BDE8F08723F004034C
:101B00002360CDE72B682068191D2960050601D5E3
:101B10001D6802E04106FBD51D8840486F2F14BFA9
:101B20000A230823002184F843106668A660002E6B
:101B3000B9DB216821F004012160002DB3D1002E12
:101B4000B1D11646BBE7236843F020032360344835
:101B5000782784F84570296823680E1D2E601E06BC
:101B600003D50D6804E02D48F3E75D06F9D50D882F
:101B7000D90744BF43F0200323600DB11023D1E700
:101B8000236823F020032360F8E724480A23CCE7E6
:101B90002B6826686169181D286035061B6801D509
:101BA000196002E07006FBD51980002323611646F8
:101BB00095E72B681A1D2A601E686268002130466E
:101BC000CEF78EFA08B1801B606063682361002342
:101BD00084F8433083E72369324649464046D0477C
:101BE000013086D023689B0714D4E068039B984299
:101BF000B8BF18467FE70123324649464046D047E2
:101C000001303FF476AF0135E36803995B1AAB42CC
:101C1000F1DCEAE7002504F11906F5E786CF0300B9
:101C200097CF03000FB40A4B13B51C6824B1A36906
:101C300013B9204600F0C2F805AB049AA1680193DD
:101C4000204600F0B1FD02B0BDE8104004B070477E
:101C5000840B002030B5054689B008460C46E7F7EE
:101C600083FF254B06930123CDE9044007931844D5
:101C700004AB01930223039002930DB9AB68FFDE1E
:101C8000AB6943BB284600F099F8AB69AC6823B355
:101C90001A4B9C4225D16C68636ED80705D4A38982
:101CA000990502D4A06D02F0F1F9284601AA214657
:101CB00000F002F9636E00280CBF0A254FF0FF35D3
:101CC000DA0705D4A3899B0502D4A06D02F0E4F9DC
:101CD000284609B030BDAC68DAE7284600F06EF857
:101CE000D6E7074B9C4201D1AC68D5E7054B9C4237
:101CF00008BFEC68D0E700BFD8A60300A0A103008E
:101D000080A1030060A10300024B01461868FFF7A1
:101D1000A1BF00BF840B002038B5064D0023044648
:101D200008462B60F0F7CCFF431C02D12B6803B1AF
:101D3000236038BDF8460020002310B50446C0E9F2
:101D40000033C0E90433836081814366C2818361CB
:101D5000194608225C3006F09AFA054B6362054B7F
:101D6000A362054BE362054B2462236310BD00BFF1
:101D7000198803003B8803007388030097880300D9
:101D8000014906F04CBC00BFFD2B0300014802F0E6
:101D90007DB900BF00100020014802F07DB900BFEE
:101DA00000100020014802F071B900BF141000209B
:101DB000014802F071B900BF1410002010B50446AC
:101DC000FFF7F0FFA3691BB1BDE81040FFF7F0BFBC
:101DD000C4E912332365134B134A1B68A262A34262
:101DE00004BF0123A361204600F020F86060204674
:101DF00000F01CF8A060204600F018F80022E06017
:101E000004216068FFF798FFA06801220921FFF70D
:101E100093FFE06802221221FFF78EFF0123A361E6
:101E2000D2E700BFC0A10300811D0300F8B507463B
:101E3000FFF7ACFF1E4B1E68B36913B93046FFF7BE
:101E4000BDFF4836D6E90134013B03D533680BB3F7
:101E50003668F7E7B4F90C50D5B9164BE36004F1D6
:101E60005800656602F008F9FFF796FFC4E90155CE
:101E7000C4E904552560A5610822294604F15C00E7
:101E800006F005FAC4E90D55C4E912552046F8BD1F
:101E90006834D9E70421384606F0ABFB04463060CD
:101EA0000028D5D1FFF778FF0C233B60EEE700BF99
:101EB000C0A103000100FFFF93682DE9F74F06461C
:101EC0000C4691461BB9002003B0BDE8F08F8B890A
:101ED000180747D50B69002B44D0B4F90C30D9F85A
:101EE000008013F0020762D113F0010300F0938029
:101EF0003846BB46BA46BAF1000F00F0FA80002817
:101F000000F0018120682169A568636957453A4658
:101F100028BF5246884240F203811D44AA4240F342
:101F2000FF8059462A4606F099FB23682B4423601C
:101F30002146304600F062FE002867D17F1B40F04A
:101F400007812146304600F059FE00285ED1D9F8BD
:101F500008305B1BAB44AAEB050AC9F80830002B1C
:101F6000C9D1B0E72146304600F0AEFD0028B4D01C
:101F70004FF0FF30A8E7D8E900A508F10808D4F829
:101F800028B0216A002DF6D0BD422B46524628BF0C
:101F90003B463046D847002838DDD9F808301B1AB0
:101FA00082442D1AC9F80830002BE8D18BE74FF096
:101FB000000A684F5546E2E7D8E9007A08F10808B8
:101FC000B4F90C302068A268BAF1000FF4D099057A
:101FD00063D5524536D813F4906F33D021696569C3
:101FE000A0EB010B05EB450505EBD5750BF10102E7
:101FF0006D105244954238BF15465B053DD52946C4
:102000003046FFF751FA48B90C233360A38943F0F7
:102010004003A381ACE71F469A46D1E75A4621699F
:10202000019006F026F9A289019B22F4906242F009
:102030008002A281236165615B44A5EB0B052360EF
:102040005246A560524528BF524620680192394643
:1020500006F004FBA368019A9B1AA360236813444B
:1020600055462360D9F808305B1B2F44AAEB050ABC
:10207000C9F80830002BA3D125E72A46304606F0E0
:102080007FFB03460028D5D121693046FFF7C2F90E
:10209000A38923F08003A381B6E72369834202D397
:1020A0006169514515D9524528BF524639461546F2
:1020B00006F0D4FAA36822685B1B2A44A36022605E
:1020C000002BCFD12146304600F098FD0028C9D022
:1020D0009CE76FF00043534528BF5346A56A93FB26
:1020E000F1F33A464B433046216AA847051EB9DC56
:1020F0008CE7D8F804A0434608F10808BAF1000FAD
:10210000F7D0D3F800B052460A215846CDF7E8FF81
:1021100018B10130A0EB0B07F4E60AF10107F1E674
:10212000934208DCA56A216A5A463046A847051E34
:102130003FF704AF6AE75946019206F08FFA019A19
:10214000A3689B1AA3602368134423601546F5E631
:102150000120FCE600FCFF7F00487047D80C0020FF
:10216000014801F093BF00BFEC0F0020014801F0CF
:1021700093BF00BFEC0F002070B5466A04460D46C1
:1021800076B91020FFF73EF90246606220B9184B7D
:102190001848662100F004FDC0E901660660C660CB
:1021A000666AF36883B1636ADB6853F82500B8B9DF
:1021B000012101FA05F6721D9200204606F0D2FABE
:1021C00060B1C0E901560EE021220421204606F04C
:1021D000C9FA636AF060DB68002BE4D1002070BDAF
:1021E000026843F825200023C0E90333F7E700BF66
:1021F000B5CF030051D0030070B5466A05460C46C2
:1022000076B91020FFF7FEF80246686220B9094B44
:1022100009488A2100F0C4FCC0E901660660C66076
:102220003CB16B6A6268DB6853F82210216043F8A6
:10223000224070BDB5CF030051D003002DE9F0411D
:102240000D6907460C461E4601F1140C0020DCF80F
:10225000003099B202FB01611E0C0B0C02FB06332D
:1022600089B2013001EB034185424CF8041B4FEA6F
:102270001346ECDC0EB3A368AB4219DC6168384648
:102280000131FFF779FF804628B902460C4B0D4813
:10229000B52100F085FC2269023204F10C019200A4
:1022A0000C3005F0E6FF21463846FFF7A5FF44460F
:1022B00004EB850301355E6125612046BDE8F081B0
:1022C00040D0030051D0030010B50C460121FFF7A8
:1022D00053FF024628B9054B05484FF4A07100F0A2
:1022E0005FFC01234461036110BD00BF40D00300C7
:1022F00051D003002DE9F04F14460A6923699A4230
:10230000A8BF23460F46A4BF0C461F46D4F810A012
:10231000D7F81090A36861680AEB0906B34285B04C
:10232000B8BF0131FFF728FF30B90246444B45489A
:1023300040F25D1100F034FC00F1140505EB860855
:102340002B460022434521D307F1140104F1140266
:1023500002EB8A0201EB89030293131B153B23F066
:102360000303043304F11507BA4238BF0423019371
:10237000029B03918B420CD8002E03DD58F8043DDC
:10238000002B5AD0066105B0BDE8F08F43F8042B4E
:10239000D8E7B1F800A0BAF1000F23D004F1140E71
:1023A000A9464FF0000C5EF8047BD9F800301FFA04
:1023B00087FB9BB20AFB0B336344D9F800C03F0C88
:1023C0004FEA1C4C0AFB07C707EB13479BB243EAD3
:1023D0000743724549F8043B4FEA174CE3D8019B89
:1023E00045F803C0039BB3F802900431B9F1000F24
:1023F00021D02B6804F1140CAE464FF0000ABCF853
:1024000000B0BEF8027009FB0B7757449BB243EA59
:1024100007434EF8043B5CF8043B4FEA134ABEF80E
:10242000003009FB0A3303EB174362454FEA134AB6
:10243000E5D8019FEB5104359AE7013E9CE700BFC8
:1024400040D0030051D003002DE9F843154612F0A7
:10245000030207460E4607D0254C013A002354F8E4
:102460002220FFF7EBFE0646AD103DD07C6A7CB91A
:102470001020FEF7C7FF0246786228B91D4B1E48A0
:102480004FF4D77100F08CFBC0E901440460C460D4
:10249000D7F82480D8F808404CB940F2712138466A
:1024A000FFF712FF0023C8F80800044603604FF04E
:1024B0000009EB070AD5314622463846FFF71AFFD6
:1024C000314680463846FFF797FE46466D100BD0E2
:1024D000206838B9224621463846FFF70BFF2060B6
:1024E000C0F800900446E4E73046BDE8F88300BF3A
:1024F000C4A10300B5CF030051D003002DE9F0477C
:102500000C464968236903EB6218A36807469146A5
:102510004FEA621A08F10106B3420BDB3846FFF7B7
:102520002BFE054648B90246284B294840F2D911EE
:1025300000F036FB01315B00EEE7002300F11401EF
:1025400000F110021846534533DB20692AEAEA7A83
:1025500004F1140319F01F0901EB8A0103EB800C4D
:102560002BD0C9F1200E8A460022186800FA09F023
:1025700010434AF8040B53F8042B9C4522FA0EF240
:10258000F3D8ACEB0403153B23F00303043304F14D
:102590001500844538BF0423CA500AB108F1020669
:1025A000013E38462E612146FFF726FE2846BDE84B
:1025B000F08742F8040F0133C5E7043953F8042BC0
:1025C00041F8042F9C45F9D8EAE700BF40D003004A
:1025D00051D003002DE9F74F89460646114648467B
:1025E000144606F0A4F8051E12D129463046FFF71E
:1025F000C3FD024628B93E4B40F232213D4800F06F
:10260000CFFA0123C0E90435104603B0BDE8F08FCE
:10261000BCBF4B46A1463046D9F80410BABF1C4691
:1026200001250025FFF7A8FD024618B9304B4FF4ED
:102630001071E3E7D9F810702669C56009F110033D
:1026400009F1140504F1140E00F1140B05EB8708D1
:102650000EEB86060193D9464FF0000C019B5EF805
:10266000040B53F804AF019381B21FFA8AF35B1A8B
:10267000000C6344C0EB1A4000EB23409BB243EADA
:102680000043764549F8043B4FEA204CE6D8331B1B
:10269000153B23F0030315340433A64238BF04234B
:1026A0001D445B441E462C4644450ED308F10301ED
:1026B000491B21F00301033DA84538BF00210B440D
:1026C00053F8041D91B117619EE754F8041BE646C8
:1026D000080C1CFA81FC714400EB2C4089B241EAE1
:1026E000004146F8041B4FEA204CDDE7013FE7E7D5
:1026F00040D0030051D003002DE973430121089E0F
:1027000090469946FFF738FD044630B90246244BFF
:10271000244840F20A3100F043FAC9F30A55C9F3DC
:1027200013030DB143F480130193B8F1000324D0D7
:102730006846009305F0CEFFDDE90012D8B1C0F184
:10274000200302FA03F30B43C24063610192019B31
:10275000A361002B0CBF012202222261ADB1A5F2C0
:10276000334505443560C0F13500099B18602046AB
:1027700002B0BDE870836161E9E701A805F0AAFF36
:10278000019B636120300122E7E704EB8203A0F2A2
:1027900032403060186905F07BFFC0EB4210E4E77F
:1027A00040D0030051D003002DE9F04F0D469DB0FD
:1027B00014469846064618B183690BB9FFF7FEFA2E
:1027C000874B9D421BD175686B6ED90705D4AB89C9
:1027D0009A0502D4A86D01F059FCAB891B0701D5FD
:1027E0002B69EBB92946304600F06EF9C0B16B6E2B
:1027F000DC070ED54FF0FF301DB0BDE8F08F794BF0
:102800009D4201D1B568DFE7774B9D4208BFF5686F
:10281000DAE7AB899805EDD4A86D01F03DFCE9E756
:102820000023099320238DF82930CDF80C80302324
:10283000DFF8B8818DF82A304FF0010923469A4617
:1028400013F8012B0AB1252AF9D1BAEB040B0BD0EE
:102850005B4622462946304605F0CCFF013000F0A9
:10286000A680099A5A4409929AF80030002B00F089
:102870009E8000234FF0FF32CDE905230AF1010AC3
:10288000049307938DF853301A935446574814F81D
:10289000011B0522CDF724FC049BD0B9D90644BF07
:1028A00020228DF853201A0744BF2B228DF8532085
:1028B0009AF800202A2A14D0079A544600204FF094
:1028C0000A0C214611F8013B303B092B4AD970B95B
:1028D00014E0A0EB080009FA00F018430490A246A7
:1028E000D3E7039A111D12680391002A01DB0792B6
:1028F00004E0524243F002030792049323782E2B04
:102900000AD163782A2B32D1039B1A1D1B680392CC
:1029100043EAE37302340593DFF8D4A0217803225D
:102920005046CDF7DDFB38B1049BA0EB0A004022F6
:10293000824013430134049314F8011B2D488DF891
:1029400028100622CDF7CCFB00283FD02A4B1BBB1A
:10295000039B073323F0070308330393099B3B448E
:1029600009936BE70CFB02320C460120A9E7002318
:102970000134059319464FF00A0C204610F8012B3C
:10298000303A092A03D9002BC6D00591C4E70CFBC5
:10299000012104460123F0E703AB00932A46174BBD
:1029A00004A93046FEF7DAFD0746781CD6D16B6ED7
:1029B000D90705D4AB899A0502D4A86D01F06CFB48
:1029C000AB895B063FF516AF099815E703AB00939B
:1029D0002A460A4B04A93046FEF7F6FFE4E700BF9B
:1029E000A0A1030080A1030060A10300C6D00300E2
:1029F000CCD00300D0D003005D150300F5870300A1
:102A0000F8B50E461446054618B183690BB9FFF7B1
:102A1000D5F9214B9C4210D16C68A369A360A389AE
:102A20001A0701D5236993B92146284600F04CF8CE
:102A300068B14FF0FF373846F8BD184B9C4201D1C2
:102A4000AC68EAE7164B9C4208BFEC68E5E72369EF
:102A50002068C01A6369F6B28342374605DC214616
:102A6000284600F0CBF80028E3D1A368013BA3601F
:102A700023685A1C22601E7063690130834204D0AF
:102A8000A389DB07D7D50A2ED5D12146284600F0E9
:102A9000B5F80028CFD0CCE7A0A1030080A10300A7
:102AA00060A1030038B5074D0446084611460022D0
:102AB0002A601A4601F0CDFA431C02D12B6803B1FB
:102AC000236038BDF8460020314B70B51D680646BE
:102AD0000C4625B1AB6913B92846FFF76FF92D4BAA
:102AE0009C420ED16C68B4F90C301A072CD4DD0668
:102AF00011D40922326043F04003A3814FF0FF302C
:102B00003DE0254B9C4201D1AC68ECE7234B9C4255
:102B100008BFEC68E7E7580712D5616B41B104F1D3
:102B20004403994202D03046FEF774FC00236363ED
:102B3000A38923F02403A381002363602369236016
:102B4000A38943F00803A38123694BB9A38903F444
:102B50002073B3F5007F03D02146304600F0AEF875
:102B6000B4F90C3013F001020AD00022A2606269AD
:102B70005242A261226942B913F08000BBD170BDFC
:102B8000990758BF6269A260F4E70020F7E700BF29
:102B9000840B0020A0A1030080A1030060A103001A
:102BA0001FB514461A46094B1B680546D86854B928
:102BB000074B1C46CDE9013400912B46054900F036
:102BC00059F8F0F791F8044BF4E700BF840B0020AC
:102BD000D9A60300E4D00300D7D0030038B5064DD2
:102BE0000023044608462B6001F037FA431C02D14B
:102BF0002B6803B1236038BDF846002038B50B6957
:102C000005460C4613B90025284638BD18B183691E
:102C10000BB9FFF7D3F8144B9C421BD16C68B4F985
:102C20000C30002BEFD0626ED00704D4990502D48B
:102C3000A06D01F02BFA2846214605F030FE636EA8
:102C4000DA070546E0D4A3899B05DDD4A06D01F029
:102C500023FAD9E7054B9C4201D1AC68DFE7044B6E
:102C60009C4208BFEC68DAE7A0A1030080A1030042
:102C700060A103000EB403B5014603AB054853F849
:102C8000042B00680193FFF78FFD02B05DF804EBA1
:102C900003B07047840B002038B5074D0446084642
:102CA000114600222A601A4601F0DAF9431C02D1CB
:102CB0002B6803B1236038BDF84600208B89F7B537
:102CC0009D0706460C4607D504F1470323602361A0
:102CD0000123636103B0F0BD01AB6A4605F05FFEFE
:102CE000009F054639463046FEF7DEFB48B9B4F989
:102CF0000C309A05EED423F0030343F00203A381C2
:102D0000E2E70D4BB362A389206043F08003A38107
:102D1000019BC4E904075BB1B4F90E10304600F022
:102D200031F828B1A38923F0030343F00103A38101
:102D3000A3891D43A581CDE7811D030038B5074D4B
:102D400004460846114600222A601A4601F07DF921
:102D5000431C02D12B6803B1236038BDF846002024
:102D600038B5074D00230446084611462B6001F094
:102D70007EF9431C02D12B6803B1236038BD00BF2C
:102D8000F846002038B5064D0023044608462B605F
:102D900001F068F9431C02D12B6803B1236038BDF0
:102DA000F84600207047F0B403460A461979DB88DC
:102DB00000681343DC028768066906D513F4402FC8
:102DC00003D0DA0748BF83F44023346801258D40DF
:102DD00023F48012DB074CBF2C43AC4334603B68C8
:102DE000F0BC184702284FF0000206D0032806D096
:102DF000012808D1FF21FF2003E0A521FBE7FF21E7
:102E00001046ECF7B7BE1146F5E71FB50124029452
:102E1000CC680194BDF81840009402F0ABFF04B0F8
:102E200010BD2DE9F04706460D46174698462BB3D0
:102E300098F8004093F80190DB78A40004EB430479
:102E400098F802301C4444444FF0000ACA4509D3A4
:102E5000D8F8042008F1080339463046AC46BDE8EE
:102E6000F047604714F8013B48F823402046E6F756
:102E70007BFE013004440AF1010AE7E76FF0150018
:102E8000BDE8F08770B5002502462846144614F8C0
:102E9000013B0BB9184609E098B18D4207D1702B60
:102EA00004D0A3F140023A2A0BD8002070BDA3F150
:102EB00040063A2E05D853780135941C002BE9D0F2
:102EC0000020252B08BF80F001002246DEE700200D
:102ED000704730B58A680C68551C14B14B68934232
:102EE00001DC8D6030BD013B934208BF00228D6044
:102EF0000CBFE254A054F5E70FB407B504A951F88C
:102F0000040B019100F06BFD03B05DF804EB04B01D
:102F1000704700F064BD0CB407B504AB53F8042B44
:102F20000193EDF76BFD03B05DF804EB02B0704761
:102F3000044608B5084611461A46A047FDF762FA4E
:102F4000EFF7DEFB00EBC100408840087047F8B5A2
:102F50000346FFF7F7FFB0FA80F0C0F11F0003EB64
:102F6000800CCA00DCF81060171D0C4606328DB2CA
:102F700056B9012101FA00F0D9680143D960CCF8B3
:102F80001040DD539D52F8BDF1000431585AD8531A
:102F900003EBC0009E52C5805D52F4E710B500EB14
:102FA000C104E388994202F104010AD1012303FA22
:102FB00002F2C36823EA0203C360002340F8213011
:102FC00010BDA28840F8213000EBC20100EBC30025
:102FD000CB808280F4E708B50346FFF7B3FFB0FA71
:102FE00080F2C2F11F021846BDE80840FFF7D6BFC5
:102FF0002DE9F843B1FA81F5C5F11F0900EB890805
:103000000346D8F810200E46C2B10327D8F8104066
:1030100018462146FFF796FFB04206D34A461846A7
:10302000FFF7BCFF2046BDE8F88303EBC404013F73
:10303000E088C8F8100001D08242E7D1C5F1200233
:103040004FF0FF349440DA681440EBD094FAA4F2C5
:10305000B2FA82F2111D53F821402146DFE738B55C
:103060000346FFF76FFF0D46044611461846FFF76B
:1030700069FF03EBC5050444600068801846FFF74C
:1030800061FF014423F8314038BD38B50346FFF7EE
:1030900059FF0C46A51A511A03EBC4040544480015
:1030A000608003EBC2006C00448023F832101846A5
:1030B0001146FFF747FF014423F8315038BD38B5BA
:1030C0000546FFF73FFF0C46014405EBC1035B8853
:1030D000DA070AD42846FFF77EFF21462846FFF785
:1030E00031FF22182846FFF7BAFF35F83410611A6D
:1030F00005EBC1035B88DB070CD42846FFF76BFFA9
:1031000035F834102246611A2846FFF7A8FF35F833
:103110003430E41A21462846BDE83840FFF717BF8F
:1031200061B100680439091A21F007030344C90892
:103130005A8822F001025A80FFF7C1BF704770B56C
:10314000056809B9002070BDAB68B3EBD10FF9D9A0
:103150000B31CC0821462846FFF74AFF06460028D7
:10316000F0D001462846FFF7EDFEA04207D93219FC
:103170002846FFF78AFF11462846FFF7E8FE05EBD1
:10318000C6021046538843F0010353800430DAE747
:103190002DE9F84301F1FF3919EA010906680F46E4
:1031A00014460CD04B420B40042B1A464F4628BF06
:1031B0000422994664B900252846BDE8F88304290D
:1031C00004D8BDE8F8431146FFF7B9BF0422F1E780
:1031D000B368B3EBD40FEED904F10B013944891A6B
:1031E000C9083046FFF704FF80460028E3D009F104
:1031F000040505EBC0057B1E35441D44B5FBF7F502
:103200007D43A5EB09052C442B1F07349B1B24F0A1
:103210000704A41BB0EBD30F4FEAD3074FEAE40433
:1032200008D201463A463046FFF72FFF4146304666
:10323000FFF78DFE39463046FFF784FE384484425E
:1032400007D230462246FFF720FF21463046FFF7DF
:103250007EFE06EBC706738843F001037380ABE77D
:10326000043A2DE9F041CC1D114424F0070421F06B
:1032700007010E1BF708B7FA87F2C2F12405AD006B
:103280004FF000080735C2F12002ED080460414606
:10329000A760C4F80C80920004F1100004F0F7FF5E
:1032A0006B0043F00103638004EBC5027B1B5900F4
:1032B000A4F800805180A21924F83550A2F80280A9
:1032C000A35304EBC70329465A8842F001025A80EF
:1032D0002046BDE8F041FFF73ABE038B13F0070329
:1032E00005D10368002B0CBF002003207047022B80
:1032F00005D1408BB0FA80F0400980007047012B67
:1033000005D10368002B0CBF00200520704700206A
:10331000704710B50C4600B111B96FF0150010BD23
:10332000081D00F095F80028F9D1A368032BF6D901
:10333000F3E72DE9F0410D4607461946281D904652
:103340001E4600F099F8044638B1334642462946F5
:103350003846A446BDE8F0416047BDE8F08110B4AE
:103360004FF04004EFF3118284F31288BFF36F8FA4
:10337000416110BC0121EDF757BB38B50C4605463D
:1033800058B151B10B6843B14B6833B11C220021D5
:1033900004F07DFF2C61002038BD6FF01500FBE7C5
:1033A00070B505460E46FFF7B4FF041E15DB4FF05F
:1033B0004003EFF3118283F31288BFF36F8F6B8B9F
:1033C0002C8B4FF6FF718B4204F0070407D182F378
:1033D0001188BFF36F8F6FF00A04204670BD022C76
:1033E0000CD101336B8382F31188BFF36F8F0023FD
:1033F000224631462846FFF79CFFEEE7062C14D8FC
:10340000DFE804F004131313041A040000233360EC
:103410006B683BB9C5E90066ACB902212846EDF7F7
:1034200003FBDAE71E606E60F6E782F31188BFF3F4
:103430006F8F6FF00404D0E782F31188BFF36F8FB2
:103440006FF08504C9E782F31188BFF36F8FC4E77B
:10345000034640B1426802F00302022A06D0032A62
:1034600004D0012A05D06FF0150070471A68002AB1
:10347000F9D000209860704710B54268816002F072
:103480000302022A03464FF0000407D0032A02D0A9
:103490005C60002001E018685C6010BD18685C602A
:1034A0000028F6D0FDF728FAF3E72DE9F0410746AA
:1034B000884615461E461446B44205D30EB1601B1D
:1034C00008E02378002BFAD014F8010B4146B847E6
:1034D0000028F1DABDE8F0810FB407B504A951F86E
:1034E000040B0191FFF715FD03B05DF804EB04B088
:1034F000704710B50369024613F0080009D113683C
:10350000D4689C4297BF126AE31AD31A01200B6059
:1035100010BD00231846FAE713B501A90446FFF7CA
:10352000E8FF20B1019BE268013B13440193206A4C
:10353000019BC01A013802B010BD10B504465018E6
:103540002269236AD20702D5013B184010BD984278
:1035500028BFC01AFAE710B504460A46C168FFF74B
:10356000ECFF2369E06023F00803236110BD38B548
:103570000D46C2698B00016843F0020342F8213016
:10358000044601682A46FFF7D8FFE36861682060B7
:10359000984202BF236943F0080323612A4620466C
:1035A000FFF7CBFF606038BD2DE9F74FC768C669EC
:1035B0009B4616F8273003F00303022B0446884687
:1035C000914606EB870A4FF0000309D01360CBF851
:1035D00000302369990710D4002003B0BDE8F08FB4
:1035E00056F8271013608908CBF80030F1D0FFF7A8
:1035F000B2FFE368A3600120EFE7A3695046984754
:1036000016F82730DA070546E6D513F002031DD079
:10361000B8F1000F03D041462046FFF7A8FF6168CC
:103620002A462046FFF789FFD4E9023199426060BB
:1036300004D12A462046FFF780FFA060A3682360DC
:10364000E360236943F008032361D4E70146204681
:103650000193FFF780FFE268A260B8F1000F04D089
:103660002168E269019B42F8213005EB0802CBF8A2
:10367000002021682046FFF760FF2369206043F0A7
:103680000803236116F827306FF3000306F827308C
:10369000C9F800A0AFE770B504461546FFF74DFF27
:1036A0002368834205D12369216023F00803236145
:1036B00070BDE269AB0043F0020342F821302046BE
:1036C00061682A46FFF739FF6060F1E738B50369A2
:1036D0005B07044606D5456AFFF71EFF85422CBFEF
:1036E0006562606238BD38B50D4604461C22002173
:1036F00004F0CDFDEB68A361AB6863612B68E36107
:103700006B682362002262622A6923B1591E194242
:1037100008BF42F001022261012204F128000021C9
:10372000BDE8384004F0DFB82DE9F04F87B0002540
:103730000093036A03958B4204460E469246059514
:10374000A9463AD34FF04003EFF3118B83F312886D
:10375000BFF36F8F059AD8462AB129462046FFF756
:103760009AFF0023059304A92046FFF7C2FE04999F
:10377000B14207462AD32268E36913F8221021F0E8
:10378000030103F8221003EB820921683246204628
:10379000FFF7D3FEE3682060984212D0002788F339
:1037A0001188BFF36F8F039929B162690AB120466E
:1037B000904700230393002FC4D1484607B0BDE8CB
:1037C000F08F236943F008032361E7E718B120462F
:1037D000FFF7CDFEE3E7009B5AEA03031AD00191FD
:1037E00003F0C2FF0199A8B98BF31188BFF36F8F63
:1037F000009B524604F12800FCF7D6F84FF0400336
:10380000EFF3118883F31288BFF36F8FB0FA80F75C
:103810007F09C4E705AB03AA20462568FFF7C4FE6D
:103820000746BCE770B50446836908460D469847CD
:1038300002464FF04003EFF3118683F31288BFF383
:103840006F8F2B7843F001032B7061682046FFF7E0
:1038500074FE60602046FFF739FF86F31188BFF3DE
:103860006F8F70BDF8B504464FF04003EFF311863B
:1038700083F31288BFF36F8F236913F0080FA368D7
:1038800002D16268934200D9226AE169D21A2AB948
:1038900086F31188BFF36F8F002733E011F82320E0
:1038A00012F0030001EB8307F2D0022803D151F894
:1038B0002350AD0805D1D00712D4A36938469847E4
:1038C0000546A1682A462046FFF737FE2946A06034
:1038D0002046FFF740FE86F31188BFF36F8FC3E7E2
:1038E00042F0020201F823203846A369A5689847F0
:1038F000294602462046FFF720FEA06086F3118885
:10390000BFF36F8F3846F8BDF8B5044683690846A3
:103910000D46984706464FF04003EFF3118783F3B7
:103920001288BFF36F8F2B786FF300032B7023691E
:103930009B0705D5E268E36903EB82039D421AD138
:103940002B786FF341032B70D4E90231994204D1F3
:1039500032462046FFF7F1FDA06031462046FFF7D2
:10396000FAFD87F31188BFF36F8F04F12800BDE8DB
:10397000F840FBF7F3BF2B6860F39F032B60F0E781
:1039800002698368120702D442689A4200D2026A2E
:10399000D31A181E18BF01207047704703785B07C1
:1039A0005FBF03684288C3F34A2303EB12105DBF75
:1039B000173020F007008008002070470020704773
:1039C00003F0A1BB0346BFF35B8F53E8000F421C1B
:1039D00043E800210029F8D1BFF35B8F70471FB582
:1039E0000023CDE90201CDE900331A4619461846F5
:1039F000EEF74EF805B05DF804FB0120EDF700BED0
:103A00000020704770B5D2E901369B1B8B420C46F3
:103A100015460AD313680A460146981904F029FC92
:103A2000AB682344AB60204670BD6FF01B00FBE722
:103A300070B50E4615461946120D044618B9BDE874
:103A40007040EDF7DDBD2BB11030C5F34A231844AB
:103A500004F00FFCC4E900562046BDE87040EDF7C5
:103A60005FBF2DE9F3415F1C4FEA8708064608F166
:103A7000170020F0070080080C461546EDF72AFED7
:103A80000023ADF805308DF807308DF8047068B16B
:103A90000346019A43F8102FA8F104012A4629444D
:103AA00052F8045B43F8045F8A42F9D1A20102F4A0
:103AB000E07242EA482222F07F4222F470020023A0
:103AC00022F03F02314602B0BDE8F041FFF7B0BF3F
:103AD00007B50123019201AAFFF7C3FF03B05DF808
:103AE00004FB07B5CDE9002302236A46FFF7B9FFBF
:103AF00003B05DF804FB1FB5CDE90123069B0393DA
:103B000001AA0323FFF7ADFF05B05DF804FBF8B58C
:103B100006460D4614461F46214628463A46B047FB
:103B2000241A0544F8D1F8BD13B500240094EDF72C
:103B3000EBF802B010BD10B5426881680446D2E9C6
:103B400000230068FFF7E3FF636800221A6010BDDE
:103B500038B54B681A68CB689A4205460C4602D1C4
:103B60000846FFF7E8FF6368BFF35B8F53E8002F59
:103B7000511C43E800100028F8D1BFF35B8FA36805
:103B80009D54002038BD0A2838B504460D4602D1A0
:103B90000D20FFF7DDFF29462046FFF7D9FF002063
:103BA00038BD38B50D46AB4211461C4604D81A46FE
:103BB00004F05FFB204638BD0024FBE704F067BB40
:103BC000C30903EB430303EBC30383EA4000C0B222
:103BD0007047CB780278534003704B88427853404B
:103BE00043700A68837883EA122383700A68C37873
:103BF0005340C370CB79027953400371CB8842792B
:103C0000534043714A68837983EA122383714A6877
:103C1000C3795340C371CB7A027A53400372427A1C
:103C20004B89534043728A68837A83EA12238372F2
:103C30008A68C37A5340C372CB7B027B53400373C1
:103C4000CB89427B53404373CA68837B83EA122348
:103C50008373CA68C37B5340C37370471FB5027830
:103C60008DF8002042798DF80120827A8DF80220AB
:103C7000C27B8DF8032002798DF80420427A8DF8FA
:103C80000520827B8DF80620C2788DF80720027A05
:103C90008DF80820427B8DF8092082788DF80A2063
:103CA000C2798DF80B20027B8DF80C204278C37A04
:103CB0008DF80D2082798DF80E208DF80F301023AD
:103CC0006A461946FFF76DFF05B05DF804FBF8B5CD
:103CD000064608780C46FFF773FF05466078FFF745
:103CE0006FFFA27863785340E27853405D406840AC
:103CF000307060782778FFF763FF0546A078FFF7FC
:103D00005FFFA3785F40E3785F407D40684070705C
:103D100063782778A0785F40FFF752FF0546E07888
:103D2000FFF74EFFE3785F407D406840B070207839
:103D3000FFF746FF627823785340A278534080EA29
:103D40000305E078FFF73CFFEDB24540F570F8BDA4
:103D500070B5144688B00546002849D0002949D0DE
:103D6000002A49D010230A4668461946FFF719FF72
:103D700021466846FFF72DFF103401F1A006684682
:103D8000EEF744F96846FFF769FF694604A8FFF7B4
:103D90009EFF01A905A8FFF79AFF02A906A8FFF751
:103DA00096FF03A907A8FFF792FF102319460DEB12
:103DB00003026846FFF7F5FE214668461034FFF718
:103DC00008FFB442DBD1EEF721F96846FFF746FF62
:103DD00021466846FFF7FDFE102319466A4628462D
:103DE000FFF7DFFE684610220021FFF7E7FE012003
:103DF00008B070BD0846FBE71046F9E710B50A4663
:103E00000F3012F9103B002BACBF0023872312F8B0
:103E1000014D83EA44038A4200F8013902D0137845
:103E2000DB09F4E710BD08B520B158220021FFF7E7
:103E3000C5FE012008BD10B5044688B1102200213E
:103E4000FFF7BCFE102204F130000021FFF7B6FEA0
:103E50000023636400224FF48033C4E9142301205B
:103E600010BD70B504460D46164610B311B3582266
:103E70000021FFF7A3FE2946A6643046EEF7D2F8EC
:103E8000102200212046FFF799FE04F11005A26CD4
:103E900021462046FFF75CFF21462846FFF7AEFF8C
:103EA000294604F12000FFF7A9FF2046FFF7C3FFD2
:103EB000012070BD0846FCE72DE9F0410E4615468D
:103EC0000446002860D0FAB100295DD0D0E9143250
:103ED00053EA020158D0013BD0F8448042F1FF324E
:103EE000C0E91432B8F1000F2CD0C8F1100708F166
:103EF0003000BD4220440AD22B4632462946FFF705
:103F000050FE636C2B4463640120BDE8F0813B46A6
:103F100032463946FFF745FE103D002363644544B1
:103F20003E44631E04F10F0113F8012F93F8300093
:103F30008B4282EA00021A70F6D1A26C214620461A
:103F4000FFF706FF04F10F07102D0AD8002DDBD074
:103F50002B463246294604F13000FFF722FE656405
:103F6000D2E7631E711E13F8012F11F8010FBB4237
:103F700082EA00021A70F6D1A26C21462046FFF7B1
:103F8000E7FE1036103DDFE70020BEE770B50C46B7
:103F90000546E8B169B34A6C102A1AD11031631E84
:103FA000013904F10F0013F8012F93F830607240CB
:103FB00011F8016F984282EA06021A70F3D1A26CDE
:103FC00021462846FFF7C4FE2046FFF72CFF0120BC
:103FD00070BD02F130000021C2F110022044FFF751
:103FE000EDFD636C2344802283F8302004F120012E
:103FF000D5E70846ECE701460068EEF765B808B576
:10400000EEF7B2F8BDE80840EEF7B2B80A46012173
:10401000FFF75EBD00210120EEF756B8202809D930
:10402000B0F1004F08D80138B0FA80F0C0F11F009D
:1040300040007047082070473E20704700207047BE
:104040004FF0FF3070470020704708461146EEF7EA
:104050000BBE08461146EEF71BBE4FF0FF3070470F
:10406000002070470228CCBF0020012070474FF489
:1040700000534B600020704710B504461420FDF734
:10408000C1F92060BDE8104003F08FBB4FF0FF3254
:104090004FF0FF33FBF7B4BBFBF776BBFBF7FEB883
:1040A00030B585B014460A888B78ADF800200546F7
:1040B0000D2200210DF103008DF8023004F0E7F825
:1040C0006A466946284603F0B4F828B9BDF80020CE
:1040D0009DF802302280A37005B030BD13B50C46A8
:1040E00001AA0331FFF7DCFF48B9032201A92046EA
:1040F00004F0AFF8B0FA80F0400902B010BD002023
:10410000FBE710B50C46017822788A428AB00FD0BE
:104110006946EEF79BFE05A92046EEF797FE1022B2
:104120000DF115010DF1010004F093F80AB010BD76
:10413000012A06D0022A07D072B940886388C01AC3
:10414000F4E740686368FAE71022611C01300AB0A6
:10415000BDE8104004F07DB86FF01500E6E7042AD2
:104160000AD0102A0DD0022A4FF0000315D1037097
:104170000B88438001207047012303700B68436064
:10418000F8E7022300F8013B01F1100351F8042B7A
:1041900040F8042B9942F9D1ECE718467047012307
:1041A00010B50621044600F8013BF9F7C5FE18B921
:1041B000A37963F03F03A37110BD0B6803608B8884
:1041C00083808B798371037823F002030370704737
:1041D0000078C0F3400070470F2807D80D280BD88F
:1041E000052808BF032018BF02207047132803D0FA
:1041F0001A2808BF0120F6E701207047D0F8B83030
:1042000083B15A7BD1070DD5D2060DD51B7B102B60
:1042100014BF032304234372807A98428CBF00208A
:10422000012070470223F6E70323F4E77047FFF706
:104230004FBCFFF756BC10B50346BFF35B8F53E886
:10424000000F40EA010243E80024002CF7D1BFF33D
:104250005B8F10BD0B6803608B8883808B798371C3
:1042600070470B6803608B88838070470023EDF7ED
:104270008BBBBFF35B8F50E8003F0B4040E8003240
:10428000002AF8D1BFF35B8F7047C0F3072310708B
:10429000000E5370D0700023C1F30720090E9370F5
:1042A000137150719371D171704770B506460D4608
:1042B00040F206400321EFF74DFA044668B10321AE
:1042C0000C3002F082FC0680857021460022BDE899
:1042D000704040F20640EFF777BA6FF0680070BDAB
:1042E000F8B507460E4642F2220006211546EFF7C2
:1042F00031FA044678B106210C3002F066FC3B88A6
:1043000003804680858021460022BDE8F84042F2C5
:104310002200EFF759BA6FF06800F8BD2DE9F047B9
:104320008146884642F2320007219DF820A01746B8
:104330001E46EFF70FFA0546A0B107210C3002F038
:1043400044FCB9F80030038080F80280C770067121
:10435000A0F805A029460022BDE8F04742F232004D
:10436000EFF732BA6FF06800BDE8F087C068EFF78A
:1043700067BB10B503884288934219D8052B17D91B
:10438000B2F5486F14D88388B3F5FA7F10D2C0888D
:10439000A0F10A0189B240F67644A14208D801335F
:1043A0009BB25343B3EB800F34BF0120002010BDFC
:1043B0000020FCE770B506460D4642F221000321BD
:1043C000EFF7C8F9044618B9BDE87040EEF7B8BE7B
:1043D00003210C3002F0F9FB06808570214642F281
:1043E0002100BDE87040EFF7C5BD0020704708B55B
:1043F000F6F7F4FF18B1C089003818BF012008BDD6
:1044000008B5072203F025FFB0FA80F0400908BD87
:10441000BFF35B8F0068BFF35B8F7047FFF758BB3C
:104420000B6803608B88838070470B6803608B8800
:1044300083808B7983717047F8B50F46144630BB83
:10444000272142F22700EFF785F9054610B327210F
:104450000C3002F0BAFB3946FFF7E7FF064622466A
:10446000C31D04F1100152F8040B43F8040B8A42F7
:10447000F9D11022002106F1170003F008FF2946A8
:104480000022BDE8F84042F22700EFF79DB96FF037
:104490001500F8BD6FF06800FBE7037A5B07024682
:1044A00005D501462A3211F8010BFFF7C5BF704749
:1044B00038B50121054642F22D00EFF74BF90446CD
:1044C00058B129460C3002F08FFB21460022BDE88E
:1044D000384042F22D00EFF777B96FF0680038BD31
:1044E00010B400F11003BFF35B8F53E8002F22F4E8
:1044F000004143E80014002CF7D1BFF35B8F130495
:1045000003D510BC012100F09BB910BC70472DE908
:10451000F041D1F8048086B004460D46B8F1000F92
:104520001DD1037A5B071AD50E68411C701CFFF77A
:1045300067FF2A36162241460746684603F0A7FE63
:1045400010226946304603F084FE30B1102204F197
:104550002A01304603F07DFE00B107B16C6006B061
:10456000BDE8F08108B5F0F781FD20B11030FFF70C
:104570004FFFC0F3C01008BD00F1100208B503469C
:104580001046FFF745FF010611D5BFF35B8F52E8D8
:10459000000F40F4004042E800010029F7D1BFF3CA
:1045A0005B8F18460021BDE8084000F049B908BDFE
:1045B00010B50C4630B919B1F6F7CEFE00B1441C67
:1045C000204610BD0024FBE718B111B10846F0F7F2
:1045D00077B86FF01500704707B580B906216846B7
:1045E000F9F7AAFC40B99DF80530684603F03F038F
:1045F0008DF80530F0F764F803B05DF804FB6FF058
:104600001500F9E713B5044680B106216846F9F7AD
:1046100093FC48B99DF80530694603F03F032046F6
:104620008DF80530FFF7D0FF02B010BD6FF0150018
:10463000FAE708B5F0F71AFD10B11030FFF7E8FE01
:10464000012008BD037AD90704D523F001030372C2
:10465000F0F7E6B9990704D523F002030372F0F7E7
:10466000F9B97047034610F4004F0CBF072006202D
:10467000DA0348BF00F005009B0348BF00F0FB00D1
:104680007047BFF35B8F0068BFF35B8F704710B557
:104690000346BFF35B8F53E8000F00EA010243E8D3
:1046A0000024002CF7D1BFF35B8F10BD0B680360B3
:1046B0008B8883808B7983717047012310B403FA50
:1046C00001F1044662B1BFF35B8F54E8003F0B4336
:1046D00044E80032002AF8D1BFF35B8F10BC70476A
:1046E00010BCC943FFF7D3BF2DE9F04F87B0054693
:1046F0009DF84860DDF840909DF844A00C46904637
:104700000021102202A81F4603F0C1FDEEB9CDE939
:104710000248012202A942F20800F0F7BBFB04465E
:1047200078B9BAF1000F3ED11035BFF35B8F55E871
:10473000003F43F0040345E80032002AF7D1BFF3FD
:104740005B8F204607B0BDE8F08FEFF76FFF834621
:10475000E4B937BB5846E5F707FA0923012ECDE93E
:1047600001B48DF800308DF80100CDF80C80D0D167
:10477000CDF810D005960222CCE714F83320083A81
:10478000012A25D901339845F7D1E2E70023FAE75A
:1047900017F83320083A012A1AD901339945F7D17D
:1047A000D8E70023FAE7022E4FF0010208BF059276
:1047B00002A908BF324642F2090008BFCDF810D066
:1047C000CDE90279F0F766FB0028ADD00446B8E7E2
:1047D0006FF01504B5E7436813F008000AD05A03D8
:1047E00007D403F4C063B3F5806F14BF0220012027
:1047F00070470120704770B5064686B00D4642F2FC
:104800000A000121EEF7A6FF0446B0B10C3095B1C5
:10481000012102F0E9F906F1100203A920460095F2
:104820000723EEF785FF0022214642F20A00EEF749
:10483000CBFF06B070BD2946EBE76FF06800F8E7E4
:10484000FFF7D9BF183003F023B910B50346BFF303
:104850005B8F53E8000F00EA010243E80024002CBC
:10486000F7D1BFF35B8F10BD0B6803608B8883802B
:104870008B7983717047F0F739BE036800220BB95A
:10488000184670478B4210D10B6842B942680360EA
:10489000914200D1436000230B60012070471360F8
:1048A0004368994208BF4260F5E71A461B68E6E78D
:1048B00010B50346BFF35B8F53E8000F00EA010217
:1048C00043E80024002CF7D1BFF35B8F10BDBFF38A
:1048D0005B8F0068BFF35B8F704710B50346BFF373
:1048E0005B8F53E8000F40EA010243E80024002CEC
:1048F000F7D1BFF35B8F10BD2838F1F711B910B5B0
:104900000446006918B1F6F7D7FE0023236110BDF5
:104910002DE9F0410446002704F138060023002267
:10492000304602F0F1F8034650B92046FFF7E7FFA2
:1049300004F158000022BDE8F0410023FBF748BA1B
:104940009D699F61F6F7B8FE002DE7D02946204605
:10495000F1F716F9E0E710B5034600F1BC02104686
:10496000FFF7B5FF80B1BFF35B8F411C52E8004FEA
:10497000844204D142E8001CBCF1000FF6D1BFF321
:104980005B8FECD1184610BD0346FBE708B5034624
:10499000BC30BFF35B8F50E8002F013A40E80021A4
:1049A0000029F8D1BFF35B8F5A8840F201139A4275
:1049B00006D1FFF78CFF18B9BDE80840F0F718BD25
:1049C00008BD2DE9F84307460E46904600244FF0F7
:1049D000C009B44203D100231846BDE8F88309FB9F
:1049E0000470FFF7B8FF034658B1457B012D02D094
:1049F000073D012D03D81A884245EDD01846FFF730
:104A0000C5FF0134E5E710B50446F2F78FF82046FC
:104A1000BDE81040F1F766B810B50446D0F8B8000C
:104A200028B9207A04F18801F6F7D8FC38B1E27889
:104A3000C3892AB913F0210F14BF0120002010BD33
:104A400013F0240FF8E72DE9F843089E102E814655
:104A50000C4690461F462ED81C2142F21900EEF754
:104A600079FE054658B31C210C3002F0AEF803461F
:104A7000B9F8002023F8022B2268C0F802206268EF
:104A80005A60B8F80030438100F10C0432463946D0
:104A9000204603F0EEFB102E05D0C6F110020021D7
:104AA000A01903F0F4FB29460022BDE8F84342F2C6
:104AB0001900EEF789BE6FF01500BDE8F8836FF0BE
:104AC0006800FAE70346C07A18B1D3F8B80000B11D
:104AD000007B704738B5437B072B04461ED10B067D
:104AE00001F07F050BD54FF400610430FFF7F5FEB0
:104AF000A572204601F0F6FD68B9002038BD437A62
:104B0000AB42FAD2837AAB42F7D26FF40061043041
:104B1000FFF7CEFEECE7637AA372EFE76FF07F005A
:104B2000ECE7407A704738B5037A8B420446154665
:104B300015D100F188010722284603F08AFB80B1D5
:104B4000E378072243B904F19601284603F081FB7C
:104B5000B0FA80F0400938BD04F18F01F5E700207C
:104B6000F9E70120F7E78830704738B58378012BE3
:104B700004460D4603D100218830F1F7B1FD637B77
:104B8000023B062B28D8DFE803F0042727270E195D
:104B90000C00204625730021F1F73EFA0020F0F7C3
:104BA00025FD002038BDA378012BFAD104F158006F
:104BB00002F06EFFBDE83840EEF728BF2088294696
:104BC000FFF773FB0028EDD1637B072BE9D10821A8
:104BD0002046F1F721FAE4E76FF07F00E2E7F8B54D
:104BE00007460D4642F213000E21EEF7B3FD0646CE
:104BF000D0B10E210C3001F0E8FF0E220446002156
:104C000003F045FB3B8823802B8863806B88A3805F
:104C1000AB88E380EB88238131460022BDE8F84071
:104C200042F21300EEF7D0BD6FF06800F8BD10B58A
:104C30000346B0F89E200888904214D848889042D5
:104C400011D3B3F8A4008A8890420CD1B3F8A6001F
:104C5000CA88904207D16FF40071181DFFF728FE33
:104C60006FF0770010BDDA7822B9BDE81040184621
:104C7000F1F79ABD1A1D1046FFF729FEC0F3C014C4
:104C80000006F2D40888A3F8A0004888A3F8A20080
:104C90008888A3F8A800C988A3F8AA1010464FF482
:104CA0000071FFF71AFE2046DCE77047F8B50546AD
:104CB0000F46164600234FF4803204210020F1F7FE
:104CC0001FFB044620B92846BDE8F840F1F7F4BEC2
:104CD00004210C3001F079FF0570477046802046B2
:104CE000F8BD704770B5D0E90035044623B16B6854
:104CF00003B1984700232360E3680BB1204698472F
:104D00002B6A1BB12046BDE87040184770BD38B50E
:104D1000006D30B150F8084904B1083CFFF7E2FFDC
:104D200004B938BDA5682DB12046083DFFF7DAFF6C
:104D30002C46F7E72046BDE83840FFF7D3BF38B52B
:104D4000036D0D46BBB1184650F8084904B1083C44
:104D500053F8043C9B680BB1294698475CB1204648
:104D6000A468436824B19B68083C002BF4D1F6E7A3
:104D70009B68002BF0D138BD0431F1F7C1BA2DE9A1
:104D8000F041144605460F4602F10C0004211E4670
:104D9000DDF8188001F03AFF228A4780043A028049
:104DA0004346324621462846BDE8F041F1F77EB839
:104DB00037B5054602220120FFF778FF044698B177
:104DC00002210C3001F001FF0023037043702246E2
:104DD000009305212846FFF7D2FF28B1204603B0F3
:104DE000BDE83040F6F768BC03B030BD006D30B1AF
:104DF000838B8B42A0F1080001D08068F7E77047F1
:104E0000006D30B183898B42A0F1080001D0806829
:104E1000F7E7704770470346006828B15968026891
:104E20001A60884208BF5A6070470346002003B9E1
:104E300070471A8A5B681044F9E710B5D468237884
:104E4000023113B92170012010BD8B42FBD0038ABF
:104E5000023B038200201061F6E706207047FEF750
:104E600037BE08B503680A8A1868C968F4F7C0F83D
:104E7000002008BD38B5054601F10C000C4601F0D4
:104E8000E5FE2D68238AE2680146286801F0BBF838
:104E9000002038BD70B405686A6A52B3136803B164
:104EA000883BA2F188040022114600E0883B84423E
:104EB00007D0668D648BB14238BF3146A24238BFFD
:104EC00022461C462BB1D3F88830002BEED1844209
:104ED000EFD1438D408B8B4201D890420BD9824257
:104EE00038BF02469942286838BF194670BCF4F7AB
:104EF00003B91146EDE770BC704773B5144601461F
:104F000005464FF49572206800F09DFF207500BBA8
:104F1000237A2068ABB1A3F11802534253419B009E
:104F20000193638A0093AE68238AE2682946B047FA
:104F3000002808DB238A98420ED100232375012024
:104F400008E00223ECE710F1FF0F05D34042C0B2A6
:104F50002075002002B070BD0E20F9E71FB5CDE925
:104F60000123002300931A46F3F708FB05B05DF810
:104F700004FBD0680378043113B901700120704735
:104F80008B42FBD091680B8A0020043B0B8210619E
:104F90007047F8B59368166805460F46144663B91E
:104FA000506801210C3001F010FEA0602B681B78C6
:104FB000002B14BF022301230370A3681B78012B6D
:104FC00003D0022B1FD000201CE02B681B78002B85
:104FD000F9D1606804210C3001F0F7FDE060078032
:104FE0002A68E36852885A806168728D738B088AD8
:104FF0009A4294BFC0EB0200C0EB0300042894BFA8
:1050000000200120F8BD2B681B78022BDBD16068E3
:1050100012210C3001F0D9FDE06007802B68E268B6
:10502000591C0232113351F8040B42F8040B994217
:10503000F9D16168728D738B088A9A4294BFC0EB74
:105040000200C0EB03001228D9E72DE9F04F044617
:1050500085B0104690469946FFF7E7FE638B628D58
:10506000934228BF134683428B4640F29380636885
:105070000393404601F07DFD4FF0000A064640468E
:10508000FFF7D3FE628B638D06F10C079A4294BF43
:10509000C0EB0205C0EB0305384601F0E3FD854295
:1050A00017D24046FFF7C1FE628B638D9A4294BFD0
:1050B000C0EB0205C0EB03058DBB98F80A00F6F7BC
:1050C00051FA0022002301F01AFD064630B9574676
:1050D00036E0384601F0C6FD0546EDE7014640469C
:1050E00001F058FD4046FFF7A0FE628D638B06F18C
:1050F0000C079A4294BFC0EB0205C0EB030538468B
:1051000001F0B0FD85421FD24046FFF78EFE628D52
:10511000638B9A4294BFC0EB0205C0EB0305F168B4
:10512000328ACDF80090DBF8047003980A44ABB2E1
:105130005946B847071E0CDABAF1000F18BF574698
:10514000384605B0BDE8F08F384601F08BFD0546C6
:10515000E5E70E9BB3B9394606F10C0001F035FDC9
:105160004046FFF762FE638D628B934228BF134671
:10517000B9448342BA441FFA89F9A8D9AF423FF42F
:105180007EAFA4E70F9A0E9B394630469847002819
:10519000E1D19CE70027D3E70368002203B97047F9
:1051A0008B420FD10B683AB942680360914200D13B
:1051B000436000230B60704713604368994208BF47
:1051C0004260F6E71A461B68E8E701238B40DB43A1
:1051D000BFF35B8F50E8002F1A4040E80021002900
:1051E000F8D1BFF35B8F70470620704773B5166820
:1051F000054600237068137314462946952200F073
:1052000022FE207380B9CDE900002946A388A26858
:105210003046FFF71AFF002809DA10F1FF0F26BF0A
:105220004042C0B20E202073002002B070BD0120A9
:10523000FBE72DE9F34116680746002370681373F6
:1052400014463946952200F0FEFD0546207308BB42
:10525000A068718D728B038A914294BFC3EB0103E6
:10526000C3EB0203012B15DD02210C3001F0ADFC74
:10527000CDE900558046A388A26839463046FFF73D
:10528000E4FE031E0ADA13F1FF0F26BF5B42DBB216
:105290000E232373002002B0BDE8F081A8F800308F
:1052A0000120F8E72DE9F04104468868FFF7BDFDCD
:1052B000638D628B934228BF134683420D461DD3F4
:1052C000A163D1F8088000278F60FAF7ADFF41464F
:1052D0002046F2F745F8064638B1C5F80880A763BE
:1052E000FAF7B6FF3046BDE8F081618D638B9942D5
:1052F00028BF19462846F3F7ADFFF1E76FF07906AE
:10530000F0E738B5BFF35B8F0B68BFF35B8FDB074C
:10531000054617D550F8040CA0B16B6B93B9043057
:10532000FFF779FD044668B10146281FFFF7BAFF71
:10533000002807DA55F8043C5A6822609A685C60D5
:1053400002B99C6038BD2DE9F041446A07463CB380
:1053500054F8886906B1883E00231D4607F1040809
:1053600001E034461646A26B9AB905B98BB940469E
:10537000FFF751FD054658B101462046FFF792FF61
:1053800000280DDA7B682B60BB687D6003B9BD60C7
:1053900023462EB1D6F88820002AE2D0883AE0E7EA
:1053A000BDE8F08170B500220446002308460E4691
:1053B00001F0AAFB054658B101462046F1F7D0FF9F
:1053C000044618B12946304602F07FFA204670BDE7
:1053D0006FF00104FAE7F8B550F8044C0546071FD2
:1053E00004213030FFF7F1FE04B36B6B8BB96368B7
:1053F0007BB1201DFFF70FFD014606463846FFF73B
:1054000051FF002812DA63683360A368666003B94D
:10541000A66005F138013846FFF7C4FF30B104F14A
:105420000C013846BDE8F840FFF7BCBFF8BD38B501
:1054300004460D46F1F794FF30B1294604F13C00D3
:10544000BDE8384001F08FBB38BD70B5044601F1AE
:105450000C000D4601F0FAFB26682B8AEA6801462B
:10546000306800F0D0FD1E2100222046F1F78AFDB1
:10547000014610B12046FFF7DAFF002070BD2DE98C
:10548000F041884617460121042205461E46F1F7E1
:1054900079FD044670B104210C3001F096FB80F8D0
:1054A0000080A0F80170C67021462846BDE8F04192
:1054B000FFF7BDBFBDE8F08110B5012303FA01F18C
:1054C000BFF35B8F50E8003F43EA010240E800244D
:1054D000002CF7D1BFF35B8F194214BF01200020CD
:1054E00010BD37B50C46054601F10C0001F0AEFBCE
:1054F000228A0192E2680092034613221221284672
:10550000F2F742F803B030BD37B50C46054601F15D
:105510000C0001F09BFB228A0192E26800920022BB
:10552000034611462846F2F72FF803B030BD08684D
:1055300083689B690BB104301847704710B50C465F
:105540000AB9FFF7F4FF2046BDE81040F1F79ABC16
:105550002DE9F84306460D46144622B1BDE8F8434E
:105560000846F1F78FBCFFF7E2FFAF68B5F804809B
:10557000D5F80C902846F1F785FC2FB9BDE8F883E3
:1055800049463046B8470134A3B24345F8D3F5E75E
:1055900010B50C460AB9FFF7CAFF2068836B2BB120
:1055A0004FF4702200235830FAF712FC2046BDE871
:1055B0001040F1F767BC10B50C460AB9FFF7B7FF0A
:1055C000206801213430FFF700FE2046BDE810407E
:1055D000F1F758BC10B50C460AB9FFF7A8FF2068D0
:1055E00000213430FFF7F1FD2046BDE81040F1F70F
:1055F00049BC07B5CA681388528800920C210D2255
:10560000F2F7B6F903B05DF804FB07B5CB680022EA
:105610001B8800920A210B22F2F7AAF903B05DF869
:1056200004FB2DE9F041CB681F88BBB2162B044662
:105630002BD902220321F2F73DF8064638B30221A6
:105640000C3001F0C2FA4FF04108002580F80080CC
:10565000457031462046FFF7EAFE2368A4F81A8019
:1056600067851B68BFF35B8F043353E8001F41F469
:10567000805143E80012002AF7D1BFF35B8F204628
:10568000FFF708FC2846BDE8F0810420FBE70E2068
:10569000F9E70A8AC9680023F2F70CBBFFF7F9BFE4
:1056A000FFF7F7BFFFF7F5BFFFF7F3BFFFF7F1BF56
:1056B000FFF7EFBFFFF7EDBFFFF7EBBFFFF7E9BF66
:1056C000FFF7E7BFFFF7E5BF70B5CE6833889AB242
:1056D000162A04460D4606D8002204231146BDE8CA
:1056E0007040F2F7E7BA412242834385FFF7D2FBCD
:1056F0002A8A002331462046F1E770B5064650F865
:10570000043C56F804590446002B36D039B1436B9B
:10571000002B32D01B7CDA072FD5052320E028464A
:10572000F3F7FEFC6B7A012B27D0656B2DB32B7C36
:10573000DB0722D5EB68002BEFD06A69697C304625
:10574000F1F720FC044650B1D5E90512EB68984703
:1057500068B1A069F1F796FB2046F5F7ADFF0E237F
:10576000002230461146BDE87040F2F7A3BA214648
:105770003046F1F7F5FD0028EBD170BD70B50E464F
:10578000F1F754FB044640B9B069F1F77BFB3046B2
:10579000F5F792FF6FF07F0070BD00F10C05284611
:1057A000314601F0E0F9606A38B150F8884904B137
:1057B000883C2946FFF7F6FD20B90020ECE71C469F
:1057C0006FF00100002CF8D0D4F8883023B90230F3
:1057D000F5D020461C46ECE7883BF8E738B505468F
:1057E0000C46FAF721FD2846F1F720FB20B9FAF71D
:1057F0002FFD6FF07F0038BD0023236083683BB925
:10580000C0E90144FFF79FFDFAF722FD0020F2E70F
:105810001C608460F6E710B50C46F1F707FB98B101
:10582000436A4BB153F8502C9169A142A3F188030C
:1058300009D0D3F88830F4E7406828B18369A342DF
:1058400002D00068F9E7104610BD0120704710B57E
:10585000F1F7ECFA50B1446A44B1883C04F13400E9
:105860000521FFF7B2FCD4F88840F5E710BD08B574
:105870000421FFF7C5FA30B1BFF35B8F006BBFF3B4
:105880005B8FC0F3401008BD8069C0E9021201229D
:105890008280037470471060002070470B460989AE
:1058A0005A8A914238BF11469A8B914238BF1146AD
:1058B000DA8B8A4203D0D9831B6A03B11847704739
:1058C00010B5029CA3680A460BB121469847A37DF8
:1058D000E268013BDBB2A37522B11BB92046BDE8EB
:1058E0001040104710BD1060918000207047F0B547
:1058F00007683D7889B006461446DDB97B88B3F564
:10590000245F04D010D8A3F52053032B12D8ADF890
:105910000A1002220DF10A012046FEF7CDFA68B9FD
:105920006FF01502A26506E003F55643FF339BB204
:10593000042B1ED90125284609B0F0BD7B88ADF89F
:105940000A3002220DF10A012046FEF7B5FA0028BE
:10595000E6D00020009003AA776813233146B847A9
:10596000021EDFDB03A92046FEF7A6FA0028E1D1DC
:10597000D6E7ADF80A1002220DF10A012046FEF723
:105980009BFA0028CCD07B88ADF80A3002220DF1BA
:105990000A01E8E7FEF79CB808B5072202F059FCB7
:1059A000B0FA80F0400908BDBFF35B8F0068BFF319
:1059B0005B8F704710B50346BFF35B8F53E8000F52
:1059C00040EA010243E80024002CF7D1BFF35B8FCB
:1059D00010BD10B50346BFF35B8F53E8000F00EA1C
:1059E000010243E80024002CF7D1BFF35B8F10BD08
:1059F00010B502210C30144601F0E7F8238903802A
:105A0000002010BD10B504210C30144601F0DDF863
:105A10002389038063894380002010BD70B514463C
:105A2000002500F10C066268EBB29A4205F101050F
:105A300001D8002070BDA268304632F8131001F082
:105A4000DBF8F0E7FFF7EABFF7B5089D06462F68D9
:105A50000C4601B94BB9002308932A46214630462B
:105A6000BC4603B0BDE8F0406047009313462A46A9
:105A7000B84708942F6823462A462146EFE70B686B
:105A800003608B8883808B79837170470023036068
:105A9000436083607047F0B587B005460C9C1046A4
:105AA0001A4601B94BB900230C93266822462846B2
:105AB000B44607B0BDE8F0406047014603A801F0D6
:105AC0007AF8BDF81030012B08D80023009326681F
:105AD000224619462846B04707B0F0BD022103A868
:105AE00001F0A4F80346BDF8102033F8027B97427A
:105AF00028BF174600972668224600212846B0474F
:105B0000394603A801F092F8DBE738B5BDF810403C
:105B1000944215460AD3A41A8C42A8BF0C46A4B2DC
:105B20002246591902F0A5FB204638BD6FF0060445
:105B3000FAE730B585B0C96814461D46F2F768FA31
:105B400000B10089ADF80E0002230093BDF82020BB
:105B50000DF10E0329462046FFF7D7FF05B030BDF3
:105B60001FB50C461946E3681C781046BDF818208E
:105B70003CB110240133069404B0BDE81040FFF797
:105B8000C4BF5B88ADF80E30022300930DF10E0305
:105B9000FFF7BBFF04B010BD30B585B01D46002334
:105BA00014468DF80C30F2F7F5F910B1037A8DF840
:105BB0000C3001230093BDF8202003AB294620467A
:105BC000FFF7A3FF05B030BD2DE9F04114461D4697
:105BD000BDF81870EEF72AFD0646E3F7C5FF80B260
:105BE000069033463A4629462046BDE8F041FFF785
:105BF0008CBF30B585B014461D46FEF7F6FB022378
:105C0000ADF80E000093BDF820200DF10E032946DB
:105C10002046FFF77AFF05B030BD38B500F10C041F
:105C200004212046154600F0D0FF2B8903806B89A4
:105C30004380E9680B782BB94988204600F0DCFFE7
:105C4000002038BD10220131204600F0C4FFF7E7E4
:105C50002DE9F04706460D464FF4702000219DF8CF
:105C600020A0DDF8249090461F46F1F7EBFF044694
:105C700088B1456080F811A0C0F81490C760C0F8E2
:105C800018804A4651463046F1F7E2FC054638B9DD
:105C90002046F1F7FBFF6FF00B052846BDE8F087C3
:105CA000002211460123FFF7EFFDA560284642467A
:105CB0004946B847054618B12046F1F7E7FFECE73B
:105CC00021463046FFF78AFD05460028E5D0F3E778
:105CD00038B500F1880504462946007AFEF787FBAF
:105CE000207A2946F2F778F918B1BDE83840FFF775
:105CF000CDBE38BD022A10B508D1002300F18801BD
:105D00001A46007AF2F7BAFA022010BDFFF7E0FF58
:105D1000FAE738B500F10C0502212846144600F0D8
:105D200054FFE3890380218A284600F065FF04219F
:105D300004F11400FFF73EFE002038BD01210C30B5
:105D4000FFF738BE38B504461546FFF77EFD40B173
:105D50002046F2F71FF920B1037ADB0701D5FFF7E0
:105D6000EDFF35B9207A04F18801F2F735F900B179
:105D7000856038BD10B5BDF80810BDF810408C42E4
:105D800010460BD3641A9C42A8BF1C46039BA4B2C6
:105D90002246194402F06DFA204610BD6FF0060449
:105DA000FAE713B5044610B9002002B010BD002375
:105DB0008DF80430006842F6030301A9ADF80630FF
:105DC000FEF79FF90028EFD1E36898880028ECD10E
:105DD0002046F2F7A3FB013080B2E6E770B5CC684D
:105DE00088B008461E46A3798DF80C301546FFF79B
:105DF000D8FFADF80D00246823786BB96388ADF83F
:105E00000F3005230093BDF8302003AB3146284600
:105E1000FFF77BFE08B070BD631C0DF10F0211345B
:105E200053F8041B42F8041BA342F9D11323E9E7FA
:105E30001FB5CDE90123002300931A46F2F79EFB1C
:105E400005B05DF804FB38B5D4074B8A054604D588
:105E500013F0950F2BD0486848B3900704D513F47E
:105E6000957F26D0896821B302EA030414F03C0F21
:105E70000DD0EB7A2BB92846FEF7CEFDD8B9052018
:105E800038BD14F0300F04D114F4C07F07D10020C6
:105E9000F6E72846FEF745FE0228F5D8EFE7D5F8E5
:105EA000B830002BEBD05B7BDB06E8D5EFE70220B8
:105EB000E6E70320E4E70F20E2E72DE9FF41437B1B
:105EC000072B06460C46174610D100238DF80C30E0
:105ED000206842F6030303A9ADF80E30FEF711F96E
:105EE00060B9E3689B7913F0300F03D1002004B050
:105EF000BDE8F0812046F2F71FFC0446002320682D
:105F00008DF80C3003A942F60213ADF80E30FEF7FF
:105F1000F8F818B12046F2F70FFC0446002542F6C7
:105F2000021820688DF800506946ADF80280FEF72F
:105F3000E8F8F0B9002320688DF80C3003A942F688
:105F40000213ADF80E30FEF7DCF80028CED1E5687C
:105F50006C1C1F3514F8011C22463046FEF7E3FD89
:105F600018B1B4F807301F42C1D10A34AC42F1D1A4
:105F7000BCE720688DF8045042F6030301A9ADF890
:105F80000630FEF7BEF80028D4D020688DF80850FF
:105F90004FF4205302A9ADF80A30FEF7B2F80028FA
:105FA000C8D020688DF80C5042F6010303A9ADF863
:105FB0000E30FEF7A6F80028BCD02046F2F7BCFB56
:105FC00004460028ADD191E773B504460D46FAF7B3
:105FD0002BF929462046FFF71EFC014620B902B0E6
:105FE000BDE87040FAF734B946682046F1F7A6FFDD
:105FF000FAF72EF92EB1002300951A460E212046FD
:10600000B04702B070BD2DE9F0470646884691467C
:106010009A46F2F719F820B3846814B3256805B1DD
:10602000183D34F80C3C434518D1183C07E02C4689
:10603000AD69A389BDB14345A5F11805F7D1A27C8F
:10604000737A9A420AD8276853464A462146304610
:10605000B84718B921463046F2F75EFF2C46002DAE
:10606000E6D1BDE8F0874345E9D0FAE72DE9F041F4
:1060700005468846F1F78EFF0446D8B1037ADB0760
:1060800018D500F10C073846FFF78EFC10F001061A
:1060900010D1B8F1000F0ED06FF002013846FFF7B3
:1060A00098FC10F0020F284608D0FFF7D0FB2046DE
:1060B000FFF744FE01263046BDE8F081FFF7C5FB3F
:1060C0000028F8D02846FFF7D2FB0028F3D06FF065
:1060D00002013846FFF77DFC2846E6E7C27A837C5A
:1060E000D0F8EC00C07802F0010203F0010340B9DF
:1060F00012B101334B707047002B0CBF03230023F8
:10610000F8E722B9002B0CBF03230123F2E75B0061
:10611000F0E707207047FDF7DBBCBFF35B8F00683B
:10612000BFF35B8F084100F00100704738B50B21C9
:1061300004460430FFF7F1FF08B1002038BDD4F861
:10614000B83083B904F18805217A2A462020F5F772
:10615000E7F8C4F8B80030B9217A2A460420F5F7E8
:10616000DFF8C4F8B800D4F8B830002BE5D0DA89ED
:1061700012F0240FE1D0A17A02290CD9587BC00774
:10618000DBD5032907D09206D7D5187BA0F11003E1
:1061900058425841D2E70120D0E710B50346D9B1A3
:1061A000C88910F0240F17D01A7D5C7B097BA242AE
:1061B00028BF2246914201D9002010BD820604D496
:1061C000187A003818BF0120F7E70521181DFFF7DE
:1061D000A4FF0028F4D1EFE70120EEE708B5D0F8DE
:1061E000EC20927A032A034615D004D8013A012AFA
:1061F00014D908200EE0042AFBD1027D417B8A429B
:1062000028BF0A46102A0BD105210430FFF785FF6D
:1062100008B9032008BD1B7A002BFAD00020F9E74B
:106220000620F7E701238B40DB43BFF35B8F50E889
:10623000002F1A4040E800210029F8D1BFF35B8FFE
:10624000704710B414461A4623681360636853609D
:106250000B6893604B6810BCD360114600F0E9BF37
:10626000FDF73FBC0B6803608B8883808B7983715B
:10627000704708B50621FEF7C3FD18B9BDE8084010
:10628000F3F712B9EC3808BD4FF47022002300F583
:106290009070F9F79DBD01238B40BFF35B8F50E8F1
:1062A000002F1A4340E800210029F8D1BFF35B8F8B
:1062B000704708B50E21FFF7EEFF002008BD10B5AE
:1062C000072104460430FFF7E6FF0820F2F7CCFF71
:1062D00020B92046BDE81040F3F75CB9002010BD9E
:1062E00070B5051D0E4628460421FFF716FF68B15C
:1062F0000022002100230846FEF73EFD044640B977
:1063000004212846FFF7C7FF204670BD4FF47022D6
:10631000EFE701210C3000F058FC0670F4E738B5C7
:1063200002210446FFF7DCFF054680B106210C3050
:1063300000F04BFCD4F811300360B4F815308380C2
:10634000002220462946F3F7BBF8002038BD08207C
:10635000FCE738B504210446FFF7C2FF0546A0B1AB
:1063600010210C3000F031FC04F1270304F1370256
:1063700053F8041B40F8041B9342F9D12046002235
:106380002946F3F79DF8002038BD0820FCE770B5DA
:106390000C460D210646FFF7A3FF054698B11021D4
:1063A0000C3000F012FC214604F1100351F8042BCC
:1063B00040F8042B9942F9D1304600222946F3F7E0
:1063C0007FF8002070BD0820FCE730B5012303FAF8
:1063D00001F1CA43BFF35B8F50E8003F03EA0204B8
:1063E00040E80045002DF7D1BFF35B8F194214BF81
:1063F0000120002030BD38B500F188040D46072289
:106400000968204601F025FF28B969682046BDE8E3
:106410003840FFF727BF38BD70B5031D044600257F
:10642000D0F8EC60BFF35B8F53E8002F43E80051D6
:106430000029F9D1BFF35B8F04F5907001F028FBC0
:106440002572BFF35B8F54E8003F44E80052002AF6
:10645000F9D1BFF35B8FF3782BB90B212046BDE850
:106460007040FFF718BF0121F8E7F0B589B0DDE90A
:106470000E67054630788DF8000038788DF80100F9
:106480001068CDF8020090889279109C8DF8082051
:106490001A68CDF809209A889B79ADF80600ADF806
:1064A0000D208DF80F3001F1100C2246684611F8CE
:1064B000013B10F801EB614583EA0E0302F8013B52
:1064C000F5D122462146284600F0B3FE034628BBFC
:1064D000B7F80520ADF81420D6F80120D7F8010050
:1064E000CDF81620B6F8052004900793ADF81A20D1
:1064F00004F11000234604A913F8012B11F8016BD5
:10650000834282EA060203F8012CF5D12246214695
:10651000284609B0BDE8F04000F08BBE09B0F0BDE0
:106520007FB50321D0F8EC400546FFF7D9FE0646BB
:10653000C0B110210C3000F048FB04F196038F34F9
:1065400002900193009405F1100305F1090205F191
:10655000270105F14700FFF788FF044628B13046C0
:10656000F5F7AAF8082004B070BD02463146284667
:10657000F2F7A6FF281D2146FFF754FE2046F2E75A
:1065800008B5D0F8EC20D278034632B90321FFF7E2
:1065900082FEBDE80840FFF7C3BF021D0A21104676
:1065A000FFF7BBFD10B904211846F0E710460021A3
:1065B000FFF771FE002008BD2DE9F7430B9FCDE9E1
:1065C00000230446FFF755FE0546002800F08580AD
:1065D000BDF82880061DB8F1000F2AD1DDE9003290
:1065E000134326D103213046FFF797FD002858D0EA
:1065F00001213046FFF791FD002852D02C7D6B7BA6
:106600009C4228BF1C46224605F14701384601F04E
:1066100030FE0F2C05D8C4F110020021381901F00A
:1066200036FE30460121FFF736FE012003B0BDE8FB
:10663000F083D4F8B830BBB904F18809217A4A460E
:106640002020F4F76DFEC4F8B80030B9217A4A462C
:106650000120F4F765FEC4F8B800B8F1000F03D1CB
:10666000DDE90032134320D0D4F8B880B8F1000F30
:1066700026D0B8F80E30DB0722D50822694608F18B
:10668000400001F0E6FDD8B902220AA908F148004D
:1066900001F0DFFDA0B998F80C4008F14A0122464C
:1066A000B4E7D4F8B830002BC6D0D4F8B81000291D
:1066B000DAD0CB899A06D7D50C7B1A312246A5E7CA
:1066C0000F213046FFF729FD20B102220621204686
:1066D000EFF7D6FE2846FFF79FFE0020A6E76FF0F3
:1066E000850070472DE9F743C67804463EB1012E78
:1066F0003ED06FF01504204603B0BDE8F083FFF7ED
:10670000B8FD054610B96FF07F04F4E7061D0321BC
:106710003046FFF702FD10B16FF00F04EBE70121E7
:106720003046FFF7FAFC0028F6D12046FFF7FEFCC2
:1067300028B9204603B0BDE8F043F3F759BBD4F8BD
:10674000B8100B7B009301F1180201F11A032046E7
:106750001031FEF778F904460028CCD10B212846E9
:10676000FFF799FD01213046FFF795FD0024C2E7B0
:10677000FFF77FFD05460028C5D000F1040804217D
:106780004046FFF7CAFC002851D103214046FFF7DD
:10679000C4FC0028C0D131464046FFF7BEFC0028AB
:1067A000BAD12846F2F70AFE68B1D4F8B83083B9F6
:1067B000207A04F18801F4F77FFDC4F8B80040B9ED
:1067C0006FF00B0497E72046FFF7B0FC0028ECD1F0
:1067D0008FE72846F2F7C2FE074610B16FF0680453
:1067E00089E70B212846FFF77BFD06460028F5D0F8
:1067F00001210C3000F0E9F9092181462846F3F720
:10680000C3FA3B4689F8000032462046009706212D
:10681000FEF7B5FA044618B13046F4F74DFF6AE7C3
:106820000F214046FFF737FD012128469CE76FF016
:10683000040460E770B505460820F2F715FD04462C
:10684000E8B1061D08213046FFF7ECFC002D3DD0D5
:106850000721FFF7E7FC284604F1970305F1200222
:1068600050F8041B43F8041B9042F9D10A2130462A
:10687000FFF753FC68B109213046FFF70CFD0720F4
:10688000F2F7F2FC044618B1F2F784FE0146B0B903
:1068900070BD10213046FFF740FC09210028EBD1E4
:1068A0003046FFF73AFC0028E9D0D4F8EC30DB782A
:1068B000204643B9F3F7A4F801460028DFD020466C
:1068C000F4F726F9DBE7F3F70BF9F5E70B21F6E729
:1068D00070B50446A0F1EC0650F8343BE83CD3F820
:1068E000B85001F0D5F803212046FFF716FCA0B1FF
:1068F00008213046F4F77CF83DB1EB8913B16B7B8E
:106900009B0702D5284600F040F830464FF4AC72A1
:10691000BDE87040002101F0BABC01212046FFF71C
:10692000FCFB0028E4D10F212046FFF7F6FB0028EE
:10693000DED1E1E708B59AB98378012B10D10621A1
:10694000FEF754FA10F8043C23F0010300F8043C6D
:1069500030F8041C21B9BDE80840EC38F4F748B819
:1069600008BD70B504460D461646F4F7D9FC38B993
:1069700031462846F4F7A0FC10B1C3891C43C481FA
:1069800070BDC3891943C181704710B5037A5B0795
:10699000044601D5EEF75EF820465C22BDE81040C3
:1069A000002101F074BC531E1944024411F801394E
:1069B00000F8013B9042F9D1704710B5431E00F139
:1069C0001002073013F8011F12F8014D1C708342AA
:1069D0001170F7D110BD70B5C2B00D461646014614
:1069E00016AA68461C46FDF73CFA18B96FF0040079
:1069F00042B070BD324629466846FDF75DFA002870
:106A0000F4D069462046FDF7C1FA0028EED00020F8
:106A1000EEE7F0B597B014460E462022014605A8D1
:106A20001D461C9FFFF7BFFF202231460DA8FFF730
:106A3000BAFF2146102201A88DF85450FFF7B3FF8A
:106A40003B46412205A901A8FFF7C5FF044610B93E
:106A50003846FFF7B2FF204617B0F0BD2DE9F043EE
:106A600097B00446164605A810221D46DDE91F987A
:106A7000219FFFF798FF1022314609A8FFF793FFE7
:106A8000102229460DA8FFF78EFF1E99032211A898
:106A9000FFF789FF4946D9F8010011F8013B8DF84D
:106AA000473012908B88ADF84C30062212A8FFF7C1
:106AB0007AFF4146062211F8013B8DF84E30D8F896
:106AC0000130CDF84F300DF14F008B88ADF85330C9
:106AD000FFF769FF2146102201A8FFF764FF3B463C
:106AE000412205A901A8FFF776FF044610B93846F0
:106AF000FFF763FF204617B0BDE8F0837047416A97
:106B000049680968F4F75EBDF8F7F4BE4FF040033A
:106B1000EFF3118283F31288BFF36F8F00230B60B2
:106B2000436833B9C0E9001182F31188BFF36F8F56
:106B3000704719604160F7E710B503464FF0400217
:106B4000EFF3118182F31288BFF36F8F006828B1D1
:106B50005C6802681A60A04208BF5A6081F311881D
:106B6000BFF36F8F10BD00F0A5BE027A0132027232
:106B70007047034618465B68002BFBD1704742689C
:106B800010B52AB10B461C465B68002BFBD1626036
:106B9000416010BD10B5044620B90B7A01330B7269
:106BA000084610BD034618465B68002BFBD1FFF773
:106BB000E6FF2046F5E792B281600160C2808280E4
:106BC000704783680B4403607047838802681944E8
:106BD0008180D018704730B484880568A3188380FA
:106BE000281930BC01F045BB10B5838802685C1CD5
:106BF0008480D154D01810BD8388026830B5D41871
:106C00009D1C8580D154090A617030BD034600681F
:106C10009A88401A11441860998070478288521AE5
:106C20000346828000680844186070470346006885
:106C30009A88521A01449A801960704710B5036807
:106C40001C780121FFF7EAFF204610BD10B503684C
:106C50001C880221FFF7E2FF204610BD0268806811
:106C6000101A70478388C2888168D21A03685B1A39
:106C7000D01A704710B403460838BFF35B8F50E852
:106C8000002F511C40E80014002CF8D1BFF35B8F9B
:106C900012B910BCF4F742BD6FF00F0210BC9A6637
:106CA00070470369C9B20C2201FB0233186C00F073
:106CB000070070474FF04003EFF3118283F312880F
:106CC000BFF36F8F036803F0C00343F00203036058
:106CD00082F31188BFF36F8F704770B5C9B2036933
:106CE0004FF04004EFF3118584F31288BFF36F8FE8
:106CF0000C2606FB0134246C14F0C00408D0A24218
:106D000006D085F31188BFF36F8F4FF0FF3070BD51
:106D100071430B4401221A6485F31188BFF36F8F0E
:106D200043680B445B6898470020F0E78022FFF738
:106D3000D4BFF8B5069F0469C9B24FF04005EFF320
:106D4000118685F31288BFF36F8F0C2569430C44BD
:106D5000256C05F0070CBCF1010F0BD1276486F3FD
:106D60001188BFF36F8FC4E90E2343685B589847BF
:106D70000020F8BD05F0C005AF4286F31188BFF3CF
:106D80006F8F0CBF6FF077004FF0FF30F1E713B556
:106D900080240094FFF7CDFF02B010BD10B400694D
:106DA000CBB21C2403FB0400002110BC10470020C0
:106DB00000F0C0BA1046F8F7D1BD0020704738B5D2
:106DC0000C461546EDF726FC28B129462046BDE8BD
:106DD0003840ECF793BD6FF00A0038BD43685B683C
:106DE000D3F810350B600020704743685B6802EAF7
:106DF000010021EA0201C3F80805C3F80C150020C0
:106E0000704743685B680020C3F808157047436803
:106E10005B680020C3F80C15704743685A68D2F8C5
:106E2000043521EA03000B40C2F80805C2F80C350E
:106E30000020704710B503695868F8B1884219D12D
:106E40009C6808685860A14200D1986000200860E2
:106E50002AB15A680A609A68596002B9996000209C
:106E600010E0814206D10868206098688142EDD127
:106E70009C60EBE7044600680028F2D1002AE8D1C4
:106E80006FF0150010BD2DE9F043446885B0012373
:106E9000039394F82230A669E56994F8207094F879
:106EA00021C00096DB00A2FB03030195CDF808D0BA
:106EB000002B3DD185423BD3934236D1214651F838
:106EC000040B836802AA1D680023A8470546208D8D
:106ED000F9F77EFA284605B0BDE8F083606A405DA8
:106EE000032828D8DFE800F003021D1F487806F1C8
:106EF000FF3E072520FA05F919F0010F0CBFE14606
:106F0000B946013D0EF8019FF4D2083608F1010898
:106F100094F822005FFA88F5A842DFD801330431E3
:106F2000CAE78878E3E7C878E1E74FF00008EFE7C1
:106F30006FF00B05CEE76FF01505CBE730B5436872
:106F40001360057A446804EBC504A34202D36FF0D2
:106F5000010030BD5C798C4201D00833F0E700209D
:106F6000F7E743681B68D3F88004C3F880047047D0
:106F7000436802691B68D3F8100150B152690020C0
:106F800012780A70C3F81001D3F8102101221A6098
:106F900070474FF0FF30704702680346D2F858013F
:106FA00040B95B689B0706D4D2F82001003818BFAF
:106FB000012070470120704742681368D3F804131A
:106FC000C90518D5D3F82011A9B14FF04000EFF34F
:106FD000118180F31288BFF36F8FD3F8200130B195
:106FE0000020C3F82001D3F820010120D86081F3EC
:106FF0001188BFF36F8F5268D20615D54FF040014C
:10700000EFF3118281F31288BFF36F8FD3F8581119
:1070100011B10021C3F800154FF48001C3F8081323
:1070200082F31188BFF36F8F7047FCF751BD0022C8
:1070300001210320EBF7FCBB002201210420EBF728
:10704000F7BB002201212320EBF7F2BB10B50B6840
:1070500013B91360184605E003685C681CB114603E
:107060000368186810BD083303600B68013B0B60B0
:10707000EDE703460A4600681979012303FA01F196
:1070800003691B68194218BF82F0010212B18368BC
:10709000DB68184783681B69FBE710B50368044683
:1070A0004BB19A683AB1186900F0A6FA206800213D
:1070B0000830FFF7DEFFA36933B9636004F1100005
:1070C000BDE81040F8F74ABC10BD10B50069036870
:1070D0008B4206D190F86C4034B9FFF7DEFF2046B2
:1070E00010BD6FF01500FBE76FF00F00F8E700F13F
:1070F00050039B009BB203F1804303F588330022C9
:107100001A601B68704708B5F6F70EF808BD10B591
:10711000F7F742F84FF0FF304FF0FF31F6F7A0F9E4
:10712000044620B9CAF714FE0446F6F7A1F9204632
:1071300010BD38B5038A054673B3037EA3B1022B95
:107140002AD14FF0FF304FF0FF31F6F789F90446AE
:1071500040B9E868E3F75EF80446F6F789F9B4B198
:10716000F6F736FA204638BD4FF0FF304FF0FF31CA
:10717000F6F776F904460028F4D1E868F6F762FBE2
:107180000446F6F775F9002CECD1F6F721FA2846FB
:10719000F4F792FA0024E5E76FF01504E2E7F6F75A
:1071A000D9BA10B530220446002101F070F820232E
:1071B00023708023A3706FF03F0363710423A372D5
:1071C0002823A3730223E3730423A3756FF008033A
:1071D0006376FF23A376E3767F232377302384F837
:1071E00020306FF03F0384F821307F2384F8223071
:1071F0006FF0010384F82330012384F824308023C6
:1072000084F82630042384F8273084F8293040237A
:1072100084F82D3010BD002303604360037863F0D1
:1072200002030370437823F0410343F041034370AA
:107230007047F0B58DB015466A4600F1100316464A
:1072400013F8014D02F8014B8342F9D104AA01F170
:107250001003174613F8010D02F8010B9942F9D1FA
:107260004FF0FF304FF0FF31F6F7FAF8044690B9CF
:1072700008AA39463046E2F77FFC0446F6F7F8F8EC
:107280004CB96B1E0DF12F020F3512F8011903F8DE
:10729000011F9D42F9D120460DB0F0BD01F1200340
:1072A000013813F8012D00F8012F8B42F9D17047F6
:1072B0000021F6F793BF90F84010012901D8F6F7A6
:1072C0008DBF12207047684620F007018D4601B53A
:1072D000DFF73AFBEAF74CFFBDE80140854670470F
:1072E00008B54FF0FF314FF0FF30F6F7B9F8E7F788
:1072F0009BFABDE80840F6F7BBB8684620F00701E6
:107300008D4601B5DFF7D8FABDE8014085467047E4
:10731000684620F007018D4601B5DEF785FCEAF7E7
:1073200027FFBDE801408546704708B5E7F7B0F98B
:10733000002008BD012801D1DEF728BD7047704745
:10734000DEF79CBD4FF08053D3F83001421C04BFE0
:107350004FF0704393F8E00F831F58425841704735
:10736000004700F049B9C00000F1804000F5F83056
:10737000C0F81015C0F814257047036803F01F0209
:107380005B0902600CBF4FF0A04000207047F7B5CA
:10739000019001A8DDE9084716461D46FFF7EDFFFD
:1073A000019BB6F1000C18BF4FF0010C00EB8300FD
:1073B0000B1E18BF0123002D43EA4C0314BF4FF0EE
:1073C0000C0C4FF0000C002C43EA0C0314BF4FF4DC
:1073D000E06C4FF0000C002F43EA0C03D0F80027BC
:1073E00014BF4FF4403C4FF0000C43EA0C0322EA78
:1073F000030301B109780EB13678760019430DB157
:107400002D78AD0031430CB12478240229430FB10B
:107410003F783F040C433C43C0F8004703B0F0BD45
:107420001FB50DF10F03019300238DF80F1000938A
:107430001A461946FFF7ABFF05B05DF804FB02469C
:1074400011F0010007D04FF0A041D1F820351360B2
:10745000C1F8203503B900207047F7F7E9B9F7F70D
:10746000C7B90846F7F7B4B9036803F01F025B0910
:1074700002600CBF4FF0A0400020704707B501909C
:1074800001A8FFF7F1FF019A01239340C0F80835E6
:1074900003B05DF804FB07B5019001A8FFF7E4FF16
:1074A000019A01239340C0F80C3503B05DF804FB4A
:1074B00037B5D0F818358A69DBB28DF807300B6A1A
:1074C00093423EBF4A699DF80740D4540B6A91F835
:1074D00024500C695A1C0A62023335B1A3428C69EC
:1074E00038BF0B619C4288BF8B610D699D4205D9F5
:1074F000CA68D35CC0F81C3501200AE08C699C4244
:1075000001D9CB7FF6E7AA42F6D3A2422CBF0020D6
:10751000012003B030BD70B503460025C0F8085106
:10752000D3F808310C46FFF7C3FF68B9887FFF28FE
:1075300001D0FFF7A3FF204665772572616850F8F8
:10754000083BBDE87040184770BD0369C2689342AC
:107550009CBF81685B18013B981A70472DE9F04188
:107560000446D0E90280D4F804C0A8EB0006964295
:1075700000EB02050F46604404D900F07AFEE56096
:10758000BDE8F0813246A5EB080500F072FE6068A8
:107590002A46B919F1E72DE9F843C5680646894638
:1075A00017464FF000083369B46870689D4228BFE1
:1075B0001B19641BBC4203F1FF3328BF3C465B1B15
:1075C0009C4228BF1C4649462844224600F051FEF2
:1075D000B3682544AB4208BF00253F1BA044A1442B
:1075E000F560E0D14046BDE8F883F7F79DBD08B5EA
:1075F000FFF7FBFF002008BD08B1EBF78DBB70471C
:10760000704740B1C368587810F001001EBF187869
:10761000B0FA80F04009704700F039BE00F029BE92
:1076200010B400F10C04C0E9034410BCFBF718BE11
:107630002DE9F04F87B0DDE9106705463B469146DE
:1076400004A83246884600F0DFFBDDE9043405F18A
:10765000140ACDE902344FF04003EFF3118483F3B1
:107660001288BFF36F8F05F10C0B4A46414628463E
:10767000FBF78EFD30B184F31188BFF36F8F07B035
:10768000BDE8F08F3E43F6D0DDE9022304A800F008
:10769000DFFBDDE904675A46CDE900672146504625
:1076A000F8F72EFD4FF04003EFF3118483F31288B7
:1076B000BFF36F8FD9E738B504464FF04003EFF3BF
:1076C000118583F31288BFF36F8FFBF729FD04F157
:1076D0000C0000F029FB30B1294604F11400BDE88C
:1076E0003840F8F771BD85F31188BFF36F8F38BD4F
:1076F00082684369134313F003030CD1C36001692B
:10770000994201D800207047C16811604169C26088
:1077100001330A44F3E76FF015007047F8B50446EB
:107720000D464FF04003EFF3118683F31288BFF349
:107730006F8FC7686FB900F0ADFA50B1C767456188
:1077400000F02EFA314604F10800BDE8F840F8F7E1
:107750003BBDE3682B60A369E560013BA36186F351
:107760001188BFF36F8FF8BDEFF30580003818BFA5
:10777000012070476FF05700704700207047F8F7FE
:1077800035BD08B54FF04002EFF3118382F3128844
:10779000BFF36F8FEBF7D0F8F4E790F90E308B4220
:1077A00001D0F8F7CBBC0020704703460020C3E9A6
:1077B0000200C3E9003370472DE9F84399460446B7
:1077C0009DF820300D46904600F108064FF040022B
:1077D000EFF3118782F31288BFF36F8F03B145680F
:1077E000304600F057FA58B10023C367C0F8148040
:1077F00000F0D6F930463946F8F7E6FC00200CE0F8
:10780000B9F1000F1BD00821F9F79EF838B987F3BA
:107810001188BFF36F8F6FF00B00BDE8F883012272
:10782000C0F804800260016801F003015DB92268BC
:107830000A430260626820606AB960600BE0C8F8C1
:1078400000904046EFE72A68032A10D8016061687B
:1078500039B9C4E90000042104F1100000F07FFCF4
:10786000C8E70A6802F0030202430A60E5E722F073
:1078700003020A4302602A6802F0030240EA02039C
:107880002B60E8E710B5044630B10268930703D0D7
:10789000446809B100F086FC204610BD0023C0E911
:1078A000003300F10803C0E9023300F11003C0E91E
:1078B0000433704707B50123009300230A46194695
:1078C000FFF77AFF03B05DF804FB07B500230A4613
:1078D00000931946FFF770FF03B05DF804FB0068E2
:1078E0000021FFF7CFBF5AB18A4209D300F110033C
:1078F000C0E90212C0E90000C0E90433002070476B
:107900006FF015007047026801238B4022EA0303E1
:10791000036022FA01F000F00100704710B5032166
:1079200004460C30FFF7EFFF30B104F1100000F017
:107930004FFAB0FA80F0400910BD20B10022114684
:10794000883000F022BA704770B5C368C3F34006B0
:107950009B07044616D4856802210C30FFF7D3FF3D
:1079600080B1D5F880206AB194421DD122689EB9B9
:10797000D5F88430C5F880209C4201D1C5F8842018
:1079800000232360E36813F00F001EBF43F00203DF
:10799000E36040F0020070BD3260D5F8842094426C
:1079A00008BFC5F88460EBE716461268DBE773B5DD
:1079B00004464FF04003EFF3118583F31288BFF3C1
:1079C0006F8F0023A0F11006032104380193FFF705
:1079D0009AFF28B1A369019301A93046F8F702F98B
:1079E00085F31188BFF36F8F02B070BD38B50446C0
:1079F0000D461022002100F04AFC656038BD4FF0B2
:107A00004002EFF3118382F31288BFF36F8FC068D7
:107A100000F00F0083F31188BFF36F8F704713B529
:107A2000019008464FF04003EFF3118483F312886E
:107A3000BFF36F8F01A9F8F7D5F884F31188BFF36E
:107A40006F8F02B010BD10B5FFF7E9FF041E09DD0E
:107A50004FF04003EFF3118083F31288BFF36F8F71
:107A600000F04CF9204610BD08B5A022002100F01E
:107A70000EFC08BD38B5302204460D46002100F04A
:107A800006FC4FF480736560E36038BDFFF7B7BF55
:107A900038B504464FF04003EFF3118583F31288A5
:107AA000BFF36F8FFFF73AFF2046FFF74DFF85F3D7
:107AB0001188BFF36F8F38BDF8B504460D464FF0FF
:107AC0004003EFF3118683F31288BFF36F8FC3680F
:107AD00003F00F03002B14BF0127002705D186F305
:107AE0001188BFF36F8F3846F8BDFFF717FF2046A8
:107AF000FFF72AFF29462046F8F756F886F3118843
:107B0000BFF36F8F0028EED04FF0FF324FF0FF33FE
:107B100005F10800F7F748FFE5E7D0E90032136008
:107B20005A600023C0E90033704708B5FFF7F5FF3E
:107B3000437B23F0020343730023836008BD90F965
:107B40000E3091F90E00834214BFC01A0020704716
:107B500038B504460D46F8F723FA637B43F0020379
:107B60006373E5B1A5602B689D4209D16B68C4E9D8
:107B700000531C606C6012E06A689342F6D01B6888
:107B8000002BF3D094F90E2093F90E108A42F3D013
:107B90009142F1DD5A68C4E9003214605C6038BD7E
:107BA00010B54FF04003EFF3118483F31288BFF355
:107BB0006F8FF8F7C1F984F31188BFF36F8F10BD91
:107BC00010B50446183000F003F94FF04003EFF30E
:107BD000118183F31288BFF36F8F627B12F0100262
:107BE00004D081F31188BFF36F8F10BD2046BDE82C
:107BF0001040F8F705BA08B54FF04002EFF31181D5
:107C000082F31288BFF36F8F83680BB1FFF78DFF8C
:107C100081F31188BFF36F8F08BD38B504464FF06C
:107C20004003EFF3118583F31288BFF36F8F437B1B
:107C300013F0280F0BD183680BB1FFF776FF637B3E
:107C400051B903F0FB0363732046F8F775F985F328
:107C50001188BFF36F8F38BD03F0EB03F3E7012109
:107C60001838FFF7DABF08B503464FF04002EFF3CC
:107C7000118182F31288BFF36F8F0068834207D0AF
:107C800008B1FFF752FF81F31188BFF36F8F08BD72
:107C90000020F8E738B54FF04003EFF3118583F388
:107CA0001288BFF36F8F0468A0420DD034B1204614
:107CB000FFF73BFF04F1180000F08AF885F3118804
:107CC000BFF36F8F204638BD0024F7E710B501469B
:107CD0004FF04003EFF3118483F31288BFF36F8FEB
:107CE00083680BB1FFF721FF84F31188BFF36F8F17
:107CF000BDE8104001F1180000F06AB8034620B951
:107D0000EFF305820AB9EAF711BD83F31188BFF3D7
:107D10006F8F70474FF04003EFF3118083F31288A9
:107D2000BFF36F8FFFF7EABF38B5054600202C6818
:107D3000A54200D004B938BD2046FFF7C7FF204652
:107D4000FFF72EFF0120F2E74FF04002EFF3118121
:107D500082F31288BFF36F8F027BD2070AD581F3BB
:107D60001188BFF36F8F404080F311884FF00400FB
:107D700002DF7047437B1B0704D581F31188BFF3F3
:107D80006F8F70470122F8F73BB938B54FF04003C9
:107D9000EFF3118583F31288BFF36F8F0468A0425D
:107DA00012D09CB1E16762612046FFF7BEFE04F18C
:107DB000180000F00DF82046F8F7BEF8012085F312
:107DC0001188BFF36F8F38BD0020F8E72046F6E733
:107DD00010B54FF04002EFF3118482F31288BFF325
:107DE0006F8F03683BB1F8F769FB002084F31188BB
:107DF000BFF36F8F10BD6FF01500F7E708B5F8F708
:107E000059FC08BDF8F756BCB3F1FF3F08BFB2F10B
:107E1000FF3F70B504461D46164613D01A4315D0D1
:107E20006FF00102921B4FF0FF3363EB0501002955
:107E300004DAF8F73FFC821941EB0501C4E900219F
:107E4000204670BD4FF0FF321146F7E70022FBE7F6
:107E5000B3F1FF3F08BFB2F1FF3FF8B50746164642
:107E60001C4610D054EA020311D0F8F723FCB042AC
:107E70000A46A14103460AD2F31A64EB0204C7E999
:107E800000343846F8BD4FF0FF331C46F7E70023B7
:107E9000FBE70023C0E9081200F11802C0E906223E
:107EA000C0E9003303634363704710B50446FFF72E
:107EB0008FFFB0B9636A0BB12046984704F11800F0
:107EC000FFF7D1FE68B1FFF76BFE4FF04003EFF311
:107ED000118083F31288BFF36F8FBDE81040FFF766
:107EE0000DBF10BD03464FF04001EFF3118281F347
:107EF0001288BFF36F8F0021006B196382F3118822
:107F0000BFF36F8F70471423F0B503FB010000240B
:107F10004FF48B7601B9F0BD10F8073C40F80C4CDB
:107F200003F03F03082BA0F114070CD826FA03F343
:107F3000DB0708D550F8143C2BB150F8105C2B60CF
:107F40005D6040E9054482F31188BFF36F8F4FF005
:107F50004003EFF3118283F31288BFF36F8F01396F
:107F60003846D7E7F8B50D46D0E9001388420446F5
:107F700005D16368C5E900431D6065601DE0002B05
:107F8000F7D0986800B16038A2F160073946FFF772
:107F9000D6FD0028EDDC2668B442EAD0002EE8D0F9
:107FA000B16801B160393846FFF7C9FD002805DD29
:107FB0007368C5E900631D607560F8BD63689E4223
:107FC000D7D03668EAE72DE9F84F00258B461446EE
:107FD0001F4682462E46A8465D4502DB3046BDE878
:107FE000F88F4FF04003EFF3118983F31288BFF34A
:107FF0006F8F9AF80D3003F03F03013B072B0FD82A
:10800000DFE803F01E040E0A0E0E0E25DAF810301B
:108010009B682BB1022320E0DAF810301B688BBB81
:1080200047BB237833B39AF80D3003F03F03013B8D
:10803000072B30D8DFE803F033282F282F2F2F38D5
:10804000DAF810309B68002BEAD0012305E0DAF85B
:1080500010301B6A002BE3D01023DAF80C20CAF88A
:108060000880C2F386310B4363F39432CAF80C20C4
:1080700084F8008089F31188BFF36F8F01350AF10E
:10808000140AA9E70423E8E7DAF81000224651466B
:108090001030FFF767FFCAF808400136EAE7DAF860
:1080A000100022465146F4E7DAF810002246514605
:1080B0002430EEE72DE9F041846805460E46ECB128
:1080C0006378012B25D114F8533C9A0714D5A4F1F9
:1080D00060073846FFF7FAFD082E0CBF6FF0030368
:1080E0000023E36114F8533CDB0605D154F8483C07
:1080F00013B93846FFF754FD00232370EB68C3F330
:1081000086321643002066F39433A860EB60BDE826
:10811000F081022BF0D12378002BEDD054F8048CA1
:10812000B8F1000FE8D004F11400FFF751FEA4F1FC
:1081300014070023E36239464046FFF770FCDBE793
:1081400010B55205090201F47C5102F400120A43F1
:10815000017B00240A43C0E90323846010BD10B5ED
:1081600003464FF04002EFF3118482F31288BFF30D
:108170006F8F0068834208D0D0E9003213605A60E4
:108180000023C0E90033FFF795FF84F31188BFF3A4
:108190006F8F10BD0023C0E900008360704700238B
:1081A0008360704720B1011F50F8040CFFF783BAB9
:1081B000704720F00042B2F1FF4F70B5034604460D
:1081C00009D30146C9F766F901462046C8F7ACFB5A
:1081D0000446204670BD002AFBD0002806DA01467E
:1081E000C8F7A0FB0146C9F709FAF1E710F0FF4212
:1081F0004FEAE05128D0C3F3160343F40003CA0743
:10820000A1F17F0058BF5B00002440105B001925DE
:1082100026464FF0807172189A42DDBF56186418D6
:108220009A1A1A46013D4FEA42034FEA5101F2D130
:1082300012B1013424F00104641004F17C5404EB05
:10824000C054C6E75B0001321802FBD5013A891A17
:10825000D1E710B501390244904201D1002005E078
:10826000037811F8014FA34201D0181B10BD013053
:10827000F2E70A44914200F1FF3300D1704710B594
:1082800011F8014B03F8014F9142F9D110BD02449E
:108290000346934200D1704703F8011BF9E72DE92B
:1082A000F04F89B0DDE91598002B1D461446BCBF80
:1082B00003F10043144628F0200A149AB6BF1D4665
:1082C00000232D23BAF1460FDDE9126B137005D0A0
:1082D000BAF1450F00D10136022300E0032307AABB
:1082E000049206AACDE90292CDE9003622462B4639
:1082F000E6F7D2FDB8F1670F074619D11BF0010F61
:108300000ED007EB06080022002320462946C8F7B6
:108310001FFD08B1CDF81C803022079B434521D3B7
:10832000079B179ADB1B3846136009B0BDE8F08F36
:10833000B8F1470FE2D0BAF1460F00EB0608E2D1E0
:108340000378302B0AD10022002320462946C8F7A3
:10835000FFFC18B9C6F10106C9F80060D9F8003071
:108360009844D0E7591C07911A70D6E7F7B5002951
:10837000BABF49422D232B2309290270437029DDFE
:108380000DF107031D460A271A46B1FBF7F607FB56
:108390001614303402F8014C0C46632C03F1FF3301
:1083A0003146F1DC3031941E03F8011C411C234698
:1083B000AB420AD30DF109039B1AAC4288BF0023DC
:1083C00002330344181A03B0F0BD13F8016B01F82F
:1083D000016FEDE7302330318370C170031DF1E789
:1083E0002DE9F047164698468A680B69DDF820901B
:1083F0009342B8BF1346336091F8432007460C46BA
:108400000AB1013333602368990642BF33680233EF
:108410003360256815F0060506D104F1190AE368F2
:1084200032689B1AAB4226DC94F843302268003B4A
:1084300018BF012392062BD404F14302414638466B
:10844000C84701301ED02368226903F00603042BBD
:1084500002BFE5683368ED1AA3680CBF25EAE5752D
:1084600000259342C4BF9B1AED1800261A34B5426A
:108470001AD1002008E00123524641463846C84739
:10848000013003D14FF0FF30BDE8F0870135C6E77A
:10849000E1185A1C302081F84300224494F845101A
:1084A00082F843100233C7E701232246414638468B
:1084B000C8470130E6D00136D9E7034611F8012B51
:1084C00003F8012B002AF9D1704710B50246014488
:1084D0008A42134603D01C780132002CF8D1181AB6
:1084E00010BD2DE9F74F03690C69A34207467EDBF7
:1084F000013C01F11408A30000F11405009305EB01
:108500008403019358F8243055F8242001339A420B
:1085100008EB8409B2FBF3F62ED34FF0000AC446F1
:10852000AE46D3465CF8043B98B206FB00A0020CB2
:108530001B0C06FB0323DEF8002080B292B2121A55
:108540005A44DEF800004FEA134A9BB2C3EB2243C1
:1085500003EB104392B242EA0342E1454EF8042B8A
:108560004FEA234BDED2009BEB582BB9019B043B17
:108570009D421A462FD33C61384600F0D8F80028B7
:1085800025DB2946002058F8042BD1F800C01FFA3B
:1085900082FE1FFA8CF3A3EB0E030344120CC2EB12
:1085A000234202EB1C429BB243EA0243C14541F81D
:1085B000043B4FEA2240E6D255F8242005EB840321
:1085C00022B9043B9D421A460BD33C61013630462A
:1085D00003B0BDE8F08F1268043B002ACBD1013C08
:1085E000C6E71268043B002AEFD1013CEAE700200D
:1085F000EEE770B568234D1E5D430E4605F174012C
:10860000F8F752FF044640B10021C0E900160C30D3
:10861000A06005F16802FFF73AFE204670BD2DE923
:10862000F8430646884600F148040027D4E901953E
:10863000B9F1010905D52468002CF7D13846BDE809
:10864000F883AB89012B07D9B5F90E30013303D07C
:1086500029463046C04707436835E9E7884210B5E8
:1086600001EB020402D98442234607D8431EA142EB
:1086700008D011F8012B03F8012FF8E70244014656
:108680008A4200D110BD13F8014D02F8014DF7E701
:10869000B0F5803F034636BF030400201020B3F13D
:1086A000807F3CBF1B020830B3F1805F3CBF1B01E1
:1086B0000430B3F1804F03D3002B0ADB0130704745
:1086C0009B0001D5023070475B0001D50330704735
:1086D000202070470368024613F007000BD0D9072B
:1086E00021D4980749BF5B089B08012013605CBF39
:1086F00013600220704799B209B91B0C1020D9B23F
:1087000009B908301B0A190704BF1B09043099076F
:1087100004BF9B080230D90703D45B0800F10100B5
:1087200003D01360704700207047202070470A690B
:1087300003460069801A30B50ED11433143103EBAF
:10874000820401EB820154F8045D51F8042D954236
:1087500003D005D24FF0FF3030BDA342F3D3FBE787
:108760000120F9E738B502FB01F52946F8F79CFE30
:10877000044618B12A460021FFF789FD204638BD7E
:10878000F8B5074615460C4621B9BDE8F840114634
:10879000F8F78ABE22B9F8F73DFE00242046F8BD5E
:1087A00000F035F9A842F9D229463846F8F77CFEA0
:1087B00006460028F1D021462A46FFF75AFD2146F9
:1087C0003846F8F727FE3446E8E79368013B002B6C
:1087D00010B4936007DA9469A34201DB0A2902D13D
:1087E00010BCFAF70DB91368581C106019700846D0
:1087F00010BC7047F8B506460F461446D518AC4273
:1088000001D1002007E014F8011B3A463046FFF77B
:10881000DCFF431CF3D1F8BD10B50C46B1F90E10C6
:10882000FAF78CFA0028ABBF636DA3891B1823F4F9
:108830008053ACBF6365A38110BD2DE9F0411F4695
:108840008B89DB0505460C46164605D5B1F90E1099
:1088500002230022FAF720FAA389B4F90E1023F4B8
:108860008053A38132463B462846BDE8F041FAF7E3
:1088700019B910B50C46B1F90E10FAF70DFA431CF0
:10888000A38915BF606523F4805343F48053A3810B
:1088900018BFA38110BDB1F90E10FAF79FB9B1F955
:1088A0000C20F8B5170705460C4656D44B68002B2C
:1088B00002DC0B6C002B3DDDE66A002E3AD0002373
:1088C00012F480522F68216A2B6025D0626DA38933
:1088D000580705D56368D21A636B0BB1236CD21AA3
:1088E000216AE66A00232846B047411C24D00023B1
:1088F000636023692360A389DA0400D56065616B36
:108900002F60B9B104F14403994202D02846F8F728
:1089100081FD002363630DE001232846B047461C18
:108920000246D4D12B68002BD1D01D2B01D0162BA1
:108930002AD12F6000202EE02A68B4F90C3042B111
:108940001D2A01D0162A21D10023636023692360E8
:10895000D5E7626022692260CEE70F69002FE9D077
:1089600093070E6808BF4B690F6018BF0023F61B02
:108970008B60002EDEDD216AD4F828C033463A46EB
:108980002846E047002807DCB4F90C3043F04003E8
:10899000A3814FF0FF30F8BD0744361AE9E770B500
:1089A0000C46B1F90E10002996B015461E460DDA98
:1089B000A38913F0800F4FF0000114BF40234FF440
:1089C0008063002031602B6016B070BD6A46FAF7F4
:1089D000C7F90028ECDB019901F47041A1F50053BF
:1089E000594259414FF48063EBE782B001B901A9C4
:1089F00042B14BB113780B601278101E18BF0120E2
:108A000002B070471046FBE76FF00100F8E751F83D
:108A1000043C181F002BBCBF0B58C01870470346FE
:108A2000084641B1FF2A04D98A221A604FF0FF306C
:088A300070470A700120704735
:088A3800900EFE7F010000001A
:108A4000012D0200000000008DBB0200088B030016
:108A5000EF7503000000000091F502000000000027
:108A6000B5F5020000000000FDC002001C8B0300F1
:108A7000E1BD02000000000069E202000000000009
:108A80002B73030000000000BB6D0300448B030048
:108A900019C00200308B03002DC60200588B030062
:108AA0009DD2020000000000312D020000000000F5
:108AB000C1140200000000003D400300000000005F
:108AC00005E30200000000003DFA02000000000083
:108AD00005BA02006C8B0300092E020000000000A2
:108AE0009DD402000000000039C90200948B0300ED
:108AF00039C90200808B030039C90200A88B03002A
:088B000011C40200BC8B03004C
:108B08002DC80300189E0300309E0300410F00206B
:108B18009844002075C803005C9E0300749E0300FF
:108B2800470F00204045002056C803000000000001
:108B38004C9E0300430F0020EC44002066C803004D
:108B480000000000549E0300450F002000000000B4
:108B580042C90300CC9E0300009F03004B0F002076
:108B6800A009002011C8030000000000009E0300B7
:108B78003F0F0020000000001CCB03000C9F0300E7
:108B880014A003004D0F0020BC09002029CB0300CE
:108B9800649F030014A003004F0F00202C0A00203C
:108BA80036CB0300BC9F030014A00300510F002024
:108BB8009C0A002004C90300989E0300C49E030079
:088BC800490F0020000000002D
:108BD00041730300617303000000000015400300AF
:108BE000588B0300B96F0300F9F0020061730300B2
:108BF00009F102006173030000000000154003004A
:108C000041EC0200617303006C8B030049BA02005F
:108C100000000000154003000000000015400300A4
:108C20000000000015400300000000001540030094
:108C30000000000015400300EC44002089C0020041
:108C40000000000015400300000000001540030074
:108C50000000000015400300000000002DD30200BA
:108C60000000000015400300000000001540030054
:108C70000000000015400300000000001540030044
:108C80000000000015400300000000001540030034
:108C900000000000154003000000000059E202003F
:108CA0000000000015400300000000001540030014
:108CB0000000000015400300000000001540030004
:108CC00000000000154003000000000015400300F4
:108CD00000000000154003000000000015400300E4
:108CE000000000001540030019F102006173030049
:108CF00000000000154003000000000015400300C4
:088D0000000000001540030013
:108D080005000000056B02000000000006000000DE
:108D180069A2020000000000040000004172020085
:048D28000000000047
:108D2C00289C030008000000C89C030007000000FA
:108D3C00A897030004000000F8970300030000004C
:108D4C00589703000400000034980300030000004F
:108D5C007098030003000000AC98030003000000AF
:108D6C001EC8030003000000AEB80300030000009F
:108D7C00EBBF03000300000054BC03000300000021
:108D8C0083C60300030000003AAD0300030000009B
:108D9C009AB9030003000000DDC1030003000000CA
:108DAC007BB50300030000001FB8030003000000A4
:108DBC006BC6030003000000D0BD030003000000DD
:108DCC0019AD03000300000082A70300030000009C
:108DDC00B3CC0300030000001FCD03000300000010
:108DEC00A1CC03000300000064C6030003000000D4
:108DFC006CA603000300000048C803000300000039
:108E0C0061CB0300030000008BA6030003000000ED
:108E1C008FA603000300000049CD030003000000EF
:108E2C0063AC0300030000008DC6030003000000C8
:108E3C0095C60300030000007EA70300030000009A
:108E4C003FCE030003000000EAAC03000300000067
:108E5C0043CB03000300000050C9030003000000D3
:088E6C000DC903000300000022
:108E740034990300344100206EA703000100000070
:0C8E8400FFFFFFFFFFFFFFFFFFFFFFFFEE
:108E90000000000009000000A0000000F000000039
:108EA00000000000000000000000000100000002BF
:108EB0000000000400000008000000100000002076
:108EC00000000040000000800000001B0000003691
:108ED00084B4030089B403008DB4030091B403008B
:108EE00095B4030099B403009DB40300A1B403003A
:108EF000A5B40300A9B40300ADB40300B1B40300EA
:108F0000B5B40300B9B4030000002CA6E0A1000032
:108F100020A800000000000020A8000001020800B6
:108F2000A301B103BF050000EF024906A309000039
:108F3000C505F50B251200000E021C045A03B406E9
:108F40003006600CF401FA00960064004B00320019
:108F50001E0014000A0005000200010000000000CD
:108F6000141E0000301100000000000060EA000044
:108F700000000000000000000000000060EA0000A7
:108F80000102080000002CA6E0A1000020A80000BB
:108F90000000000020A8000025262700010208008C
:108FA0000102080000000000141E00003011000043
:108FB0000000000060EA0000000000000000000067
:108FC0000000000060EA000000002CA6E0A1000004
:108FD00020A800000000000020A8000000002CA62F
:108FE000E0A1000020A800000000000020A8000070
:108FF00000002CA6E0A1000020A800000000000056
:1090000020A80000F401FA00960064004B00320032
:109010001E0014000A00050002000100000000000C
:10902000141E0000301100000000000060EA000083
:1090300000000000000000000000000060EA0000E6
:1090400000002CA6E0A1000020A800000000000005
:1090500020A80000F401FA00960064004B003200E2
:109060001E0014000A0005000200010000002CA6EA
:10907000E0A1000020A800000000000020A80000DF
:10908000F401FA00960064004B0032001E00140048
:109090000A0005000200010000000000141E00008C
:1090A000301100000000000060EA00000000000035
:1090B000000000000000000060EA0000010208005B
:1090C00000002CA6E0A1000020A800000000000085
:1090D00020A80102040100010000010100000100BC
:1090E00001000001000100000000F401FA009600F8
:1090F00064004B0032001E0014000A00050002004C
:10910000010001000B0002000A00050009000A002E
:109110000800140007001E000600320005004B0086
:1091200004006400030096000200FA000100F4014C
:1091300000000C0802170D010102090901010602D5
:109140000918180301010909030305030201230299
:1091500002240910040405050B0B040B2B0000006E
:109160002CA6E0A1000020A800000000000020A81C
:10917000F401FA00960064004B0032001E00140057
:109180000A0005000200010000000000141E00009B
:10919000301100000000000060EA00000000000044
:1091A000000000000000000060EA000000002CA6A3
:1091B000E0A1000020A800000000000020A800009E
:1091C0002CA6E0A1000020A800000000000020A8BC
:1091D00000000000141E000030110000000000001C
:1091E00060EA000000000000000000000000000035
:1091F00060EA00000102080000000000141E0000E8
:10920000301100000000000060EA000000000000D3
:10921000000000000000000060EA00000300000001
:109220002CA6E0A1000020A800000000000020A85B
:10923000F401FA00960064004B0032001E00140096
:109240000A00050002000100E3A3C3000406080AA7
:109250000C0E10121416181C1E20222426282A2C4C
:109260002E30323436383A3C3E40424446484A4C2E
:109270004E021A50000000002800000018000000F4
:10928000000000005001000000000000000000008D
:10929000000000005001000000000000141E00004B
:1092A000301100000000000060EA00000000000033
:1092B000000000000000000060EA00000000000064
:1092C000141E00003011000000000000B45F000018
:1092D0000000000000000000000000003C730000DF
:1092E000010000001011004000000000000000001C
:1092F000000000000000000000002CA6E0A100001B
:1093000020A800000000000020A800000000DC05EC
:10931000E80300000000000000000000D417000077
:109320000000000070170000A00F00000000000007
:109330003C280000000000000000000000000000C9
:109340003C2800000000DC05E803000000000000ED
:1093500000000000D417000000000000141E0000F0
:10936000301100000000000060EA00000000000072
:10937000000000000000000060EA00000000340867
:10938000E8030000280A000000000000280A00008E
:109390000000DC05E8030000000000000000000001
:1093A000D41700000000401FA00F0000803E000006
:1093B0000000000000FA000000002CA6E0A1000060
:1093C00020A800000000000020A8000000003408D1
:1093D000E8030000280A000000000000280A00003E
:1093E0000000DC05E80300000000000000000000B1
:1093F000D41700000000401FA00F0000803E0000B6
:109400000000000000FA000000002CA6E0A100000F
:1094100020A800000000000020A800000000340880
:10942000E8030000280A000000000000280A0000ED
:109430000000DC05E8030000000000000000000060
:10944000D41700000000401FA00F0000803E000065
:109450000000000000FA000000002CA6E0A10000BF
:1094600020A800000000000020A800000000340830
:10947000E8030000280A000000000000280A00009D
:109480000000DC05E8030000000000000000000010
:10949000D41700000000401FA00F0000803E000015
:1094A0000000000000FA000000002CA6E0A100006F
:1094B00020A800000000000020A8000000003408E0
:1094C000E8030000280A000000000000280A00004D
:1094D0000000DC05E80300000000000000000000C0
:1094E000D41700000000401FA00F0000803E0000C5
:1094F0000000000000FA000000002CA6E0A100001F
:1095000020A800000000000020A8000000000028A3
:109510000000002000003408E8030000280A0000D2
:1095200000000000280A00000000DC05E80300003D
:109530000000000000000000D41700000000401FE1
:10954000A00F0000803E00000000000000FA0000B4
:1095500000002CA6E0A1000020A8000000000000F0
:1095600020A80000D8ECF0F4F8FC00020304050683
:1095700007080000000000000000000000000000DC
:1095800000000000000001010101020202020303C9
:10959000030304040404050505050606060809007E
:1095A00000000000000000000000000000000000BB
:1095B000000000010101010202020203030303048F
:1095C0000404040505050506060708090A0B0C0D29
:1095D00007090902030700100200FA00000000005A
:1095E00043E901004FE9010053E901005BE9010093
:1095F0005FE90100180028000000900101030062EB
:10960000746C650000000000000000000000000015
:10961000000000000000000000000000000000004A
:10962000000000000000000000000000000000003A
:109630000001000000000000000000000000000029
:109640000338FDD8704700000080E03779C34143FC
:10965000176E05B5B5B89346F5F93FE9034F384D98
:10966000321D30F94877825A3CBF737FDD4F157544
:10967000000000000000F03F000000000000244057
:1096800000000000000059400000000000408F4032
:10969000000000000088C34000000000006AF8409D
:1096A0000000000080842E4100000000D0126341C1
:1096B0000000000084D797410000000065CDCD4137
:1096C000000000205FA00242000000E87648374218
:1096D000000000A2941A6D42000040E59C30A242B6
:1096E0000000901EC4BCD64200003426F56B0C432B
:1096F0000080E03779C3414300A0D88557347643D2
:1097000000C84E676DC1AB43003D9160E458E14332
:10971000408CB5781DAF154450EFE2D6E41A4B44A7
:1097200092D54D06CFF08044F64AE1C7022DB544EC
:10973000B49DD9794378EA4401010000080E002065
:1097400007100000F80D00201C8B03001A00000019
:109750001C8B0300110000006C0D0020615B0300F6
:10976000000000002B0E002000000100680D00200A
:10977000DD5D03000000000038080020000001004B
:10978000090E00200B2E030000000000FE46002002
:1097900000000100640D0020335B03008D80020097
:1097A0000C08002000000300780D0020615B03001E
:1097B000000000005E0E002000000100740D00207B
:1097C000DD5D0300000000006C08002000000100C7
:1097D0003C0E00200B2E0300000000003747002045
:1097E00000000100700D0020335B03008D8002003B
:1097F0004008002000000300800D0020615B030092
:1098000000000000910E0020000001007C0D0020EF
:10981000DD5D03000000000074080020000001006E
:109820006F0E00200B2E0300000000003B0F0020F5
:1098300000000100880D0020615B030000000000B3
:10984000C40E002000000100840D0020DD5D030037
:10985000000000007C08002000000100A20E002093
:109860000B2E0300000000003C0F00200000010050
:10987000900D0020615B030000000000F70E002047
:10988000000001008C0D0020DD5D030000000000E1
:109890008408002000000100D50E00200000000018
:1098A000850002000000000000000200980D00206A
:1098B000615B0300000000002A0F0020000001008F
:1098C000940D0020DD5D0300000000008C080020E6
:1098D00000000100080F0020000000005D000200F1
:1098E0000000000000000200D02500200001000060
:1098F000FB3903009D39030002000000051E020031
:109900000000000000000000000000000000000057
:109910004EA7030056A7030000000000000000004F
:10992000000000005EA7030062A7030066A7030013
:109930006AA70300311F0200251F0200111F020049
:10994000F91E020000000000051F020000000000D8
:109950007D1F02003C4100203F4700201000000016
:10996000000000200000000000000B0602000000C4
:109970007499030000000000D2AC03002400020729
:1099800000000020DAAC03001E000B11F49D030060
:1099900094990300FF00000020830020F49D030041
:1099A000A49903002D000000588E0020F49D0300B0
:1099B000B49903000B000000408F0020BDB40300E9
:1099C000DBB40300F6B4030006B5030013B50300CF
:1099D0001CB5030023B503002AB5030031B503000D
:1099E00039B5030013B5030041B5030053B50300B7
:1099F00068B503000E030000E53402000F04000008
:109A0000B93402001A0100007D2F02000504000095
:109A1000952F02001301000035350200FF01000000
:109A20002D4203003E010000ED310200050400005C
:109A3000E12F0200080400008D3E02003003000008
:109A4000053E020010010000B530020002010000D6
:109A50006D56020001120000913D02000A1E000036
:109A60006D4303000309000065360200040B00008B
:109A70000D320200060A00008D400200070A0000B5
:109A8000853002000C05000051300200050C00007A
:109A9000CD3F020008410000455A020009210000A4
:109AA000C95A0200F49D0300AC9A0300460000006E
:109AB0006C8F0020E3BB0300F0BB030004BC030079
:109AC00014BC030024BC030033BC030049BC0300E6
:109AD00030BD030046BC0300F49D0300E09A030080
:109AE000FF00000038900020F49D0300F09A03006E
:109AF0004900000078920020AB4C0300E34C0300C7
:109B0000000000000000000000000000D96C02000E
:109B10000000000000000000000000000000000045
:109B20005155030091550300D555030051550300CD
:109B3000B7550300915503000202010023560300AC
:109B400004040100A17B020006060100D57A020090
:109B5000080401000D7A02000A0201000B560300FE
:109B60000C040100F35503000E040100C978020043
:109B70002004010021780200100401002577020072
:109B800012020100E3540300160401005B4E0300BF
:109B900018010100E95103001E000400C55603002E
:109BA000520200000955030001040200357D020045
:109BB00003020200C9560300050102009356030088
:109BC000070402009D56030009010200A15603008C
:109BD0000B000200A55603000D000200A956030069
:109BE0000F000200AD56030021020200B15603002F
:109BF00011010200B556030013000200B95603001C
:109C000017040200BD56030019000200C1560300EC
:109C10001B020300754E03001D0205004B54030098
:109C200023040300634E0300C80D0020615B0300A2
:109C300000000000C40D002000000100C00D002045
:109C4000DD5D0300000000004C0900200000010061
:109C5000B80D00200000000000000000000000001F
:109C600000000000B40D0020335B03008D80020073
:109C70005409002000000300B00D0020DD5D03004A
:109C8000000000004409002000000100A80D002091
:109C9000995B0300C1830200000000000000030084
:109CA000A40D0020DD5D0300000000003C09002041
:109CB000000001009C0D0020B186020000000000A1
:109CC0000000000000000100F40D0020615B0300B3
:109CD00000000000F00D002000000100EC0D00204D
:109CE000DD5D03000000000090090020000001007D
:109CF000E40D0020C95B030000000000000000002C
:109D000000000100E00D0020DD5D03000000000008
:109D10008809002000000100D80D0020F35B03003B
:109D2000000000000000000000000100D40D002031
:109D3000DD5D03000000000080090020000001003C
:109D4000CC0D00202982020000000000000000006D
:109D500000000100E5A10200D168030025B0020067
:109D60000000000000000000B9AB0200000000008D
:109D700000000000000000000000000000000000E3
:109D8000000000001DA0020006000000ADA50200BA
:109D90000600000011A50200100000002DA702001F
:109DA00010000000C5AF02000100000085A4020001
:109DB00010000000F9AE02000A000000F9A3020042
:109DC0001000000025AD0200070000001361030031
:109DD00010000000119F02000100000061980200C5
:109DE00040000000419C020010000000B36203002C
:109DF0000100000095B5020000000000FD6A0300AC
:109E000039B7020035B802005802000049BB020011
:109E100019BB02000000000035BC0200F9BC0200C2
:109E20003CC80300D5BC0200AF6D030042C803006C
:109E300099BC02002D6D03008F6D0300000000002F
:109E4000A36C03000000000000000000C1BF02007E
:109E500015BF0200BF6D030000000000FFFFFFFF01
:109E60000000005000000000000000000060004002
:109E70000000000081C10200DD6D0300EB6D0300F6
:109E8000036E03000F6E03001B6E030001C302008C
:109E9000356E030000000000A88B030000093D00A0
:109EA00000010000000000000000000000000000B1
:109EB00035480020180000007040030018C9030056
:109EC00008000000876E0300F5C302000020004078
:109ED0000200000000000000DC9E030000200040A3
:109EE000E89E030001000000F09E03000400000053
:109EF0000600000008000100050002000700030042
:109F0000716F03006DC80200636F030000300240F0
:109F100002000000000000FF00FF00000000000041
:109F20000000000101000000437003003C9F03009B
:109F3000FFFFFFFF000000000000000000300240B3
:109F4000489F030001000000509F03000300000031
:109F50001900040017000500180006001C8B030000
:109F6000160001000040004001000000000000FF5A
:109F700000FF0000000000000000000101000000E0
:109F800039700300949F0300FFFFFFFF00000000F3
:109F90000000000000400040A09F030001000000FE
:109FA000A89F0300030000001F0004001E0005001E
:109FB0001D0006000000000000000000003000400E
:109FC00000000000000000FF00FF00000000000093
:109FD00000000001010000002F700300EC9F03004F
:109FE000FFFFFFFF00000000000000000030004005
:109FF000F89F03000100000000A003000300000020
:10A000001D0004000E0005001E00060000000000F8
:10A010000000000089CB0200CB7003008BCC030052
:10A02000000000000000000041D602000F71030094
:10A0300033710300F0CD0300FECD030012CE030008
:10A0400021CE03002DCE0300408A0300408A030086
:10A05000A08A0300B08A0300088B0300088B03006A
:10A06000512563FCC2CAB9F3849E17A7ADFAE6BCBA
:10A07000FFFFFFFFFFFFFFFF00000000FFFFFFFFEC
:10A08000AAAAAAAAAAAAAAAAAAAAAAAA5555555584
:10A0900055555555555555550000000055555555C4
:10A0A000522563FCC2CAB9F3849E17A7ADFAE6BC79
:10A0B000FFFFFFFFFFFFFFFF00000000FFFFFFFFAC
:10A0C000512563FCC2CAB9F3849E17A7ADFAE6BC5A
:10A0D000FFFFFFFFFFFFFFFF00000000FFFFFFFF8C
:10A0E00096C298D84539A1F4A033EB2D817D037732
:10A0F000F240A463E5E6BCF847422CE1F2D1176BCD
:10A10000F551BF376840B6CBCE5E316B5733CE2B9F
:10A11000169E0F7C4AEBE78E9B7F1AFEE242E34FCE
:10A120004B60D2273E3CCE3BF6B053CCB0061D650B
:10A13000BC86987655BDEBB3E7933AAAD835C65A94
:10A14000FCFFFFFFFFFFFFFFFFFFFFFF000000001E
:10A15000000000000000000001000000FFFFFFFF02
:10A1600000000000000000000000000000000000EF
:10A1700000000000000000000000000000000000DF
:10A1800000000000000000000000000000000000CF
:10A1900000000000000000000000000000000000BF
:10A1A00000000000000000000000000000000000AF
:10A1B000000000000000000000000000000000009F
:10A1C000880B002005000000190000007D00000041
:10A1D0004C6F6E672070726573732064657465637D
:10A1E000746564210A0053686F727420707265731D
:10A1F000732064657465637465642E20546F6767AB
:10A200006C696E6720424C452061647665727469A2
:10A2100073696E672E2E2E0A005374617274757006
:10A220000A004750494F20706F7274206E6F74207F
:10A2300072656164790A00424C4520496E6974690F
:10A24000616C697A656420737563636573736675A1
:10A250006C6C792E00424C4520496E697469616CC2
:10A26000697A6174696F6E206661696C65642E003D
:10A2700041444320446576696365206E6F742072A3
:10A280006561647900426174746572792041444368
:10A29000205365747570206661696C656420776908
:10A2A0007468206572726F722025642E0A00414422
:10A2B000432072656164696E67206661696C6564DC
:10A2C0002077697468206572726F722025642E0A87
:10A2D000002D2D2D2D2D2D3E3E3E3E3E3E3E3E3E42
:10A2E00056616C7565206F66207468726573686F5F
:10A2F0006C64207661726961626C653A2025640A3B
:10A30000004661696C656420746F206E6F746966C5
:10A31000792028657272202564290A0054687265C4
:10A3200073686F6C64206E6F7469666963617469C9
:10A330006F6E2073656E743A202564202864423D58
:10A34000252E3166290A006442204E6F74696669C1
:10A35000636174696F6E2073656E743A2025640AB8
:10A3600000526563656976656420696E746567652A
:10A37000723A2025640A002D2D2D2D2D2D56616C4D
:10A3800075652073746F72656420696E20746872DD
:10A390006573686F6C64207661726961626C653A9E
:10A3A0002025640A005265636569766564205365FB
:10A3B000742053747265616D3A2025640A0042541A
:10A3C0005F454E41424C452052455455524E202542
:10A3D000640A00425420454E41424C450044697392
:10A3E000636F6E6E65637465642028726561736F58
:10A3F0006E202575290A004E6F7469666963617461
:10A40000696F6E7320656E61626C65640A00656ECB
:10A4100061626C6564004E6F74696669636174693A
:10A420006F6E732025730A004E6F746966696361ED
:10A4300074696F6E732064697361626C65640A008D
:10A4400064697361626C6564004572726F722C207E
:10A450004343434420686173206265656E207365E1
:10A460007420746F20616E20696E76616C6964205F
:10A4700076616C75650A00436F6E6E656374696F13
:10A480006E206661696C656420286572722025758E
:10A49000290A00436F756C64206E6F7420706172BE
:10A4A000736520696E666F007075626C6963007217
:10A4B000616E646F6D007075626C69632D69640014
:10A4C00072616E646F6D2D696400253032583A25D3
:10A4D0003032583A253032583A253032583A253001
:10A4E00032583A25303258202825732900436F6EA0
:10A4F0006E656374696F6E2065737461626C6973F5
:10A500006865642120436F6E6E65637465642074B2
:10A510006F3A20257320526F6C653A2025752043D1
:10A520006F6E6E656374696F6E20696E74657276A6
:10A53000616C3A20257520536C617665206C6174DE
:10A54000656E63793A20257520436F6E6E6563747E
:10A55000696F6E2073757065727669736F7279209A
:10A5600074696D656F75743A2025750A00636F6EA6
:10A570006E20706172616D20757064617465206613
:10A5800061696C656420282564290A00496E697434
:10A5900069616C697A696E6720424C45004274209B
:10A5A000456E61626C65206661696C6564207769DF
:10A5B0007468206572726F7220636F64652028630F
:10A5C0006F6465202564290A0028756E7369676EBB
:10A5D0006564292063686172202A20757365642090
:10A5E000666F722025257020617267756D656E74C7
:10A5F0002E2049742773207265636F6D6D656E64DC
:10A60000656420746F206361737420697420746FB3
:10A6100020766F6964202A20626563617573652006
:10A620006974206D6179206361757365206D69734C
:10A630006265686176696F7220696E206365727405
:10A6400061696E20636F6E66696775726174696FA8
:10A650006E732E20537472696E673A22257322201E
:10A66000617267756D656E743A256400636270721D
:10A67000696E74665F7061636B61676500286E69FF
:10A680006C29006C6F6767696E67006C6F67006CA0
:10A690006F675F6D676D74004D65737361676520EB
:10A6A0002822257322292064726F707065642062ED
:10A6B0006563617573652069742065786365656499
:10A6C000732073697A65206C696D69746174696F50
:10A6D0006E2028257529000D0A001B5B306D0025B2
:10A6E0007320005B2530386C755D20005B253032AF
:10A6F000753A253032753A253032752E253033754E
:10A700002C253033755D20003C25733E20002573D9
:10A710002F0025733A200025303278200020202099
:10A72000007C00256300206D65737361676573208D
:10A7300064726F70706564202D2D2D0D0A1B5B30C7
:10A740006D001B5B313B33316D2D2D2D20001B5BCC
:10A75000313B33316D001B5B313B33336D00657230
:10A76000720077726E00696E6600646267006C6FDB
:10A77000675F6261636B656E645F727474006E72B2
:10A78000665F62745F7363616E00637C777BF26BFC
:10A790006FC53001672BFED7AB76CA82C97DFA59E7
:10A7A00047F0ADD4A2AF9CA472C0B7FD9326363F4C
:10A7B000F7CC34A5E5F171D8311504C723C3189639
:10A7C000059A071280E2EB27B27509832C1A1B6EDB
:10A7D0005AA0523BD6B329E32F8453D100ED20FC7D
:10A7E000B15B6ACBBE394A4C58CFD0EFAAFB434D80
:10A7F000338545F9027F503C9FA851A3408F929D1D
:10A8000038F5BCB6DA2110FFF3D2CD0C13EC5F970C
:10A810004417C4A77E3D645D197360814FDC222A12
:10A82000908846EEB814DE5E0BDBE0323A0A490649
:10A83000245CC2D3AC629195E479E7C8376D8DD5BD
:10A840004EA96C56F4EA657AAE08BA78252E1CA695
:10A85000B4C6E8DD741F4BBD8B8A703EB5664803F5
:10A86000F60E613557B986C11D9EE1F8981169D978
:10A870008E949B1E87E9CE5528DF8CA1890DBFE6FB
:10A88000426841992D0FB054BB1672302F61313A96
:10A890002020307825303878202072312F61323AEC
:10A8A0002020307825303878202072322F61333ADA
:10A8B00020203078253038780072332F61343A20E8
:10A8C00020307825303878207231322F69703A2064
:10A8D00020307825303878207231342F6C723A204D
:10A8E000203078253038780020787073723A202034
:10A8F000307825303878004661756C74696E672051
:10A90000696E737472756374696F6E2061646472CA
:10A9100065737320287231352F7063293A2030789F
:10A9200025303878002A2A2A2A2A204255532046E0
:10A9300041554C54202A2A2A2A2A00202053746187
:10A94000636B696E67206572726F72002020556EAE
:10A95000737461636B696E67206572726F72002039
:10A96000205072656369736520646174612062754B
:10A9700073206572726F720020204246415220415E
:10A980006464726573733A2030782578002020491A
:10A990006D707265636973652064617461206275AE
:10A9A00073206572726F72002020496E7374727525
:10A9B0006374696F6E20627573206572726F7200C6
:10A9C0002020466C6F6174696E672D706F696E74BC
:10A9D000206C617A7920737461746520707265737C
:10A9E0006572766174696F6E206572726F72002A8B
:10A9F0002A2A2A2A205553414745204641554C547E
:10AA0000202A2A2A2A2A0020204469766973696F3D
:10AA10006E206279207A65726F002020556E616C1D
:10AA200069676E6564206D656D6F7279206163631F
:10AA30006573730020204E6F20636F70726F6365C3
:10AA400073736F7220696E737472756374696F6E5D
:10AA500073002020496C6C6567616C206C6F6164C9
:10AA6000206F66204558435F52455455524E206929
:10AA70006E746F205043002020496C6C6567616CD8
:10AA800020757365206F66207468652045505352A9
:10AA9000002020417474656D707420746F20657897
:10AAA000656375746520756E646566696E6564209E
:10AAB000696E737472756374696F6E002A2A2A2A2C
:10AAC0002A204D5055204641554C54202A2A2A2AE6
:10AAD0002A002020537461636B696E67206572726F
:10AAE0006F722028636F6E7465787420617265617F
:10AAF000206D69676874206265206E6F74207661CE
:10AB00006C6964290020204461746120416363659D
:10AB100073732056696F6C6174696F6E0020204DED
:10AB20004D46415220416464726573733A20307817
:10AB30002578002020496E737472756374696F6E96
:10AB4000204163636573732056696F6C6174696F2C
:10AB50006E00526573657276656420457863657032
:10AB600074696F6E20280053707572696F75732059
:10AB7000696E746572727570742028495251200094
:10AB8000535053454C20696E20746872656164208F
:10AB90006D6F646520646F6573206E6F7420696EDD
:10ABA00064696361746520505350002A2A2A2A2A56
:10ABB0002048415244204641554C54202A2A2A2AF2
:10ABC0002A002020427573206661756C74206F6EB8
:10ABD00020766563746F72207461626C65207265A3
:10ABE00061640020204465627567206576656E7437
:10ABF0000020204661756C7420657363616C61741C
:10AC0000696F6E20287365652062656C6F77290017
:10AC1000415243485F455843455054207769746812
:10AC200020726561736F6E2025780A002A2A2A2A0D
:10AC30002A204465627567206D6F6E69746F72209B
:10AC4000657863657074696F6E202A2A2A2A2A0043
:10AC50002A2A2A2A2A20257320256429202A2A2AFA
:10AC60002A2A006D7075004661696C656420746FF6
:10AC700020616C6C6F63617465206E6577204D5048
:10AC80005520726567696F6E2025750A00506172E4
:10AC9000746974696F6E2025753A2073616E6974EA
:10ACA0007920636865636B206661696C65642E005A
:10ACB000496E76616C69642061747472696275743E
:10ACC0006520666F722074686520726567696F6EB3
:10ACD0000A00464C4153485F30005352414D5F30AB
:10ACE0000061626F727428290A00736F630000FFAD
:10ACF000FFFFFFFFFF00000000000000FFFFFFFF5D
:10AD0000FFFF0000000000003031323334353637A9
:10AD100038396162636465660062745F72706100F5
:10AD200042545F4C575F57510002FB349B5F8000D9
:10AD30000080001000000000000062745F64617415
:10AD400061004461746120627566666572206F7689
:10AD50006572666C6F7720286C696E6B20747970F1
:10AD600065203078253032782900556E61626C6537
:10AD700020746F206C6F6F6B20757020636F6E6E28
:10AD800020776974682068616E646C6520257500A1
:10AD9000556E61626C6520746F206C6F6F6B75709F
:10ADA00020636F6E6E20666F722068616E646C65E2
:10ADB0002025750048617264776172652065727242
:10ADC0006F722C20686172647761726520636F64B2
:10ADD000653A20256400436F756C64206E6F7420A3
:10ADE0007375626D69742072785F776F726B3A2049
:10ADF000256400556E61626C6520746F20616C6C17
:10AE00006F636174652062756666657200556E6871
:10AE1000616E646C6564206576656E74203078259B
:10AE2000303278206C656E2025753A2025730054E9
:10AE30006F6F20736D616C6C2028257520627974AA
:10AE4000657329206576656E7420307825303278F8
:10AE500000496E76616C6964204843492041434C47
:10AE6000207061636B65742073697A65202825758D
:10AE7000290041434C2064617461206C656E6774E5
:10AE800068206D69736D61746368202825752021C1
:10AE90003D2025752900556E61626C6520746F2018
:10AEA00066696E6420636F6E6E20666F72206861E3
:10AEB0006E646C6520257500496E76616C6964204E
:10AEC000484349206576656E742073697A65202849
:10AED00025752900574553545F544F504449522F0C
:10AEE0007A65706879722F7375627379732F626CEB
:10AEF0007565746F6F74682F686F73742F686369FA
:10AF00005F636F72652E630062745F6863695F657B
:10AF100076745F6765745F666C61677328686472D6
:10AF20002D3E657674292026202831554C203C3C46
:10AF3000202831292900415353455254494F4E206E
:10AF40004641494C205B25735D20402025733A25FE
:10AF5000640A00556E6B6E6F776E206275662074A2
:10AF6000797065202575006F70636F646520307897
:10AF70002530347820706F6F6C206964202575202F
:10AF8000706F6F6C20257020213D20266863695FFB
:10AF9000636D645F706F6F6C202570004F70436F3E
:10AFA00064652030782530347820636F6D706C656F
:10AFB00074656420696E7374656164206F662065D2
:10AFC0007870656374656420307825303478005576
:10AFD0006E657870656374656420484F53545F4EA6
:10AFE000554D5F434F4D504C455445445F50414390
:10AFF0004B45545320287374617475732030782541
:10B000003032782900657674206E756D5F68616EE8
:10B01000646C657320283D25752920746F6F206C42
:10B020006172676520282575203E20257529004E10
:10B030006F20636F6E6E656374696F6E20666F72EA
:10B040002068616E646C65202575007061636B65B6
:10B05000747320636F756E74206D69736D617463B2
:10B060006800657272203D3D20300009636F6D6D90
:10B07000616E64206F70636F6465203078253034B2
:10B08000782074696D656F757420776974682065C0
:10B0900072722025640A006F70636F6465203078D7
:10B0A00025303478207374617475732030782530BE
:10B0B0003278004661696C656420746F2072656146
:10B0C0006420444C45206D61782064617461206C7B
:10B0D000656E004E6F2070656E64696E67207065E6
:10B0E000726970686572616C20636F6E6E656374FF
:10B0F000696F6E004E6F2070656E64696E672063C5
:10B10000656E7472616C20636F6E6E656374696FD7
:10B110006E00556E65787065637465642073746144
:10B1200074757320307825303278004E6F2070654A
:10B130006E64696E6720636F6E6E20666F7220703A
:10B14000656572202573004661696C6564207265CF
:10B1500061642072656D6F746520666561747572D7
:10B1600065732028256429004661696C6564204C5C
:10B1700045205365742050485920282564290046ED
:10B1800061696C656420746F2073657420646174F8
:10B1900061206C656E2028256429004661696C6514
:10B1A0006420746F207365742072657175697265AF
:10B1B00064207365637572697479206C6576656C5B
:10B1C00000756E6B6E6F776E00556E61626C6520F8
:10B1D000746F2073656E6420746F20647269766585
:10B1E00072202865727220256429004F7574206FC3
:10B1F0006620636F6D6D616E642062756666657250
:10B200007300556E636C65617265642070656E6471
:10B21000696E672073656E745F636D6400556E655B
:10B2200078706563746564206B5F706F6C6C20650B
:10B2300076656E742073746174652025750065767B
:10B24000745F666C6167732026202831554C203C62
:10B250003C202830292900496E76616C696420629F
:10B2600075662074797065202575005B305D004936
:10B2700064656E7469747925733A20257300496496
:10B28000656E746974795B25645D3A2025730048A6
:10B2900043493A2076657273696F6E2025732028C2
:10B2A00030782530327829207265766973696F6E3F
:10B2B000203078253034782C206D616E756661639E
:10B2C000747572657220307825303478004C4D509A
:10B2D0003A2076657273696F6E2025732028307866
:10B2E0002530327829207375627665722030782592
:10B2F000303478004E6F6E2D4C4520636170616272
:10B300006C6520636F6E74726F6C6C65722064651F
:10B31000746563746564210041434C2042522F459B
:10B3200044522062756666657273206E6F74206980
:10B330006E697469616C697A65640056656E646FE4
:10B34000722048434920657874656E73696F6E7327
:10B35000206E6F7420617661696C61626C65004873
:10B360005720506C6174666F726D3A2025732028E7
:10B370003078253034782900485720566172696149
:10B380006E743A20257320283078253034782900CF
:10B390004669726D776172653A202573202830788E
:10B3A00025303278292056657273696F6E202575B5
:10B3B0002E2575204275696C6420257500466169EB
:10B3C0006C656420746F20726561642073757070A1
:10B3D0006F727465642076656E646F7220636F6D42
:10B3E0006D616E6473004661696C656420746F20E2
:10B3F0007265616420737570706F72746564207615
:10B40000656E646F72206665617475726573004E57
:10B410006F204843492064726976657220726567BF
:10B420006973746572656400425420545800425434
:10B430002052580048434920647269766572206F33
:10B4400070656E206661696C65642028256429003A
:10B450004D69632D53656E73650000090909090183
:10B460000209090909090909090909090709090955
:10B47000090906090909090909090909090909093F
:10B4800009090905312E306200312E3100312E328A
:10B4900000322E3000322E3100332E3000342E3068
:10B4A00000342E3100342E3200352E3000352E314E
:10B4B00000352E3200352E3300352E3400537461A2
:10B4C0006E6461726420426C7565746F6F7468207D
:10B4D000636F6E74726F6C6C65720056656E646F2C
:10B4E0007220737065636966696320636F6E74723E
:10B4F0006F6C6C6572004669726D77617265206C65
:10B500006F616465720052657363756520696D6172
:10B510006765007265736572766564006E524635C4
:10B520003178006E5246353278006E5246353378A7
:10B53000006E524635344878006E524635344C78A9
:10B5400000496E74656C20436F72706F726174692C
:10B550006F6E004E6F726469632053656D69636F2F
:10B560006E647563746F72004E58502053656D6938
:10B57000636F6E647563746F72730062745F686387
:10B58000695F636F7265004661696C656420746F02
:10B590002064697361626C652061646472657373B1
:10B5A000207265736F6C7574696F6E005265736F8E
:10B5B0006C76696E67206C6973742073697A652094
:10B5C00065786365656465642E2053776974636884
:10B5D000696E6720746F20686F73742E004661690E
:10B5E0006C656420746F20636C6561722072657392
:10B5F0006F6C7574696F6E206C6973740046616955
:10B600006C656420746F206164642049524B20741F
:10B610006F20636F6E74726F6C6C6572005365742B
:10B620002070726976616379206D6F646520636F45
:10B630006D6D616E64206973206E6F742073757018
:10B64000706F72746564004661696C656420746F24
:10B65000207365742070726976616379206D6F6400
:10B66000650044697361626C696E6720616464722D
:10B67000657373207265736F6C7574696F6E206685
:10B6800061696C6564202865727220256429004612
:10B6900061696C656420746F2072656D6F766520DA
:10B6A00049524B2066726F6D20636F6E74726F6CBF
:10B6B0006C6572004F6E6C792073746174696320DD
:10B6C00072616E646F6D206964656E74697479204F
:10B6D0006164647265737320737570706F727465E2
:10B6E0006400496E76616C696420696E70757420BF
:10B6F000706172616D6574657273004661696C6535
:10B700006420746F2072656164207075626C696377
:10B7100020616464726573730052656164205374C0
:10B720006174696320416464726573736573206337
:10B730006F6D6D616E64206E6F7420617661696CEF
:10B7400061626C65004661696C656420746F20728B
:10B7500065616420737461746963206164647265F7
:10B7600073736573004E6F20737461746963206135
:10B7700064647265737365732073746F726564209B
:10B78000696E20636F6E74726F6C6C6572004967CE
:10B790006E6F72696E67206661696C757265207480
:10B7A0006F20736574206164647265737320666FC3
:10B7B000722070617373697665207363616E2028EF
:10B7C0002564290043616E27742073657420626FBD
:10B7D0007468204944454E544954592026204E52FD
:10B7E000504100556E61626C6520746F2073657402
:10B7F000206964656E74697479206164647265732C
:10B800007300556E61626C6520746F2073657420DF
:10B8100072616E646F6D206164647265737300623F
:10B82000745F696400546F6F206269672061647699
:10B830006572746973696E67206461746100466142
:10B84000696C656420746F20737461727420616424
:10B850007665727469736572004661696C6564200F
:10B86000746F2073746F702061647665727469738D
:10B87000696E673A20256400436F6E74726F6C6C5A
:10B8800065722063616E6E6F7420726573756D658D
:10B8900020636F6E6E65637461626C6520616476AF
:10B8A0006572746973696E67202825642900627463
:10B8B0005F61647600556E657870656374656420B9
:10B8C000656E64206F6620627566666572000305AA
:10B8D00002000A4543432048434920636F6D6D6170
:10B8E0006E6473206E6F7420617661696C61626C46
:10B8F000650043616C6C6261636B20616C726561B1
:10B900006479207265676973746572656400536554
:10B910006E64696E67204C45205032353620507574
:10B92000626C6963204B657920636F6D6D616E6435
:10B93000206661696C6564004661696C65642074A9
:10B940006F2067656E65726174652044484B657948
:10B9500020286572722025642900E69D350E480175
:10B9600003CCDBFDF4AC1191F4EFB9A5F9E9A783A1
:10B970002C5E2CBE97F2D203B0208BD28915D08ECC
:10B980001C742430ED8FC24563765C15525ABF9A01
:10B9900032636DEB2A65499C80DC62745F6563638A
:10B9A00000556E61626C6520746F20616C6C6F6312
:10B9B000617465206275666665722077697468696E
:10B9C0006E2074696D656F757400556E657870656D
:10B9D00063746564206669727374204C324341500D
:10B9E000206672616D6500556E657870656374657B
:10B9F00064204C3243415020636F6E74696E7561F0
:10BA000074696F6E004E6F7420656E6F7567682085
:10BA100062756666657220737061636520666F7219
:10BA2000204C32434150206461746100556E65784A
:10BA30007065637465642041434C20666C61677374
:10BA40002028307825303278290041434C206C651D
:10BA50006E206D69736D6174636820282575203EC2
:10BA600020257529006E6F7420656E6F75676820DC
:10BA7000726F6F6D20696E20757365725F6461749B
:10BA800061202564203C202564006E6F7420636F64
:10BA90006E6E65637465642100446973636F6E6ED6
:10BAA0006563746564207768696C6520616C6C6F90
:10BAB000636174696E6720636F6E746578740028C3
:10BAC000756E6B6E6F776E29006E6F207472616E8B
:10BAD000736974696F6E20257300496E76616C69B5
:10BAE000642028257529206F6C6420737461746547
:10BAF000006E6F2076616C6964202825752920739B
:10BB000074617465207761732073657400696E6376
:10BB10006F6D70617469626C652068616E646C65DC
:10BB200020257500466F756E642076616C6964200F
:10BB3000636F6E6E656374696F6E202825702920AF
:10BB4000776974682061646472657373202573205B
:10BB5000696E202573207374617465200053656ECF
:10BB600064204C4520706172616D20757064617451
:10BB700065206661696C65642028657272202564A1
:10BB8000290053656E64206175746F204C452070E8
:10BB90006172616D20757064617465206661696CA5
:10BBA0006564202865727220256429005745535426
:10BBB0005F544F504449522F7A65706879722F73E1
:10BBC00075627379732F626C7565746F6F74682F0B
:10BBD000686F73742F636F6E6E2E63000101010135
:10BBE000010203646973636F6E6E6563746564005C
:10BBF000646973636F6E6E6563742D636F6D706CD3
:10BC000065746500636F6E6E656374696E672D732E
:10BC100063616E00636F6E6E656374696E672D613C
:10BC200075746F00636F6E6E656374696E672D6106
:10BC3000647600636F6E6E656374696E672D646908
:10BC4000722D61647600646973636F6E6E656374F0
:10BC5000696E670062745F636F6E6E00556E61623D
:10BC60006C6520746F20616C6C6F63617465206219
:10BC7000756666657220666F72206F702030782559
:10BC8000303278004E6F20617661696C61626C655C
:10BC9000204C3243415020636F6E74657874206687
:10BCA0006F7220636F6E6E202570004C32434150DE
:10BCB000206C656E677468206D69736D617463686C
:10BCC0002028257520213D2025752900496E7661A3
:10BCD0006C6964206964656E742076616C7565209A
:10BCE000696E204C324341502050445500546F6FD0
:10BCF00020736D616C6C204C4520636F6E6E2070FC
:10BD00006172616D2072737000546F6F20736D618A
:10BD10006C6C204C4520636F6E6E2075706461748E
:10BD20006520706172616D20726571004E6F7420C4
:10BD3000636F6E6E65637465640052656A656374F3
:10BD4000696E6720756E6B6E6F776E204C32434163
:10BD5000502050445520636F646520307825303280
:10BD60007800546F6F20736D616C6C204C324341CE
:10BD700050207369676E616C696E6720504455008E
:10BD8000546F6F20736D616C6C204C3243415020B6
:10BD90005044552072656365697665640049676E35
:10BDA0006F72696E67206461746120666F722075BE
:10BDB0006E6B6E6F776E206368616E6E656C204986
:10BDC000442030782530347800636F6E66696700F0
:10BDD00062745F6C3263617000556E61626C6520E5
:10BDE000746F2066696E6420415454206368616EEC
:10BDF0006E656C00415454206368616E6E656C2002
:10BE00006E6F7420636F6E6E656374656400415479
:10BE100054204D54552065786365656465642C2015
:10BE20006D61782025752C2077616E7465642025FE
:10BE30007A7500556E61626C6520746F20616C6C60
:10BE40006F6361746520415454205458206D6574AB
:10BE50006100556E61626C6520746F20637265616C
:10BE6000746520555549443A2073697A65202575D3
:10BE700000556E61626C6520746F20637265617439
:10BE80006520555549443A2073697A652025640038
:10BE90004E6F20617661696C61626C65204154541B
:10BEA00020636F6E7465787420666F7220636F6EA6
:10BEB0006E202570004E6F20617661696C61626C46
:10BEC0006520415454206368616E6E656C20666F16
:10BED0007220636F6E6E202570004572726F722043
:10BEE0007369676E696E6720646174610052616E88
:10BEF000206F7574206F66205458206275666665E1
:10BF00007273206F7220636F6E74657874732E0085
:10BF1000546F6F20736D616C6C20415454205044F9
:10BF20005520726563656976656400556E68616E5B
:10BF3000646C65642041545420636F6465203078DC
:10BF4000253032780049676E6F72696E6720756EB2
:10BF50006578706563746564207265717565737466
:10BF60000049676E6F72696E6720756E65787065DF
:10BF70006374656420696E6469636174696F6E00DF
:10BF8000496E76616C6964206C656E20257520664B
:10BF90006F7220636F646520307825303278004EF0
:10BFA0006F20415454206368616E6E656C20666F2B
:10BFB00072204D545520257A75004E6F2070656EA5
:10BFC00064696E672041545420726571756573749D
:10BFD000004154542054696D656F757420666F720A
:10BFE000206465766963652025730062745F6174FF
:10BFF00074004E6F20737061636520746F207374DA
:10C000006F726520434343206366670077726974EB
:10C01000652063616C6C6261636B20697320646589
:10C0200070726563617465642C2075736520737527
:10C030006273637269626520636220696E737465FE
:10C04000616400756E61626C6520746F2073617647
:10C05000652053433A206E6F20636667206C6566E7
:10C0600074004E6F20737061636520746F20737469
:10C070006F726520436C69656E7420537570706FC4
:10C080007274656420466561747572657300556EDF
:10C0900061626C6520746F20736574757020414512
:10C0A0005320434D414300556E61626C6520746FAF
:10C0B0002063616C63756C617465206861736800EE
:10C0C0004C696E6B206973206E6F7420656E6372AD
:10C0D00079707465640044657669636520697320CE
:10C0E0006E6F742073756273637269626564207425
:10C0F0006F206368617261637465726973746963E8
:10C10000004E6F2062756666657220617661696CAB
:10C1100061626C6520746F2073656E6420696E6463
:10C1200069636174696F6E00434343202570206E1C
:10C130006F74207772697461626C6500534320727A
:10C140006573746F726520696E6469636174696F89
:10C150006E206661696C6564004E6F20627566666C
:10C16000657220617661696C61626C6520746F2014
:10C1700073656E64206E6F74696669636174696F5C
:10C180006E00496E76616C69642068616E646C65EE
:10C1900000496E76616C69642064617461206C652D
:10C1A0006E202575203E202575004661696C65640A
:10C1B00020746F2073657420736563757269747978
:10C1C00020666F7220626F6E6465642070656572B0
:10C1D00020282564290062742F6363630062745F02
:10C1E0006761747400556E6B6E6F776E2070616955
:10C1F00072696E67206D6574686F642028257529E3
:10C200000043616C63756C61746520636F6E666971
:10C21000726D206661696C656400556E61626C6563
:10C2200020746F2066696E6420534D5020636861EE
:10C230006E6E656C004661696C656420746F206782
:10C24000656E65726174652044484B6579004A7576
:10C250007374576F726B73206661696C65642C2010
:10C2600061757468656E74696361746564206B657B
:10C2700079732070726573656E740052656D6F74AA
:10C2800065207075626C6963206B65792072656AE0
:10C2900065637465640052656D6F74652069732011
:10C2A0007573696E67204465627567205075626CAE
:10C2B0006963206B65790043616C63756C617465BB
:10C2C000204C544B206661696C65640043616C636B
:10C2D000756C617465206C6F63616C2044484B65BC
:10C2E0007920636865636B206661696C65640043EF
:10C2F000616C63756C6174652072656D6F74652027
:10C3000044484B657920636865636B206661696C9E
:10C310006564004661696C656420746F20737461A4
:10C32000727420656E6372797074696F6E004E6509
:10C3300077206175746820726571756972656D65C5
:10C340006E74733A20307825782C2072657061699C
:10C3500072696E6700556E737570706F7274656484
:10C36000206175746820726571756972656D656E9E
:10C3700074733A20307825782C2072657061697268
:10C38000696E67004E6F20617661696C61626C65F1
:10C3900020534D5020636F6E7465787420666F7201
:10C3A00020636F6E6E202570004E6F206B65797371
:10C3B00020737061636520666F7220257300556E6F
:10C3C00061626C6520746F206765742072616E64B1
:10C3D0006F6D20627974657300556E61626C6520C3
:10C3E000746F20616C6C6F6361746520456E63725D
:10C3F00079707420496E666F20627566666572009A
:10C40000556E61626C6520746F20616C6C6F636146
:10C4100074652043656E7472616C204964656E7446
:10C420002062756666657200556E61626C65207487
:10C430006F20676574206B65797320666F722025A5
:10C44000730043616C63756C6174652053544B20B9
:10C450006661696C65640054686520696E2D707250
:10C460006F67726573732070616972696E672068A7
:10C470006173206265656E2064656C657465642116
:10C4800000534D5020646F6573206E6F7420616C93
:10C490006C6F7720612070616972696E67206661D8
:10C4A000696C757265206174207468697320706F9F
:10C4B000696E742E204B6E6F776E2069737375658D
:10C4C0002E20446973636F6E6E656374696E6720B6
:10C4D000696E73746561642E00546F6F20736D61B3
:10C4E0006C6C20534D502050445520726563656933
:10C4F00076656400534D5020636F6D6D616E6420EE
:10C5000028636F6465203078253032782920726581
:10C510006365697665642061667465722074696D0F
:10C52000656F757400526563656976656420726530
:10C5300073657276656420534D5020636F64652087
:10C5400030782530327800556E68616E646C6564B1
:10C5500020534D5020636F64652030782530327849
:10C5600000556E657870656374656420534D502086
:10C57000636F646520307825303278005075626CC6
:10C580006963206B6579206E6F7420617661696CD8
:10C5900061626C6500496E76616C696420696465EE
:10C5A0006E74697479202573005265667573696EBF
:10C5B00067206E65772070616972696E672E2054FE
:10C5C0006865206F6C6420626F6E64206D75737493
:10C5D00020626520756E706169726564206669729B
:10C5E00073742E0070616972696E67206661696C90
:10C5F000656420287065657220726561736F6E20B6
:10C60000307825782900534D502054696D656F7539
:10C6100074000005061F1F291812030802030508ED
:10C620000A000801030401050405090607010106C3
:10C6300006080000010001000301000302020100DE
:10C6400002000000000002030100030000010001DD
:10C6500000000100010202010002000000000002CF
:10C660000201000462745F736D700062745F6B6539
:10C670007973006C888391AAF5A53860370BDB5A73
:10C680006083BE62745F63727970746F006E6574EC
:10C690005F627566006E65745F6275665F73696D73
:10C6A000706C650006010501040103010502020129
:10C6B000030205040101010201030104010601084E
:10C6C000010C0110011801200140018053656C65C7
:10C6D0006374656420414443206761696E20697317
:10C6E000206E6F742076616C69640053656C6563BD
:10C6F00074656420414443207265666572656E63AB
:10C7000065206973206E6F742076616C69640053D4
:10C71000656C656374656420414443206163717591
:10C7200069736974696F6E2074696D65206973201F
:10C730006E6F742076616C696400496E76616C6915
:10C74000642073656C656374696F6E206F66206327
:10C7500068616E6E656C73004368616E6E656C2017
:10C760002575206E6F7420636F6E666967757265DC
:10C770006400414443207265736F6C7574696F6E19
:10C780002076616C7565202564206973206E6F7456
:10C790002076616C6964004F76657273616D706CB0
:10C7A000696E6720697320737570706F7274656449
:10C7B00020666F722073696E676C65206368616EB6
:10C7C0006E656C206F6E6C79004F76657273616D6B
:10C7D000706C696E672076616C75652025642069D0
:10C7E00073206E6F742076616C69640050726F768E
:10C7F0006964656420627566666572206973207479
:10C800006F6F20736D616C6C202825752F2575293D
:10C810000061646340343030303730303000616460
:10C82000635F6E7266785F736161646300636C6FEF
:10C83000636B403430303030303030006866636CC9
:10C840006B006C66636C6B00636C6F636B5F636F34
:10C850006E74726F6C0072616E646F6D4034303054
:10C86000306430303000656E74726F70795F62745E
:10C870005F686369006770696F4035303030303011
:10C880003030007570646174655F6368616E6E65F9
:10C890006C73206E6F7420696D706C656D656E745D
:10C8A000656400535049206465766963652025738B
:10C8B000206E6F742072656164790025733A206977
:10C8C0006E76616C6964206368616E6E656C20745D
:10C8D0006F20636F6C6F72206D617070696E672E70
:10C8E000436865636B2074686520636F6C6F722D9D
:10C8F0006D617070696E672044542070726F70654E
:10C900007274790077733238313240300077733285
:10C910003831325F737069000201030001020304C1
:10C920000506074661696C656420746F20616C6C54
:10C930006F6361746520505049204368616E6E6575
:10C940006C007561727440343030303230303000F9
:10C95000756172745F6E7266785F7561727465007E
:10C960004661696C656420746F20616C6C6F6361F3
:10C970007465204750494F5445206368616E6E6569
:10C980006C20666F722057414B45004661696C65AB
:10C990006420746F20636F6E6669677572652057D7
:10C9A000414B452070696E004353204750494F204A
:10C9B000706F72742025732070696E202564206961
:10C9C00073206E6F742072656164790055706461C4
:10C9D000746520657863656564732063757272653C
:10C9E0006E74206275666665720048616C662D64BF
:10C9F00075706C6578206E6F7420737570706F72CF
:10CA000074656400536C617665206D6F64652069A0
:10CA100073206E6F7420737570706F72746564200C
:10CA20006F6E202573004C6F6F706261636B206DB9
:10CA30006F6465206973206E6F7420737570706FFA
:10CA40007274656400576F72642073697A6573202D
:10CA50006F74686572207468616E20382062697432
:10CA60007320617265206E6F7420737570706F72C1
:10CA7000746564004672657175656E6369657320DF
:10CA80006C6F776572207468616E20313235206B6F
:10CA9000487A20617265206E6F7420737570706FB4
:10CAA00072746564004661696C656420746F206906
:10CAB0006E697469616C697A65206E72667820644B
:10CAC00072697665723A202530387800576169744A
:10CAD000696E6720666F722057414B452061636B1A
:10CAE0006E6F776C6564676D656E742074696D65D3
:10CAF00064206F75740054696D656F75742077617B
:10CB00006974696E6720666F72207472616E7366F5
:10CB1000657220636F6D706C657465007370694039
:10CB2000343030323330303000737069403430305C
:10CB3000303430303000737069403430303033304E
:10CB40003030007370695F6E7266785F7370690071
:10CB5000526573657474696E672073797374656D5B
:10CB600000666174616C5F6572726F7200416C6C1B
:10CB70006F6361746564206D656D6F727920746F89
:10CB80006F206C6F773A202575203C202575005367
:10CB90006F667444657669636520436F6E74726F67
:10CBA0006C6C6572204153534552543A2025732CC6
:10CBB00020256400536F667444657669636520437D
:10CBC0006F6E74726F6C6C6572206275696C642034
:10CBD0007265766973696F6E3A2000456E74726F84
:10CBE000707920736F75726365206465766963651B
:10CBF000206E6F74207265616479004661696C65AE
:10CC00006420746F20726567697374657220726145
:10CC10006E6420736F757263652028256429004E49
:10CC20006F206576656E7420627566666572206138
:10CC30007661696C61626C65004E6F20646174613D
:10CC40002062756666657220617661696C61626CEE
:10CC50006500556E6578706563746564206D7367F3
:10CC60005F747970653A2025752E205468697320A9
:10CC700069662D656C7365206E656564732061203F
:10CC80006E6577206272616E636800536F667444EC
:10CC9000657669636520436F6E74726F6C6C657244
:10CCA0000062745F7364635F6863695F647269766E
:10CCB00065720062745F7364635F63727970746F2E
:10CCC000007075626C6963206B6579206973206EF2
:10CCD0006F742076616C6964202865727220256407
:10CCE0002900556E6B6E6F776E20636F6D6D616E90
:10CCF000640042542043544C522045434448003F72
:10CD000049F6D4A3C55F3874C9B3E3D2103F504A83
:10CD1000FF607BEB40B7995899B8A6CD3C1ABD622D
:10CD2000745F7364635F65636468004D50534C20A7
:10CD30004153534552543A2025732C202564004D0D
:10CD400050534C20576F726B006D70736C5F696E3F
:10CD500069740000000000010000000101000001F2
:10CD6000010101000000005465726D696E616C0084
:10CD700000000000000054545220524547474553DC
:10CD800000556E6B6E6F776E206572726F72003E2B
:10CD90003E3E205A455048595220464154414C206D
:10CDA0004552524F522025643A202573206F6E2041
:10CDB000435055202564004661756C74206475727B
:10CDC000696E6720696E746572727570742068612F
:10CDD0006E646C696E670A0043757272656E7420CA
:10CDE0007468726561643A202570202825732900D3
:10CDF00043505520657863657074696F6E00556E99
:10CE000068616E646C656420696E746572727570B9
:10CE10007400537461636B206F766572666C6F7714
:10CE2000004B65726E656C206F6F7073004B65729E
:10CE30006E656C2070616E6963006D61696E006F74
:10CE40007300737973776F726B71002A2A2A2042FC
:10CE50006F6F74696E67206E524620436F6E6E6509
:10CE600063742053444B2076332E352E39392D6E82
:10CE7000637331202A2A2A0A000020202020202043
:10CE8000202020282828282820202020202020207A
:10CE9000202020202020202020208810101010107A
:10CEA00010101010101010101010040404040404CA
:10CEB00004040404101010101010104141414141AD
:10CEC0004101010101010101010101010101010112
:10CED00001010101011010101010104242424242A3
:10CEE00042020202020202020202020202020202E2
:10CEF00002020202021010101020000000000000C8
:10CF00000000000000000000000000000000000021
:10CF10000000000000000000000000000000000011
:10CF20000000000000000000000000000000000001
:10CF300000000000000000000000000000000000F1
:10CF400000000000000000000000000000000000E1
:10CF500000000000000000000000000000000000D1
:10CF600000000000000000000000000000000000C1
:10CF700000000000000000000000494E46004E4145
:10CF80004E006E616E003031323334353637383909
:10CF90004142434445460030313233343536373828
:10CFA0003961626364656600496E66696E697479A9
:10CFB000004E614E005245454E54206D616C6C6FC1
:10CFC0006320737563636565646564002F5F5F77D5
:10CFD0002F5F74656D702F776F726B73706163650F
:10CFE0002F6275696C642F2E6275696C642F484FCF
:10CFF00053542D7838365F36342D7736342D6D699D
:10D000006E677733322F61726D2D7A657068797231
:10D010002D656162692F7372632F6E65776C69622B
:10D020002D6E616E6F2F6E65776C69622F6C696211
:10D03000632F7374646C69622F64746F612E630074
:10D0400042616C6C6F6320737563636565646564CE
:10D05000002F5F5F772F5F74656D702F776F726B36
:10D0600073706163652F6275696C642F2E627569D8
:10D070006C642F484F53542D7838365F36342D77F3
:10D0800036342D6D696E677733322F61726D2D7A6C
:10D0900065706879722D656162692F7372632F6E96
:10D0A00065776C69622D6E616E6F2F6E65776C6946
:10D0B000622F6C6962632F7374646C69622F6D7088
:10D0C0007265632E6300232D302B2000686C4C00AA
:10D0D000656667454647002C2066756E6374696F08
:10D0E0006E3A2000617373657274696F6E20222539
:10D0F0007322206661696C65643A2066696C6520FC
:10D10000222573222C206C696E65202564257325E9
:10D11000730A00504F5349580036F0E50E876848AF
:10D12000FB02FD9F82CC32E57B91B15CED00FFFFFD
:10D13000FFFF1F00647261676F6F6E2F6C6962730F
:10D140002F7363686564756C696E672F7372632FE4
:10D1500072656D5F68616C5F6576656E745F74693A
:10D160006D65722E630092A4D3388C39F330AAF91E
:0CD17000FF91388930629C78151C00008B
:10D17C00FFFFFFFFFF1F00001F000000000000006A
:10D18C007F000000D0070000FF000000C409000071
:10D19C00DD50000000000000FFFFFFFF1F0000003B
:10D1AC00A0354D0000000000008000400000000091
:10D1BC00000000000C0000000000000000FF7F00D9
:10D1CC000000000000000000000000000000000053
:10D1DC000000000000000000000000000000000043
:10D1EC000000000089720000458800007D7200007C
:10D1FC007D7200007D720000998F00007D7200002E
:10D20C007D7200007D7200007D7200007D72000056
:10D21C00E98B0000018E00007D7200007D72000021
:10D22C0089720000458800007D720000857800003E
:10D23C007D720000998F00007D720000A58E0000A9
:10D24C00D98C00007D7200007D720000E98B00001B
:10D25C00018E0000918B0000458C000031750000A0
:10D26C008188000069750000998700003175000005
:10D27C0081880000BD900000A1900000558A00003C
:10D28C009D8A00003D8B0000E98A0000BD900000E3
:10D29C00A19000000D880000A17200006D780000C4
:10D2AC006D780000B9720000858700000D880000C1
:10D2BC00A17200008D960000A1780000919B0000E7
:10D2CC00619B0000AD810000998300000592000075
:10D2DC00A17800000000000021820000699100008C
:10D2EC00EC00002004010020B000002044010020CC
:10D2FC0024010020C5880000FD900000FC000020E7
:10D30C001C010020740000205C0100203C01002066
:10D31C00997D0000B5750000818D0000198A000010
:10D32C00000000000000000011E9000000000000F7
:10D33C0037C101000000000005C201000000000020
:10D34C00E7C1010000000000EBC10100000000007B
:10D35C00CFC101000000000085C1010000000000E9
:10D36C004DE900000000000089C101000000000030
:10D37C0000000000000000000000000000000000A1
:10D38C000000000000000000000000000000000091
:10D39C000000000000000000000000000000000081
:10D3AC000000000000000000000000000000000071
:10D3BC000000000000000000000000000000000061
:10D3CC000000000000000000000000000000000051
:10D3DC000000000000000000000000000000000041
:10D3EC000000000000000000000000000000000031
:10D3FC000000000000000000000000000000000021
:10D40C000000000000000000000000000000000010
:10D41C000000000000000000000000000000000000
:10D42C0000000000000000000000000000000000F0
:10D43C0000000000000000000000000000000000E0
:10D44C0000000000000000000000000000000000D0
:10D45C0000000000000000000000000000000000C0
:10D46C0000000000000000000000000000000000B0
:10D47C0000000000000000000000000000000000A0
:10D48C000000000000000000000000000000000090
:10D49C000000000000000000000000000000000080
:10D4AC000000000000000000000000000000000070
:10D4BC000000000000000000000000000000000060
:10D4CC000000000000000000000000000000000050
:10D4DC000000000000000000000000000000000040
:10D4EC000000000000000000000000000000000030
:10D4FC000000000000000000000000000000000020
:10D50C00000000000000000000000000000000000F
:10D51C0000000000000000000000000000000000FF
:10D52C0000000000000000000000000000000000EF
:10D53C0000000000000000000000000000000000DF
:10D54C0000000000000000000000000000000000CF
:10D55C0000000000000000000000000000000000BF
:10D56C0000000000000000000000000000000000AF
:10D57C00000000000000000000000000000000009F
:10D58C00000000000000000000000000000000008F
:10D59C00000000000000000000000000000000007F
:10D5AC00000000000000000000000000000000006F
:10D5BC00000000000000000000000000000000005F
:10D5CC00000000000000000000000000000000004F
:10D5DC00000000000000000000000000000000003F
:10D5EC00000000000000000000000000000000002F
:10D5FC00000000000000000000000000000000001F
:10D60C00000000000000000000000000000000000E
:10D61C0000000000000000000000000000000000FE
:10D62C0000000000000000000000000000000000EE
:10D63C0000000000000000000000000000000000DE
:10D64C0000000000000000000000000000000000CE
:10D65C0000000000000000000000000000000000BE
:10D66C0000000000000000000000000000000000AE
:10D67C00000000000000000000000000000000009E
:10D68C00000000000000000000000000000000008E
:10D69C00000000000000000000000000000000007E
:10D6AC00000000000000000000000000000000006E
:10D6BC0044050020B7E60100EFE60100BBE60100DF
:10D6CC00F9E60100C1E60100FFE60100C7E6010032
:10D6DC00C9E60100CBE60100D9E60100E9E601004C
:10D6EC000BE70100CFE60100D5E60100F5E60100ED
:10D6FC0005E70100E09503000105050000000000AE
:10D70C00000000000000000000000000000000000D
:10D71C0000000000000000000000000000000000FD
:10D72C0000000000000000000000000000000000ED
:10D73C0000000000000000000000000000000000DD
:10D74C0000000000000000000000000000000000CD
:10D75C0000000000000000000000000000000000BD
:10D76C0000000000000000000000000000000000AD
:10D77C00000000000000000000000000000000009D
:10D78C00000000000000000000000000000000008D
:10D79C00000000000000000000000000000000007D
:10D7AC00000000000000000000000000000000006D
:10D7BC00000000000000000000000000000000005D
:10D7CC000000000000000000F9440200000000000E
:10D7DC00000000000000000000000000000000003D
:10D7EC00000000000000000000000000000000002D
:10D7FC00000000000000000000000000000000001D
:10D80C00000000000000000000000000000000000C
:10D81C0000000000000000000000000000000000FC
:10D82C0000000000000000000000000000000000EC
:10D83C0000000000000000000000000000000000DC
:10D84C0000000000000000000000000000000000CC
:10D85C0000000000000000000000000000000000BC
:10D86C0000000000000000000000000000000000AC
:10D87C000000000000000000E906030000000000AA
:10D88C00000000000000000018070020180700200E
:10D89C00756C030000000000000000000000000098
:10D8AC0000000000000000003807002038070020AE
:10D8BC00000000000100000048070020480700207D
:10D8CC00500700205007002000000000010000005D
:10D8DC00600700206007002000000000000000002E
:10D8EC00000000000000000000000000000000002C
:10D8FC00000000000000000000000000000000001C
:10D90C00000000000000000000000000000000000B
:10D91C000000000039E202000000000000010000DD
:10D92C0000000000000000000000000000000000EB
:10D93C0000000000000000000000000000000000DB
:10D94C0001000000DC0500000000000001000000E8
:10D95C00FC460020020000000C000000BC8B030001
:10D96C0071010200D5000200000000000000000060
:10D97C00000000000000000000000000000000009B
:10D98C00000000000000000000000000000000008B
:10D99C00000000000000000000000000F500020084
:10D9AC0000000000000000001A0E00200000120011
:10D9BC00000000000000000000000000000000005B
:10D9CC00000000000000000000000000000000004B
:10D9DC00F500020000000000000000004D0E0020C9
:10D9EC0000001200800E002000000200B30E002088
:10D9FC0000000200E60E002000000800190F0020B5
:10DA0C0000000800CF2E0300BD390300474003007F
:10DA1C004140030000000000000000000000000076
:10DA2C0000040000DC0600200000000000000000E4
:10DA3C0000000000000000000000000000000000DA
:10DA4C0000000000000000000000000000000000CA
:10DA5C0000000000000000000000000000000000BA
:10DA6C000000000000000000613202000000000015
:10DA7C000000000004090020040900200000000040
:10DA8C000000000039740200A97D0200FB5603005F
:10DA9C00000000000000000079740200D75303005E
:10DAAC0003530300796E020000000000A00D00205B
:10DABC0000000200AC0D002000000A00BC0D00208C
:10DACC00000020000000000000000000000000002A
:10DADC00000000000000000000000000000000003A
:10DAEC000000000000000000F55C030000000000D6
:10DAFC00D00D002000000200DC0D00200000020010
:10DB0C00E80D002000000200F1AC02000000000053
:10DB1C000000000000C20100000103000000000032
:10DB2C004E4800204D48002000000000000000007E
:10DB3C00000000005C9F030001000000CC090020E5
:10DB4C00CC0900200000000001000000DC090020CE
:10DB5C00DC090020E4090020E4090020000000009A
:10DB6C0001000000F4090020F4090020000000006E
:10DB7C000000000000000000000000000000000099
:10DB8C000000000000000000000000000000000089
:10DB9C00808B03000000000000000000000000006B
:10DBAC0000000000B49F0300000000003C0A0020AD
:10DBBC003C0A002000000000010000004C0A00207C
:10DBCC004C0A0020540A0020540A002000000000D7
:10DBDC0001000000640A0020640A0020000000001C
:10DBEC000000000000000000000000000000000029
:10DBFC000000000000000000000000000000000019
:10DC0C00948B0300000000000000000000000000E6
:10DC1C00000000000CA0030000000000AC0A002073
:10DC2C00AC0A00200000000001000000BC0A00202B
:10DC3C00BC0A0020C40A0020C40A00200000000016
:10DC4C0001000000D40A0020D40A002000000000CB
:10DC5C0000000000000000000000000000000000B8
:10DC6C0000000000000000000000000000000000A8
:10DC7C00A88B030000000000000000000000000062
:10DC8C000000000000000000000000000000000088
:10DC9C000000000000000000000000000000000078
:10DCAC000000000000000000000000000000000068
:10DCBC000000000000000000000000000000000058
:10DCCC000000000000000000000000000800000040
:10DCDC00FF00000000000000010000000000000038
:10DCEC00FFFF0100740B0020740B00207C0B002044
:10DCFC007C0B0020880B002000000000A0A103007A
:10DD0C0080A1030060A103000000000000000000DF
:10DD1C0000000000000000000000000000000000F7
:10DD2C0000000000000000000000000000000000E7
:10DD3C0000000000000000000000000000000000D7
:10DD4C0000000000000000000000000000000000C7
:10DD5C000000000000000000430000000000000074
:10DD6C0000000000000000000000000000000000A7
:10DD7C000000000000000000430000000000000054
:10DD8C000000000000000000000000000000000087
:10DD9C000000000000000000430000000000000034
:10DDAC000000000000000000000000000000000067
:10DDBC000000000000000000430000000000000014
:10DDCC000000000000000000000000000000000047
:10DDDC0000000000000000004300000000000000F4
:10DDEC000000000000000000000000000000000027
:10DDFC0000000000000000004300000000000000D4
:10DE0C000000000000000000000000000000000006
:10DE1C0000000000000000004300000000000000B3
:10DE2C0000000000000000000000000000000000E6
:10DE3C0000000000000000001F8A0300EB890300B3
:10DE4C000000000079CE0300D7C40300D9A603005C
:10DE5C00D9A60300D9A60300D9A60300D9A60300AE
:10DE6C00D9A60300D9A60300D9A60300D9A603009E
:10DE7C00FFFFFFFFFFFFFFFFFFFFFFFFFFFF0000A4
:10DE8C00010041534349490000000000000000001C
:10DE9C000000000000000000000000000000000076
:10DEAC0000004153434949000000000000000000FD
:10DEBC000000000000000000000000000000000056
:10DECC00000000000004000001020000000400003B
:10DEDC0000010000000002290000032800000028B7
:10DEEC00000002290000032800000028000003287D
:10DEFC000000002800000328000000280000032870
:10DF0C0000000028000003280000002800002A2B35
:10DF1C0000002A2B000003280000292B0000292BCD
:10DF2C0000000328000002290000052A0000052A31
:10DF3C000000032800000118000000280000042A3B
:10DF4C000000042A000003280000012A0000012A16
:10DF5C00000003280000002A0000002A000003280B
:10DF6C0000000018000000284B9131C3C9C5CC8FAC
:10DF7C009E45B51F01C2AF4F0602AC261B3607EA01
:10DF8C00F5B78846E1364048B5BE02AC261B3607CD
:10DF9C00EAF5B78846E1364048B5BE024E9131C32A
:10DFAC00C9C5CC8F9E45B51F03C2AF4F02AA261B15
:10DFBC003607EAF5B78846E1364048B5BE02AA26D0
:10DFCC001B3607EAF5B78846E1364048B5BE024D28
:10DFDC009131C3C9C5CC8F9E45B51F03C2AF4F024B
:10DFEC00AB261B3607EAF5B78846E1364048B5BE86
:10DFFC0002AB261B3607EAF5B78846E1364048B532
:10E00C00BE024A9131C3C9C5CC8F9E45B51F03C210
:10E01C00AF4F02A9261B3607EAF5B78846E1363F13
:10E02C0048B5BE02A9261B3607EAF5B78846E13685
:10E03C003F48B5BE024C9131C3C9C5CC8F9E45B586
:10E04C001F02C2AF4F02AD261B3607EAF5B7884652
:10E05C00E1364048B5BE02AD261B3607EAF5B78857
:10E06C0046E1364048B5BE024F9131C3C9C5CC8F8D
:10E07C009E45B51F03C2AF4F02A8261B3607EAF513
:10E08C00B78846E1363E48B5BE02A8261B3607EADD
:10E09C00F5B78846E1363E48B5BE024B9131C3C94F
:0FE0AC00C5CC8F9E45B51F01C2AF4F283201FF73
:10E0BB000000000000000000000000000000000055
:04E0CB000000000051
:01E0CF00FF51
:10E0D0000000000000000000000000000000000040
:10E0E0000000000000000000000000000000000030
:10E0F0000000000000000000000000000000000020
:10E10000000000000000000000000000000000000F
:04E11000000000000B
:10E11400980F0020980F0020949600200000000023
:10E12400020000002C00000000000000B40F0020DA
:10E13400B40F002000820020000000000200000054
:10E144009000000000000000D00F0020D00F00203D
:10E15400EC960020000000000A0000001C000000F3
:04E1640000000000B7
:10E16800EC0F0020EC0F0020000000000000000071
:10E178000E00000000100020001000200000000029
:10E18800000000000E0000001410002014100020F1
:10E1980000000000000000000E0000002810002011
:10E1A8002810002000000000000000000E00000001
:10E1B8003C1000203C10002000000000000000007F
:04E1C8000E00000045
:10E1CC005010002050100020000000000100000042
:10E1DC0060100020601000206810002068100020E3
:10E1EC0000000000010000007810002078100020D2
:10E1FC0000000000000000008810002088100020A3
:10E20C009010002090100020000000000000000082
:10E21C00A0100020A0100020A8100020A8100020A2
:10E22C000000000000000000B8100020B810002012
:10E23C00C0100020C01000200A000A0008000000D6
:10E24C0000000000E89A0300549500200000000034
:10E25C0000000000E4100020E4100020EC1000206E
:10E26C00EC10002003000300080000000000000078
:10E27C009C990300E08E00200000000000000000CC
:10E28C00101100201011002018110020181100206E
:10E29C00020002000800000000000000D89A0300F1
:10E2AC003892002000000000000000003C1100200B
:10E2BC003C110020441100204411002002000200F7
:10E2CC000800000000000000A49A0300F88F002052
:10E2DC000000000000000000681100206811002000
:10E2EC0070110020701100200A000A0008000000C4
:10E2FC00000000008C990300188D00200000000025
:10E30C000000000094110020941100209C110020AA
:10E31C009C1100200100010008000000000000001A
:08E32C00AC9903004C8F0020A6
:04E3340015E015E0FB
:0400000320002601B2
:00000001FF
