
-1488
-688
-1264
-1216
-1856
144
-2240
-1760
-2480
-592
-304
-704
-464
-2016
-1120
-272
-1504
-1920
-1120
-752
-2800
-2112
-1072
-2272
-848
-1120
-1824
-896
-1328
-912
-1520
-2288
-1264
-1984
-1568
-1344
-3040
-2496
-2624
-2752
-3184
-1088
-1744
-1456
-1360
-1552
-1088
-928
-1856
-2224
-2624
-1920
-1024
-832
-320
-1936
-1280
-1744
-1664
-1648
-1664
-2256
-2400
-1232
-1712
-1392
-1024
-1792
-64
-1056
-320
-432
-1104
-1648
-2144
-1744
-1312
-1792
-736
-1232
-1360
-912
-1680
-1472
-1680
-1424
-1808
-1872
-640
-1664
-1344
-2080
-1216
-832
-2032
-704
-1328
-1472
-2320
-2288
-1808
-1952
-2384
-2416
-1504
-1072
-1264
-1792
-1536
-1520
-1344
-2112
-816
-944
-1056
-1680
-1536
-1248
-1488
-1456
-2176
-1360
-2128
-1904
-1712
-1616
-2064
-2368
-2080
-1680
-896
-816
-1392
-944
-848
-1648
-1120
-1120
-1024
-1072
-1072
-944
-832
-1712
-1904
-2352
-1968
-1584
-2352
-1296
-1696
-496
-848
-448
-96
-352
-320
-720
-1392
-848
-1152
-1152
-480
-1360
-1744
-2848
-1600
-304
-1872
-2592
-3088
-2512
-2784
-1664
-1216
-1072
-1360
-2224
-1264
-2112
-1808
-1520
-1824
-1232
-1392
-1200
-880
-720
-400
-1088
-2592
-2192
-2432
-1968
-1472
-2048
-1584
-2256
-1712
-1696
-2080
-1584
-1296
-1008
-1088
-656
-1728
-864
-688
-2112
-992
-1680
-1584
-1376
-1520
-1296
-1888
-1408
-2096
-1136
-2240
-2096
-896
-608
-800
-1152
-2560
-2208
-1424
-1488
-1168
-2240
-2224
-2640
-992
-752
-1984
-832
-1552
-2272
-1088
-1696
-1104
-1760
160
-672
-1056
-496
-832
-1040
-2000
-2000
-1536
-1888
-928
-1584
-1248
-1344
-2496
-1024
-1328
-656
-1472
-2944
-2624
-1744
-1168
-1408
-1104
-1664
-1920
-992
-2272
-1040
-1136
-1968
-112
240
-1872
-1984
-2432
-1248
-1744
-2640
-1232
-1472
-1472
-768
-528
-1344
-1584
-688
-2224
-1600
-1792
-2368
-1408
-2144
-1360
-1216
-1344
-1520
-1472
-368
-2432
-1248
-2896
-2528
-112
-1376
112
-1568
256
400
-576
-240
-2224
-1904
-144
-1696
-1584
-1824
-1360
-864
-2064
-1600
-2448
-2848
-1744
-1840
-1136
-1648
-1088
-2000
-3808
-2016
-1680
-736
176
-432
-1664
-1872
-1600
-976
-1600
-1984
-912
-1936
-976
-1568
-1584
-1776
-1376
-1152
-2080
-1296
-2704
-1136
-464
-192
-944
-1552
-2208
-2080
-1856
-1312
-2560
-1360
-864
-2112
-1216
-2192
-1264
-1856
-3280
-1408
-1712
-1168
-192
752
-432
-976
-1632
-1984
-2096
-944
-1872
-128
-800
-2096
-2080
-3216
-2400
-2688
-896
-1136
-1488
-1056
-1360
-1136
-2432
-1456
-816
-1232
-2160
-2192
-848
-1360
-368
0
-1600
-2064
-528
-560
-320
-624
-2192
-2416
-2624
-1440
-2496
-1120
-1600
-1008
-1104
-1280
-64
-1808
-1360
-2144
-2016
-1472
-1152
-2176
-2000
-1664
-192
-2240
-1984
-1984
-3360
-1728
-3584
-1760
848
-1840
-2752
-2384
-2192
-1648
-3504
272
-1936
-1808
-896
-2432
-1200
-3376
-3136
-784
-3680
-144
-1376
-2368
-2672
-288
256
-704
-1168
-1808
-2736
-528
-1680
-352
-832
1744
-1584
-2240
-4016
128
-2480
-3040
-1600
-1456
-560
-2944
-1296
-1488
-1616
-2480
-2016
-912
-1744
-2048
-1280
-704
-224
-3424
96
-1616
-1536
-2736
-2496
-2256
-1136
-2304
-416
-880
1600
-5456
-1984
-1328
-2592
-4400
-1248
-1024
-2336
368
-432
-416
304
-368
-896
-1888
-1216
-1744
-368
-16
-1264
-2064
-2416
-2032
-3536
-3216
-1840
-2160
-896
-1264
-624
-1344
-2512
-784
-2832
-1728
-1920
-1520
-816
-1280
-992
-1184
-2768
848
-80
-1664
-512
-3056
-4272
-5920
-5584
1328
3952
96
1648
3760
-208
-3408
-5648
-10288
-10656
5744
2224
-2992
3328
-1040
-992
4320
-2096
-352
-4608
-10416
-6608
8672
-5056
5120
1328
-1760
2272
1040
-1984
400
-6208
-7344
-13120
8768
-5680
3056
-784
-2480
1216
-1264
1456
-1344
-2816
-6976
-10512
9104
-1984
2032
1264
-2192
512
-1840
1744
1264
-1344
-2096
-8128
-9936
6544
-4368
2336
-1904
-1360
-1152
688
1232
2336
240
-800
-6336
-6432
-4384
1280
-6496
1952
-3856
1104
-144
1728
816
1088
256
-1232
-5312
-6480
-7008
336
-4448
2496
80
-64
912
304
624
-208
560
-1648
-1344
-5568
-5344
-7824
-528
-2800
2880
960
-208
-320
-1408
-784
-1568
-2224
-2912
-4720
-4816
-4480
-2512
1104
1392
2672
2224
1312
1040
-1344
-4112
-3792
-3280
-3984
-2928
-432
-320
912
1888
1024
688
-800
-1984
-4368
-4640
-4304
-4000
-3536
-960
-1328
-864
16
160
-992
-512
-2272
-1840
-2768
-4560
-3760
-4112
-2384
-864
-272
976
-336
560
-832
-976
-1664
-1440
-2272
-2576
-2048
-1776
-1552
-624
256
-208
-96
-128
-688
-432
-1200
-1696
-1872
-1664
-2112
-1824
-208
-480
192
1312
832
48
-208
-1488
-1744
-2160
-2720
-2192
-2304
-1856
-2112
-1664
-1680
-1072
-1168
-2688
-2976
-2784
-2880
-2592
-3424
-2880
-2768
-2256
-2464
-864
-64
288
176
432
-480
-912
-624
-448
-464
-1104
-1616
-1600
-2240
-1936
-1472
-1472
-1056
-2112
-2192
-2768
-1856
-1024
-1008
-1392
-1872
-2112
-704
-2128
-1552
-1616
-928
-1168
-1856
-1488
-864
-896
-1440
-464
-496
-1376
-640
-208
-704
672
-1152
-1360
-2720
-3120
-4256
-3920
-2384
-2336
-2096
-1136
-1344
-208
-80
-48
-144
-464
-112
-1120
-2544
-1296
-2752
-2896
-2160
-2096
-688
-624
-256
-1456
-880
-1440
-1792
-720
-688
-736
-320
-1152
-2528
-1744
-2752
-1872
-2560
-1744
-848
-2224
-2000
-1680
-2112
-2256
-2368
-1216
-2272
-816
-976
-832
-624
-2256
-832
-656
-976
-1296
-1408
-1136
-704
-512
-1568
-2192
-1840
-1728
-2912
-2528
-2864
-2448
-2496
-2768
-2176
-2656
-1792
-2208
-1856
-1936
-880
944
-992
400
368
-336
-384
928
-352
-624
-1904
-2896
-1856
-3312
-1936
-2144
-1088
-1200
-1664
-1088
-1552
-2544
-2384
-2240
-2112
-2432
-1472
-1488
-1136
-576
-1216
-720
-1648
-944
-1712
-2080
-1344
-1984
-1424
-1888
-1776
-1840
-3472
-2256
-1824
-1616
-1568
-1920
-704
-2352
-1312
-1936
-2752
-928
-2096
-1216
-896
-1312
0
-1120
-1504
-1776
-2672
-2688
-3024
-1984
-3200
-1264
-1056
-1984
-416
-1168
-1296
-1488
-1360
-592
80
-352
-1008
-832
-1728
-1472
-544
-2176
-2272
-912
-2768
-2080
-2048
-2368
-1600
-2144
-1360
-48
-1072
-592
-80
-1024
-592
-1600
-1232
-704
-1216
-800
-1968
-1792
-1280
-528
64
-336
-464
480
112
-1248
-1632
-2384
-2480
-3360
-3232
-3568
-1648
-1520
-1568
-400
-608
-1152
-1504
-2128
-1184
-2560
-2016
-848
-1072
-896
-928
-816
-480
-848
-1264
-208
-704
-1120
-2000
-2128
-2176
-1408
-1728
-1984
-4128
-2624
-3392
-3424
-2272
-1488
-1536
-800
-1120
-1584
-608
-1568
-1344
-768
-1456
-1040
-880
-864
-400
-752
-1008
-1104
-3024
-3664
-2816
-2896
-3856
-2992
-2688
-2560
-2752
-2528
-1216
-992
-320
176
-480
448
-320
-640
-192
-816
-1984
-1456
-2080
-1136
-1632
-528
-304
-688
976
-736
-1840
-1488
-3584
-2032
-2496
-2480
-2256
-1312
-720
-592
-1488
-1616
-2784
-512
-2640
-2592
80
-1696
-1200
-1104
-1568
-2320
-3024
-3056
-3136
-1792
-1344
-1072
-1424
-1408
-1808
-1232
-848
-2192
-1296
-1952
-976
-464
-928
-1328
-656
-1952
-720
-816
-304
-656
-2128
-1600
-1680
-1392
-496
-1984
-1616
-1728
-1232
-400
-1936
-480
-208
-480
-1952
-2480
-2832
-2752
-2096
-2128
-1344
-3088
-1952
-2048
-2528
-2240
-1280
-3536
-2576
-624
-752
-1072
400
-64
-752
-592
-32
-2432
-2512
-1744
-2480
-1488
-2112
-976
-736
-1024
-432
-2096
-2192
-2544
-1984
-1808
-1616
-1856
-896
-1280
-480
-2304
-1344
-1472
-2112
-816
-1360
-1168
-2400
-960
-1680
-2576
-2304
-1312
-544
-208
-448
64
-512
1136
-1216
-1456
-2896
-2192
-2336
-2240
-2240
-1280
-2336
-1488
-240
-1424
-1840
-1216
-1920
-1856
-1328
-1872
-480
-1760
-768
-1824
-640
-1008
-2240
-1424
-3024
-1744
-1376
-1760
-976
-944
192
-2032
-960
-1632
-2272
-2176
-1408
-1984
-1536
-1376
-1216
-1984
-1712
-1104
-1632
-1840
-2832
-1296
-2176
-1168
-448
-1536
-80
-1648
-816
-1488
-816
-960
-1472
-1440
-1120
-2816
-1776
-2112
-1600
-2016
-2320
-1648
-2576
-960
-1344
-2112
-1360
-2720
-2752
-2656
-1088
-976
-832
-848
-704
-1456
-1408
-1904
-768
-1360
-320
-848
-1488
-912
-1152
-880
-80
-1600
-960
-704
-1472
-1184
-2528
-1360
-1072
-976
-784
-2320
-1792
-2384
-1792
-2800
-3024
-2384
-3120
-2592
-2624
-1984
-2496
-3040
-1824
-2720
-2208
-1440
-1344
-752
-784
-960
-336
-1008
-112
224
-160
-112
-512
-608
1088
-880
80
-480
-1792
-1200
-2640
-1776
-2480
-2704
-976
-1584
-1728
-2144
-2544
-2464
-2208
-1840
-1552
-848
0
-1040
128
80
-784
-1312
-2000
-1840
-1984
-2032
-2240
-2000
-2768
-1728
-976
-2896
-976
-3072
-2016
-1520
-1488
-2064
-1728
-896
-1264
-752
-1088
-960
-2272
-2144
-1504
-1920
-704
-1360
-1680
-880
-1184
-1520
-1520
-960
-1168
-384
-1216
-1664
-2288
-2272
-2304
-1728
-1952
-720
-848
-1696
-1168
-1488
-1200
-2144
-1904
-1904
-1120
-1920
-1248
-1616
-304
-304
-1536
-1040
-1680
-1376
-2512
-2832
-2720
-1120
-1056
-624
-992
-1248
-1584
-1680
-1008
-1856
-1856
-1104
-1424
-1248
-672
-704
-528
-784
-992
-1968
-1600
-1360
-2560
-2176
-2016
-3040
-1472
-64
-832
-240
-912
-1344
-2448
-1536
-1232
-1584
-1760
-1056
-1856
-1168
-1008
-1248
-2048
-1520
-1616
-2480
-1376
-2256
-2432
-1728
-1504
-896
-1616
-1488
-1472
-1264
-976
-1344
-1568
-2832
-2752
-2944
-1856
-1232
-1344
-608
-2576
-1120
-1824
-960
-992
-2976
-2064
-1744
-2208
-880
-832
-336
-160
-1088
-192
-1248
-896
-704
-1216
-1168
-1504
-2592
-1904
-1008
-1440
-1696
-1168
-1392
-1296
-2448
-1648
-1936
-2752
-2544
-2368
-1232
-1760
-2384
-1312
-1696
-1968
-720
-2256
-1328
-1520
-1616
-1616
-1632
-576
-2112
-2000
-1456
-1856
-832
-1920
-1568
-1936
-1760
-1120
-1296
-1344
-400
-1616
-1120
-2000
-1392
-2832
-2592
-2320
-2944
80
-1616
-3536
-2304
2320
-1280
3376
848
-1856
-832
-3008
-496
-2624
-1904
-2304
-784
-1984
-1392
-1088
-2608
-704
-3088
-4416
832
-992
-192
1856
-1072
-576
-1232
-752
-2272
-3760
-3584
-3008
-640
-1120
2096
-1872
1744
640
-5168
-9104
-4320
6160
-11040
8016
-8416
4512
-5056
3952
336
-7616
-3936
-11152
4176
-7984
7936
-912
-368
8704
-3360
-8880
-16176
8224
-10480
8480
-4416
1696
496
-3040
7088
-4480
-480
-8896
-2464
2224
-8928
7808
-7232
4000
-720
1744
176
-6496
-9056
1520
-2640
-5568
3760
-4720
1200
96
2880
128
-3792
-9328
-10544
3904
-9696
7568
-4800
2384
-320
2688
-176
-4672
-10784
-9104
4352
-10784
6944
-6064
2016
1296
2240
-384
-6384
-11280
-4032
4240
-9808
7728
-5056
1328
992
2160
1584
-4928
-9024
-15216
6016
-10896
7440
-2512
1552
2288
1760
1136
-4896
-8704
-16240
4864
-9904
6336
-464
1328
2944
2560
2608
-2928
-6704
-15360
7664
-1328
912
6528
-2352
3008
1104
2048
-896
-4640
-9376
-15120
4704
-7248
6480
176
960
2512
1264
1600
-2976
-5808
-10752
-7664
3648
-7856
6832
-2880
2240
1232
1856
-704
-3616
-7520
-15648
8864
-2656
4672
3792
-1168
2096
672
1424
-2400
-4128
-10336
-7856
4128
-8880
7680
-3248
992
-336
3024
1200
-1488
-4464
-11984
5440
1360
-4704
5200
-3504
448
-1728
2240
-1008
-1728
-7536
-12560
8352
-1664
3984
1504
-1632
864
-2496
2320
-2576
-2592
-9376
-13312
3168
-7728
4400
-2864
240
-16
-704
3984
-1920
-1040
-9616
-11872
2464
-8752
4784
-3072
688
-144
-224
5376
-1120
48
-8288
-13472
6064
-6992
6560
112
-2016
1472
-3248
2224
-1104
176
-2976
-15616
10064
-4256
5312
1488
-3376
1424
-5008
1552
-2000
512
-1872
-5984
-2448
-1936
-112
-3008
-2352
-128
-3232
1104
-2976
-7824
-3568
1760
-10176
7152
-5760
2848
-3536
-128
-1408
-3392
1904
-3344
2384
-2960
-400
-1264
-3136
-592
-4064
-1360
-4944
-2032
-2480
-832
-512
-1456
336
-464
-1568
-1584
-2368
-3072
-3424
-2656
-2128
-1456
-112
-768
-160
-512
-1600
-1632
-2464
-3760
-2336
-2224
-752
-848
112
320
-368
-880
-1056
-1856
-2256
-3568
-2320
-3200
-1792
-1024
-944
-144
-1168
-1024
-1536
-1024
-2560
-1840
-2112
-512
-1840
-128
-864
-1024
-1232
-1808
-1088
-3856
-1040
-1312
-1856
-2112
-1728
-2144
-1104
-1264
-1984
-1088
-1696
-1872
-1904
-1984
-1152
-1136
-992
-912
-1504
-1168
-240
-3008
-1440
-1232
-480
-1392
-1008
-1344
-4016
-3200
-3744
160
4848
3152
-2832
-7808
-16832
10272
832
-8896
5232
-5312
4784
1808
4288
256
-7680
-10224
-1072
576
-11488
4528
-4032
3584
4352
2704
384
-10624
-13792
6288
-2192
6736
2416
-4336
1664
1968
480
-3760
-9952
-16384
816
-3648
6832
2896
-1520
5920
-1136
-416
-7760
-14208
2624
-752
-10560
2240
-1728
4464
2576
2096
-3248
-10320
-16320
480
-4784
9728
3328
176
848
1440
1424
-5392
-11936
-4240
992
-6464
6192
6096
1504
2352
-272
-4032
-8528
-13824
7088
2624
-5568
5120
2544
-1776
2880
-560
-5776
-10688
-7776
4960
-4240
-1952
7744
-672
528
3184
-5552
-9872
-11056
-1440
5632
-16
-576
6400
-224
-3024
1344
-4368
-5184
-3168
-4928
-1024
2336
-880
-16
1376
1120
-368
-1040
-1472
-2512
-3568
-2992
-3280
-2880
-704
1120
176
-992
-784
-832
-1984
-2832
-1808
-1920
-2688
-2032
-784
-1968
-1872
-544
-1216
-2320
-1344
-960
-1824
-1520
272
-144
-1536
-944
-1728
-2704
-3216
-2944
-2368
-2256
-720
-272
-1024
-1024
-464
-1936
-2688
-1808
-2368
-1952
-576
-240
176
-144
-192
-1536
-2384
-2768
-3408
-3008
-1248
-944
-1088
448
768
-624
-1360
-1584
-1952
-4288
-1408
-400
-3280
-1664
-256
-128
-976
-896
-1312
-2304
-2384
-2656
-1968
-2928
-560
-1936
-2416
-2160
80
-880
-1216
-1232
944
576
-256
144
-640
-896
-2368
-3440
-3056
-5520
-1856
-544
240
2992
4640
2432
-384
-4608
-10752
-14496
-11776
12208
6800
-1856
8288
10016
-2960
-1392
-4944
-16384
-11600
5712
3152
-4928
3104
5040
-1392
2704
3312
-3952
-6288
-11408
-7312
8000
-1664
-3008
7040
-1952
960
6256
-1136
-3232
-3808
-13040
-3264
5584
-5056
816
5296
-2112
-336
6208
-528
-1408
-656
-6336
-10096
-2048
3008
-2512
-576
1968
-2016
224
2976
-176
0
480
-3136
-7648
-7952
-1600
1472
-2416
752
128
-3024
224
2512
480
1408
1840
-2736
-4432
-4800
-7376
-1824
-2544
-2480
992
-336
928
4544
1264
320
1088
-2576
-5792
-5600
-6784
-4848
-1904
320
3120
4192
2704
512
-848
-1840
-4432
-5120
-3728
-4512
-3680
-368
16
-48
288
1552
-448
-1872
-1728
-3536
-3072
-3648
-3440
-1280
-128
-368
192
-896
-1424
-320
-1584
-2608
-1888
-2176
-2704
-1968
-2944
-2288
-848
-576
96
1152
304
832
-416
-1232
-752
-2176
-3136
-3648
-2832
-2416
-2176
-816
1456
1200
1312
336
-1840
-2096
-4384
-4560
-4704
-2848
-1728
-352
624
1184
784
528
368
-560
-1776
-2880
-3328
-4304
-2752
-1600
-1904
-208
-1008
-976
-544
-1808
-1616
-1536
-1392
-1136
-1600
-1808
-2192
-608
-2176
-784
-1744
-2336
-1024
-192
-1648
-2352
-624
-832
-2320
-2144
-2512
-2912
-2528
-1872
-32
-304
-1216
-256
-1120
-1792
-2048
-2992
-2800
-2032
-816
-1280
-128
448
464
-1680
-1536
-3264
-2400
-2848
-2624
-288
0
-144
-240
-384
-752
-2224
-3152
-2384
-2448
-2256
-3456
-2288
-1120
-1456
-560
0
-1664
-1872
-2560
-2352
-2480
-736
-1696
-1456
-848
-2384
-2080
-2384
-2016
-1216
-1392
-1104
-976
-1536
-3024
-3152
-1776
-2864
-3904
-2192
-1728
-592
368
560
1152
-80
128
-1760
-2496
-2768
-1792
-1344
-3008
-688
-240
-448
-448
448
-1488
-336
-2480
-2848
-2016
-2640
-64
-1568
-672
-768
-1936
-1696
-2288
-1760
-1472
-1344
-1712
-1648
-1232
-768
-1232
-336
-1984
-2144
-1456
-2000
-1216
-1904
-1472
-2128
144
-496
-1376
-1680
-1152
-800
-1232
-1936
-2608
-2576
-1200
-272
-1904
-1744
-3536
-2096
-1072
-512
-672
112
416
-576
-1904
-1472
-1712
-1936
-1072
-1840
-1456
-1728
-1024
-1152
-1104
-1744
-1728
-1648
-2432
-1616
-1568
-1600
112
-1088
-1008
-1040
-1360
-928
-2192
-2880
-1360
-1824
-1120
-320
-1968
-1696
-1296
-3568
-2160
-1936
-3408
-2256
-1472
-1744
-672
-2368
-1248
-1488
-2080
-1264
-1696
-1392
-976
-848
-464
-832
-512
-1504
-1264
-144
-672
-1360
-1728
-1856
-1872
-2768
-1728
-2080
-2512
-1616
-3040
-2192
-1856
-2112
-2096
-1984
-1952
-2608
-2112
-1968
-1216
-1776
-2816
-1440
-1616
-1424
-528
-80
128
-80
-1360
-736
-1152
-1120
-1120
-1088
-816
-944
-256
-1680
-1920
-1984
-2640
-2064
-1120
-1072
-576
-1088
-2016
-1216
-2640
-2560
-2496
-2512
-2656
-1488
-1072
-1088
-912
-1488
-1056
-1856
-1088
-1536
-2432
-2112
-1600
-2016
-1104
-1344
-1696
-656
-80
-272
-1824
-576
-1040
-1040
-1376
-2368
-2208
-1520
-1856
-1872
-1088
-1920
-2032
416
-1248
-1984
-1664
-1200
-896
-2224
-2736
-2720
-2704
-1024
48
928
-1520
-1184
-2912
-4064
-6352
-2848
-6976
-672
-2688
-1376
-3696
-2576
-2896
-2544
-4016
-1440
-576
-1216
-2064
-3408
-3824
448
624
-1104
-1216
-576
-4336
-2544
-2704
-1264
-3264
-3424
-1600
-4256
-272
464
2624
-1664
1712
-3200
-2736
-384
-2176
-2464
-3712
-688
-2912
-2160
832
-1280
-2608
-3168
3840
-2816
-2464
-1712
-1504
560
-4448
1760
752
-2128
-2144
112
-1936
768
-2800
-2176
-5664
-6496
-5200
960
160
-4032
-1696
-1760
4656
-2176
-2560
-2016
-7104
-4672
896
-4864
80
-5584
-1040
1632
-2944
-5440
-6128
-4144
-4880
1680
-2192
-432
-704
-3904
-2992
-4288
-2640
48
848
-64
-3424
5856
-1568
5488
1440
192
-1808
2032
-976
-1200
-6800
-3392
-3760
-2128
-224
176
-4944
-3776
-384
-512
-2000
-608
1040
-1072
-1472
-3552
-1184
-3328
-1152
-2048
-2096
528
-944
-1968
-1904
-1328
576
224
1360
192
160
-3216
-9008
-12976
-5520
12848
5648
-4880
6000
8752
-3456
-2528
-7760
-16416
-7024
10816
-4128
-2256
8832
-1360
1872
6304
-3408
-8272
-14528
-2208
6880
-5824
1840
6816
-4096
4640
4176
-4368
-5072
-13296
-432
7936
-6768
1600
6592
-4592
3888
4272
-3088
-1936
-9872
-11456
7872
-6176
176
6752
-3728
1472
5104
-1936
-352
-5280
-12624
5008
2688
-6416
5952
816
-3824
5152
1152
-1152
-2752
-9216
-10816
4784
-7760
1344
3056
-4832
3296
2288
-1680
-1648
-7392
-12064
6064
-1968
-496
6848
-2240
1648
3472
-1520
-1232
-6096
-12128
4816
2416
-8464
4784
-752
-3184
5168
1104
368
-1968
-8192
-13808
9088
-256
-4720
6336
-3600
48
5776
560
-944
-2208
-8816
-14816
11888
-1184
1104
6848
-5232
1168
2704
-992
144
-4816
-11328
-11024
4960
-8976
6496
5392
-4368
4288
704
-656
-336
-6448
-13008
3632
1968
-9984
6096
3664
-3296
3792
-32
-1248
-1040
-8064
-13760
12016
-1872
1760
5328
-6192
2064
4416
-592
-464
-6832
-13136
-512
3312
-9760
6480
4352
-6464
4544
1056
-1088
-1152
-9456
-16064
11376
-4448
4368
5744
-6928
4208
4880
-512
-704
-8144
-16016
7936
1600
-11024
6480
416
-3808
5952
-128
-592
-1968
-9824
-14432
6560
-6464
4272
5376
-6448
3888
4352
-608
-704
-7104
-14400
8832
1216
-10544
5040
-2288
1072
4992
-848
-416
-3216
-11312
-6160
3232
-9456
5744
4560
-6448
4944
2400
-448
-256
-8512
-15040
10560
-2000
-1792
5072
-5984
3232
4880
-1456
-704
-6720
-13744
6240
1216
-10736
7952
2000
-3392
5104
-464
-16
48
-7760
-14400
9344
1200
-10672
5824
-960
-1392
4096
-1936
-400
-3296
-11760
-5200
2688
-9408
8096
3776
-7328
4672
1328
-720
-704
-7968
-14160
10496
-1088
-3744
4512
-5392
3008
3792
-2176
-368
-4976
-13296
4400
2208
-10896
8976
2272
-4656
5680
-384
112
-320
-9424
-15072
11488
-2128
-2640
4736
-6272
4064
4736
-2112
-656
-6336
-13408
7184
912
-10544
8704
2784
-5456
5056
-192
-192
-480
-9328
-15616
11664
-3936
2752
4656
-7376
3504
4336
-1120
496
-5296
-13520
6704
272
-10944
8288
2352
-5552
4752
176
-512
304
-5984
-14400
9616
-384
-10752
5696
-1856
320
5872
-768
512
-16
-7776
-14992
11200
-3552
-2224
5200
-7744
4144
5184
-1152
448
-4928
-16048
3488
1600
-11344
9216
1552
-4416
4960
-384
80
256
-6848
-14464
10848
400
-11728
7552
-992
-1328
5712
-1120
304
-2000
-12560
-7376
5312
-9136
8496
3776
-7952
4144
1328
-272
384
-6224
-15680
9536
624
-11456
9216
1168
-3984
5216
-912
-400
-224
-8336
-15728
11248
-4752
2736
4944
-6912
3664
3760
-848
16
-3280
-12640
-4624
3456
-11056
9472
1472
-5776
5184
-320
-64
-448
-8400
-15712
13024
-3776
640
5200
-4704
2416
3824
-1168
448
-3776
-14480
7120
656
-11088
8768
1968
-5504
4944
320
-352
-320
-9120
-16176
10032
-4944
4672
4032
-7904
3392
4528
304
464
-3584
-13664
6848
0
-5808
5808
3696
-8256
3504
3632
-464
-48
-6400
-14528
11168
-1952
-3424
3024
-6672
3744
4576
-720
-464
-6000
-14144
10992
-1728
-3488
2784
-7136
3600
4336
-336
80
-3136
-12672
5776
-992
-11616
7248
192
-5200
3120
1264
1200
-1920
-11328
-4784
1072
-10448
8064
1424
-4752
3072
336
1264
-1648
-11776
-6992
2160
-9024
9792
2544
-7408
3872
1968
1584
-1664
-12592
-7632
2624
-8832
9072
3152
-6944
3360
2608
1760
-1520
-11360
-7664
2288
-8880
8320
2592
-6384
3968
1888
1296
-352
-9536
-15360
6096
-5824
4960
2288
-7504
3728
2592
848
192
-6032
-13568
10144
-2208
-4096
2688
-5136
4144
3600
-208
48
-3280
-12176
2912
-416
-10240
6960
176
-4096
2240
448
1504
-1360
-10960
-9488
2896
-7968
9424
2528
-8064
3152
3152
1520
-384
-10096
-15904
5840
-6704
7168
1840
-7680
5200
2240
800
-32
-5376
-13888
10960
-3200
-6256
3520
-4496
4032
2512
-160
-272
-5488
-13376
6656
-3216
-10416
5104
-2048
3776
1856
-304
752
-2736
-11232
-4960
432
-6752
9408
896
-6864
4864
2896
80
288
-3600
-12176
2768
-208
-8832
10848
608
-6288
2544
1520
1744
-1776
-9360
-15008
7648
-3504
4544
1152
-6560
4416
2416
512
-752
-4592
-12496
4384
-208
-9664
9712
-256
-6000
2528
672
1360
-1072
-7280
-14832
12080
-3600
1776
1216
-5584
5168
2208
112
944
-1968
-9712
-13344
4784
-6800
8032
-784
-7232
5168
1008
992
336
-2272
-10528
-4352
1120
-8112
9712
-1968
-6768
2416
1728
1216
-2080
-8624
-13712
10208
-5216
4672
-928
-5824
5296
672
-32
2048
-1840
-9104
-11952
3888
-6544
7920
-2320
-6384
4272
1424
1712
-1360
-5744
-12880
11504
-4448
-4272
1216
-3904
4432
-320
384
1760
-2224
-9552
-15856
6336
-5504
4576
-1808
-5824
5680
-816
608
304
-3072
-10240
-3808
-528
-7248
9840
-2736
-5376
2912
1552
1888
-3040
-5504
-13264
11920
-4848
160
5008
-2096
2992
-1360
-224
2128
-2960
-5312
-13136
6272
-4368
3216
736
-2896
4176
-640
-512
2208
-3424
-6720
-10448
3808
-2496
448
2112
-2000
2000
-96
-224
1328
-4352
-8864
-2496
-3520
-3120
5968
-4048
-1408
-272
1072
448
-2672
-5664
-10112
6880
-3104
-2304
2368
-1776
1440
-1584
5280
-2384
-10208
-15168
6112
-5856
6464
-1216
-5616
5120
-2496
-672
-320
-3024
-1856
-4224
-784
-2096
-2352
1616
-1728
2688
-688
-5232
-9168
5296
-2816
-3120
1456
-2384
1760
-2272
-3360
-608
-2128
-1200
-2864
-1648
-1472
-1712
-1248
-912
-448
-768
-1296
-1920
-4896
-1792
-1872
-512
-464
-144
3296
-1424
-6688
1760
-2176
-4480
1344
-2304
-352
-1264
-2128
144
-1152
560
-1888
-2496
-1104
-2912
-2144
-2768
-784
-832
-848
128
-1856
-1856
-1264
-2000
-368
-2704
-1648
-848
-1792
-688
-1424
-1840
-2160
-1440
-1584
-4464
-2752
-2256
1072
-704
-2256
624
-2656
-224
-2016
-3232
-464
-2032
-944
-2032
-608
-880
-1888
1088
-2400
-1792
-2944
-1616
528
-3344
-1392
-2944
-2688
-2208
-2944
-160
-2704
-1312
-2544
-1968
-3504
432
-1616
-144
-2592
-3184
-4352
-3008
1200
-1264
1440
-432
-1376
-272
-3744
-1696
-2688
1792
-64
-3008
-912
-2928
-2224
-288
-848
2880
-1440
448
-4064
-2384
-704
-192
-400
-688
-3072
-2608
-1952
-1792
-2496
288
-1504
-1696
-2928
-3344
928
-2960
-304
400
-2480
-976
-1120
-5024
-1648
-1776
400
-2000
-1840
-704
-4752
-4544
-1648
-1744
-1088
1424
0
-1232
-144
-4512
-4240
-800
-1360
-336
-992
-1456
-112
-2416
-3504
-592
-1632
-960
1200
-2080
-4704
-2992
-2208
-1648
1520
2384
-592
-1936
-1936
-3072
-2448
-1424
-1344
-1744
-1616
-2672
-1936
-1728
-2720
-1808
368
1472
1712
1488
-1376
-5552
-9920
-7696
624
5184
7536
3792
-1504
-5232
-4912
-160
1984
0
-3920
-6960
-4240
-512
3136
3248
2240
352
-1504
-6400
-10848
-8976
1328
6736
7664
4384
-2144
-6256
-4576
1264
1104
-3120
-7872
-9552
-3056
3920
5968
4976
736
-1040
-1328
-2608
-5728
-11072
-6528
2496
6768
7088
2352
-2976
-5232
-3136
1920
192
-3536
-9024
-10176
-1488
4608
6896
3760
-416
-2640
-2928
-2256
-2288
-6112
-9664
-4368
2960
5936
5440
1600
-2528
-3264
-1408
-736
-1376
-6336
-10192
-4736
2752
5440
5632
-144
-3344
-3760
480
5312
-7600
-8064
-9856
5120
7440
480
-224
2176
3184
32
16
-5104
-15056
-15952
9744
8512
-3024
-2512
8512
5104
-2000
-3600
-12800
-6672
10544
3376
-6960
2096
7552
-496
-3328
-1328
-14768
-2528
9664
-1872
-4256
6784
3280
-4704
-768
-6496
-5120
8032
2800
-7520
1312
6752
-2768
-2768
-2064
-9808
1984
4720
-8240
-1600
7984
-1024
-3024
-2256
-7120
1824
5296
-7312
-3392
7856
-320
-4288
-1584
-11008
640
7088
-3184
-3856
7072
1136
-4528
-2304
-10032
-64
5536
-2512
-2960
6928
752
-6016
-3280
-7824
-2064
5184
-2640
-1808
8016
80
-6704
-4768
-7376
-3168
3824
-1392
-304
5728
-544
-6480
-5088
-6848
-368
2592
-1152
1008
3888
-1712
-4032
-3856
-6032
-2208
1280
-176
-1472
1456
736
-2624
-1248
-1728
-3744
-3776
96
-2112
-384
1296
512
-1088
-3680
-384
-1920
-5456
-2976
-400
-176
-1248
-1952
1856
-1504
-1632
-2944
1424
-2432
-2480
-3920
-2480
-5744
-2448
-3488
-96
-1248
2688
-1216
-1168
-1408
-256
-2736
496
-1424
1200
-144
-336
-416
-1664
672
-1248
-3264
-3824
-64
-2224
976
-2608
-4336
1984
-1008
-3648
-1072
-1632
-1760
1680
-1632
-1280
1104
-6128
-5584
-1344
-2048
-4528
2016
-3888
496
-64
-912
880
-4640
-864
-2128
-5488
-2304
832
1552
-4672
2384
-2480
-4240
-512
-4752
8064
6064
-1232
-4912
2080
-3360
-576
-2000
5312
3040
-1440
-5872
-1792
3632
1984
864
-7744
-9760
-8272
8656
4432
-1840
1664
4880
2512
-7696
-15120
-1360
7728
-3952
-4048
6064
2112
-2448
-3936
-11168
1040
5744
-3056
-2096
3824
2352
-736
-2640
-11920
-2416
7216
-3168
-6288
5616
2048
-3440
176
-4848
-11376
5376
5568
-8464
-1744
5744
-3664
-2224
4384
-5120
-10688
5936
2864
-9152
-48
6144
-448
-2032
-7824
-12352
9152
2656
-10960
5856
6000
-9600
-2240
12880
-5168
-11872
-800
880
-2944
-3824
3072
112
-2624
4768
2432
-10064
-12016
9152
1984
-11088
4544
6560
-8000
48
8800
1120
-13440
-4480
5008
-2288
-5392
3904
1344
-4624
4912
6208
-8896
-16336
5440
6848
-8544
-1840
7680
-5008
-5568
10064
-1904
-12992
-3600
3264
-1200
-4192
3040
1776
-4560
3248
5936
-5856
-13648
592
8944
-1632
-9376
5472
3584
-7248
3056
7120
-7616
-15280
2368
11280
-5344
-7088
8784
848
-7664
6544
4752
-11504
-16240
5200
5904
-8480
-1168
7936
-1616
-1088
7872
-2896
-14800
-11168
9984
-816
-9056
5216
7328
-3136
2752
6528
-7056
-15968
-4768
10352
-2480
-7520
7872
3584
-3328
5248
3840
-10784
-15952
1968
7200
-5520
-7024
8672
2112
-3888
5488
2496
-10064
-16224
2752
7296
-6000
-4448
8976
1648
-3840
6336
1776
-11664
-14768
2256
5696
-6416
-4080
9328
1344
-3024
6416
1104
-11456
-14896
1328
5744
-5696
-4352
9280
1680
-2512
5920
1024
-11920
-14832
1456
6064
-4864
-4864
10064
1488
-1808
5904
-736
-13584
-15456
1152
6848
-3792
-4576
8592
2640
-1904
4272
176
-9168
-14272
-4064
7808
752
-5728
2368
5680
544
496
2672
-1344
-8880
-12736
-3808
6464
848
-4928
1104
4656
1632
240
624
-2352
-7536
-10864
-4144
5440
2928
-3168
-272
2608
1056
352
336
-1904
-4976
-9184
-7440
3024
4320
-1536
-1504
880
144
96
656
576
-3328
-4528
-7840
-7392
1472
4624
-416
-1968
-832
-1344
416
1168
-992
-752
-1024
-7264
-7088
1344
2656
-368
-1872
-1472
-928
896
1792
560
2688
-3408
-9552
-8240
-96
2112
-80
576
-272
-1328
-1712
720
3440
2432
-2016
-7136
-9424
-3280
768
720
1296
-192
-2768
-2000
-448
1232
656
-4624
-4736
-7936
-8224
-3184
-352
432
656
-816
-96
-1312
-720
864
1360
-2704
-1040
-7376
-5632
-1040
1616
-320
3056
704
-208
2528
2624
-2016
-5024
-4176
-6320
896
-608
1040
128
-448
592
-1136
2176
1072
3008
1584
-1424
-3792
-4944
-2016
-880
80
-1936
2720
-4864
-3776
-6736
1392
5216
1472
-2096
-3840
-2752
-240
-1152
-8224
-10704
-96
7440
3760
-2720
1776
1392
-6128
-3424
3792
-2560
-6656
-7760
-1104
3296
-1808
960
3536
-2384
5728
4352
-16384
-7200
8496
-7136
-1776
7616
-8528
448
5536
-7232
320
3888
-5840
-1136
-704
-5264
48
-736
-3552
0
-1568
-4944
1632
-1712
-1024
1024
-2624
80
-1872
-2304
-1168
-4672
-7184
720
-1280
-288
368
-1008
-832
-2240
-720
-1760
-2240
-1808
-2128
-1616
-2400
-880
-1840
272
-1136
-3392
-1120
-3664
-480
-3392
-160
-1408
592
224
-1312
-272
-2128
-1808
-3408
-2624
-928
-1616
-1984
-2640
-1600
-384
-2176
-2048
-1472
-848
336
-560
-2240
144
-3648
-832
-3824
384
-5440
208
-4704
-2688
-752
0
-1664
-3344
-1776
-3328
3328
-4784
-848
-4544
304
-5504
4880
-3104
3648
-1632
2144
-3552
496
-3792
-2752
-544
-1216
176
-1680
5392
-5616
-688
-2320
848
-2736
400
-1840
-2064
-1424
-2368
-2640
-4512
-848
-784
800
-176
9120
-5872
-7600
-14512
3072
-5808
4048
-4112
1744
-4944
416
-4192
7360
-1280
-3424
-6832
-11184
2064
-6064
2272
-3504
3296
-2272
2752
2704
-1472
-6448
-15872
10816
-5840
6672
-3840
5760
-4128
5712
48
4144
-2288
-5504
-15248
10752
-7376
6432
-4880
6336
-4016
5072
1184
2400
-3104
-8288
-8896
-5568
-2960
-4048
1488
-3792
1488
-416
1040
-704
-4224
-9040
8704
-7360
4208
-4432
3536
-5520
1872
-368
-112
-496
-6736
-7888
5360
-5072
1360
-2352
544
-1808
-688
784
496
1648
-4224
-7936
-1664
-3552
-1360
-2048
-784
-2144
-1184
1376
-1760
-1776
-8688
-11200
1088
-5856
6816
-3824
4416
-3408
4432
-2080
848
-5936
-11760
3840
-4800
-3520
-640
-2480
1344
-1440
6240
-2848
48
-7104
-12288
12576
-3888
5472
-1776
-1824
-1008
-336
3936
-1808
-2736
-11456
-288
304
-8992
9248
-1376
560
992
-1152
4848
-1504
-3024
-10480
-4000
864
-8128
7200
2544
-4896
2704
976
1200
560
-4480
-9472
-14144
4944
-1104
-16
4656
-1744
-3616
5280
496
-2496
-2912
-6448
-13776
640
7776
-2640
-2192
1232
-1040
-976
1136
336
-1536
-3072
-7200
-10528
3840
3136
-1376
1824
112
-2736
-2096
1568
1008
-784
-3856
-11440
-5600
8688
1776
-3760
144
-64
-2912
-448
3392
2240
304
-4640
-12736
-6960
8272
2592
-5168
272
1280
-1968
944
3840
2416
-1376
-7232
-15696
-3328
9408
-1760
-3440
2816
-3088
-1296
5392
1472
-1152
-6256
-16304
1984
8464
-5904
1552
4800
-6480
1328
7152
-1376
-592
-6112
-16272
6624
3456
-6800
7776
656
-7824
5248
3616
-1520
1008
-8608
-15216
7360
-5024
-2960
4752
-8000
528
3680
-1344
544
-2976
-12128
-5072
5856
-8784
5680
3152
-5904
4928
2928
-96
1392
-4176
-11008
5424
7424
-5520
6944
1376
-5440
3104
912
-1200
-1024
-9008
-14672
5696
-2864
-6128
9376
-2752
-416
6768
-656
-2096
-4096
-14368
64
10976
-3120
80
9744
-1120
-4544
7696
560
-4176
-2640
-12608
-2496
7120
-6976
-1984
8624
-3920
-704
7808
-1264
-4576
-3744
-13456
-1920
8960
-5248
-736
6048
-1360
-2544
5328
-2096
-5088
-3344
-9696
-4176
5424
-2112
-1872
1328
288
-1744
-96
-512
-1552
-1936
-2992
-5824
-3600
384
-592
-192
-336
-1024
-1952
-1680
112
400
-256
-2176
-3600
-4288
-3472
-1344
368
-48
-944
-1440
-832
-416
16
48
368
-688
-1840
-2624
-3776
-3136
-2800
-2064
-16
352
-496
-832
-832
-1840
-1344
-2048
-2688
-2112
-2368
-2896
-1280
-368
-1216
-800
-912
-1840
-2000
-2480
-2912
-2512
-3008
-2512
-784
-320
-1040
256
-256
256
-208
-1344
-2752
-2608
-3280
-3696
-2848
-2160
-832
416
1584
80
320
400
-592
-2688
-2032
-3376
-4144
-3184
-2400
-64
1200
1360
256
1776
608
-1904
-3200
-2560
-3776
-3200
-2928
-2352
-128
-112
-512
-1072
-256
-2000
-2368
-1264
-2448
-1600
-1504
-2096
-704
-656
-1088
-1344
-1856
-1440
9184
10176
-11120
-7920
-16
176
3792
4000
-1616
-2752
-13888
-16176
9952
7920
-6976
11648
-3152
2928
8064
-3088
-2864
-16320
6256
1536
-7568
8144
-5088
2640
2544
672
1760
-5696
-12480
6032
-8032
2576
-304
-3408
2960
176
2656
-1808
-7712
-12320
4640
-7728
4864
-6112
2336
-1984
4416
-624
-3840
-10944
5312
-2608
-448
752
-2896
2240
-1408
3616
-2432
-6448
-8656
5568
-9216
7376
-6080
3376
-1584
4080
-1200
-6928
-15152
4720
-10032
4912
-7360
3488
-2304
5392
-1456
-7440
-896
6112
-10096
5552
-7424
2880
-2112
4848
-656
-8816
-352
6672
-10720
6112
-7328
3568
-928
1904
784
-10448
1760
8848
-10896
7136
-5808
4304
2352
160
1296
-11168
-1968
336
-10208
6400
-3840
1136
3392
-2112
-4352
-13248
8096
-4800
96
8000
-3760
3200
3136
-4464
-7424
-5008
2752
-6112
1808
4208
-2272
2624
-448
-7824
-12672
5280
-2736
-2752
5296
1344
32
1008
-4944
-11456
912
2896
-4368
1712
5840
1168
-80
-624
-7904
-9296
3696
-1056
-3296
4672
4144
-1648
-1472
-5360
-13360
3024
816
-3184
1696
7632
-896
-3968
-1360
-10016
-5408
4160
-656
-1744
6192
1808
-4400
-2272
-5664
-10976
-1408
2240
-352
1520
3248
-1120
-3248
-736
-5136
-6208
-4320
304
1072
512
1904
864
-880
-2384
-4048
-3648
-5008
-3456
-1968
-1488
432
880
1328
2048
-1424
-3712
784
-2672
-4208
-800
-2256
1040
-3248
1136
-4272
-688
-720
-1040
-672
-1776
-2640
-2736
-1232
512
-3904
1024
-448
-4560
-7872
-1168
-576
-5248
-3280
4512
-2576
2352
-1984
-5184
-368
-6896
6016
-592
-4032
7888
416
-4288
-1888
768
-3600
-7616
-3520
-5984
1440
-7056
-2736
-2976
-4272
2272
3456
4464
-16
4944
-5840
-5456
2480
-2352
-2304
-2064
896
-3632
-512
-560
-1376
-2640
-2976
-4272
-2704
-3056
-4048
128
-720
880
-3024
-1120
-3280
-1856
-2768
-1344
-896
-2144
-1568
-2304
-1056
-2624
-832
-288
-1152
192
-1232
-1888
-2240
-2240
-1840
-2480
-240
-2000
-1648
-512
-1760
-1888
-1616
-2368
-976
-1168
-1168
-1648
-1008
-560
-2624
-2368
-2320
-2080
-1536
-1584
-1104
-1968
-2496
-2752
-1360
-1456
-816
-144
-1136
-752
-1024
-2208
-2112
-1600
-2240
-3440
-3600
-80
-2224
-1088
-1232
-2496
1728
-2128
3776
784
3024
-2896
-4720
-3648
-1792
-1040
560
1184
112
-1408
1616
-2592
1888
-3328
-3584
-3584
-1184
-1504
-2048
-688
-2000
-1248
1072
-1824
-2944
-2784
-848
-960
-256
-1712
-1776
-1600
-1584
-2224
-1104
-1072
-1088
-1056
-2080
-1760
-960
-1936
-2624
-1360
-1968
-2144
512
-304
-736
-1552
-2368
-2784
-3088
-1280
-1680
-992
176
192
-720
-304
-1264
-1888
-2224
-2288
-2368
-1552
-176
-112
-640
-896
-912
-1440
-2672
-2768
-2864
-2048
-1168
-1296
-704
-896
-800
-480
-1728
-1968
-1856
-1984
-2608
-1920
-1584
-1440
-768
-1712
-1888
-800
-1984
-1888
-1360
-2240
-1600
-1248
-1312
-640
-592
-896
-1824
-2096
-2496
-2496
-848
-1648
-1344
-640
-1552
-1760
-896
-976
-2112
-2688
-576
-1488
-1456
-384
-1360
-144
-2368
-3168
-2112
-2384
-1680
-1600
-1232
-448
-928
-496
-1792
-2304
-1744
-2512
-2816
-368
-832
-448
-880
-624
-2304
-1552
-2512
-1120
-1824
-2656
-1376
-192
-1264
-1104
-1216
-1920
-1488
-2032
-1152
-416
-1616
-1696
-960
-800
-2160
-832
-1040
-1296
-3008
-3024
-2480
-1120
-576
-1408
-1984
-1104
-1904
-848
-2384
-1712
-1616
-2256
-1104
-848
-240
-2176
-1536
80
-1968
-2304
-1232
-2416
-1792
-1200
-192
-432
-848
-2080
-2912
-1776
-1872
-2288
-1040
-1104
448
-1472
-48
-944
-1280
-1280
-2624
-3168
-1488
-1616
-704
-816
-1360
-976
-2016
-1616
-1840
-2048
-2240
-1152
-896
-1136
-1984
-848
-656
-736
-2304
-1552
-1600
-2800
-1616
-2000
-1408
-1296
-192
-80
-2288
-1280
-1936
-2112
-848
-1136
-624
-864
-1824
-768
-1552
-2016
-2352
-2464
-976
-944
-1024
-1040
-1120
-832
-2672
-2720
-3472
-2048
112
-1120
-80
272
-592
416
-976
-1200
-2112
-3296
-2096
-2880
-848
-1200
-704
-592
-464
-720
-1344
-2368
-2640
-1472
-2624
-704
-720
464
-784
-2048
-928
-1536
-1040
-1968
-2304
-2064
-1856
-464
-1216
-1600
-992
-2592
-1712
-2256
-2176
-1552
-704
-1200
-784
-320
-448
-2048
-768
-1376
-2224
-976
-1008
-1600
-2048
-1984
-1376
-2512
-2464
-1632
-400
-1440
-1744
-400
-1760
-1200
-1200
-944
-816
-2304
-2944
-2624
-2480
-1488
-1728
-592
-128
512
-1264
-1312
-2064
-4304
-3632
-224
-2768
-1488
-208
-1024
-1184
-2576
-1440
-2128
-3200
-2096
-1856
-464
-1056
-208
-1776
-304
-2000
-3008
-1264
-1280
-2192
-704
-976
-2384
-1200
-1456
-2080
-1984
-1664
-1152
-1520
-448
-3264
-672
-2432
-1680
-1872
-448
-2176
-2464
-1760
-944
-2512
-336
-656
-1568
-1728
-1792
-2240
-2848
-2432
-704
-1760
-896
-592
-1232
-1232
-960
-992
-3376
-2432
-1808
-1824
-800
-928
-560
-320
-1424
-1024
-2832
-2176
-1040
-1824
-1376
-1392
-1232
-1904
-2336
-1056
-1008
-2240
-2640
-1968
-2112
-1840
-192
0
-240
-512
-1744
-2048
-2544
-1760
-1488
-1648
-1248
-1344
-2016
-1344
-1200
-1168
-800
-1232
-1824
-1968
-1440
-1632
-1104
-2112
-2176
-1936
-1344
-1152
-1344
-224
176
-432
-1808
-2352
-1648
-2784
-3200
-2304
-1744
-976
-784
-496
432
-400
-1488
-1776
-1936
-2496
-2880
-2912
-1472
-448
-656
-688
-848
-1824
-2112
-1600
-1808
-1520
-1680
-1712
-768
-848
-720
-1152
-1984
-2224
-2032
-1632
-1968
-1600
-1472
-1472
-1232
-1376
-1440
-1648
-1440
-1616
-1648
-432
-1568
-1136
-880
-1568
-1424
-1536
-1872
-2224
-1600
-1552
-1440
-192
-1616
-1584
-2128
-3104
-2048
320
-96
928
-128
-2496
-5376
-6352
5952
-2432
1184
-2512
-1984
-4784
-1296
-400
-416
-720
-1392
-1568
-944
-1936
-2544
-2624
-3040
-1872
816
832
688
-1200
-1744
-3952
-3152
-2528
-2240
1568
1008
1328
1328
-2368
-10672
-14416
12992
400
5952
1440
-1664
-4288
3408
3488
-688
1904
-5056
-13232
-15248
3616
3504
1248
-64
3120
-2448
7104
1872
32
-5504
-15120
-10288
-3552
8608
1392
-3600
-480
2592
4672
176
3824
-7840
-15936
-5664
-3456
5968
528
-1472
704
256
2672
3456
1984
-6832
-11712
-12560
-1168
6032
1008
-1424
368
688
2432
2160
3184
-6400
-12048
-12144
-2128
6528
1344
-2320
-704
2096
4032
-1248
1216
-5968
-13040
2208
-4832
4544
1840
320
-2560
1328
5872
-976
144
-5200
-11696
-3920
-3936
1728
432
-96
-2304
-688
5488
64
1696
-3552
-9552
-14144
-1536
1792
3264
-208
-448
-1920
3536
-752
1520
-4048
-10144
-7520
-1616
192
1600
-944
1600
-688
4112
752
1056
-3216
-9552
-15776
-384
-1728
1328
-3424
-224
-1584
4256
144
1520
-4448
-10832
-12416
2512
1056
2896
-1232
1072
640
3664
2000
976
-2384
-9232
-14624
784
768
1440
-64
-1504
-624
-112
1952
64
-992
-3040
-7504
-9488
-2112
2432
3344
2064
-560
-1248
576
1200
-192
-1904
-6576
-11136
-3040
3504
3712
1664
-1408
-2320
0
1232
832
-912
-4768
-10896
-7600
3504
5808
3072
64
-2432
-3328
16
1744
1568
-2560
-8000
-12304
-1600
6368
5200
1488
-2416
-4176
-448
2608
976
-2848
-8496
-13136
-2976
8688
7152
1344
-2288
-4224
-816
3264
1440
-3008
-10560
-15776
672
9792
8448
2224
-1872
-4928
-1184
4368
2512
-3776
-11856
-15648
464
9072
8064
1568
-2544
-3424
-1216
3488
2992
-3200
-9712
-15088
-4160
8864
7312
1488
-2512
-3968
-1520
3600
3024
-1840
-8528
-13776
-4496
8000
7936
2544
-2672
-4880
-2928
2304
2944
0
-3392
-9296
-10432
-688
7856
6080
448
-3856
-5264
-3136
2016
4400
1616
-3168
-9728
-11312
-64
5520
4352
-64
-3952
-4912
-1840
2784
4720
3392
-688
-5920
-9280
-8768
-1328
3440
3200
-448
-1872
-1744
608
2976
12240
128
-11568
-6496
-4368
-1856
-5056
-3664
3376
784
4352
8000
-416
-9808
-16320
-4544
10240
-8672
4224
3504
-5824
4256
2480
2640
1600
-4272
-10464
-3024
1392
-9328
5136
-2880
624
1424
-304
5040
-2016
-1696
-10976
2944
5696
-4880
5552
-6064
2656
-3712
3776
1392
-128
-1472
-10624
3056
3760
-1904
3520
-3648
256
-5056
2864
1280
1120
-2144
-8976
-13376
4752
-1344
4496
-1680
448
-5392
2096
576
624
-176
-7808
-15120
3760
-9728
5296
-4544
5392
-3904
3904
-1824
1664
-272
-6480
-15360
3008
-10592
5536
-3552
3488
-3744
1632
-864
2368
-992
-6752
-15328
3504
-10240
4768
-4112
3312
-4112
1840
-2512
1984
-1360
-7520
-15328
816
-7392
6096
-3504
3824
-4752
1808
-2752
1952
-1744
-7840
-15456
1296
-4448
5696
-2256
1584
-4480
1248
48
4016
-528
-3488
-13280
5104
-9104
4784
-4160
4416
-4400
1344
-736
2928
448
-3392
-11088
2624
-5456
704
-1360
336
992
-2304
1968
208
640
-368
-6656
-11744
1344
-1360
2736
-1584
-1600
-656
-864
1888
1088
-240
-3824
-10560
-1904
1040
1040
1216
-144
-1792
-1904
352
1248
1568
-1616
-10688
-9312
1712
3744
2480
-144
-1872
-3264
464
2480
2432
-1616
-10656
-10544
3328
5072
2448
80
-2176
-2864
16
2064
2928
-608
-7904
-13872
-3728
5856
5040
2544
-2368
-4064
-2064
1504
3456
-496
-9552
-15072
-1200
6992
5568
2048
-2880
-4400
-1136
3024
2896
-1072
-10704
-13184
1968
7104
4752
992
-2048
-3232
-960
3248
3200
-576
-8336
-14480
-3072
6704
5472
2256
-2224
-3872
-1824
2192
3200
-400
-7072
-15136
-5568
6256
5392
1504
-1872
-4096
-1648
1728
4016
1456
-4928
-14624
-7600
5360
6368
3024
-1088
-4576
-736
4544
3776
1072
-11648
-16080
2496
-592
3840
304
-2432
112
-1792
2192
1664
2432
-4144
-14288
1072
-2768
1984
-2576
-96
400
-3088
2224
2320
2160
-1504
-10880
-7232
2320
352
4432
-2880
3120
-1984
2816
688
2848
832
-4816
-13520
3584
-1584
4816
-1616
1200
-2704
464
736
2464
1952
64
-6576
-14416
6448
-4800
6480
-4064
4544
-3920
2256
-704
2560
976
-2688
-10416
4400
-3392
4384
-1952
1072
-2544
-1136
-928
2704
1072
-848
-8800
-15760
-3792
-4272
-688
-3376
-1696
-2544
-192
2208
1776
-208
-7936
-16256
-1360
-6752
2032
-4368
256
-3088
3616
-688
2928
864
-4192
-12752
11392
-5440
8432
-3264
3504
-4272
1072
176
1920
2656
-2832
-10736
4672
-2992
-752
752
-5696
288
-3472
2160
2928
2736
960
-7312
-14784
6880
-6608
6352
-2336
1760
-864
-896
3968
352
2784
-4928
-13312
9456
1648
-688
6352
-3312
2064
-1728
1296
2800
400
-496
-10624
-14224
4768
-9520
7856
-3072
112
384
-3584
3056
576
-1280
-8224
-15920
7200
-7296
3360
3248
-5552
2240
288
-80
1120
-1168
-7984
-14368
4752
-2512
-2544
7920
-3120
592
3904
320
-240
704
-5536
-13488
2400
1296
-7744
4816
3760
-5104
3456
4560
-2880
-2160
-7824
-11504
10192
-4432
-6384
6576
-288
-4464
5744
1760
-6224
-6400
-13168
3648
8752
-3744
-2752
4416
-2496
112
3392
-2272
-6800
-7104
-5264
-5008
2240
4112
3504
1248
816
720
-256
-2960
-5456
-10048
-4928
2128
5632
7184
2144
-3200
-1744
1008
-2576
-9616
-13792
-7200
4528
9504
4704
-2272
-880
7600
656
-16320
-16304
2816
48
-8032
2272
5296
-7808
1760
4384
-1712
3088
-2528
-12528
-3184
1872
-7632
3104
3552
-4480
4848
4496
-1264
1072
-6832
-13920
7840
-2624
-3104
6512
-4672
-416
6368
-1568
-768
-4752
-15600
4912
912
-8912
7456
2912
-7536
6320
3520
-4592
-1152
-13072
-1536
8560
-9616
4016
5840
-7360
2960
6128
-5216
-2656
-9568
-9488
7824
-6400
-3216
6656
-4912
-1120
6752
-4592
-5792
-8352
-3808
6848
-4064
-2704
6560
-3504
-976
6432
-1856
-8000
-8432
-1472
4080
-2176
-2816
5072
-1792
-512
4208
-1120
-8384
-10416
-864
3248
-2912
-1808
3424
-720
-736
2784
-1728
-9120
-8544
608
3136
-1552
-3152
1584
672
-496
672
1024
-3728
-6976
-6016
-624
1680
-1152
-1472
368
496
48
0
432
-800
-2928
-3616
-4368
-4144
-1616
272
-400
-768
-1264
-896
-928
-1120
-944
-208
-1984
-2784
-2160
-2640
-2288
-2176
-2000
-1664
-2304
-1504
-1216
-2240
-1600
-736
-1968
-1328
-432
-1440
-1696
-1456
-1680
-1792
-1216
352
-848
-1264
-1360
-1920
-1344
-1344
-1440
-1696
-2800
-1120
-480
-1408
-768
-1376
-1776
-1952
-1648
-2352
-2096
-2192
-784
368
-448
-2096
-1552
-1984
-1136
-1792
-1568
-1072
-2400
-1600
-384
-1872
-400
-1600
-1680
-624
-848
-784
-1984
-1792
-2128
-1568
-2768
-1984
-688
-2816
-1776
1296
-544
-2272
-1968
-4000
-2256
-1440
-992
-3504
-768
-5712
624
1200
-880
-2496
-2032
-224
-1216
-8336
-1680
320
-2288
2112
560
3264
-5344
-3792
3696
-2256
-5792
-4400
-3760
-4464
-2896
-2256
-1296
-2096
800
-6384
-4208
-11200
1856
-1312
-2704
-2288
-5024
-4928
-10672
320
-2800
-3104
-2800
-5952
-3312
-896
2096
-2528
1888
32
-2432
-3008
-3136
-2896
-1488
496
-2928
-2144
-144
-1024
-960
-2256
-1968
-1072
-4064
-1088
-2720
-1104
-1552
-1984
-2704
-4448
-752
1248
4416
1648
-992
-6464
-13408
-11552
9952
6960
-4240
4800
6272
-2192
4048
784
-15216
-15424
7856
32
-6144
3712
3280
-5968
1824
5536
-2256
-6976
-15984
6320
-2416
-672
3008
-4000
-448
912
848
800
-2800
-10368
-3312
752
-2512
3296
-2256
-336
-1168
1424
848
-2240
-5312
-15968
4512
-2416
5344
-2256
1152
-1360
1392
2384
-320
-3536
-14416
4160
-2576
4912
-2432
1568
-2304
48
4416
112
864
-7888
-13344
240
-1536
5616
-2352
2144
-2624
1680
2256
384
-592
-10448
-15520
2032
832
4928
-2816
1456
-2064
3344
832
2000
-5792
-13264
-4160
-1856
4144
-720
960
-448
288
5552
2048
1856
-6928
-14592
2352
-816
3696
512
-1520
128
-112
4496
672
32
-3520
-11056
-4384
1232
-464
1328
-1904
-224
-336
1808
896
1056
-336
-5440
-11472
-6096
1344
2976
1216
-384
-1824
-528
1952
1968
-1376
-6768
-10496
-5040
2832
3680
1296
-528
-1360
720
2848
1392
-1680
-7680
-10624
-3376
3936
3376
2032
-1232
-1520
944
992
1392
-1504
-15504
-5520
1616
2112
3472
-896
-304
-416
2240
1792
-256
-4192
-12224
-3280
-1344
3424
1152
-1024
-208
-208
3216
-2144
96
-6304
-12960
4496
-2112
4400
-2256
2048
-1616
1936
1872
704
-960
-9200
-13520
2304
-2496
3808
-4016
2960
-2848
2368
1616
-192
-4096
-10800
896
3568
-448
3760
-3664
2288
-1888
2240
1040
1888
-4320
-10192
-784
3840
896
3744
-3984
1728
-2112
2880
2432
528
-2592
-9760
-15360
2864
1744
2096
-1136
-224
-416
2240
2032
64
-2032
-8784
-16288
2992
-384
3168
-2176
1344
-960
2512
2480
-80
-1248
-8128
-15728
2928
-112
3200
-2400
1408
-2176
2608
1584
-96
-2032
-8768
-16272
4000
-1120
2624
-2320
928
-3024
3088
432
256
-1616
-8752
-15040
4928
-1936
4848
-2848
2144
-2496
2432
272
-48
-1776
-9856
-15792
7808
-2832
6064
-3232
2912
-1776
2560
560
-2016
-4064
-11584
-432
2208
-5824
4608
-2016
-64
176
-368
1360
-1488
-1776
-8112
-12688
8752
-2080
-592
1184
-3184
320
1200
1264
400
32
-3136
-10144
-1728
1744
-6432
3904
-512
-3744
1328
-1104
2816
-208
-4416
-12288
4144
-2880
-112
4496
-3776
928
-416
1344
1792
-1680
-6480
-15872
7408
-5920
3904
-3152
-448
192
-896
3424
-1328
208
-8432
-15760
6832
-8208
5696
-4688
2736
-1856
1744
1760
-1936
-3264
-12192
7376
-7696
2864
368
-2736
1488
-1136
4416
-2784
-1056
-9648
-9568
5904
-7680
5184
-1840
416
640
96
3872
-1632
-4240
-10256
-2048
3648
-5392
5216
-880
128
1568
2592
336
-2256
-7904
-13296
3792
960
-3344
3360
720
32
4704
1840
-848
-4240
-8192
-13632
3616
160
-2272
3744
1008
1472
2512
-560
-2784
-5792
-9568
-5712
1840
128
-144
2752
1776
1088
112
-768
-3456
-4480
-4736
-5408
-2496
-576
-144
576
96
576
208
-576
-1376
-2688
-2720
-2496
-2704
-2560
-2224
-928
-720
-64
-656
-768
-1200
-2000
-1936
-1472
-1328
-2240
-1696
-1856
-992
-1584
-2080
-1616
-1360
-1104
-736
-672
-1136
-1552
-1760
-1680
-1728
-1616
-1488
-2368
-2240
-576
-592
-2096
-1392
-2368
-2224
-2048
-864
-480
-1760
-1344
-608
-880
-880
-1984
-1072
-1664
-576
-1696
-1968
-2256
-2288
-1440
-416
-944
-1296
-1168
-1104
368
-864
-1888
-2528
-1984
-2112
-2176
-2064
-2528
-1392
-592
-256
-256
-192
-1280
-1744
-1440
-2384
-2016
-1632
-2752
-192
-944
-320
-1056
-1616
-1888
-1808
-3312
-960
-2208
-2480
-2336
-96
64
144
-1088
-1280
-2064
-3600
-8432
-9904
1664
12800
5808
2496
5424
-2544
-12080
-12080
-16320
4512
13104
-4240
480
9360
2224
-816
3168
-2592
-10432
-15856
3104
9040
-4480
-1632
7840
160
384
5632
-928
-9248
-11472
-6368
7344
32
-7440
3360
7184
-832
1168
2672
-5264
-9280
-13936
1760
8880
-4048
-2560
7120
1296
-560
4080
-2304
-8784
-11232
-5008
6656
-1200
-3536
6512
2240
-1520
1856
-1424
-6160
-8144
-8432
3648
4528
-2240
-80
3008
784
-208
1840
-1584
-4736
-4928
-7504
-4992
2096
1840
-704
304
864
576
-64
-608
-2368
-3296
-3616
-4832
-4992
-1936
1904
320
112
80
-400
-1296
-592
-1680
-2272
-2400
-3472
-4272
-2768
-448
-496
-624
-1792
-1664
-896
96
288
1200
-1120
-2928
-1984
-2448
-3072
-2880
-192
-1264
-2336
32
-608
64
-416
-1952
-1600
-1872
-3424
-2736
-2512
-1328
-1248
-176
160
-688
432
528
-1216
-1088
-2448
-3648
-2832
-4176
-1680
-944
1216
832
-1296
-352
-736
-1440
-880
-3056
-2496
-4096
-3168
-1120
-1376
-240
256
208
1024
-1808
304
-2752
-4416
-2912
-2704
-3376
-2064
-2208
320
1120
1408
-448
-192
-928
-2912
-3904
288
-2192
-2560
-2096
-3648
-256
-1840
-832
-896
-2256
1024
-1920
-1760
-2480
-2928
-3600
16
-2816
-3024
-2192
1648
-960
1056
912
832
1600
-2960
-4272
-5984
-4800
-1072
6464
7152
3568
-2800
-5936
-14384
-12480
2400
13056
-1440
-3952
5680
6064
2224
-3360
-11008
-15264
704
10464
1344
-7696
2224
7056
2512
-96
-4192
-14032
-10784
7584
5760
-5904
-2160
5536
3136
784
-256
-7712
-16272
-992
9792
656
-7440
896
4720
2928
1232
160
-5856
-16304
-2736
8208
-1168
-7088
2528
3952
1472
2208
-720
-9664
-12304
2944
6080
-4016
-4112
2384
3024
2864
1808
-3488
-11200
-7376
4176
2976
-3776
-3248
1632
1840
2992
384
-3872
-7968
-8032
432
3712
-208
-2704
-1504
2160
2496
640
-560
-2416
-4992
-6960
-2848
272
-688
-144
1600
704
-1472
-768
896
48
-2576
-5328
-5408
-4304
-768
3104
2944
-960
-2640
-1776
-976
-2592
-1968
-3424
-5184
-1536
2336
1344
0
-592
-1808
-3040
-3456
-2560
-3472
-3520
-1136
1824
2624
1664
272
-2496
-4480
-4544
-3808
-1520
-624
352
-368
-1408
-1280
-2112
-2544
-2704
-3424
-2544
-1664
720
256
-496
1488
176
-1600
-1776
-3200
-5440
-3072
-1632
-1440
-1232
848
1792
352
-1232
-1344
-2368
-3424
-2608
-1792
-3120
-1024
1072
656
-928
-1056
-1600
-2912
-3248
-1184
-1488
-2128
-192
-880
-2832
-1504
-752
-2336
-2352
-1360
-1360
-784
-144
-96
-256
-1152
-1408
2400
-2400
-8144
-6672
2848
2672
-1248
1424
-464
-2432
-3312
-10016
-16160
5408
11840
-3536
-2608
8784
4240
-2144
-2496
-12272
-12048
6704
5632
-6640
-288
7232
1504
-768
2688
-5824
-16336
-752
7424
-4592
-6608
4944
2944
-1520
2016
-2624
-15168
-3248
8752
-2128
-6992
4640
3360
-1264
2416
-224
-11472
-8016
8112
2112
-8336
576
5024
-416
-128
4496
-2736
-14752
-1008
8160
-3648
-5536
5808
2288
-1984
3904
-208
-12368
-6992
7952
-64
-8784
-528
5632
-1008
960
5200
-3216
-14992
496
8944
-2560
-9088
3552
2864
-2112
3728
1904
-10256
-10176
7584
-304
-8384
1728
3792
-3360
1200
4336
-6848
-15648
4496
7552
-6000
-3984
4528
-1424
-768
5248
-3136
-15168
400
8368
-2592
-8144
4304
2464
-3648
3408
2960
-10160
-11872
6304
640
-7216
-176
4048
-2336
608
5808
-1264
-14112
-288
7712
-3936
-7696
4848
1472
-4496
5056
3344
-9024
-12368
5072
1552
-7088
512
3664
-4208
-112
8624
-704
-10416
-5552
2928
-2960
-4672
3568
-1632
-3280
7872
1088
-7632
-8000
-784
2400
-2752
-576
1200
-5904
-48
7248
-816
-5456
-2688
-6992
-672
688
-2032
-1344
-2240
320
4544
-464
-3248
-4800
-9600
3136
-3168
736
912
-4432
3200
4816
-448
2928
-4656
-15072
432
-3056
208
-2160
-512
3696
-3616
3200
7104
-2048
-9936
-12800
3136
-5360
5584
1488
-1152
-640
2848
10000
-4192
-6592
-16384
3104
-5440
7856
-5024
1984
-3472
3328
-2992
1408
-1520
-1264
-5632
-6032
-1664
-2112
1648
-368
192
-1264
2128
1584
-976
-4672
-12480
-1600
-2416
3648
-5248
2240
-4032
1264
-3808
4208
48
-224
-6000
-6336
-4736
-1296
-976
800
-1296
-1072
752
1440
160
-736
-1488
-9408
-7008
-336
1840
1952
-2704
-848
-2304
2432
912
4432
-1088
-10896
-15504
3920
80
8064
-6432
4144
-4000
3376
1072
4288
384
-6432
-13392
576
1648
-3856
-64
-3072
1056
-2688
3808
816
2688
-1360
-8256
-15968
3472
-928
4048
-3216
2224
-1360
1120
2144
640
-176
-7376
-11520
-624
-96
1440
1856
-2000
-528
-96
1456
704
-656
-2096
-4160
-9040
-4736
944
960
736
272
-512
-1936
-256
944
1552
432
-1968
-8192
-8320
-1264
2656
1088
-192
-2368
-1728
896
1792
1248
-1584
-7744
-10384
-80
3328
1040
-800
-2000
-2480
1040
2320
1472
-1360
-7920
-10128
-112
2848
688
-1296
-2976
-2864
1584
1776
2048
-1024
-8640
-11248
3760
640
-656
528
-2384
-2576
2848
1664
1344
-1616
-9248
-16224
5408
1168
1504
1360
-3520
-320
2560
2640
1440
-1328
-7984
-16144
6592
1360
2384
2112
-2560
192
1792
1440
1184
-2128
-8784
-13792
7104
-208
2976
2400
-2688
-480
1920
1152
-720
-4464
-9600
-4592
5248
-2272
1136
576
-4288
416
2976
64
-1472
-3200
-10512
-4832
4960
-2800
640
2032
-4496
-976
3776
-48
-1600
-4544
-12112
336
6832
-2768
256
4112
-3936
-2240
5776
-432
-2896
-7472
-16128
-352
4016
-4464
1856
3392
-4048
2080
4416
-2704
-3840
-10864
-7424
7344
-2176
-1120
5232
-4304
368
5984
-784
-2976
-6080
-15744
4480
0
-5952
1632
3664
-5824
2496
4464
-1984
-2368
-10448
-4416
7120
-6880
2768
2400
-6288
3264
2752
-848
-1136
-8928
-14800
6800
-6816
3600
4768
-2688
3600
2352
1328
-368
-6464
-12912
6624
-4624
-2992
2432
-4288
2624
432
2496
-976
-4768
-10896
4944
1664
-5360
6352
-2432
736
2896
2560
2048
-1632
-8704
-16112
4208
-9120
5936
-1920
304
1744
944
1360
-2832
-6800
-13408
6064
-4560
1008
2528
-2352
2704
-576
1968
-1696
-6992
-13648
6224
-592
-1792
4672
-1856
3088
1600
2016
192
-4016
-9664
-3104
2512
-6096
5056
-1008
-1968
4144
1136
-32
-2640
-8960
-9136
4480
-8384
-928
3392
-4256
1072
5104
-1040
-2192
-7456
-9952
5904
-3664
-5312
4864
-1120
-2352
5632
-832
-5280
-5568
-10224
2016
688
-4640
512
3808
-1344
-128
1568
-2112
-4160
-6080
-4528
1856
1504
-2144
-544
80
-1344
864
624
-1136
-2816
-4432
-6608
-2608
1520
1376
480
-2288
-1472
-1136
-800
-1536
-1600
-3072
-4000
-4416
-896
1600
-176
-1232
-2240
-2192
-1824
-784
-1648
-1184
-1584
-3456
-2896
-704
-512
-1616
-704
-1744
-1856
-1952
-976
-864
-3408
-2960
-720
112
48
-720
-1760
-1424
-1920
-400
-64
-1104
-2896
-3408
-2848
-144
448
336
-688
-1584
-3264
-1424
-448
-832
-1424
-2048
-2176
-1824
-976
-240
-1024
-2512
-2224
-2064
-1680
-1120
-1904
-1344
-624
96
336
304
-320
-3344
-4000
-5168
-6672
-3424
4800
5712
3664
720
-864
-1456
-2976
-4544
-8704
-9936
-448
5504
4656
1232
-2576
-2336
688
3088
1520
-3808
-8624
-12576
-4544
7328
7072
2416
-2016
-2384
160
2224
1072
-2736
-9808
-11984
-4592
7088
8144
2128
-2560
-3168
-592
1504
1840
-2400
-9808
-12848
-2848
7072
7536
1168
-2064
-3504
720
2352
496
-1744
-8320
-16080
144
9536
-1392
-784
688
-3344
-640
5168
1360
368
-7904
-16256
9568
768
-6768
2464
-1808
2784
-176
4608
-1440
-704
-10640
-16208
-3200
-2384
-1632
672
-2608
-864
-80
224
-1344
-1168
-8208
-4672
-5104
4544
-560
3968
-1840
3152
-768
1520
-336
-3968
-6800
5312
-2128
5424
-3920
2640
-5888
2144
-1664
832
-416
-4608
-9152
9760
-9696
1344
-7536
4896
-3616
3200
-208
-896
-2112
-6992
-12976
-352
2672
3200
-2080
-2320
1680
960
-256
-192
-4256
-8624
6704
432
304
3680
-5184
2224
-3824
2992
-1104
704
-6800
-10768
4864
-11488
6464
-3424
4048
-2000
2432
3952
-1936
-3408
-13200
1584
1456
-4192
3760
-5840
2512
-2272
6112
-1072
-1088
-12192
-13248
6816
-7664
3744
-1344
-1952
2912
-208
1584
-2512
-8672
-14736
7584
-1632
1248
4144
-2400
-144
4640
-1152
-912
-5456
-15520
2816
560
-6528
3632
2992
-5632
3280
4640
-2928
-2800
-9008
-12384
7744
-4464
-3648
5088
-3312
-1360
5680
-2000
-5072
-7040
-12304
6512
-304
-5360
2512
1584
-2976
2752
2128
-4144
-6944
-7728
-64
4704
-576
-4112
528
560
-464
944
1072
-1760
-5568
-9424
-2752
4096
320
-1824
-224
336
112
832
736
-2112
-4288
-6000
-5584
-592
880
-272
-1264
-1216
-784
-560
-512
-1344
-1776
-2064
-3248
-2736
-1680
464
320
-112
-1024
-1968
-2064
-1696
-2176
-752
-1296
-1984
-832
-320
-608
-1200
-2448
-2016
-3008
-2640
-1216
-128
-736
-1856
-1136
-576
-304
-1680
-2192
-2352
-2816
-2592
-448
-592
-1824
-2864
-1616
-560
-1552
-1408
-1536
-1872
-2416
-1216
0
-1104
-2256
-640
-1872
-1376
-1984
-2672
-2576
-2528
-2240
-976
-432
-1408
-1360
-208
-976
-912
-416
-2224
-2016
-1840
-1664
-1600
-2640
-864
-928
32
720
-720
-1200
-1488
-1952
-2160
-2720
-2576
-2960
-2352
-192
-288
-336
-336
-144
-336
-1200
3264
-2432
-5632
-640
-480
-4912
1184
-4176
-3856
960
-2192
-4368
-320
-1872
-4032
-1600
-3296
-1008
416
-2608
-272
-528
-1968
-2064
-2096
-2832
-1120
-128
-912
-960
-1952
-1952
-784
-2912
-3440
-1488
-2400
-2304
-1632
-528
-144
-1728
-1712
-880
-1104
-1488
-2384
-1056
-1152
-880
-144
-1648
-2544
-2800
-2624
-2048
-2080
-1136
-576
-1792
128
416
48
-320
-2128
-2384
-1536
-2752
-1728
-1840
-848
-432
-864
-432
-1536
-2368
-2032
-2032
-2416
-2880
-1968
-512
-672
-656
224
-64
-800
-912
-912
-1120
-1120
-1280
-1376
-2224
-1472
-1504
-1632
-1808
-2624
-3056
-1744
-1456
-1200
-272
-704
-1104
-1536
-1360
-1328
-2208
-1152
-944
-2304
-1280
-2336
-848
-1024
-2128
-1392
-1920
-2384
-2032
-544
-1344
-1552
-336
-1872
-1536
-1712
-1536
-2432
-2176
-528
-1248
-480
-1056
-432
-1120
-1536
-2080
-2304
-1776
-1872
-1408
-1104
-848
-1328
-944
-1760
-560
-1392
-1680
-1824
-1936
-1872
-1424
-1024
-848
-704
-1280
-1008
-1696
-1984
-2864
-1296
-1296
-512
-1600
-2240
-2160
-1200
-1712
-1808
-1856
-672
-1744
-1280
-1872
-1936
-1120
-1120
-2768
-1232
-1856
-2064
-1728
-2400
-896
-1888
-2560
-2048
-608
-1632
-816
-1616
-944
-608
-976
-1168
-2000
-1360
-2640
-2384
-2384
-1184
-496
-1280
-1600
-1360
-1920
-1168
-1392
-1872
-2512
-1840
-1312
-1488
-1472
-1328
-2240
-1888
-1472
-1232
-1680
-992
-2816
-1760
-1648
-2160
-1456
-528
-1648
-928
-1504
-640
-832
-992
-592
-2432
-1136
-1312
-1312
-1296
-1280
-2000
-864
-2176
-1920
-1968
-1632
-1488
-944
-1008
-2576
-1120
-1856
-2368
-1552
-1360
-1472
-2480
-1136
-2320
-2240
-1504
-2160
-1296
-1456
-2096
-1872
-976
-1888
-1776
-1088
-2608
-752
-1600
-2256
-592
-1184
128
-432
-1616
-368
-1136
-2208
-976
-1008
-1776
-1616
-1008
-736
-1264
-896
-1568
-496
-768
-1424
-656
-2192
-2064
-1952
-1536
-2016
-1552
-1216
-800
-48
-1168
-2544
-1584
-1520
-1696
-1200
-2496
-1200
-2720
-2000
-1216
-2656
-1904
-1328
-1536
-2016
-2176
-1184
-1536
-2272
-992
-528
-1008
-1872
-1408
-2672
-2208
-1728
-2096
-2384
-2688
-1696
-1200
-816
-816
-864
-1600
-368
-1248
-2704
-3280
-1856
-1456
-1296
-1760
-912
-832
-2640
-1200
-1072
-3040
-1072
-1616
-1376
-384
-1856
-608
-1424
-944
-1104
-1808
-416
-1360
-2112
-1152
-1920
-2224
-1424
-1520
-1408
-1024
-1504
-624
-896
-1808
-912
-2400
-1584
-1616
-960
-2944
-448
-1760
256
-2016
-1168
-640
-2112
-1472
-2336
-1488
-1104
-1456
-976
-1408
-2000
-112
-1952
-1392
-1248
-2032
-2224
-2272
-400
-1664
-592
-2752
-1696
-1088
-2208
-1008
-2048
-1552
-1696
-2784
-1296
-2464
-2416
-1600
-2288
-1424
-2112
-2112
-976
-2160
-1728
-2816
-1408
-848
-1360
-1872
-1776
-1312
-2032
-1200
-1344
-1008
-464
-1872
-592
-992
-1248
-1184
-752
-1024
-1520
-1008
-1296
-2112
-1984
-1824
-1792
-1024
-1040
-1152
-1952
-1232
-1296
-1568
-1008
-1312
-2208
-2576
-1984
-1664
-896
-1104
-1856
-1088
-784
-1088
-1840
-1728
-2224
-1760
-1248
-1184
-1056
-1648
-1088
-1808
-2496
-1584
-2176
-1616
-1584
-1376
-656
-1184
-1728
-640
-1488
-464
-1264
-1792
-1216
-1472
-2080
-1744
-1600
-2240
-2368
-1744
-2800
-2272
-1632
-1152
-1168
-1344
-1936
-2368
-1440
-1920
-1568
-1216
-2304
-1408
-1424
-1872
-1712
-1792
-1136
-2640
-1264
-1488
-1168
-1328
-1312
-416
-864
-1392
-304
-400
-688
-704
-1584
-3216
-5872
-6096
2976
1168
2832
-1712
-192
-4656
-832
-2448
-880
-2048
-1456
-912
-944
-2096
-1360
-1568
-2464
-1248
-2336
-1600
-2288
-1696
-352
-560
-624
-2432
-6224
-6672
-2064
1536
2944
1024
-1952
-1792
-240
240
-1616
-1392
-3984
-9920
-6784
1888
1904
3248
-2736
1184
-1264
3328
992
2096
-1504
-5472
-13088
-1088
320
3472
2480
-592
1248
-1392
1936
1808
2352
-1152
-9808
-15616
2560
-3152
5984
-3472
4160
-3184
2848
-1344
2976
1616
32
-7536
-14384
2032
48
-2448
4320
-2400
160
-1648
1008
304
3552
-1472
-2512
-11200
-16240
4576
-2000
2176
-1488
-416
64
2576
976
4656
1200
-208
-5584
-13072
400
-3696
3664
-2880
3040
-752
1888
2064
3504
1472
1232
-5488
-11392
1280
-2464
1728
-1040
1328
176
816
3520
1040
3360
1600
-3344
-8816
-15952
3840
-3536
2688
-3552
576
-2144
2752
960
3584
1120
-2176
-9296
-14336
2320
-2416
2656
-2864
1808
-784
3152
1200
3472
992
-400
-7168
-12480
-400
-6480
3248
-4896
3264
-2608
3008
1072
3536
1376
-96
-5120
-11728
-1712
-5312
2640
-4240
2816
-1632
2112
1536
3520
1808
240
-4800
-10752
-1136
-4752
624
-1840
-464
880
-96
2992
2256
3424
912
-1776
-8096
-15872
512
-3488
832
-1664
1008
48
576
3008
1568
2352
976
-2784
-7568
-14192
2448
-4192
3776
-2208
2464
368
1936
3120
2464
2112
-864
-6112
-11520
-3824
-1040
-608
736
-720
848
1600
1664
2640
1968
1328
-3120
-7856
-12720
-1120
-1088
-432
432
192
1056
2016
2320
1488
544
-992
-4896
-8672
-12560
-3840
80
1376
1456
2048
1664
800
1792
1296
1568
-992
-5360
-10144
-13056
-2784
4032
4368
2992
1184
-48
944
1216
1456
1072
-4096
-9440
-15824
-7904
3776
5920
3696
1440
432
96
1392
1904
1744
-528
-5296
-11808
-13904
-1120
5328
4544
2192
960
256
1136
2880
1968
208
-3552
-10512
-15024
-5456
4240
5776
2928
1136
48
672
2000
3040
1088
-2016
-6992
-13728
-11664
2352
6112
3520
720
320
-16
1680
3872
3648
-576
-5264
-12352
-15296
-1600
7280
4688
1600
-384
-864
1680
3472
3536
-304
-6064
-12560
-15584
-1984
6032
4304
1312
-832
-448
1920
4112
3872
-112
-5456
-11712
-13984
-1376
5968
4112
1072
-560
-352
1344
3504
3296
-672
-5584
-11504
-13776
-336
5936
4944
1344
-64
-624
1072
3072
4800
512
-4160
-9984
-14112
-7056
4128
6592
2928
-544
-1168
128
1152
3408
1824
-2032
-8016
-12544
-11264
2272
7152
4272
1008
-576
-752
1200
2224
3120
-992
-6320
-10032
-13056
-5472
4128
5760
2912
1168
-208
1104
1584
1472
96
-2848
-5680
-8896
-12288
-6656
2480
5712
4240
2832
176
-1104
-784
-1648
-816
-1728
-6048
-7040
-7424
-5552
2432
5568
5776
7856
-336
-2400
-2608
3568
-6608
-7840
-11536
-10256
11248
-4816
336
10704
-3792
4352
8592
-4640
-3040
-15232
-3072
5584
-6864
3040
3904
-5376
4240
2176
1248
2800
-944
-7200
-12288
336
160
-7824
3568
80
-3344
3968
592
1328
3600
-1744
-4112
-12896
1760
-1616
-6112
3952
-3488
1136
1600
16
3808
-368
128
-5920
-13392
2720
-3056
-2496
1184
-4496
688
-1584
1472
2496
-1360
-2608
-12160
1696
944
-11632
5904
-4912
-560
-224
1024
5568
-624
1104
-9040
-14800
5440
-5968
4336
1104
-5088
1488
704
5104
3136
1296
1280
-13920
-15568
8704
-8160
4640
-6672
1504
-288
1360
6608
1408
3104
-6400
-13584
9296
-6064
-4736
2608
-2128
-560
-3776
3920
2480
2240
-1232
-13136
1184
6656
-7296
2496
-8896
-64
-3008
2688
3424
1808
1936
-4784
-12416
9104
-2928
-5392
1600
-2032
464
-1664
3392
1728
-48
-304
-10048
-13088
7280
-9568
7808
-544
-192
-1328
-1008
2976
1904
2640
-2944
-10960
6464
5088
-4400
688
-8800
-1744
-3360
4976
2304
2016
512
-8720
-14704
11904
-9424
1440
-3344
1440
432
112
5936
4736
3392
1456
-10816
-16304
6096
-11344
9504
-2512
912
-2400
576
3632
16
2448
-1616
-11904
-11152
7360
-3712
4992
-5040
-1344
-4064
4032
1360
1712
-800
-10048
-14560
3584
-8128
8544
-2608
2784
-3136
2928
2336
752
2816
-5792
-11600
8800
768
-2000
3440
-4432
-1744
-4064
3472
-80
960
144
-8336
-12784
10608
-9376
1296
-5248
1072
-1456
2240
5856
576
3440
-1472
-11552
-3696
4608
-3552
5680
-3984
-160
-4976
3392
1088
800
1408
-8400
-11536
7984
-5136
-2336
-4512
-576
-1296
2048
5584
1232
3728
-1776
-10816
-4272
3504
-3856
4288
-2160
-272
-2960
2592
1744
320
1248
-6208
-10400
2848
3152
-1712
2224
-1568
-2432
-656
2704
1584
1184
-704
-9904
-10112
4800
288
-1392
-1200
-2896
-2032
1344
3264
1536
976
-2048
-8240
-10000
3888
-560
-1792
-1456
-1200
368
3472
4192
3648
-1168
-7232
-7296
-7904
560
2176
448
880
-1536
288
3136
1440
2752
432
-3008
-3600
-6640
-4224
-2624
-272
336
320
448
1632
32
-1920
-848
-1984
-2656
-2912
-3232
-2192
-2240
-1568
-1920
-256
400
-576
-240
560
-880
-1856
-3152
-2784
-2512
-3744
-3536
-2608
-288
-1008
-64
640
-80
-512
-192
-1808
-1072
-1440
-2416
-3408
-3536
-960
-1696
-1232
48
416
128
-288
-1056
-1520
-2752
-2416
-3360
-1984
-384
-224
-800
-336
-656
-704
-864
-2288
-1680
-2496
-3008
-3904
-2160
-1360
-880
-304
-320
48
-592
-976
-1872
-1616
-1888
-2816
-2496
-1280
-1536
-1504
-144
-1216
-784
-1280
-1744
-1600
-1216
-2000
-3008
-2592
-1872
-1984
-848
144
-512
-384
-192
-1248
-1216
-1504
-1856
-2944
-2304
-2064
-1776
64
-400
-1824
-880
-512
-704
-1504
-2512
-2000
-2208
-2848
-2176
-1248
-1136
-1776
-1312
-1424
-1872
-336
-1328
-1520
-2112
-2000
-2032
-1456
-464
-1776
-608
-1664
-1680
-1888
-1952
-1728
-1360
-1840
-1984
-1216
-2432
-2240
-832
-1184
128
-1248
-2384
-1616
-1488
-1904
-1392
-1168
-1904
-1696
-464
-864
-1872
-160
-1696
-2112
-2352
-2736
-1264
-1744
112
-1136
-1888
-1296
-2112
-1104
-1456
-1200
-1824
-1936
-2880
-2400
48
-1200
-1664
-560
-1232
-1264
-1600
-960
-1328
-2464
-624
-2000
-1504
-736
-1456
-1312
-1536
-1616
-2144
-1984
-1504
-1488
-1408
-752
-1424
-1968
-1536
-1216
-1632
-1072
-768
-1472
-832
-1264
-1632
-848
-944
-1280
-2272
-2352
-1616
-1184
-480
-832
-944
-1968
-2528
-1840
-1808
-848
96
-1552
-1728
-2000
-1808
-1216
-976
-1280
-1056
-1952
-2368
-1088
-368
-1344
-544
-688
-2064
-464
-1200
-2384
-1888
-3136
-2304
-1904
-1216
-1184
-672
-2128
-1616
-192
-2368
-2368
-2224
-1632
-1008
-1216
-1856
-1472
-576
-912
-2000
-1408
-1392
-2048
-2176
-1872
-1232
-1264
-784
-848
-1616
-1152
-1328
-1648
-1024
-1968
-1952
-1776
-2368
-800
-1296
-624
-1824
-1728
-2240
-1616
-576
-1872
-1456
-1728
-1616
-1344
-896
-544
-2112
-1600
-1408
-2240
-1536
-1104
-832
-1200
-2240
-2624
-2544
-1264
-1056
-192
-480
-1744
-1040
-1632
-2208
-1232
-992
-1344
-896
-1600
-624
-1984
-2080
-1040
-1296
-1616
-2480
-1776
-1264
-1296
-1152
-864
-1536
-928
-896
-2416
-1888
-1616
-1760
-880
-1216
-2032
-1472
-1344
-1392
-1680
-1344
-1376
-1472
-976
-672
-1744
-1344
-2176
-1088
-1440
-912
-1856
-1936
-1504
-1312
-1872
-2592
-1888
-1376
-1488
-1024
-640
-496
-2368
-1984
-1728
-1024
-640
-2480
-2448
-1584
-1856
-848
-1024
-1088
-1408
-2480
-1520
-1776
-1680
-1376
-1504
-384
-1200
-848
-2096
-1776
-1888
-1840
-1232
-1248
-1056
-1632
-1408
-1792
-1440
-480
-1232
-1840
-1088
-1744
-560
-1584
-1568
-1904
-2768
-2512
-1760
-1728
-1616
-1312
-1648
-1280
-832
-656
-128
-592
-1008
-1168
-2848
-2624
-1536
-2240
-352
-1360
-2432
-1712
-2416
-1328
-1840
-2048
-2272
-2304
-2256
-960
-1712
-1472
-192
-688
-912
-576
-1712
-1600
-2112
-2624
-2208
-1536
-1744
-1360
-1120
-736
-608
-1216
-2224
-2064
-1664
-1136
-1712
-1376
-1408
-1744
-1680
-1296
-2064
-1104
-1616
-1808
-1680
-2192
-1552
-1472
-528
-1104
-1088
-1728
-2208
-1536
-1520
-960
-960
-1216
-2064
-1328
-1632
-896
-1680
-1328
-1904
-1424
-2032
-1648
-960
-1344
-1920
-1792
-304
-1088
-1680
-176
-1200
-2048
-576
-1664
-1088
-2112
-1888
-976
-1904
-672
-1520
-1680
-976
-1536
-1472
-976
-1760
-2464
-3136
-1824
-880
32
1120
448
-976
-3776
-7408
-4800
1056
2272
2416
-176
-2816
-4112
-3136
-1024
768
720
-1280
-2464
-2560
-2608
-1120
-1984
-2608
-912
-704
-400
-1536
-2896
-2624
-2192
-800
736
1616
960
-2752
-4288
-5760
-5648
-1808
2496
4000
960
-880
-336
176
-800
-6080
-13584
-4784
6896
7456
1440
-3552
-3072
-832
48
1824
1792
-656
-4208
-6960
-6096
-2752
1936
2320
3232
2320
1024
-3120
-13632
-15520
4976
4416
2800
-192
-2864
432
-1392
1696
2576
-944
-5552
-8640
-10176
-1264
1952
2112
1552
-544
2112
2752
2016
-1392
-7056
-15392
-384
2032
3248
624
-2896
-960
-640
2928
3856
-848
-3296
-16064
-528
2912
2752
1840
-2752
240
-1248
2112
1680
-1408
-5888
-16240
880
1040
2608
1248
-2336
176
-2512
2576
1472
-560
-4800
-15488
-112
-1248
3536
416
-3216
1168
-2672
2512
1360
1200
-4160
-13648
1088
-1120
6080
-240
-1728
-160
-1344
3088
1232
1776
-6992
-13504
672
-3024
4864
848
-1840
-192
-848
1776
-576
64
-3120
-13360
-3760
2480
-128
3984
-1472
1152
-2624
3136
48
-160
-3504
-15040
-9408
3936
-48
7200
-4304
2736
-2896
3056
2480
-352
-2080
-13264
-13504
3616
-704
3632
-4032
2640
-2224
2752
3232
704
-2976
-13488
-10496
2688
-1472
-144
-1504
768
-2688
2000
1536
1792
-2896
-10784
-7920
4144
640
6896
-5520
1296
-4416
2224
-2304
2240
-1232
-9328
-15616
4016
48
7552
-1168
3344
-4176
1856
816
752
720
-2752
-13264
592
3440
1120
7392
-4592
1776
-4032
4048
-880
1488
-256
-8512
-16272
3200
-4944
8608
-2864
2336
-5200
2576
1328
2240
400
-6784
-12256
3520
-7520
5728
-1040
2832
-4496
608
176
1856
1248
-2448
-12768
4032
4608
-944
3792
-6256
1024
-3776
3600
240
1456
-1008
-8448
-13248
3488
-1904
6816
-5824
1632
-4496
4224
-176
2176
-368
-5808
-15328
5184
-10432
9200
-6096
2224
-6176
3296
-400
2400
1312
-4048
-15936
8528
-8512
2880
-1216
2592
-2960
-624
2096
-208
2256
-2576
-10816
2384
3728
-5280
3056
-4832
2128
-5040
2944
-112
1392
-1136
-8848
-13920
7328
-6656
4736
-5296
3408
-5200
2880
960
16
1264
-4176
-12752
4960
-2912
256
4128
-4784
976
-4192
1536
1968
560
256
-7104
-16176
9792
-6768
5024
-1792
-1152
-48
-3264
4816
240
-480
-2688
-14592
5808
-576
-7168
5584
-3600
-2112
576
-1856
3568
304
-3072
-11952
-3312
5712
-6864
176
4512
-2672
-4176
2736
512
-192
864
-4176
-11216
-4576
6064
1632
-4752
-1152
-48
-1504
400
2880
2240
-3024
-9936
-8832
4384
7088
-1744
-4704
-96
-992
-592
1056
2640
-864
-8384
-13776
-2320
9120
4672
-3712
-3088
-480
-2128
2752
4736
320
-6960
-15392
-5888
12608
2720
-6944
-2208
1120
-1520
192
4192
1616
-6944
-13808
-5904
12896
2032
-8000
-1904
1904
-1024
-176
4864
1008
-8096
-14096
-6160
11984
4016
-6480
-1600
1728
-1072
-656
3456
656
-6992
-14656
-6352
12016
3056
-6592
-1200
1584
-704
480
3008
2256
-5328
-13264
-10176
11632
5408
-6496
-3600
2160
-720
-880
2448
1792
-4976
-13504
-10576
12528
4976
-5984
-2688
2320
-1232
-752
4064
1088
-6288
-14768
-4480
10816
2608
-6608
-1456
2272
-1264
-960
2752
-1456
-10464
-11872
5104
9376
-1840
-4672
2240
1456
-1952
2848
6736
-7968
-16272
-1456
7280
-9664
4288
4048
-10768
6592
3392
-4576
-800
-13824
-2704
3792
-9680
7936
-320
-3696
5040
352
1552
-1776
-10224
-704
9936
-10096
5200
-3168
-1360
2416
1104
1200
-3392
-11712
-352
-1440
-5488
4816
-2480
1792
1872
2240
256
-4032
-13104
3760
-48
-6752
5120
-3088
720
2592
1824
1200
-3792
-12912
2896
-704
-5248
5328
-3520
1472
2320
848
1136
-6096
-15552
8432
-8528
1120
2832
-5584
2816
3152
-592
-1616
-11664
576
3632
-8192
2512
2944
-6080
5056
2992
-2784
-4496
-14672
4448
-960
-6016
3808
48
-5072
5648
2304
-6432
-5776
-6624
1056
1184
-3568
832
-16
-1600
1344
752
-1968
-3632
-3904
-4880
32
-256
-1776
-1168
464
240
320
64
-752
-2112
-4032
-4560
-3104
-2704
-1168
1120
944
-976
-768
528
-640
-2544
-2368
-1856
-3408
-3200
-768
-464
-1472
-448
-176
-1856
-2224
-1280
-1616
-1776
-1312
96
-688
-1664
-64
-1728
-2752
-2416
-2448
-1920
-1136
-208
-368
-1744
-304
-1088
-2656
-1968
-2800
-2624
-1920
-48
784
160
-448
-784
-560
-2592
-2176
-4768
-4368
-2560
-1088
-1216
816
864
1472
-960
-2544
-2384
-4112
-4640
-2784
-1952
-1296
400
-288
-640
-160
-1024
-2096
-1936
-1984
-1888
-2736
-1184
-672
-1376
-2208
-928
-1552
-2960
-1104
-1024
-1152
-800
-848
-704
-2192
-1168
-3200
-2320
-2128
-928
-800
-1936
-480
-688
-1952
-2640
-3008
-2432
-2080
-2496
-1696
-2368
-1152
-960
208
-480
-1536
-1440
-2464
-3072
-1888
-2528
240
-896
-704
-192
-1152
-2096
-2096
-4160
-2624
-704
48
176
-848
-2304
-2944
-1680
-1600
-1920
-6000
-4496
576
-5904
-1200
608
-3440
-7216
-3952
144
-1168
-7376
-7472
2688
-2656
-272
9824
-6320
-7008
6768
7632
4336
-9344
-3200
-3328
-2240
4032
-224
560
-848
-5808
-1744
9184
4528
-2032
-2512
-192
-2784
-1072
7104
-5248
2160
1744
-912
-3600
-1824
-1392
3344
-2624
1088
1728
-2176
-2304
-1152
-1616
-4544
-288
-768
1680
-4304
-5008
-7504
-1712
8192
6192
1472
848
4480
-4928
-17648
-11232
6960
7520
-2112
-4400
4912
5984
-1152
-12304
-15552
1664
12000
-1360
-5680
5136
6816
64
-5712
-13056
-10304
10416
2656
-8720
1296
7264
3120
-2960
-9680
-15312
7472
8176
-6784
-3776
7024
4656
-848
-5376
-15648
-3664
10704
-2256
-6272
5408
4496
-304
-1920
-11008
-11152
11856
368
-8832
352
6416
2224
-672
-2592
-16096
-5008
10256
-3136
-7280
4560
4240
-784
80
-3200
-14288
-576
9568
-2976
-7024
4032
2944
-576
1200
-4048
-13472
1472
9616
-3984
-6304
5056
2048
-1408
1328
-5008
-15040
5040
7584
-6128
-4000
5536
288
-2384
1872
-4896
-13600
3568
6960
-6384
-3776
6208
464
-1856
2752
-4016
-14464
2480
8736
-6192
-4800
6656
592
-2224
2560
-2896
-16256
-240
8768
-4688
-5392
5808
1840
-2128
2256
-2512
-14192
-1232
7744
-3504
-3968
4608
976
-2224
992
-592
-7424
-7840
96
2624
-688
-1728
64
-768
-1136
272
400
-1376
-3536
-4688
-3616
-1344
-752
-80
32
-848
-1248
32
-80
-1584
-1936
-2224
-3696
-3472
-2112
-1664
-1152
768
688
-1216
-784
-592
-2016
-3024
-1232
-2240
-3520
-560
192
-1584
-1808
-448
-1728
-3168
-1152
-1120
-2864
-128
176
-1088
-1616
-160
-672
-2608
-2032
-1248
-3584
-1632
304
-864
-2544
-1360
-720
-2624
-1504
-1056
-2720
-2192
-64
192
-1296
-1792
-976
-2464
-2512
-1120
-1424
-3248
-1920
-448
-1808
-1504
5248
-1936
-1680
-1696
-3344
-2224
-1696
-2176
-2352
-1440
176
-640
-400
-1680
-736
-3088
-3136
-832
-2064
-1216
2496
-1040
-3376
-3200
-5280
-6736
1504
6576
5152
2736
1136
-4704
-12080
-16240
-2864
11648
-1024
1072
11088
3104
-2144
-2112
-16192
-10480
8736
-976
-6544
6976
2736
-1584
3600
-2400
-13600
-4784
8256
-3776
-3152
8496
-1328
-176
5568
-5440
-14224
-3904
6464
-3776
-2704
7376
-1328
832
5696
-3776
-14160
-6592
6832
-1744
-4928
6688
992
-2960
5664
-1296
-12496
-9536
5584
1712
-6464
2144
5440
-2240
2112
3232
-8304
-12336
-5088
5136
64
-5328
960
2352
-1072
1792
2192
-2512
-6000
-5792
-6432
-1328
1184
688
-768
-1504
-176
-192
48
960
112
-3920
-7104
-4608
-1888
272
2688
2800
-1456
-4064
0
2560
-1552
-3360
-544
-5424
-6944
1520
3120
48
-2688
-256
-1344
-4784
-656
-16
-3776
-3792
272
864
-2016
32
1072
0
-4064
-4672
-1920
-4448
-3280
1024
1088
-1024
-976
448
-624
-3136
-2272
-3248
-3520
-1920
1488
-624
-816
-400
-1888
-2224
-2080
-2768
-2800
-3408
-2080
-1056
-624
1328
-224
-2064
-1232
-2192
-2832
-1184
-224
-2080
-2576
96
160
-400
96
192
-3984
-4624
-2768
-960
-2816
-3456
-1232
-1872
-1360
-1232
-1088
48
-784
-704
-528
-1680
-448
1104
-272
-2704
-2592
-2064
-2288
-2464
-1616
-2544
-1488
-352
-272
-736
-2224
-2352
-3536
-2128
-2080
-1856
-1152
-272
576
368
-704
-1680
-5264
-6784
-4496
1024
3984
1936
1136
816
-1728
-240
-1456
-6000
-11712
-6160
5040
2000
-256
2752
-336
-192
3088
2480
-816
-7136
-15568
-5952
7936
544
-1120
3552
1600
-1456
5152
2752
-4496
-10640
-13248
6848
2864
-6192
3840
2672
-4528
4656
3808
-3536
-8192
-16240
1440
4448
-7424
3296
6544
-6032
4448
6160
-4880
-6016
-16352
2768
7360
-7008
6400
4704
-5296
6960
4144
-2320
-3424
-14320
6144
3920
-6192
7920
-672
-1600
5584
1120
272
-4048
-12240
7344
2960
-3776
7568
-1072
2832
3040
3184
832
-4976
-10928
5472
3056
-4640
6448
-1392
3168
2592
4096
1088
-5040
-10592
6960
2480
-2784
6416
-1408
3888
2832
3456
1504
-5808
-11696
7392
-1088
-368
4000
-1184
3264
3088
2688
-448
-7728
-13712
1360
-9392
336
-320
-3168
1264
1520
288
-1504
-10528
-10848
3520
-6224
4432
896
-1776
3632
1488
-560
-4464
-12128
4080
624
-4496
4176
1168
-1200
5712
960
-3248
-7440
-14928
4272
-3792
-2576
5168
-864
3040
6432
-1792
-6656
-11024
-2480
1472
-5344
208
3568
-736
1424
2144
-5168
-9136
-8800
80
1760
-1136
-1648
3088
1984
-144
-416
-2912
-6064
-6992
-5184
880
800
-1312
160
1376
2496
480
-1168
-2704
-4112
-6208
-5216
-2640
-1248
704
3520
2384
688
0
-368
-1888
-4096
-4416
-2320
-2544
-2352
1760
2048
-368
-960
-608
-2336
-3744
-2560
-2320
-1568
-576
384
560
-1808
-32
-720
-3152
-3696
-2864
-2672
-2720
1088
2688
112
-1344
528
-3376
-3200
-2560
-3808
-2704
-3120
-1072
176
1904
-1568
720
-2512
3344
-8976
-2432
3584
5568
-400
-4688
-448
-944
448
-2224
3376
-3584
2656
-4864
-3520
-656
-4752
1280
5600
-9328
3088
-9840
-464
-3936
-5712
-688
-9264
1936
-4416
-9248
6848
-2304
192
-4176
-4720
-2192
2000
2288
3696
5984
-368
-4576
-2016
-2400
-2016
-3264
9136
-2560
4640
-2464
-432
-1360
9200
-1344
2288
-4048
-8592
-592
-2304
-864
3504
1312
-4144
-2176
2208
-3008
-2256
288
-3152
-2512
2128
-1232
-1616
-1360
-880
-4752
-3712
-2784
-3088
-1200
416
-1968
-2592
-5456
-4240
-1600
3072
5776
4432
736
-3280
-10032
-13632
-16032
13072
7120
-848
5968
4928
624
832
320
-8480
-13120
-16208
7184
2016
-3680
6192
944
-3280
7216
1296
-2896
-5872
-16064
3616
3344
-6352
3728
576
-4272
3552
2160
-1216
-1456
-7824
-15920
5504
-4912
-1360
3600
-3376
1744
3184
1440
1120
-2784
-8944
-14448
5424
-7632
3888
1904
-2912
2464
752
2832
-96
-1760
-5680
-13888
5680
-5904
-1648
496
-3888
1712
-896
2944
944
-256
-4144
-11424
688
6192
-6912
6704
912
-1152
1728
-464
4224
-336
-1408
-4768
-13392
5920
-3344
-2096
688
-3280
704
-1584
1792
2064
432
-1424
-8240
-13264
5232
-3728
3856
368
-1056
-672
-1488
2208
720
48
-1952
-7648
-11008
2528
1232
1008
1264
-1408
-2736
-128
720
2128
3120
-496
-5136
-9120
-8432
976
2480
176
-1184
-2256
-1280
832
3904
2304
-1024
-5824
-12784
-6096
4176
4432
256
-1008
-2624
48
2304
4688
1680
-2448
-9088
-15888
-4288
5696
4032
416
-1264
-2624
448
4224
4816
1856
-3344
-10960
-14752
-3040
5376
3152
-592
-2320
-1392
1744
4544
4160
-64
-5776
-13008
-12096
-320
5024
2736
-752
-1936
-672
1712
4560
5408
800
-5824
-11504
-12576
-576
4448
2496
-432
-1600
16
1408
4256
5024
2000
-4416
-11136
-12736
-2752
3760
1760
-32
-704
-1200
1712
4960
4976
1520
-4784
-12352
-11600
1840
2272
1056
-2896
-2432
1264
2736
4784
2032
832
-7600
-15072
1232
944
2288
3504
-1600
816
-800
3776
1520
4336
656
-1072
-8688
-16112
-1664
-1136
2096
-848
1264
-816
3360
1328
5440
1632
528
-7008
-13760
1984
-6128
144
-5744
1648
-3184
2368
64
3136
2176
1360
-5040
-9344
-2272
-6464
4160
-4032
4496
-3440
4080
-432
3136
288
752
-2336
-6784
-13536
-448
-3952
-1424
-720
-1536
1696
-1872
2368
-640
2800
-864
-4800
-9536
6912
-8256
5360
-5616
4320
-3648
2496
656
1264
624
1792
-816
-5456
-10176
11264
-4672
2064
-704
3936
-528
1712
976
896
256
1296
-880
-5808
-9600
8656
-6352
6704
-3392
5120
-2256
2656
176
752
160
-656
-1392
-6304
-9680
8880
-5024
3776
-3536
2992
-2976
640
-1488
-320
1920
-1152
-2944
-8768
-6992
-4944
3616
-224
3488
464
320
1712
-1792
368
-512
-480
-2432
-8448
-13360
-896
-784
4496
-288
5232
-1792
1968
-2464
2000
-880
-2064
-4880
-9888
4384
1472
-2256
1104
-2352
2640
-272
960
944
576
1840
-3488
-3872
-9472
-9568
9296
-4288
80
5328
-96
-1440
1472
768
-960
1840
-2944
-4288
-7824
-12896
3392
5472
-2176
1648
4576
-208
-2832
608
-2400
-2512
-2400
-2592
-3232
-4832
-5680
-2032
2848
5056
3120
-1344
-2400
-3568
-3792
-1744
-864
-1504
32
-688
-1232
-2912
-448
-1024
-1296
-1376
-1552
-3040
-4448
-1568
-1360
-1360
-576
496
-624
-1360
-48
-640
-1984
-2400
-2064
-3152
-3792
-1936
-2880
-624
-432
832
416
-1008
368
-128
-1952
-2384
-3008
-4448
-3456
-1728
-592
-960
-336
1056
512
48
-992
-304
-1952
-2672
-2800
-4016
-3360
-1376
-1808
16
-208
-1504
-128
-1232
-1536
-1072
-1664
-2096
-2112
-3152
-992
-592
-1024
-1264
-496
-1600
-1296
-1440
-1248
-928
-3248
-2592
-1376
-1696
-848
-1264
3296
-3728
-3440
2208
-4640
-1216
-1472
-4768
-1488
-3392
-1792
-1552
-976
-592
-1920
-784
-2064
-1648
-848
-1440
-1168
-2016
-768
-1408
-1296
576
-144
-720
-1024
-2752
-3056
-2400
-1504
-640
-1488
-1472
-1504
-1584
-576
-256
-608
-1584
-1360
-2544
-2704
-1632
-1264
-240
-1376
-2272
-1552
-2512
-1520
-784
-1040
-1088
-2608
-2464
-1616
-1792
-1232
-1632
-992
-1616
-1728
-736
-1200
-320
-1056
-2208
-1440
-1536
-2128
-2048
-1680
-1184
-576
-1008
-1312
-1456
-2192
-1360
-672
-1760
-1392
-1680
-1360
-448
-800
-1440
-2160
-1632
-2224
-1776
-1072
-1792
-1392
-1456
-1984
-928
-448
-928
-2272
-2208
-1104
-1824
-1264
-528
-960
-1008
-1088
-704
-1264
-1152
-2480
-2496
-1088
-1952
-1408
-2112
-1840
-608
-2192
-2192
-688
-1008
-864
-1184
-560
-1440
-1440
-1744
-1136
-1792
-2496
-2208
-1984
-1904
-832
-848
-1344
-1424
-2176
-1936
-2528
-1392
-1952
-1216
-1584
-1136
-1488
-1856
-1216
-1440
-1344
-1424
-2128
-976
-1552
-976
-1232
-1360
-1104
-2752
-2512
-1216
-1776
-1648
-1568
-1408
-1056
-992
-448
-1536
-1552
-1808
-3024
-1328
-2944
-1696
-1216
-992
-400
-368
-1168
-1136
-736
-1616
-304
-1872
-2224
-1136
-2464
-2688
-704
-2288
-1424
-1984
-2272
-1472
-2656
-1680
-1264
-1856
-1472
-1728
-2816
-2720
-1280
-1392
-608
-496
-1312
-1552
-2624
-1680
-224
-832
-912
-768
-656
576
944
-720
-432
-400
-592
-1984
-1360
-1584
-1712
-1072
-1232
-688
64
-1456
-2640
-2848
-2160
-1728
-1472
-1936
-2496
-2112
-2784
-2656
-2224
-1536
-3584
-2928
-3840
-1888
-1744
-2128
-1664
-1424
-1456
-896
-1456
-1168
-400
-1216
-960
-1088
-2192
-944
-976
-1600
-1808
-2144
-1648
-1936
-1392
-2048
-1264
-1024
-2016
-1488
-1008
-1216
-1616
-1152
-464
-992
-2352
-1056
-2144
-1152
-2272
-2064
-1088
-1184
-1072
-752
-1472
-1712
-1296
-1648
-1968
-1552
-2240
-2032
-1024
-128
-896
-1088
-1968
-1168
-1456
-2016
-1968
-2240
-2112
-368
-560
-1552
-2304
-2496
-1344
-1744
-1824
-608
112
-2032
-1584
-4528
1920
-976
-1680
-2320
-1520
-320
-1936
-1232
-1040
-2496
-1168
-1056
-2224
-1680
-1104
-4000
-144
16
-1264
-1504
-320
-960
-1632
-800
-1632
-1488
-1328
-2624
-2912
-816
-1584
-448
-544
-1120
-1568
-1888
-4112
-1520
-2176
-1632
320
-1680
-576
352
-320
-1920
-2144
-2576
-2352
-1984
-1232
-1472
-592
-1152
-976
-1968
-2752
-656
-2208
-2752
-448
-3600
-1184
-1680
-608
-1120
-1248
-2032
-1664
-1296
-528
-1376
-1216
-2688
-2448
-2224
-1984
-1792
-1904
-656
-2272
-1472
128
-1184
-1152
-992
-944
-2208
-1504
32
-1504
-2544
1344
-976
-1488
-1664
-2352
-3264
-880
-1552
-2768
-1408
0
-2320
144
-336
-544
-736
-1296
-2592
-1664
-1280
-1744
-1024
-752
336
-1040
-832
-2256
-816
-1696
-1584
-2288
-2080
-1776
-624
-800
-640
-1040
-1840
-448
-1488
-1488
-1296
-1168
-1920
-1088
-3376
-2000
-2496
-1952
-2880
-1984
-1568
-2832
-1472
-2512
-1568
-3536
-2112
-2304
-2592
-1856
-2016
-528
-1376
-1328
-416
-864
-1728
-368
-1472
-1472
-1584
-640
-1840
-1088
-816
-912
-832
-928
-960
-848
-1376
-1744
-1952
-704
-1216
-2000
-1872
-1456
-1632
-1600
-2880
-2528
-2544
-3008
-2512
-1744
-1360
-2208
-1664
-672
-1168
-2064
-1584
-704
-800
-432
-608
-1232
-912
-2272
-1792
-2160
-1920
-592
-1552
128
-1024
-768
-992
-560
-1840
-2128
-1632
-1568
-1456
-976
-704
-1568
-848
-1488
-2080
-2512
-2192
-1536
-1712
-1648
-1264
-1424
-2896
-2256
-1808
-1840
-1520
-2000
-1616
-1136
-864
-1216
-704
-1488
-976
-1600
-2544
-2272
-2000
-1648
-864
-1616
-1120
-1296
-1904
-1296
-640
-2832
-1760
-1376
-1968
-1152
-1136
-960
-864
-1392
-1408
-1376
-1968
-2128
-1680
-1952
-2048
-1216
-1168
-1568
-1328
-1376
-1920
-1440
-1088
-1168
-512
-1312
-1088
-896
-1072
-1456
-1248
-1664
-1712
-1456
-1472
-2112
-1632
-1216
-1984
-2192
-1344
-1488
-1856
-976
-1104
-1024
-1120
-1904
-1408
-1200
-2448
-2048
-1952
-2192
-2224
-1184
-1360
-1664
-704
-2048
-2112
-1344
-2240
-2192
-2304
-1296
-1600
-224
-1440
-2272
-1840
-3856
-352
80
-112
896
-432
-3984
-6912
1488
-1024
2496
-2928
-32
-4128
-2128
-912
-832
-736
-1664
-1584
-224
-832
-1856
-2288
-2528
-1008
-896
-752
-1904
-3648
-2224
-416
-512
-720
-2368
-1680
-1840
-880
-2176
-400
-1664
-2144
-2624
-4272
-2624
432
3712
2960
768
-1024
-5056
-7568
-5952
1472
-368
2400
-2320
1344
704
4912
288
-3056
-16528
-14384
880
-1168
7264
-480
4912
-4000
1840
-3664
2400
-832
448
-3552
-3552
-6368
-4544
-2272
-336
1072
944
4560
496
-80
-8336
-12880
13072
-7168
4608
-5968
4416
-4560
2752
-1584
2864
-576
-1024
-6320
-4768
-8000
2064
-5200
1968
-2720
2304
-1456
3120
-336
928
-2000
-10944
8000
-1792
2384
-864
-1504
-3520
-1440
1984
1472
1984
-1552
-6288
-16064
1888
-9696
6336
-4624
4352
-4768
3632
-1936
2560
-1536
-4784
-14000
5280
-11712
4608
-5296
5120
-4064
4128
-1360
2800
-2896
-5280
-14768
7040
-10368
4416
-6176
5040
-4896
4288
-912
4928
0
-1600
-7632
-14624
1152
-5968
5008
-3456
2800
-5296
3072
-2528
3712
-2704
-5232
-15504
3904
-12672
5488
-5760
4416
-5024
4656
-1296
5984
-2256
-2256
-13488
11648
-10672
3872
-8288
4144
-5952
4176
-576
5872
704
-448
-6080
-15120
1792
-8640
4816
-4912
4144
-5040
4384
-1392
4720
-2160
-3776
-14464
9280
-11648
4096
-9168
3968
-6864
5456
-672
5808
192
-704
-5056
-16048
2640
-11200
4576
-4464
3392
-3488
4800
-624
5568
-2624
-5696
-15760
6240
-12304
4032
-8016
5248
-6224
5952
-1568
6208
-1648
-736
-11904
9136
-4496
3520
-2624
960
-592
-2272
2112
-1040
3088
-1600
-4544
-14896
6816
-12160
3296
-8528
4560
-6064
5760
-336
6064
-848
-432
-4640
-15312
1936
-9280
3472
-6192
3152
-4000
4480
-688
5216
-1504
-2544
-13424
11520
-10944
4400
-9984
3744
-7216
5232
-1040
6288
-960
-192
-5680
-15440
752
-11984
3520
-6416
3392
-3552
3760
656
6064
176
-176
-4080
-15616
3424
-11680
3328
-5648
3328
-3984
4032
-352
3408
-1696
-3264
-12352
11056
-10272
3424
-10640
3968
-5872
5952
176
6352
-16
-256
-6064
-16256
4096
-12736
3216
-7760
4496
-4784
4608
256
5568
-528
-512
-7056
-14752
-416
-7552
3184
-5056
2848
-3056
4160
-64
5152
-240
-384
-5056
-16176
2752
-12272
2864
-5520
3648
-3312
4608
208
4944
624
-1168
-5584
-14816
320
-11568
2928
-4800
3888
-2976
4576
496
5152
-240
-1216
-8912
-9744
-1040
-3008
896
-3328
2848
-1872
5312
896
6448
944
-160
-6528
-15376
640
-12896
2864
-6032
4000
-3696
5024
-656
5952
-960
-1680
-8784
-9280
-1600
-3584
1024
-1536
800
-2752
3600
848
3968
-768
-2224
-5840
-16112
400
-12240
1984
-7424
3648
-4816
4032
624
3776
64
-3312
-4912
-15056
3872
-11008
3344
-6144
4880
-3664
5296
1312
5664
576
-336
-5392
-14096
-208
-9856
3088
-5776
3408
-3888
4224
816
4208
-864
-1568
-6352
-12128
-2320
-3152
384
-3824
2160
-3024
3600
624
5552
448
-1488
-7280
-12160
-1552
-2528
624
-3616
2176
-2288
3936
1024
4592
256
-1840
-6848
-7824
-2528
-2832
-112
-800
1840
-3824
3424
944
4400
208
-1744
-5904
-10352
-1536
-2608
64
-5712
3392
-3440
4640
816
5680
304
-1232
-5072
-12480
-80
-10992
2368
-6608
2736
-3728
4800
304
4096
272
-3232
-5568
-13680
5904
-8784
3072
-5472
3024
-2848
2768
4496
2560
1888
-5392
-6336
-14720
2800
-10672
3040
-5152
3600
-2640
6768
1904
2608
-1968
-5696
-13920
6512
-8304
1984
-3440
768
1168
-1408
4768
448
208
-1792
-6880
-14288
5872
-8544
1600
-3600
624
176
-1232
3456
1712
-320
-3168
-8544
-10816
2224
-4256
-1360
-1360
-1296
576
-592
4944
3376
-1296
-4640
-8048
-672
-544
-896
-640
-512
-720
1024
560
2432
5008
-1712
-4400
-8624
-1056
2816
-4800
-1952
1120
-4064
512
2560
4144
1856
-816
-3536
-9536
-6656
-240
192
-272
-1200
-3328
-2560
-1984
320
384
560
240
-992
-3920
-3472
-5744
-5328
-4944
-2112
1536
2336
3312
496
-1664
-2736
-3904
-2272
-128
496
-336
-2976
-3840
-1600
-656
-1936
-4048
-4464
-352
2208
2928
400
-3008
-5136
-3440
-768
480
1280
1120
-560
-976
-1728
-2208
-1216
-3520
-4592
-5200
-3584
960
1504
2576
1248
-256
-256
-1536
-3376
-5968
-6464
-1664
1872
3392
2240
32
-1024
-688
-96
1568
1008
1664
688
-2144
-6048
-8240
-7904
-3936
384
2320
-32
-1536
-2640
-2256
-368
-2832
-8528
-9744
-2464
2816
3632
1024
-1872
-3328
-1824
-352
32
1840
288
-176
-2176
-3952
-5776
-5248
-2000
2624
4208
3664
1392
160
1360
-304
-4304
-9920
-7168
3472
6576
4256
32
-4720
-5472
-1984
-112
2688
656
-2624
-7536
-9392
-7600
-3888
2944
5904
5040
2192
976
592
-2160
-7760
-11344
-5584
4400
7024
3648
-1808
-6416
-5392
560
3664
4480
336
-5456
-10576
-10592
-1680
5088
5248
2160
-1600
-1472
-176
-320
-3040
-10112
-8576
992
6176
5984
848
-4640
-6752
-3344
1456
3936
2400
-2880
-9168
-8256
-2112
5136
6080
2880
-784
-4048
-1456
576
48
-2176
-9296
-7216
2096
5424
6192
1872
-4496
-5456
-3056
1712
4288
-128
-5280
-10112
-7088
1248
5296
5056
1200
-2672
-4768
-1920
-208
-1888
-7248
-11200
-2880
4224
5456
3120
-2912
-5968
-3408
-752
3392
3104
-3504
-8000
-10336
-2288
4848
5456
4400
-2416
-5104
-1840
624
1088
-3104
-9616
-9664
448
5168
6848
4288
-2032
-5536
-4608
-32
3104
3376
-1504
-6848
-10032
-4928
2912
5248
4400
192
-3280
-2640
352
2256
-944
-5936
-10848
-5440
3488
6640
4096
-1232
-5696
-4720
-192
3680
4624
448
-5520
-9120
-9888
-2432
5712
6480
1072
-3824
912
2992
832
-1824
-12752
-15840
6400
1760
-7568
3888
5456
-5344
3856
7360
-6128
-11168
-16352
8960
-960
-6496
8048
2480
-8240
9328
2864
-7248
-3360
-16400
4928
5376
-9824
2096
6288
-7040
4928
7536
-5488
-3968
-8272
-5920
12736
-6432
-2720
8752
-4416
-624
8016
-3376
-6928
-6832
-11072
8816
-1152
-6000
6192
304
-4736
4672
832
-7888
-7568
-12320
784
3936
-3008
-2288
4336
-1120
-80
2672
-2240
-7040
-7680
-6432
1840
1792
-3232
1248
3264
464
-16
304
-1968
-4944
-5840
-6336
0
2352
1040
-240
1568
688
160
896
80
-2240
-2368
-3424
-5376
-4688
-864
1328
1152
-256
-208
-912
-560
-1120
-992
-3424
-1232
-3696
-3392
-2192
-176
-560
-544
-512
-1328
-2240
-1136
-1552
-1744
-1824
-2640
1024
-2640
-4224
-2336
-1056
-1344
-3152
2992
-464
-480
-1632
-2752
-2720
-4688
-1472
-6208
-2384
864
1088
-1488
-4240
-3792
-480
-1760
-2112
-7648
-8160
1696
-8048
-6992
-432
3664
5040
-15872
-7728
-3344
-3216
2576
-3648
-3952
512
2112
-6560
-4128
-2576
-1120
64
816
-6080
-3008
-992
-4608
-3136
-1696
-3760
-3168
-2624
-2416
-1216
2880
1088
2592
1872
-3584
-6160
-6976
-7760
1664
4368
-144
-848
2960
5680
-320
-4336
-9664
-11008
-1216
5824
-3024
-3920
3072
5568
2368
-3568
-8880
-11728
-1120
8928
-240
-3984
1600
4256
2992
-352
-5216
-10224
-7184
3760
6768
-304
-2176
-128
64
2272
2016
-1488
-7456
-8080
-4848
1360
2704
-80
400
1120
-464
-304
288
-1584
-4912
-5664
-6688
-2272
2048
1024
-800
496
-80
-2208
-1696
-1488
-4528
-6288
-3712
544
736
1792
2352
1296
-704
-2096
-4112
-5072
-5984
-3456
-880
448
352
1024
16
-944
1184
1536
-3280
-6096
-5984
-3136
-304
1600
352
1280
-240
-320
-2576
-6976
-11216
-608
6496
2736
-1792
-1024
3520
4912
-2224
-14528
-13376
-784
8832
464
-4272
1920
8640
5168
-4672
-14224
-10368
8208
1808
-6784
2000
4960
544
-528
-1712
-12512
-6720
6976
3072
-3600
-800
4672
4432
-816
-7888
-12736
-656
8768
128
-5648
-432
6720
4336
-2320
-9472
-12896
4784
8736
-2240
-5104
2432
5552
1680
-4816
-11408
-6752
7936
5296
-3264
-3152
4624
5216
-704
-6896
-14608
-3536
9280
3648
-5360
-3136
3808
4176
-2784
-10032
-14528
4560
10288
-1488
-5344
-1728
5952
2928
-7744
-15760
-8112
8016
7952
-768
-5504
80
6016
3952
-4016
-12880
-9040
5968
3120
-6272
1760
6400
1488
-528
-2256
-15792
-3312
10864
-2976
-4528
6688
2912
-2560
704
-5936
-11648
4752
5296
-8256
-656
8192
512
-3120
1360
-8208
-8096
9120
3088
-8976
1392
6800
-1344
-1760
-2672
-12912
1584
7360
-5424
-4560
6624
2304
-2416
-1376
-10656
-3632
9152
-1216
-6112
3952
4784
-1280
-2080
-7744
-8112
5056
4016
-7168
-1840
5408
432
-2352
-3584
-14288
-3072
8240
-4352
-6496
4544
4672
-1248
-2896
-10640
-4384
9808
-208
-7792
896
7104
1248
-1984
-6656
-10656
3504
10336
-3056
-3184
5120
5248
-592
-4816
-13120
-2096
9472
1184
-7376
464
5712
2256
-1616
-5824
-10528
2400
9792
-2816
-5536
3712
4816
-224
-4112
-10128
-11392
9120
1568
-6640
16
5296
4048
-880
-4320
-12096
-4688
6752
2480
-5632
1296
6160
1680
-2304
-6704
-12144
624
7616
-928
-5120
2112
5264
976
-1920
-5728
-10912
720
7536
-336
-5952
1024
5872
704
-1856
-5360
-15776
-2848
9440
-832
-5904
1984
4640
944
-1600
-4960
-13488
-4592
6992
1984
-5824
352
4576
1968
-1696
-4320
-10992
-7024
6496
3904
-5328
-1888
3424
1504
-592
-2064
-7088
-10240
2240
4928
-1888
-3712
1152
2288
96
-768
-2832
-6192
-6624
432
3680
-368
-3280
-336
1360
-336
-1008
-2448
-5328
-5616
-1232
1440
-640
-1088
800
1296
-256
-1808
-2336
-3600
-3408
-2800
-2496
-368
-1328
-1680
0
-496
-1696
-3008
-1632
-1440
-3328
-1616
-848
-2320
-1040
16
-224
-2224
-1264
-576
-2896
-2480
-192
-1344
-2480
-1744
272
-1168
-2096
-496
-784
-4080
-2512
-1504
-1920
-192
-480
-1088
-1728
-864
-1104
-2944
-1760
-1792
-3216
-2064
-400
-1424
-1520
-1280
-1376
-2640
-3600
-2864
-2704
-1536
-736
112
-400
480
-528
-640
-832
-2048
-3136
-2976
-992
-1232
-704
128
-112
608
-336
-192
-1120
-2736
-1936
-2592
-3152
-2832
-848
-576
-368
-960
-1744
-3072
-2688
-1760
-3184
-2880
-2960
-1072
-1408
-1696
-2816
-3104
-1536
-1536
-1200
-1232
-720
-416
-976
-1856
-1600
-3040
-2768
-3248
-1680
-352
-864
576
-240
-1600
-1936
-2752
-3120
-2768
-2160
-1840
-832
-1104
-544
-16
-384
-1360
-784
-1296
-1312
-1520
-672
-912
-576
48
-224
-336
-400
-2304
-2000
-784
-2400
-1600
-1568
-96
-448
-1344
-1104
-1696
-1408
-1168
-2400
-3184
-2656
-2128
-2448
-704
-656
-320
-1232
-1168
-3120
-1264
-3536
-2512
320
-2192
-1360
-1152
-1328
-1296
-2304
-2560
-2000
-576
-1456
-704
-976
-832
-2240
-1152
-1600
-2816
-3168
-1312
-1808
-1696
0
448
-1104
-992
-1600
-1760
-3072
-2096
-1088
-1696
-1392
-256
-320
-800
-2160
-928
-2016
-1472
-2848
-2064
-112
-1360
224
-64
-176
-1760
-2176
-3392
-2288
-2512
-1856
-1696
-448
-1744
-1216
240
-2048
-192
-1984
-2384
-960
-3184
-1472
-464
-400
-1504
-1872
-2128
-2080
-2960
-2240
-2432
-1792
-816
-1744
-944
-1856
-2272
-1984
-1360
-2288
-1344
-1280
-1248
-464
-816
-2032
-1664
-1984
-2736
-2624
-2576
-1872
-1280
96
-1520
-1104
-960
-2000
-1616
-1856
-1328
-1728
-1184
-784
-1008
672
64
-880
-1072
-2304
-2448
-3392
-3312
-496
-1760
-2384
-864
-1280
-2144
-2544
-2736
-2352
-3072
-1456
-1344
-1488
-1168
-704
-576
-1360
-704
-1872
-1856
-1760
-2480
-2016
-336
-976
-640
-688
-1344
-2256
-2928
-1424
-880
-864
-1360
-912
-544
-1632
-896
-1824
-1008
-720
-1344
176
-112
-336
192
-512
-1456
-1680
-2128
-2624
-2896
-2704
-736
-1776
-512
-576
-960
-1472
-2624
-1984
-3648
-2336
-1392
-2064
-720
-288
-192
-128
-816
-1360
-2352
-3248
-1216
-1728
-976
-496
-832
-816
-1264
-1360
-2096
-2256
-1872
-2512
-1696
-1776
-1488
-400
-752
-1040
-1984
-1872
-2400
-2256
-1872
-1872
-1120
-1536
-1104
-880
-2304
-1904
-1216
-1280
-1392
-1152
-1280
-1584
-912
-656
-976
-1808
-1664
-2320
-1872
-1056
-176
-656
-656
-1120
-1536
-2032
-1984
-2160
-2144
-1328
-944
-864
-640
-624
-1872
-2256
-2176
-1872
-1040
-1920
-1280
-1664
-1056
-1216
-1088
-2144
-1952
-2112
-2112
-1680
-2064
-704
-448
-64
-544
-1376
-2032
-1888
-2480
-2304
-1968
-992
-672
-1376
-2544
-1840
-2160
-848
-976
608
-656
-2624
-5280
-5088
-1472
992
2480
1792
-1904
-3968
-3968
-4000
-4176
-4624
-336
2352
1104
-768
-2752
-3600
-2608
-64
1344
-2624
-7360
-5280
-480
3632
2832
64
-1648
-3264
-2800
-1376
2064
1168
-4544
-8448
-5312
2240
5088
2272
-896
-3776
-4096
-1664
1360
4656
-80
-6896
-10928
-5840
3760
6336
3312
-1536
-4480
-2944
592
4656
3072
-5776
-13840
-7760
3744
7792
5232
-1056
-5056
-4032
592
4976
3232
-5808
-15872
-10448
2800
8560
7744
-96
-4304
-5104
-960
4224
3264
-3776
-11856
-10528
864
6816
7360
2256
-3552
-4144
576
2832
-992
-7840
-13520
-3776
7296
9072
5056
-1952
-6272
-4288
240
4128
3344
-3968
-10048
-10528
-560
5984
5520
384
-2960
-4304
-1952
1504
992
-3520
-8320
-9024
4304
8064
2352
-1488
-6256
-3056
6848
4640
-3472
-10096
-16368
2288
8416
-2512
-560
5920
-960
-2640
5920
-848
-12144
-16208
-1984
7424
-6224
-992
6752
-5648
160
10800
-1440
-7616
-11856
-3776
9152
-4096
-800
8448
-4240
-1152
9872
-2256
-5408
-11072
-6848
8144
-5536
-1024
6896
-6288
528
9632
-1392
-3856
-7568
-10080
6976
-4048
-3600
9024
-2848
-320
10016
-1296
-3136
-7152
-9408
6848
-1712
-4432
8096
-1040
-2352
8640
-1376
-5312
-6272
-11808
3504
-1712
-6736
4064
-880
-4432
4048
-1040
-6992
-6464
-12336
-1088
3776
-4032
608
3280
-720
816
2080
-2688
-5168
-5584
-9152
-3248
2272
464
-224
2496
2912
816
608
-512
-2336
-3456
-3248
-4176
-4064
272
2208
416
768
1280
-512
-1840
-1920
-3008
-2112
-3088
-2992
-3792
-4240
-1424
-4048
-2912
-2160
-1600
-592
1792
912
-2672
1552
960
-928
-5952
-5216
-1696
-224
-3856
2576
-2480
1568
-3216
432
1984
-2304
-2784
-16
-1360
-832
-2176
2544
1248
-1040
-2992
-672
-3968
560
-9936
-9280
-8240
-8640
-5552
-4848
-4064
-3200
-5504
-1504
-5504
2384
-4944
-6592
-2768
-9584
-13264
-80
-1504
2176
-5888
-7440
-10208
2704
832
-3920
-7824
-6992
-1872
-1824
-3008
-7344
-2512
-5680
3648
1808
-2144
4752
-2640
-1040
-4816
-2192
-7440
272
-1424
-2656
-3200
672
-5712
960
-5040
-1264
1920
1056
-656
-5760
-1136
-4432
1824
-6544
-6848
-1024
1456
3328
-784
1744
-3104
448
2864
-2688
-4032
-2112
-2976
-848
-2512
-1024
-2272
-5232
-7504
-1424
8576
12992
5120
208
-1744
-14496
-16016
-9664
10512
-736
5360
6464
2048
4272
1184
-4304
-10432
-13312
6112
-3312
6848
-2128
1024
-464
2608
1808
-3840
-10976
3632
-3088
1616
-1696
320
-1360
976
1344
-1072
-4288
-10016
3440
-3360
4096
-3376
1184
-4816
2624
-416
976
-4112
-9168
-976
-3696
4208
-336
2080
-224
1936
4224
1248
1200
-5888
-15424
-4400
1968
-1424
1328
-1424
3456
2432
2624
-1600
-8336
-320
-5136
3728
-3104
2368
-2560
2560
1568
1984
-4064
-11520
2896
-2096
4608
-2224
3488
-1584
4496
-32
1136
-6976
-14656
-6688
-2016
-4080
-1328
-3536
2208
32
1584
-3776
-12256
-2688
-1584
1760
-1920
1152
1344
3584
1232
-3328
-12992
-1984
-2000
2768
-1904
1168
208
4144
1920
-2304
-12432
-192
-1488
5376
-2288
1840
-1888
3456
1872
-2384
-13392
-448
-1024
3632
-1296
-80
-1488
800
2448
-1376
-10688
-2208
176
-16
-816
-3744
-1744
944
2224
1840
-4896
-12784
-704
-496
2016
336
-624
-512
1712
1728
176
-4288
-5456
-464
2064
2832
1152
-1008
-384
1664
784
-2704
-8640
-4512
1536
2384
688
-1232
-688
1104
32
-1264
-8416
-7632
1664
2656
1232
-400
-2224
-1040
-816
-2880
-10016
-9008
608
1904
-16
-1248
-2528
-352
1360
-2624
-8864
-9200
1920
4848
3504
1392
-528
720
1712
-1824
-8784
-12736
-1584
4992
3936
2160
-752
480
1984
-2464
-9456
-14176
-2928
6192
5040
1328
-784
1536
3088
-1968
-10816
-14768
-2528
6976
4528
1440
720
1536
1152
-1680
-6928
-11984
-3616
5840
4560
1920
-64
-1264
1552
368
-4080
-7904
-8816
-3712
2736
3120
240
-1408
-1488
304
1456
-992
-3808
-4944
-5056
-1472
1312
1520
80
-1072
-784
-224
1088
-144
-1248
-3008
-3264
-2112
-576
-1536
-1344
-928
-1728
-1024
-1856
-2112
-1856
-832
-448
-1488
-576
-2160
80
-512
0
-1968
-896
-4192
-3168
-2128
-2672
-1808
-1344
672
208
240
-112
-1712
-2832
-1664
-2976
6240
-7424
-544
2688
-2112
432
160
-208
-112
2112
-5568
-3840
-3568
-896
-160
-256
-3104
-3344
-3424
-4016
-2288
-2864
-3696
-3152
2048
1760
784
512
-4176
-10592
-15792
12256
7184
-9680
6864
12944
-4608
-7264
-15728
-9248
5312
-4096
-912
6112
-3952
3824
4288
-6384
-10784
4592
32
-4304
1968
3120
-5200
6912
2560
-3520
-9504
2544
-432
-8096
8704
1744
-7248
6208
848
-1328
-9104
-1184
-2544
-10448
4640
-2224
3376
3136
-1680
-6656
-16224
7120
-5136
6800
-1872
-2992
448
464
1856
-5072
-14160
2720
-7872
9008
-2624
2896
-416
224
-240
-7248
-11456
-1328
-8112
2176
-6128
2368
-208
1968
-3408
-10688
11072
-6144
5120
-1376
1472
1584
2096
1200
-6608
-12752
-624
-9728
4976
-5744
3456
304
-96
-1920
-11968
6480
2256
-928
7552
-2368
5328
1104
2032
-4880
-16080
5552
-11856
7712
-208
1840
3904
-208
-272
-10256
2528
5472
-8640
5328
-5472
1184
3248
-1504
-5600
-15616
7568
-6000
3008
3328
-5312
4464
464
-5584
-9920
-2384
816
-7984
2080
4272
-3696
4384
608
-8384
-12032
7200
-1776
-3456
6672
-912
-176
3568
-5072
-13264
4848
1936
-7184
2832
3904
-2864
2336
-1968
-15040
1200
5360
-6656
-1344
6544
-848
-1472
-48
-8960
-9424
5248
992
-6224
192
5792
704
-2352
-1792
-9056
-5424
4768
688
-3504
-800
3184
1776
-1936
-4608
-6112
-1696
3808
-832
-2272
960
3024
496
-2976
-5824
-6432
-320
1888
-416
-1344
432
2240
160
-2544
-5040
-6400
-1200
2192
64
-1120
-544
1488
416
-1088
-3584
-7216
-4432
976
736
-1104
-1104
272
544
80
-1232
-5584
-7344
-2736
720
224
-1232
-1088
-336
640
-288
-3472
-6848
-4352
-128
1072
-320
-608
-1680
-640
272
-1584
-6464
-6880
-1504
1312
1008
-208
192
-1552
464
-848
-4848
-6400
-3776
-320
1680
1760
1456
192
-1008
-1888
-14784
-5648
9696
-1872
-8512
9168
9376
-4512
-13008
-15552
7568
4080
-5152
1424
8576
2416
-1776
-8224
-14704
7664
4192
-6096
752
8640
3824
-3664
-7456
-11072
4096
5696
-7360
-896
8880
3888
-3680
-6496
-10432
3584
5776
-8768
-2944
7872
3008
-2608
-6128
-10464
4384
5648
-8736
-2720
8240
1888
-3648
-5600
-10368
3728
6208
-7936
-3040
7216
2816
-3472
-4736
-13792
1376
7296
-3952
-4016
7456
3584
-2448
-2048
-11216
-4928
8736
-1040
-6656
4992
4656
-2416
-1008
-6704
-11120
6320
4656
-7120
-864
4336
816
-976
-2192
-12336
-9440
6288
1520
-5808
1568
4672
1648
-32
-3504
-15584
-5296
8432
-912
-5584
4192
5216
304
-416
-4224
-15568
1712
8288
-4160
-4432
6000
2416
-1600
-1088
-12320
-6928
8080
-1520
-5696
5744
2704
-2160
16
-4512
-13696
3824
4912
-6144
-560
4496
576
-128
752
-8032
-11248
3232
784
-5472
1872
2288
-560
1584
-128
-10000
-5200
3968
-1808
-1024
1664
-1200
704
2992
-1952
-10640
-4576
1456
912
-336
-112
-992
992
2944
-1792
-10144
-5824
2896
1584
-928
160
-208
1184
2864
-2288
-12112
-5376
2240
720
-1232
-128
-704
1840
2816
-4096
-12944
-2512
3760
1456
768
-192
-464
2848
2480
-5360
-13360
-2128
3904
2784
1200
-800
272
3392
2288
-6720
-13744
-2368
4432
3696
1936
-1104
-224
3328
-768
-9200
-13872
-16
4304
4032
1424
-1056
880
3680
1568
-6096
-13760
-3552
3888
3056
1200
-1600
-320
2992
592
-5920
-13984
-3152
3888
2848
1136
-224
-336
3440
1488
-5376
-13888
-5152
4352
2800
1088
-848
-1040
3088
1472
-5824
-15904
-4416
5632
3632
1536
704
-1104
3904
2096
-5248
-16080
-5968
3104
1936
-464
-1952
-784
4608
2432
-4640
-16288
-960
2400
2000
1968
-2512
2096
2512
816
-5152
-16128
-896
-6256
5648
-4464
2528
-1168
5184
-688
-6352
-16160
3520
1088
5952
-4656
2016
112
6496
-1104
-6816
-15680
-560
4288
2928
-1568
-2336
3120
-1232
-400
-11056
7856
-9280
3968
-8656
4880
-4544
5664
-272
-4416
-15024
-4640
1424
1232
3280
1376
3152
816
2336
-6480
-16384
-7424
9312
-432
6688
-2400
5056
-3648
-1808
-11392
10096
-10544
-2176
4672
96
-2400
144
1968
-5488
-14256
-6256
3648
1232
4544
576
2720
1792
976
-6048
-16272
-3952
5584
1728
2928
80
256
3264
448
-5248
-15696
-608
-2208
4256
-1248
464
-624
624
-2432
-8160
6848
-1472
-1200
-4432
1568
1968
1616
224
-6256
-13648
5424
-3776
4896
-3328
-160
1728
-336
-2960
-11744
3120
-2784
-224
3904
-1440
1280
816
-3360
-8432
-1120
1136
-4272
-1424
4480
-1296
-1424
-1168
-4672
-5008
-2112
304
-880
576
416
-1472
-560
384
-1936
-4688
-8192
-976
1472
1808
432
-1120
-608
160
-496
-3280
-7344
-3824
960
2976
1504
-448
-1408
-32
-384
-2208
-6928
-5424
-1744
1872
896
128
-1600
-928
-256
-976
-3968
-5680
-5568
-208
2128
2032
-528
-1264
-592
-496
-2128
-4800
-7728
-2448
1440
2752
544
-1088
-1424
-320
-1056
-1392
-5696
-5680
-1264
1184
1328
-16
-1040
-2688
96
400
-1968
-5680
-6608
-2192
2320
2048
1008
-1536
-2192
-1216
-1008
-5008
-6912
-3216
1072
2752
1776
-2256
-2240
-640
-1296
-2560
-6832
-2752
288
2752
1632
-720
-2112
-576
-592
-1280
-7648
-7424
-80
1968
1824
928
-1568
1264
208
-1872
-7696
-10800
240
5024
2224
1312
736
1088
1120
-176
-5824
-14048
-3696
7280
656
-1552
1024
3504
3216
96
-5936
-16256
-9040
8848
4384
-2768
1568
5264
3936
32
-5216
-16208
-9056
8400
5040
-4880
-304
6448
4928
-1488
-8768
-15824
-512
10544
-1744
-6512
5280
8128
672
-5232
-11568
-10976
7648
5824
-6352
-1456
7728
3824
-2688
-8528
-13408
2176
9424
-1440
-5376
4064
6448
208
-3744
-11248
-11536
8224
6048
-5088
-1760
4480
3136
-864
-5584
-14768
-4704
8896
2816
-4704
-672
3616
2896
-608
-5872
-12768
-6176
6304
3840
-2384
-1792
1328
2944
1120
-3488
-8640
-8768
240
4416
1104
-2048
-1600
-192
2432
960
-2352
-6224
-7936
-3120
2800
2320
-528
-1648
-1536
400
1968
48
-2592
-7056
-7632
-1152
2816
256
-1216
-2256
-1232
592
1296
-752
-2624
-6336
-6176
304
1584
-16
-800
-976
-896
-1680
608
448
-688
-3920
-6256
-3584
-1344
80
2096
144
-2096
-2528
592
-16
-2512
-4272
-5888
-3776
320
2176
2304
-944
-1760
-2096
-2832
-1152
-2096
-2416
-2384
-1280
-1936
-816
-368
-1440
-2368
-1360
-2576
-2768
-1776
-688
912
-720
-2128
3136
-6144
-4800
-1584
592
-304
-4288
-816
672
1136
-1248
-1840
-1424
-2288
-3072
-4368
-3472
-640
832
-224
176
928
-1536
-4752
-8112
-8368
7248
7552
-3904
-720
6592
1616
-2960
-7488
-16240
-3840
10240
-2192
-6768
7040
3184
-1248
3456
-3360
-16208
-3344
8880
-3168
-4864
8960
1488
-2640
5264
-2576
-16112
-704
7344
-4736
-4528
8960
-176
-3216
5840
-3200
-16208
2576
7024
-8064
-3264
8752
-1456
-48
5424
-3712
-14320
3776
6608
-9936
-2848
7408
-2512
2688
4912
-8064
-15168
4096
6096
-7824
-592
4752
-3920
3296
5696
-6832
-13264
3440
5168
-6816
-1488
4224
-4064
3296
4752
-7632
-13200
3120
4960
-6000
608
5344
-3088
288
6656
-4048
-12944
-1056
7712
-4144
-2288
7056
-1168
1040
6064
-5712
-15648
2160
10256
-5456
-2000
7216
-32
-320
5920
-3072
-16048
-1392
8080
-1392
-5936
3344
2352
-688
1072
-3184
-10912
-5440
4656
1584
-5232
-1904
1904
528
-1296
-1376
-4176
-7520
-1296
2704
-32
-912
176
-528
-928
1472
1472
-2000
-6912
-5872
-1280
-192
1360
368
-2320
-3024
1104
1088
-3472
-5952
-4480
-2304
1472
2416
-1040
-3600
352
2880
-320
-3872
-5216
-5408
-1776
2640
1296
-2448
-2624
976
1488
-656
-2128
-6368
-6368
80
2032
1200
-944
-1552
-208
-784
560
464
-3760
-7504
-3248
48
384
-640
-288
-32
-784
1344
880
-3504
-9328
-5184
-304
1728
800
464
304
-2272
-1536
1504
1248
-1088
-4960
-7568
-8032
-2592
5008
5664
1008
-3792
-8128
-7376
80
4160
3536
-576
-2240
-3040
-2576
1408
2976
48
-5184
-8256
-4672
160
3392
176
-6912
2048
10496
-1472
-16192
272
8048
-9520
-5840
10112
-8176
-1424
7424
-7952
1488
5760
-5440
-3472
-2176
-5712
-1728
-4560
-2768
2192
-1456
2272
1984
-2512
-8640
-7280
5024
-4864
720
5200
-3008
784
64
-4176
-864
-2560
-3648
880
-2368
-784
-736
-3056
1088
-4304
-928
-1616
-3984
-1168
-5072
-1008
0
720
3216
-416
-1728
-544
-800
3936
-8256
-15824
10992
-8656
6912
176
-3520
-80
-7392
1440
-5104
-2496
-224
-3152
2304
-3440
2048
-1200
-592
-480
-2944
-1008
-6272
-1360
-2672
-256
-320
-1440
-672
-2288
-432
-2800
-1744
-1696
-2512
-2368
32
-960
-1104
-1360
-896
-1200
-1328
-848
-2640
-2864
-2240
-640
112
-1952
-1056
-1984
-3792
-1376
-704
-1936
-2512
-1072
-2048
-16
1088
-1856
-1776
-2080
-2528
-704
-4656
-3664
-3680
32
896
-16
304
-3536
6448
-2048
-9568
-15984
9856
-9136
9952
-7232
8256
-7488
3952
-6096
1040
-2960
912
-464
-2640
-3488
-7984
1056
-3472
2384
432
-2688
976
-1568
9152
-6992
-10640
-3808
6416
-7248
5760
-6736
3136
-8096
5824
-7552
11072
-7024
-576
-10480
-448
-1680
240
896
-3216
1712
-2240
3440
3168
-5440
-8912
-14960
5536
-6752
464
-5008
4992
-7296
5440
-4480
6448
-4448
-1920
-9616
4704
-6816
3440
-3280
3536
-3792
2352
-1024
2288
-3184
-4944
-14592
4432
-5552
4608
-6416
5184
-7376
6752
-2208
816
-4512
-10256
4480
-13344
7744
-5904
4160
-4912
3840
-432
832
432
-6240
-11216
8880
-6816
11184
-8240
6208
-6944
5088
-800
2016
-2352
-12432
6576
-496
-4032
1872
-1088
2064
-3904
5248
-1104
1392
-4288
-9792
464
4976
-4528
3840
-4944
1872
-4608
5280
-1872
1744
-7696
-11840
4256
-10512
6640
-5120
4400
-2048
2240
3056
-2752
-2464
-12928
8688
-6192
1776
4576
-5072
3584
-2960
4976
-1616
-2576
-9952
-6928
9776
-10560
7056
-2544
-1296
3264
928
3232
-1152
-7936
-14496
6448
-3296
-3792
7200
-3008
160
6368
1472
-1040
-4896
-15632
1200
6464
-8016
3488
5632
-6208
1344
7072
-2240
-2224
-6480
-16240
8192
3568
-5904
1392
4944
-4112
64
5376
-720
-6080
-5600
-10368
-464
4752
448
-3328
1440
2528
-1712
352
640
-2192
-4272
-6704
-6480
240
3744
-624
-1408
-208
-304
-1584
-656
-704
-1872
-3360
-6016
-4880
1136
624
-464
-576
-704
-1904
-1872
-224
-128
-336
-2608
-6192
-4432
0
544
-480
-128
-1616
-2896
-2608
-112
464
480
-1376
-3520
-4768
-3264
-816
224
352
-352
-2560
-1840
32
0
-64
384
-576
-3648
-4672
-4192
-640
528
-272
-1536
-960
-1488
-304
848
-576
-1744
-3632
-5328
-3328
-272
528
-64
-960
-1536
-3120
-1472
-560
-96
-112
-1408
-2752
-4352
-4800
-3088
-640
528
-32
-1216
-560
-1792
-2512
-1120
-1296
688
624
-224
-2112
-5248
-5440
-3648
-1104
752
816
2160
1264
-64
-912
-2416
-3920
-4368
-3824
-2144
-784
-416
1200
512
336
-240
-3184
-2864
-3936
-3328
-1296
448
1056
704
576
256
-608
-2416
-2576
-2176
-768
-160
832
848
448
-368
-1184
-3104
-2896
-3840
-2112
2720
2496
-112
1280
832
-1088
-6128
-7584
-10944
-5600
7376
3792
-2704
1312
1520
-560
2112
6208
-2896
-10000
-16096
-2048
8128
-1760
-3248
5376
1552
-672
4736
1152
-10304
-16288
112
8528
-4432
-6816
5776
3248
-3328
6128
5024
-8128
-13264
-4176
7104
-3776
-6960
5680
2816
-3248
5904
4992
-8560
-13952
-3280
7968
-2336
-6784
5296
3216
-3360
3696
3248
-9952
-14544
-3728
7504
-2560
-5520
5616
3648
-2576
3392
848
-8560
-13760
-5296
7344
448
-5984
1488
5152
-1248
992
3072
-4912
-12000
-9664
1344
7488
608
-2096
4144
3152
176
3056
2048
-8464
-10768
-9280
1072
7744
2320
1056
4704
2864
752
-80
-2976
-9728
-12288
-13280
-4464
6240
1072
-848
688
816
-464
-400
-1856
-4544
-7936
-8896
-1968
7776
5152
368
4432
256
-192
2192
-560
-5888
1280
-9760
-7200
-592
3824
2528
3600
288
-1296
240
3696
336
-3280
-3600
-9856
-1488
-336
-416
1248
-2000
-5248
128
2000
-4208
-1744
-9152
-9120
-5440
-1120
2784
-336
1952
-528
-112
-1392
-864
-3200
-7904
-3088
-5968
-304
-96
-560
-3200
-3136
-2208
-1216
-240
-208
-1360
-4464
-1424
3056
2752
-16
816
-1584
-144
-448
-3248
-4752
-2640
-5232
848
4528
1520
1488
112
1024
-2688
-560
-2832
-4832
-7648
-4320
3472
5040
-848
-832
1408
560
-176
1424
-2320
-8096
-12432
-2496
6352
1600
-2256
1664
-1184
-864
896
-176
-8336
-9680
-7760
2336
7856
864
-1280
1424
-16
-1728
1104
-1360
-8176
-11376
-5568
6832
5424
-816
-704
-96
-960
-640
304
-1744
-6192
-10928
-6192
6304
5200
-1248
-720
-400
-1744
112
-448
-4816
-5152
-7984
-4768
4240
4608
848
512
-672
-1648
-880
-80
-3536
-4352
-5632
-7232
-960
3232
2480
1728
-1008
-3136
-2592
-784
-944
-2976
-3776
-4800
-368
1920
2128
768
-1920
-2832
-1248
-1392
-2896
-6496
-6272
480
3168
4528
2480
-384
-3008
-4048
-1872
-416
64
-976
-3424
-5696
-2960
-576
1776
1808
1408
-896
-3968
-6416
-6336
-6352
1648
4352
4208
1264
-2496
-3680
-3680
-448
272
-960
-2656
-6704
-6208
-800
1824
1776
1472
400
368
-656
-4480
-7232
-9968
112
7376
3200
2448
-2160
-5040
-1520
3888
512
-3520
-9248
-15104
2608
6672
-2688
2016
3904
-2784
5088
5712
-6816
-15664
-9136
3136
-96
-2384
4272
-1632
-3376
7680
3104
-1488
-5632
-16288
5696
-1600
-1280
2128
-4848
1280
2432
1472
496
-4848
-14192
1952
-400
-3840
2848
-3264
1072
1584
2736
2800
-1392
-8928
-5984
-320
-2992
1584
-1360
-1088
832
48
3296
-320
-2976
-11824
-1264
-1008
-3520
352
-3776
624
-560
704
3504
-1744
-5216
-13680
2192
-1040
2800
-208
-2128
1072
-448
2672
576
-1920
-8688
-8000
3936
-2048
832
-576
-1472
864
-432
2032
1024
-2320
-8880
-7024
1488
-32
368
1312
-1472
0
416
272
2064
-224
-3552
-11488
-2096
848
480
1568
-448
-1968
960
896
2480
1568
-2192
-10064
-10432
5696
1328
1712
-400
-2768
-976
1696
1872
-816
-5296
-9584
-8256
1584
2432
1712
1264
-192
-2000
128
1440
1472
-1088
-7808
-13520
-4224
7568
6320
2640
-736
-4720
-1472
2592
2224
-3568
-13776
-11488
4336
7568
4848
544
-3536
-3920
1536
4464
-80
-5600
-15488
-8768
6288
7200
3248
-928
-4320
-2800
2336
3088
-1840
-11456
-14176
1616
8656
5264
1952
-1920
-4528
896
3728
816
-4992
-12736
-11968
4384
8528
5904
1280
-3248
-2976
1712
3280
-2752
-11968
-9792
368
7424
6848
1872
-1040
-1424
1776
3776
832
-4832
-12288
-14096
5776
5488
688
-1024
-1488
-992
2736
3888
-1440
-8464
-13984
-7552
6512
4432
1504
-1488
-1872
1616
4000
656
-5488
-10656
-10384
448
5728
6160
656
-1952
-2208
1536
3024
-656
-4736
-7904
-9472
-4944
5280
4912
992
-1408
-2432
128
1792
336
-3568
-6048
-9008
-7008
1696
4368
3152
-416
-2128
-1488
1184
-208
-3568
-4864
-5008
-6640
-480
3888
2864
304
-1904
-1472
-1744
-1248
-1008
-4112
-400
-4880
-3344
2864
1200
1040
-1856
-1968
-1424
880
4288
-3728
560
1024
-5696
-1072
-3088
-416
-1232
-3008
-240
-1504
-512
624
-640
1280
-4032
-6016
1568
-3712
3360
-2816
128
-3120
-832
-5920
-2064
-4000
-848
-2544
-1200
288
-4432
-976
-6128
-1056
-10240
-5840
1824
-1920
-4032
-224
-656
-464
-5376
5312
-7040
-2768
-7664
-1456
0
-4608
-5200
1024
3952
3056
1632
-336
656
-3952
-3376
-8944
-4864
-2288
-2960
5072
6768
4016
1840
3008
-1696
-7280
-7312
-10048
-4352
13344
9744
-2624
2096
7952
128
-10576
-10832
-16304
-6512
11040
4512
-4048
4496
11072
320
-6448
-8800
-16064
-1728
7744
-3216
-2768
8704
3632
-1360
-2864
-12912
-7168
9024
-1456
-5152
7552
2368
-2240
2832
-6352
-16400
5664
1648
-8240
3840
3584
-4128
4032
1264
-10256
-5888
6688
-4320
-4160
5696
-1552
-1232
5728
-3648
-10672
-1216
3824
-5680
-1312
4048
-4096
1968
4320
-4832
-10512
608
5200
-3136
-4336
4512
-1040
-1600
4336
-3392
-12656
1744
7168
-6224
-2672
5296
-2384
-1696
4960
-5088
-14224
2336
6544
-5872
-3280
5456
-2512
-1840
4800
-5312
-14992
816
9056
-4256
-5664
4752
624
-3568
2368
1504
-9536
-12368
5360
4720
-6512
-1744
4592
-1312
-400
3120
-3024
-12928
-1520
6928
-320
-5184
2144
1888
-1776
2368
848
-6224
-11088
-768
5024
784
-2560
-1200
-464
-272
1456
-656
-4448
-4016
-5232
-1904
1808
1280
-2736
-2160
64
-464
-1232
464
960
-1872
-6592
-4000
-1568
-2272
160
1728
-1216
-2688
1728
992
-2272
-2128
-2752
-5808
-4672
1584
528
-2768
-2288
-1408
-2208
-2736
-880
-3216
-5632
-1840
1648
704
-496
176
-768
-3296
-1456
-480
-2352
-2752
0
192
-1488
-1632
768
240
-336
-976
-1152
-2240
-2496
-944
-176
-1360
-80
-112
-480
-96
-992
-1920
-5008
-3520
-2656
-3776
-2928
-608
-1680
-3024
-2032
-2464
-4688
-2784
-1632
-3360
-2112
-368
256
160
16
176
4384
-5024
-1584
-1280
-2384
1776
1296
-1616
-1360
-17072
-3264
12816
-7536
4256
6368
-4048
4752
-1056
-16096
-2800
-496
-9632
5296
-656
-2752
3712
2240
1152
-2560
-13632
8032
-6336
-2640
4288
-6224
3856
1664
3184
432
-6512
-13440
8416
-8864
6560
-3088
-368
2368
-112
3888
-2176
-8272
32
8128
-7184
3920
64
-5056
1040
-1680
4400
-2768
-6544
-16304
7696
-9632
5216
-2032
-1280
320
240
3376
-2880
-7856
-4192
6448
-7936
4576
-4096
-1136
288
-272
2096
-2704
-8304
-2112
-2560
-5120
3328
-5104
1680
-368
3920
1440
-3456
-11088
2112
-3728
-2800
672
-4432
1584
144
1520
80
-3152
-10768
2608
-592
-3920
2800
-3392
48
2624
1232
64
-1840
-9520
-3088
2752
-5760
3184
-1072
-2640
4608
1488
-480
-5200
-14512
7200
-2416
-2128
3456
-4304
1344
7168
-1552
-2800
-11408
-2608
4512
-6096
2352
1920
-4832
6928
4288
-4080
-6208
-12480
2368
880
-4656
1584
2112
-2816
5696
2096
-6480
-7680
-8128
656
1536
-3024
-832
1984
-208
2256
816
-4672
-7648
-7568
-1136
1520
-3424
-1104
1200
672
720
-400
-4176
-6288
-6288
-2240
1776
-928
-1520
1024
1856
-176
-736
-2320
-4160
-6480
-3760
432
-208
-912
1088
3088
304
-1376
-928
-3840
-3856
-4592
-3104
-912
16
1168
1840
912
-400
32
-2640
-4032
-4544
-2512
-3568
-1008
-912
3040
768
-2032
-2192
-48
-1712
-1984
-352
-3392
-2464
-3328
2816
816
-3584
-192
-7728
-6928
-3760
-3840
960
-5024
-3536
-1456
-2512
-4704
-1248
-624
-2288
-48
5024
4080
-2304
-2112
112
-1376
496
-880
544
-544
-2672
-5984
-4976
-1344
-2560
-4688
-1104
-3040
-2496
-3152
-3296
-4496
-3216
-3328
-2480
-400
960
128
-544
-240
-64
-560
-576
-272
-1216
-336
-416
-1296
0
-320
224
-48
-832
-1568
176
288
-528
288
-1056
-784
-1872
-2624
-1280
-1680
-2048
-2352
-592
-2368
-1152
-1168
-1728
-2256
-2768
-1888
-1824
1104
-2832
-2304
-2000
-2192
-2608
-2816
-1824
-640
-3136
-4144
-560
-1360
128
1040
-832
-3056
-2912
-3168
-2000
-576
-2016
-2320
-3264
-2608
-2768
752
-864
-2096
-96
-1200
-1872
-2256
-1248
-2320
-1696
-1136
-1344
160
-240
-944
-1200
-1696
-896
-1680
-1232
-1632
-864
-608
-464
-896
-880
-1520
-2128
-2208
-1168
-1248
-1616
-1440
-1600
-1920
-800
-1680
-2768
-2944
-3296
-2208
-1632
-1968
-2128
-1344
-1248
-1120
-1488
-1712
-1488
-1456
-2304
-1344
-1200
-576
-544
-304
-320
-1408
-1024
-1104
-1568
-944
-1520
-1376
-1008
-832
-960
-1616
-1920
-1664
-1296
-2960
-1200
-768
-1664
-832
-448
-448
-784
-1424
-2352
-1696
-1536
-1920
-1024
-1456
256
-2320
-1456
-1680
-2192
-2048
-2688
-896
-2560
-2560
-1040
-848
-816
-1472
-400
-2928
-1536
-2160
-1152
-2080
-2752
-848
-896
-1536
-48
-1392
-1936
-1808
-2048
-544
-960
-2256
-1056
-2016
-2128
-2512
-1008
-2704
-1504
-2160
-672
-640
-1408
-2224
-2704
-2512
-1344
-1328
-1616
-544
-1552
-704
-448
-1840
-1200
-2512
-1776
-3040
-2304
-2768
-2320
-480
-1616
-384
-1760
-928
-672
-2064
-1216
-1360
-1472
-2032
-1168
-2496
-1536
-1680
-1504
-2000
-1680
-1264
-1776
-2880
-1328
-352
-2192
-1328
48
-2704
-224
-1088
-32
-2416
-2160
-1840
-1600
-1520
-2352
-1328
-896
-1216
-864
-1904
-640
-384
-3024
-1600
-2448
-1616
-1200
-1408
-2032
-1472
-400
-720
-1760
-2272
-1344
-1856
-1392
-1200
-1984
-1408
-1440
-2352
-2000
-432
-1648
-1296
128
-1648
-1760
-2592
-1040
-2080
-1712
-736
-2320
-592
-1504
-320
-1760
-1728
-1248
-2432
-2928
-2272
-1296
-1184
-2256
-32
-656
-2176
-2192
-640
-384
-2768
-2032
-1664
-1936
-1888
-1216
-528
-432
-2720
-2752
-528
-2416
-1616
-2384
-1680
-2464
-1840
-1472
-1568
-1568
-1168
-448
-2240
-1184
-1600
-1856
-1392
-720
-1392
-3152
-1408
-3456
-1568
-2048
-1104
-848
-944
-2304
-960
-1712
48
-560
-928
-1088
-512
-1984
-1520
-1968
-224
-1872
-2080
0
-976
-2112
-2112
-2688
-1200
-656
-1936
-816
-768
-800
-816
-1824
-1664
-1968
-2048
-1408
-2432
-480
-1600
-1984
-576
-160
-2512
-2480
-3280
-2464
-1072
736
-2064
-512
-784
-1008
-1696
-1264
-1440
-2576
-2880
-672
-2416
-656
-1088
-416
-2160
-3248
-2112
-2688
-1312
-352
-1344
-1600
-816
-464
-144
-1600
-896
-1632
-1392
-1616
-448
-1120
-1920
-1152
-1200
-1296
-912
-2400
-1488
-1824
-2320
-848
-1072
-976
-800
-1744
-1760
-2832
-1168
-2656
-1056
-1376
-1360
-512
-1344
-1088
0
-1504
-3200
-2624
-2128
-2672
-1600
-1408
-2272
-576
-64
-752
-1008
-1408
-2400
-1744
-1856
16
-2144
-1216
-1232
-1520
-2528
-2672
-2656
-1600
-1680
208
-832
-1408
-976
-1328
-2096
-2272
-1792
-1472
-1104
-1472
-2160
-704
-1360
-1120
-1248
-1872
-944
-2288
-2320
-1616
-784
-496
-1552
-1728
-944
-1392
-2240
-1984
-816
-1104
-1520
-400
-64
-816
-1472
-1616
-1440
-1648
-1088
-1792
-2016
-1424
-1520
-1424
-1424
-1600
-2032
-2464
-1936
-976
-1648
-2032
-1232
-576
-1152
-1216
-1088
-1216
-1616
-2160
-1328
-2240
-1344
-1424
-1344
-1216
-1056
-1072
-2080
-2912
-1568
-1360
-416
256
-896
-1152
-1840
-1712
-1744
-2368
-2080
-576
-2304
-944
64
720
-1232
-1056
-1776
-2736
-2512
-1920
-1760
-1744
-2160
-256
-2128
-1456
-1632
-2976
-2784
-2736
-768
816
816
1584
912
304
-3200
-6944
-10192
192
1712
1600
1968
-2112
-848
-3440
1312
-1600
-208
-4784
-6592
-6848
-3216
2528
2640
2320
1232
-48
-2208
-10960
-16176
7024
-976
5520
-752
2656
-1520
704
-224
592
1008
-1392
-4064
-7136
-6256
-3552
-2400
4736
2304
4784
1296
1072
-1536
-3152
-11344
-16048
5856
-160
8544
-3152
1568
-4176
1984
-704
2784
192
-1824
-4768
-12848
1968
-3680
4560
-1536
2480
-2176
1184
1760
816
2208
-2832
-10544
-4672
1424
-1232
208
-4000
1456
-2608
3072
1648
3392
288
-2832
-11296
-1424
-3568
1536
-1776
832
-96
-2896
3232
1040
2304
1008
-3776
-12048
-3568
-4544
2576
-2128
976
-1120
704
1184
560
1680
-880
-4688
-11248
-4080
-4736
1920
-1744
832
-608
-32
2816
1424
3312
1184
-3648
-10832
-2704
-3616
2880
-2160
592
-1616
672
1472
2576
2768
368
-4480
-11456
816
-4528
2368
-1904
512
-656
-544
3040
1472
4544
928
-3056
-10704
-4096
-5056
1296
-3024
-224
-2000
896
1392
304
5072
912
-2368
-11008
-3520
-5136
960
-2320
-592
-1232
-208
2176
624
3776
192
-3424
-11584
-4032
-3360
1824
-1968
-688
-1424
832
2000
1552
3296
768
-3152
-10544
2352
-1504
2048
-1696
-464
-1568
784
2752
1168
3904
832
-4016
-12112
1536
-2240
1136
-2400
-944
-848
-160
2560
3088
3728
736
-5568
-13824
-112
-3024
-2144
-3760
-1632
-1872
816
2160
1920
1968
-768
-8592
-14992
1776
-1904
624
-3648
-208
-704
928
2928
3184
2320
-464
-8704
-10208
640
-1040
432
-3024
-1792
-848
208
1584
2176
1200
-2368
-9744
-8016
-192
544
-464
-1856
-2256
-1520
16
1008
2176
1168
-1840
-8080
-10032
-1536
560
-240
-1056
-2640
-2096
432
2656
4096
1456
-3552
-12592
-6848
4448
4944
304
-1984
-3344
-976
2640
5408
5632
-832
-9648
-15232
-2160
5936
3840
592
-2944
-3920
464
4848
6576
2768
-3584
-13616
-12480
1488
5488
2432
-1008
-3888
-2640
1872
4480
3440
-1600
-10400
-13552
1456
7152
3728
352
-2896
-4176
16
3312
4032
1872
-3552
-12800
-10960
4928
6272
2608
-1424
-5168
-3776
1760
3648
2240
-2080
-10928
-11040
3088
6208
2928
-1712
-4832
-4288
1088
4864
4560
-272
-9408
-14208
-1328
6624
4272
16
-3696
-6576
-2480
4400
6256
3408
-3904
-16336
-10080
6272
6560
1856
-2784
-5200
-2640
3728
6432
3776
-3168
-14128
-12672
4064
6160
2176
-1504
-4000
-2992
2448
6160
4336
-2624
-12176
-12816
3248
7472
4352
272
-3616
-4528
-688
4032
3696
-1072
-9424
-15760
-2576
7488
5232
928
-2256
-5344
-3200
2368
3984
-416
-6480
-15776
-8832
4944
5440
1392
-3120
-5216
-3504
1568
5312
4240
-2320
-12400
-9472
4720
7584
3408
-1600
-5888
-4128
560
5280
5152
-976
-8624
-14208
-2512
7568
4144
-496
-4304
-5360
-1648
3648
5568
1248
-6352
-13584
-7840
5184
6688
1856
-2448
-3728
-1728
2992
5968
3072
-4192
-13504
-12352
4368
8976
4112
-1488
-5232
-3200
2192
5808
4256
-2016
-11328
-14976
-704
9664
7184
272
-4352
-5648
-1712
3536
3936
960
-4624
-11328
-12272
1344
8048
5264
-976
-4704
-4672
-208
3120
3344
1824
-2304
-6560
-8144
-5232
6960
2192
-3920
-1440
688
1680
4672
4336
-1296
-9088
-16352
-992
5536
-7760
784
5696
-6528
-304
9056
1552
688
-368
-13984
-4752
4624
-7200
-32
4544
-5584
-1232
4528
-336
2272
-848
-9936
-13248
5360
-4368
32
3840
-3232
-2016
3232
1584
2128
432
-5440
-12368
1984
2304
-5456
5040
-1552
-3648
2272
-1008
1456
-208
-5984
-12160
2960
1280
-5056
5328
-2720
-2608
592
-1504
2112
-1152
-5952
-12768
3952
928
-5856
5968
-1920
-960
1200
-2112
4992
-2128
-3408
-14080
4816
1008
-7872
6736
-3936
-1488
-272
-3008
5104
-1696
-32
-8496
-7344
10272
-10400
6272
-4240
-2144
-1232
-1712
4256
-1968
-576
-11568
0
10048
-8144
4800
-1696
-2352
864
-3408
4960
208
112
-1584
-13312
6912
-4320
-4928
5264
-4816
1600
-3696
1856
2736
-832
-208
-11184
-4800
8240
-7472
5568
-4768
1200
-960
-1520
1408
-576
1872
-7456
-15152
6176
-7840
6496
64
-2384
1184
-5232
2864
1312
864
976
-9472
-14208
6384
-8912
8064
-2608
-2128
-3856
1008
3008
96
2352
-4304
-13936
5648
3216
-4224
1952
-6384
2448
-2448
3904
2736
1360
1200
-11648
-16032
6080
-4512
7472
-7040
-784
-5312
2896
3536
2592
2208
-7856
-13168
5536
-8976
2960
-992
1472
1984
-1488
4048
64
2928
1152
-8320
-13264
4256
-10320
6432
192
3728
2320
-208
4320
1088
1936
-752
-10320
-16240
2992
-4160
7216
-4528
-1392
-6976
1584
512
208
-304
-6640
-11312
8112
-6336
-640
-3760
-304
112
-2976
5232
2224
3008
-1152
-10672
2960
4672
-1872
4400
-4144
-1088
-7488
1712
1312
2368
1200
-6592
-11856
2768
-7744
6736
-2816
3088
-2288
928
2848
0
1312
-1616
-12528
-4160
3888
-3504
4528
-2336
944
-3152
1024
1696
480
1536
-3664
-10272
11680
-3824
688
-272
-3168
-1120
-2016
4128
1248
1872
-848
-8096
-12960
960
-9040
2320
-3056
1408
-2256
192
2976
272
1072
-1152
-8768
-8752
2496
-3152
5312
-864
1280
-1840
1536
2592
944
880
-3024
-9360
-2976
2544
-5200
-96
-3936
-832
-4064
-48
1504
864
704
-2512
-8592
-9488
-928
-2560
2400
-1648
624
-1520
3248
2496
3152
-400
-4880
-7328
-4576
1568
720
1984
-2176
-544
528
2464
2240
1728
-528
-3984
-5696
-4944
1392
-192
768
-560
-1040
-1152
880
448
-1584
-3264
-4000
-3584
-1936
-528
-656
-928
-1920
-1568
64
-32
-768
-1744
-1728
-928
-768
-1584
-1680
-2000
-2304
-2752
-2000
-672
-352
432
256
-544
-864
-1280
-2272
-2320
-4720
-3808
-3792
-2656
272
-1152
-224
-80
-1024
-1488
-3008
-3472
-4224
-3344
-3200
-2368
-848
-192
-688
-688
-1024
-880
-1104
-1408
-2384
-2352
-2048
-1520
-128
-1024
-80
592
-1360
-896
1344
-1840
-320
-2128
-1088
-2192
-2512
-416
-960
-1280
-1392
-752
-320
32
-672
-1104
-2272
-3152
-2160
-2032
-544
-416
-640
-1024
-912
-592
-1232
-560
-2464
-1504
-1856
-1744
-400
160
-1232
-176
-944
-2272
-1552
-3280
-4640
-3728
-2560
-3424
-2688
-960
-1296
-928
-2192
-1104
-1264
-784
64
-1216
-96
-256
-1328
-1216
-1136
-2096
-3376
-3568
-3600
-3616
-3152
-832
-3024
-1616
-1136
-2432
-1984
-1952
-1696
-1824
-1248
64
-320
-336
-176
-1040
-928
-2544
-2304
-2864
-2896
-2192
-1984
288
-192
176
-192
-448
-288
-560
-784
1488
-16
-672
-1280
-2960
-3264
-4432
-3904
-4320
-4768
-2752
-3920
-3568
-2096
-1600
-2752
-2320
-3488
-1264
-912
-800
-1856
-160
-352
368
2832
128
1472
1280
1392
-528
880
736
608
1376
-768
-992
-64
-1280
-1856
-1600
-1088
-2544
-3856
432
-320
-368
-448
-528
544
-576
-1264
-1184
-2288
-2752
-1616
-2336
-3408
-1376
-2128
-2880
-2240
-2896
-3264
-4096
-1920
-2416
-2304
-688
-2576
352
-2000
-2496
-928
-1728
-1792
192
-1600
-1088
-1456
960
-1040
-1472
-512
-2096
-1440
-1904
624
-512
-1280
-2192
-1440
-2176
-3376
-976
-1040
-2336
-1200
-1200
-112
-1168
496
-1024
-2176
-1168
-3376
-2816
-2816
-704
-1600
-1040
256
-1552
-1296
-1888
-2144
-2528
-1776
-2224
-2384
-1264
-1344
-544
-1184
-2288
-1968
-1856
-1792
-1584
-1824
-1168
-1120
-1808
-2304
-2032
-1648
-976
-1120
-64
-1120
-976
-1360
-464
-1200
-2256
-2848
-1792
-1840
-2464
-2416
-1120
-1872
-1728
-1456
-2480
-2608
-2288
-2448
-2656
-1216
-1936
-1536
-720
-720
-1152
-912
-608
-1328
-1936
-1712
-1296
-1552
-112
-256
-1344
-2112
-3104
-2880
-2000
-1424
-2224
-896
-2192
-2640
-784
-1904
-1168
-1152
-1184
-1936
-3056
-1616
-768
-144
-496
-496
-128
-1728
-1072
-576
-1456
-1984
-896
-1104
-1360
192
-1472
-2112
-1584
-944
-2416
-1728
-320
-848
-1648
-1088
-1744
-1696
-944
-1152
-1376
-1312
-1968
-992
-400
-704
-384
-480
-256
-576
-944
-912
-752
-1680
-2000
-1296
-1136
-2240
-3632
-3248
-4096
-4080
-3584
-2640
-2448
-2240
-672
-1328
-1488
-1600
-2752
-3360
-2784
-3024
-2112
-1312
-448
-944
-768
-768
-1008
-2032
-3456
-3280
-5008
-3312
944
3232
3344
2352
-48
-1904
-5408
-8608
-4224
7408
3760
-3392
1600
1856
-4240
48
3616
-1184
-912
768
-3024
-4416
-3680
-3040
-2240
592
1872
2032
-1200
-4480
-5632
-7440
-16192
3632
6768
-6368
5168
528
-5536
5872
720
896
1216
-3648
-6256
-16272
11776
-4640
3264
1696
-2096
2016
-3664
4896
-1408
448
-3088
-14480
-912
4720
-7440
4464
-2800
1936
-1344
3248
4064
2128
3456
-4512
-12864
1888
-1776
-5328
2112
-3056
624
-2208
3536
752
2624
960
-3424
-11984
1696
848
-7232
5168
-3424
1600
-2704
2544
400
2704
-800
-4912
-12144
0
8256
-6592
4352
-2192
1472
-320
1056
2800
3280
16
-1168
-11152
-14720
5200
-9392
3712
-5072
176
-1888
-1136
288
960
-1488
-4576
-13232
-928
-1248
-5296
1600
-2784
352
176
672
3040
3872
576
-1312
-10608
-2496
2752
-6576
2096
-1040
-2944
2640
-304
2192
4080
-144
-4160
-11824
-432
2080
-7296
2640
2032
-4256
4160
2064
2480
4880
-336
-5456
-11824
2784
2368
-7216
1152
3408
-4704
1984
3968
560
2400
320
-6224
-12736
-976
4480
-4352
-3376
4064
-944
-2608
3584
3904
880
-976
-4880
-11200
-7504
4464
-560
-4944
-832
1120
-96
-496
960
1600
496
-848
-1456
-4624
-6736
-7312
-3296
112
-160
1776
816
-384
640
1088
-544
-816
-2000
-2928
-4992
-5520
-3984
-2496
304
1584
1456
2080
-144
-1648
-1328
-3216
-2144
-2896
-4352
-1808
-1408
-144
-240
880
784
-336
-1536
-1888
-2976
-4592
-4288
-2944
-2384
448
288
-304
-608
1232
1312
-896
-2576
-1200
-3056
-5824
-3616
-1536
-1088
32
160
-192
-272
720
128
-1376
-1856
-2272
-4944
-4832
-3040
-2224
-1824
-688
1232
1360
624
768
-1424
-1616
-1648
-3520
-3440
-2992
-704
-1504
-1040
304
-336
-672
-144
-1088
-960
-1984
-2576
-1984
-2032
-1264
-1328
-1552
-736
-592
1248
-336
192
80
-1680
-1712
-2160
-3280
-1536
-2816
-2112
-2320
-1936
-1600
-1072
-992
-1936
-2400
-2176
-2448
-1168
-1872
-1600
-960
-480
-4000
-11776
2880
3904
-960
1264
-800
-2224
-1888
-352
-2880
480
2640
-336
-2208
2880
496
-1584
-1168
-1632
-2624
-1392
48
-80
-464
-1200
-528
-976
624
-2416
-1232
-320
-2032
-5072
-3312
-4576
-10576
-2432
12080
-3360
-3872
7232
-3024
-3984
288
-10368
-16208
4896
1984
-9424
6304
5056
-6208
4880
6768
-2896
-1616
-10816
-6832
10080
-5696
784
7296
-4032
640
6160
640
-272
-48
-7760
-14752
8032
-5744
-224
6608
-4400
880
4208
560
1056
-272
-6624
-13168
4880
-3472
-4704
3936
-4592
-320
2288
-336
1776
-1424
-5440
-13616
4656
-2560
-3760
2096
-5520
-176
-480
-752
2544
-1216
-3952
-14496
5872
-208
-5136
4240
-3728
-1120
-480
-912
3312
-784
-960
-9040
-8976
6576
-6912
3168
-432
-3888
560
-2704
1632
1632
-2144
-4320
-12032
4064
1088
-4032
3376
-2672
-848
-512
-1184
2688
-752
-2576
-7248
-9456
3824
-3232
1472
576
-2624
-608
0
560
1904
304
-1264
-6272
-5200
-2496
-1840
560
-2384
-1216
-1296
-144
2688
1408
-512
-5296
-6800
3152
-4816
3136
1920
-2752
1808
-1232
2640
3008
448
-2784
-8960
2784
-3152
-2096
1200
-6032
-2272
-4992
-1792
1536
-768
-4032
-9616
-6320
-544
-4432
-2768
-2560
-4816
-1024
2000
4720
400
-7344
-16176
7808
1840
1424
3408
-4816
-1968
-2064
-784
1216
1984
2016
-2864
-3920
-6416
-5792
272
336
448
-1440
416
3520
2592
256
-4032
-12432
1744
4848
1536
3504
1824
-3488
-2736
-1456
992
3248
2720
-1568
-5136
-7184
-9072
-2000
3648
3424
1568
-1088
-1552
224
1920
2176
-1520
-9696
-12784
1584
5920
3952
960
-2320
-3552
192
4144
5440
640
-6592
-15920
-11808
4928
8112
2928
-1920
-4848
-2768
3360
6176
2272
-4048
-13744
-12736
5072
7568
3296
-1280
-3120
-2752
1920
5424
1168
-5120
-14688
-12736
4032
6928
3120
-1040
-3712
-2624
3088
4976
1936
-4544
-14320
-10064
4672
6096
3104
-832
-3552
-3008
1792
5072
2416
-3872
-11920
-10272
3968
6032
2688
-1600
-3728
-2240
2272
5040
2624
-4624
-14384
-10192
4736
4976
1952
-2672
-4224
-3088
1632
4080
416
-5152
-14928
-9520
5344
6768
2768
-1680
-2592
-2112
3136
5280
1616
-5392
-16320
-4704
6832
5936
1456
-3152
-4288
-2432
1008
528
-2608
-10192
-12016
-1040
3248
2208
32
-2832
-2736
320
1664
-224
-2576
-8896
-12800
1696
1920
1440
1952
-2864
-320
880
2880
1472
-2512
-10352
-10160
2992
2400
2160
-192
-752
-800
832
3168
-1168
-3536
-11392
-4048
-2656
3696
4704
-4304
640
704
-336
3472
48
-4176
-10688
-4128
-2144
1424
6640
-4032
-1296
-1424
6512
-608
-1856
-9936
-16032
2032
1456
6464
-5200
560
2896
240
4544
480
-32
-7952
-16208
5440
-208
2896
-4256
-1616
-880
1376
4096
-2752
-6080
-14816
1392
-2640
-1216
-560
-1024
1088
912
4976
448
-1792
-7520
-14448
3472
-2160
3648
1040
-16
-496
1200
2416
-272
-5072
-11776
-9264
1712
-2576
1856
-496
-640
2016
1632
496
-3136
-8400
-14032
1136
1184
-496
2688
1168
304
3920
1840
-1072
-4304
-10064
-8320
4384
1120
288
3456
1120
1664
3024
-16
-4672
-8128
-13072
-5520
4192
-1168
1472
4112
1424
1920
1168
-3904
-6928
-10752
-8768
3216
4544
-1024
4048
3856
496
768
-624
-4528
-7792
-9008
-8528
2736
5024
672
1376
3696
1520
-128
-1056
-4160
-7648
-3088
-6496
-3952
1184
1488
2016
4160
-1248
-3664
-4496
-7504
-7232
-5088
-1168
-4144
-784
-1440
-144
144
-2288
-1952
-3136
-3024
-1216
-752
608
-1456
-1728
-1664
-2384
-1856
-3584
-2544
-2608
-1472
-448
784
768
-1696
-2016
-848
-2320
-2432
-2064
-2112
-2128
-1024
-320
704
-1376
-1104
-3344
-2752
-464
-1120
-1712
-1840
-256
-400
1344
1744
-3616
-1520
2192
-7616
1392
-6096
-5664
-4160
-1968
352
384
-2240
-2192
-2480
-1568
-3904
-2176
1456
3536
4800
-208
-5280
-13168
-16048
2720
11200
5840
4080
-528
1856
5488
304
-7744
-16192
-9008
2560
1872
2416
-368
-1728
4080
3792
1648
-6592
-15184
-2848
1216
2624
1376
-1760
-288
3696
3376
-1472
-10080
-12592
1424
2208
2128
192
-2320
288
3152
2208
-2000
-7456
-13520
-2016
2720
1472
240
-1232
-912
2528
2896
192
-5088
-12032
-8384
1968
3984
1632
-208
-896
512
2560
2096
-2928
-10368
-11744
2160
5424
3152
1648
96
512
3008
4352
-672
-8592
-16048
-8400
5136
5072
1296
112
80
1280
4304
3072
-4144
-11968
-12256
832
5808
3808
1104
-64
-320
2368
4032
-1520
-9504
-15168
-7824
4976
4224
1344
-176
-736
2016
3856
-192
-6464
-12848
-10688
2960
7152
3728
816
80
-112
1792
3136
-2336
-8192
-13152
-8352
4928
6800
3648
144
-976
336
2208
1984
-3408
-9280
-13568
-7232
7440
8560
4784
32
-1904
-1552
1200
368
-3520
-8496
-11312
-7376
5216
10432
4752
-352
-3440
-3280
208
128
-2256
-7312
-10368
-6544
4432
9520
5744
-1232
-5312
-5136
-1248
1200
-1872
-5392
-7904
-6560
-368
5712
4480
-624
-3712
-5264
-2336
1584
2240
272
-2960
-7328
-5872
-2528
3520
4640
-816
-2416
-2816
-800
1536
2560
704
-1664
-5760
-5312
-2752
688
2176
-80
896
-3088
-2000
-128
-32
-1664
-10016
-16064
7184
2608
-5968
1440
864
960
1904
-608
-5136
-12800
-14848
4800
-4400
4816
4720
-1888
2416
3216
464
-1024
-7184
-16240
6960
-3072
2272
6000
-1552
2144
3712
-224
-2080
-7280
-16384
6176
-2944
1184
7120
64
-1936
5920
-448
-1952
-5568
-15184
3888
2736
-4320
5616
2736
-2256
6368
1440
-2672
-4288
-12704
-320
4592
-4288
496
5584
-1024
-208
2064
-1648
-3712
-4256
-7056
-3824
336
-672
672
1024
-272
-576
-368
-736
-1168
-2896
-3440
-5104
-4240
368
1392
416
-192
-944
-1488
-1632
-1456
-992
-1984
-2208
-2464
-2864
-144
-272
-432
-1280
-2624
-2800
-1664
-1728
-1120
-496
-1728
-2032
-1728
-1744
-1520
-2512
-2688
-2080
-2368
-832
-864
-2048
-1696
-1616
-2352
-2496
-2944
-2656
-3104
-1360
64
80
1024
1088
896
-176
-16
0
-768
-928
-112
-6848
-3040
3392
9424
4528
2640
-64
-272
-3392
-5616
-3536
-3904
-5456
-3776
-2640
-1696
-464
-576
32
-352
-1568
-3584
-8288
80
9296
6144
4336
5152
2448
2912
336
-7024
-14832
-6208
8928
1680
3456
-848
-6112
-912
2640
-1104
-8256
-16304
-3424
-48
-624
2048
-1328
-176
3664
3536
816
-4272
-13456
-2752
1200
1696
3248
1344
832
4208
3776
944
-4416
-13008
-2240
1456
2464
3328
992
128
2656
3904
384
-5440
-15248
-7104
-2432
-1728
336
-1184
-1728
1488
1104
-336
-5184
-12224
-4480
3424
2208
1888
-1088
208
4000
3360
688
-3216
-9152
-5472
1920
1216
448
336
-832
864
3120
1440
-912
-4800
-11664
-2064
2144
1088
240
-848
-1216
2752
2512
-448
-4816
-12224
-4288
2864
1744
-944
-656
-432
1664
4032
1184
-4480
-11744
-4992
4848
2496
-800
0
-720
-448
3040
2016
-4448
-11872
-12848
2880
3920
-896
-608
-64
96
2608
5680
976
-5696
-13408
-5360
9648
8032
944
1344
944
1184
3904
1728
-6448
-16288
-12928
2256
4448
-1008
-2064
-1696
320
2256
448
-4912
-12080
-12848
1744
5520
304
-1808
-704
576
2368
3056
-2032
-8640
-13216
-2352
6448
2800
-416
-1264
880
2880
3392
-720
-6656
-12880
-6560
5056
5504
1232
-1216
-1120
1616
3248
-352
-6656
-12832
-8128
3008
7856
240
-1504
608
2272
1712
400
-4144
-15952
-6928
7904
2128
-4448
5792
3168
-2752
4448
3712
-7248
-14016
-2944
5088
-1984
-2704
4800
-704
-2336
5648
-464
-10224
-12784
4288
3872
-5072
-1296
4032
-2896
-896
5488
-1536
-10384
-11232
4128
2192
-4672
448
3760
-960
-2960
4048
1536
-8288
-9072
64
3696
-832
-4432
3120
2544
-1856
1888
4352
-4752
-14576
2352
6832
-1920
-4928
4160
1520
-4208
-1904
1600
-576
-4368
-1936
-1248
-5440
-3664
2304
1616
-2832
1216
2352
-7360
-13184
1984
8080
-960
-4624
3024
2000
-4752
-4048
-224
-816
-2880
-2016
-304
592
-2384
-7024
-4704
3392
3392
-2832
-2672
-512
-1920
-592
3776
2592
-3376
-11584
-4992
6976
624
-6960
-1088
4336
-352
-2512
1600
4656
880
-2864
-2752
-7024
-11344
-2048
5376
-32
-2336
2368
3248
1040
832
-1760
-13920
-13408
7600
5552
-7456
-976
5840
-1344
-5120
4080
4128
-5200
-10528
-7792
704
4336
-768
-2768
2816
2048
3136
3072
-4320
-16288
-5216
8112
1008
-7696
3552
3840
-5456
-2704
7616
-528
-9632
-10816
-672
5296
0
-5520
-144
4624
-1888
-80
4192
-512
-9632
-14096
2480
7472
-2512
-1824
4368
-416
-2112
4592
944
-8288
-14272
-2608
7824
1264
-4912
2048
2784
-1072
1584
944
-5104
-10032
-8336
-144
4192
48
224
912
-192
-1504
656
496
-160
-2496
-3920
-6112
-7040
-1040
2928
3120
1200
-1568
-2912
-3232
-1024
-80
-240
-2224
-5408
-5216
-1008
1152
384
-1280
-2448
-2704
-2304
768
1584
-832
-2384
-4768
-3840
-528
720
-320
-1264
-2304
-3264
-1728
1584
1216
-1360
-2576
-1904
-2384
-2208
-1632
-2096
-2016
-928
400
304
-1488
-2288
-1536
-1888
-1216
-1792
-1584
-1344
-2160
-704
192
-1008
-2064
-1200
-1552
-3040
-1936
-1792
-2384
-1120
-1472
-592
-848
-1008
-1104
-2224
-1856
-2144
-2080
-2368
-2272
-2720
-1712
-2192
-1040
-80
-1328
-928
-960
-704
-1200
-848
-2064
-2384
-2960
4672
-4272
-3232
1424
5488
-9632
-9072
-640
336
-3648
-928
-416
-3088
-5488
-7312
-12976
1200
12448
4608
-6400
-480
9776
5232
-9600
-16288
-13408
11456
2448
-8112
2816
4656
-4320
-1216
9264
-160
-12672
-7152
5792
4544
-6768
-1632
5984
-2096
-3248
6896
1680
-11216
-14528
6336
5120
-7248
-2784
6480
-2208
-3312
7264
2416
-9056
-13104
432
6048
-336
-6768
2352
3328
-4416
1264
6800
-2128
-11696
-7120
5872
6080
-4544
-2464
4992
-1088
-2112
6144
-208
-9200
-10736
-5728
4496
2224
-3056
-448
3008
-480
-592
3792
-912
-6864
-9008
-12208
6368
9232
-1104
-1312
1984
-832
-1168
1792
-944
-5344
-5600
-10224
-2096
7744
1792
-2416
80
-816
-1488
-128
1200
-704
-2272
-6208
-11840
-3440
8176
1200
-2128
-2096
-2528
-2624
1552
3360
-1744
-6528
-11600
-9024
-944
2944
1424
1232
-2240
-3520
336
2720
976
-656
-2944
-5312
-7568
-8848
2144
3040
448
-1024
128
-320
-1072
-144
336
-592
-5168
-1296
-6480
-4800
-1472
1040
5248
2528
832
912
-448
2576
-1216
-80
-1488
-3520
-7184
-2944
2528
2608
1296
816
-16
1552
2688
656
-1664
-2048
-8320
-10672
-6368
2768
3072
1072
720
1456
656
1520
3520
560
-2944
-6256
-10784
-11856
-320
3152
1376
2480
1968
240
1136
3008
752
-2608
-6320
-10000
-12224
560
8464
5488
1568
1008
-704
-1360
1728
848
-1072
-6224
-10672
-11984
3776
8784
2416
224
2672
-768
-528
3152
2960
-656
-5392
-12672
-12176
6528
8432
-1728
1952
2800
-1712
3264
4272
-416
-5200
-9616
-16256
-1104
7744
-4144
-1472
4224
-3344
1616
6144
-128
-3472
-6096
-16208
-1808
4848
-5808
-1104
3680
-5392
816
6912
-704
-816
-2816
-12256
-3888
7856
-4048
176
6256
-2848
-976
6816
1024
528
-112
-7584
-15312
5376
-2512
-4016
4272
-3728
-2368
3264
1712
1200
-512
-6704
-13456
3952
-800
-5072
3776
-2480
-4144
1472
80
1616
1056
-3344
-8880
-11920
6192
-5168
2448
2752
-4304
1760
1312
2384
2096
-1664
-7504
-15824
5760
-3952
-3712
4576
-3824
192
1904
1840
1680
448
-4752
-11328
-384
8080
-4240
2576
4160
-4864
192
2608
896
896
144
-4704
-12528
2864
5328
-5712
272
2816
-4992
-496
4192
544
288
-624
-6608
-13120
2448
1296
-6656
3296
4368
-4288
-32
4352
-1760
-1744
-3216
-14016
-2176
5632
-4352
-1200
4560
-2896
-1856
3648
-1376
-4064
-3840
-9696
-4416
4144
640
-2112
-512
-288
-1904
-592
560
-304
-1664
-2784
-5024
-5744
-2656
448
-1632
-2320
-1728
-2464
-1232
0
288
-720
-1248
-2464
-4000
-4192
-2832
-1088
-1024
-624
-192
352
960
1024
800
656
720
-416
-1504
-3200
-3296
-4032
-1584
560
864
2128
1440
-320
-352
128
-1040
-1760
-2144
-3344
-4512
-3024
-976
688
928
640
-864
-288
-1248
-2160
-2192
-3776
-4432
-5296
-2800
496
1856
688
-960
-256
208
-2704
-2656
-1696
-3392
-5088
-6096
-5616
48
3904
2624
336
320
1328
-1008
-1328
-1808
-4800
-6256
-9280
-6976
4032
6224
448
-544
2496
1120
2640
2416
-2544
-6688
-10448
-16336
-320
10416
5184
2080
112
-1104
3600
4688
-784
-5136
-9392
-16048
-6592
5424
7280
3312
240
112
832
4784
3824
304
-2864
-7472
-13504
-8528
2944
5984
2736
-208
-720
1872
3904
3264
-704
-5392
-8544
-13264
-4464
4336
4592
1648
-576
-1024
2048
3072
1472
-1728
-5376
-10224
-13760
-704
5200
3072
-384
-832
192
3136
4032
1968
-1824
-4960
-9712
-14064
-1664
4064
4400
-48
-1840
1008
4720
4512
2352
-1712
-6160
-10992
-12784
-432
5744
3248
-768
-1088
1040
4144
5120
2048
-2688
-6656
-11600
-11136
64
4464
3328
-528
-1888
960
4816
5840
2752
-1216
-5504
-11344
-15872
-416
4144
2848
-416
-320
1600
4736
3728
1856
-1680
-5824
-11488
-13392
256
5680
3968
1024
-144
1824
6256
3904
2048
-1120
-6432
-12896
-10800
576
1520
816
-464
-736
1344
3872
4560
3328
-720
-5536
-10512
-14928
1392
2752
736
896
-1488
352
2704
4944
2432
608
-1984
-9296
-15456
-2368
-2304
896
-1616
-1472
240
688
4912
1472
2080
-2512
-9312
-15344
-336
-3968
704
-2224
160
128
1216
5072
2128
2704
-832
-6320
-13072
80
-5808
480
-624
-1344
-208
368
3264
3120
1936
784
-3488
-9824
-6848
2816
-3632
1280
-2016
384
-1632
2224
2928
2096
1296
-4304
-10480
-2736
-4960
-1008
-1872
-784
-928
-256
2368
3888
1344
800
-5888
-12288
-416
-560
-3920
128
-1392
-1440
592
1104
4640
1072
416
-3872
-11312
-1616
1408
-5328
848
-192
-3648
1680
2368
3872
2512
-320
-5824
-14160
2896
3328
-4752
-2304
1696
-2992
1248
5072
2288
-704
-2176
-11232
-7776
5808
-80
-4992
240
1472
-2416
816
4480
1184
-2368
-4176
-13200
-2496
6752
-2512
-3472
1872
-1168
-640
4016
1808
-2528
-5536
-11312
-240
6720
-1296
-3984
960
-432
-2176
2624
2752
-1984
-5696
-9344
-1296
6304
-304
-4048
-544
-992
-2400
1200
1856
-2288
-3952
-8096
-5168
2992
3296
-1840
-3232
-2496
-2544
176
1616
1344
-16
-2512
-6464
-5664
688
2288
576
-1296
-3792
-4320
-1360
2176
2608
880
-2880
-7632
-7216
-944
1856
1216
-1168
-4048
-2560
1120
2672
2256
1136
-2848
-4160
-6560
-4896
480
736
-560
-1696
-2304
-976
1056
1248
80
-912
-1744
-4560
-5232
-2208
80
-160
-1296
-1600
-576
224
320
-1488
-2816
-5040
-6272
-1216
400
-2192
-1376
-4560
-1472
3600
2400
1328
-2048
-8768
-10000
2352
3888
-4208
-1664
352
-2128
96
5104
3712
-560
-1216
-8256
-14736
-1920
6224
-2704
-2608
2816
-656
224
4768
592
-4544
-1872
-8336
-10432
2672
4768
-2768
-768
1104
1072
1712
384
-672
-4224
-5888
-3120
-5296
-3248
912
-576
224
608
1104
48
-2896
816
-3584
-4768
-5248
-320
-2640
-2224
-2368
-144
-3568
-416
-3552
-976
-3264
608
-848
-2960
512
-1616
-336
-1952
1840
5248
-3648
1984
-2416
7856
3440
-2624
-2752
-4928
-1120
-2192
-3776
-1232
-7232
-3904
-3424
3520
-976
1056
2080
-1984
-1472
-4240
1536
2672
-7872
2512
-3696
-1344
-5040
-768
-2368
-2208
-5824
-2832
2320
-736
-8880
-5456
2800
1024
-1424
4672
-1776
5168
3072
-688
-2272
-3280
-3600
576
-3136
3408
-1280
-2944
-3072
-1008
-2832
-1120
-5712
-2080
-3040
-5392
-5120
-12080
2480
2032
5632
-3152
2320
2496
-5920
-2960
48
-3200
-1200
-1424
704
-3920
-3152
-4048
-3648
2608
-3200
-1856
-1056
-2224
-640
-2336
-3520
-1456
-864
-3888
-1488
-1808
-1968
-976
-320
480
-192
-1104
-1760
-6160
-5984
-4976
1744
7696
5280
2880
80
-4672
-13040
-16256
-6848
5312
-2896
4928
2816
5728
3152
1552
-2864
-9408
-16336
5488
-6240
4544
-2384
2384
-1872
5168
880
-1632
-8576
-15680
-1584
3696
2000
1792
944
-544
3504
320
1392
-5312
-12096
7216
-4208
2320
-4960
336
-3888
2080
2272
1584
-2992
-9392
-912
-5824
5120
-1344
2944
-1136
3504
3568
2432
-1360
-7648
-9440
-5344
2992
-3072
1104
-2736
1312
1424
1072
-2224
-8416
-10352
-5056
2736
-3376
1168
-2512
1200
832
1664
-2832
-9360
-4816
-4528
1280
-3056
112
-224
2112
3152
1344
-3344
-10032
-2256
-2256
1744
-3264
-240
-1040
4112
2224
688
-5264
-13264
-1488
384
2928
-2704
-720
-1328
3264
2176
-544
-7360
-14464
-3760
-480
2752
320
-384
-448
3280
3040
-1904
-11072
-3200
-1104
880
384
-160
240
688
4000
3280
-3344
-12640
-1888
-592
1152
208
-336
544
1648
3168
1984
-4432
-13184
-2816
2016
3232
272
-1328
-720
3808
3600
-1424
-7952
-10048
-3760
-752
496
1840
-848
-144
3792
2880
-2080
-9104
-9808
-784
2320
992
544
-960
-832
3056
2032
-3088
-10272
-7376
800
2432
1808
400
-416
528
3344
1488
-4192
-10656
-7680
1328
3088
896
-256
0
208
2464
1088
-4624
-10704
-9568
48
3712
3424
672
48
176
1216
1248
-2080
-5952
-8784
-6752
1344
3632
1840
832
368
1056
720
-1600
-4144
-5824
-6896
-5424
-512
1344
592
1264
2560
1520
592
880
-4720
-4512
-4800
-3632
-4816
-1920
3248
2176
944
1104
-2000
544
-3808
-8960
-2880
-4880
-5744
144
-3456
2896
-48
0
-2720
-2224
-1872
-3408
-304
-4784
1136
2656
-4208
1056
672
-2272
-8448
720
-3440
-7296
960
-1040
-2224
1632
-3088
3568
-4480
-2560
-8640
-7136
3744
-656
-8576
384
-6112
-3424
-1280
-3648
-7424
880
-6864
-1536
11088
368
4560
-544
-4432
-1040
-4544
304
-5328
2528
-8336
-4672
-6640
-7504
9424
-8208
832
4528
11632
-672
1808
-5568
-1264
3776
-5552
-2288
-592
-7104
-5120
-256
320
1488
-8384
2752
-4800
-5600
4112
-7328
-5648
-928
2880
2672
-7360
-3312
-704
-368
-192
-3776
2192
-2080
-3776
-3104
-1056
192
352
-960
-400
-2688
-1472
-1184
-1456
-1744
-1776
-1104
-1840
-2128
-1808
-1104
-1264
-1312
-768
-256
-1136
-1776
-1904
-2000
-1600
-1216
-1264
-1712
-992
-640
-1952
-2608
-2320
-1616
-1408
-1024
-1504
-448
-960
-464
-992
-2080
-1904
-2480
-2096
-704
-1152
-368
-1344
-1728
-1376
-1472
-2000
-2112
-2064
-1840
-1920
-832
-896
-16
256
-1376
-1456
-1920
-2960
-1600
-1728
-1056
-704
-1024
-1168
-976
-1152
-80
-5632
-2208
4704
-1104
-1072
-1280
-1744
-2064
-1408
-1904
5184
-1600
-576
3728
4656
-1680
-6016
-8544
-1584
-6112
2912
-6384
400
-1616
-5024
-112
-1600
1648
-4112
-2656
-5344
-512
432
5936
-1536
-2288
-5824
-9552
-6848
6848
10672
-816
-5200
5488
5840
144
-5216
-16528
-9440
4560
10064
-3040
-3776
4656
5152
1200
-3056
-11152
-14784
6608
8640
-4960
-3184
5696
3696
-144
-3472
-14192
-7680
6688
3664
-4320
1168
2784
1024
2912
-448
-11744
-9936
4064
1776
-1536
2240
-1024
768
4352
-304
-8992
-9664
944
2960
448
1088
-288
-1904
4160
3120
-5072
-12224
-4384
2832
1728
352
384
-1616
2608
3344
-2800
-9600
-10464
2176
1712
1280
192
-1920
1584
3152
-544
-7168
-12560
-928
2752
1840
928
-944
-1504
3104
2096
-4016
-10720
-8224
2048
3472
1392
-48
-1360
672
2800
1488
-3824
-13840
-8864
3376
4656
1824
-32
-1808
1008
3600
-608
-9808
-13232
64
5392
4912
1216
-832
-1216
2208
3024
-4064
-16176
-8864
4240
5040
2352
-272
-2352
832
2912
-784
-11232
-11792
2032
4496
2880
1696
-1600
848
2624
-80
-6496
-14528
-2672
4064
3008
2176
-1552
-1280
2944
2112
-3904
-15984
-4240
3728
2640
1648
-1184
-1168
3088
2544
-2768
-14992
-6032
3408
2176
448
-976
-2672
2224
2576
-1264
-10448
-9552
2800
3056
1344
-720
-3120
2160
3952
352
-6656
-15040
-304
3568
1280
432
-2048
-880
3216
2304
-1728
-13104
-7280
2928
1712
1344
-480
-2016
2512
2928
-112
-7968
-11808
176
2000
848
208
-2176
-1312
2640
2224
-1872
-11776
-4560
3456
1568
384
-1472
-3152
960
2208
672
-3984
-10832
-1584
3264
1952
-336
-2240
-1616
1600
2160
-2448
-11056
-6288
2528
3696
1312
-976
-2880
-544
2736
1072
-5744
-12048
-2064
4368
3440
1200
-2512
-2368
2848
3008
-4768
-14960
-5712
4496
3600
2480
-1024
-3728
2800
5392
-1232
-14752
-10704
4416
4592
2736
-144
-4592
16
4160
4848
-5088
-15264
-5376
4352
3728
1504
-3008
-4672
2608
5872
-144
-10192
-12224
3520
6512
3248
208
-3856
-3120
4608
4688
-5200
-15488
-7440
5440
5552
640
-1392
-5120
656
6224
3408
-5232
-15232
-7328
5776
5504
1264
-2816
-4064
2784
6112
-144
-9888
-16080
-64
6240
1776
-896
-2256
-2912
3888
5408
-96
-6096
-16304
-4512
5696
1392
-1376
528
-2672
1840
5696
1104
-4080
-13024
-7520
3056
-1328
-3088
1520
-1568
1360
6096
1232
-3440
-9296
-13440
6048
992
-4112
1536
768
-3136
3328
4592
-1744
-6016
-12832
-2064
6144
-656
-3296
2944
-1232
-1248
4736
800
-4464
-7008
-10960
1376
6592
-1328
-1488
1968
-784
-128
2464
384
-3872
-6912
-10848
-1376
6832
1200
-3792
816
1568
-816
848
1488
-1840
-5552
-8624
-8080
4048
6224
-496
-3296
-384
-272
-896
-80
480
-2256
-5184
-9392
-6464
5504
5888
-1760
-4864
-1408
-736
-448
608
1104
-256
-3232
-8944
-6704
4096
4288
-1776
-2320
-1872
-3280
-16
2480
4048
1040
-4000
-9376
-10544
1808
4416
896
-560
-2480
-2288
1392
2640
2624
128
-4880
-8464
-10880
-1600
4512
1984
-224
-2368
-1856
1024
3056
2736
-1216
-5136
-10336
-10432
4896
4656
1424
368
-2064
-3024
320
2256
2768
-1344
-5680
-12224
-7408
5568
2960
-176
-1840
-3664
-1168
2112
3568
3200
-1872
-8480
-13056
-160
7040
-2064
-2592
-2160
-1280
1760
6080
3696
-144
-6768
-16304
-5952
8256
1072
-7536
480
2240
-256
2112
5248
2432
-2960
-9552
-13456
2480
7552
-4848
-4912
4848
704
-2016
6192
4064
-4048
-7696
-16272
-1872
8208
-2800
-4928
5824
1424
-848
6288
2960
-6784
-8864
-16240
-272
8864
-2448
-5200
6720
1552
-1072
4400
-1680
-7808
-8736
-9920
3760
7648
-2864
-560
6496
976
-2928
624
-2800
-6560
-6352
-10624
-704
6768
2576
-1088
4288
848
-4112
-2448
-2512
-4800
-2112
-3344
-5408
912
3216
960
976
624
-992
-4688
-4816
-1376
-896
992
-3424
-4560
-2464
-2832
-1600
-672
-528
1216
-3536
672
-4896
-3680
-2416
-3696
3728
-5120
-6080
0
-3584
-6608
928
-12544
1664
-704
-3600
-3680
6736
2448
2192
384
-5104
-368
-4032
1760
-8016
-3008
-4528
-2128
-3680
-4272
-2688
-64
1104
-560
-6784
-8400
-11040
-1856
3280
-3264
-2384
-10096
-8896
-3184
-4592
-10544
2208
1584
-1600
5648
2576
2272
1424
-2720
6080
-7648
-2048
1216
-4864
-2496
-7200
288
6736
-3152
-2112
-1536
-4400
1904
-6384
-2080
-4368
-2432
-448
-1856
832
1456
-848
-192
-2608
-4480
-4000
-2720
-2432
832
1968
1328
-1552
-5792
-8640
-9360
-672
8272
7744
-1232
-960
1136
1968
-432
-4736
-8688
-11376
-5552
6784
6112
-2464
-1856
496
1712
528
832
-592
-4016
-9104
-9200
-1088
5120
2736
-2064
-960
-480
0
-704
-1008
-2512
-4576
-4592
-4624
-2320
2624
1312
1008
-592
-1936
-1408
-1936
-3296
-2528
-4352
-6528
-320
4800
2304
-1232
-1680
-2880
-1584
-720
-768
-704
-2624
-5008
-4496
-992
3040
1296
-848
-160
-368
-3408
-7744
-9472
-6208
6656
8144
240
-5120
-3056
-16
704
1488
1136
-2240
-10032
-11488
2288
11760
256
-5904
-704
2576
2816
2112
-2880
-10560
-14128
3008
13120
1584
-5008
-1792
224
2288
1552
656
-912
-9216
-13360
320
8240
4800
-1616
-4256
-1488
4992
5376
-2848
-12368
-13136
-752
10224
2112
-2928
-2256
576
1200
3936
1408
-6544
-13456
-10480
6192
7344
-912
-2880
-1360
960
2592
2176
-928
-5920
-10480
-6752
6048
6912
-336
-2672
-480
304
64
2432
-1152
-7072
-11232
-12336
11472
6640
-6208
-640
4768
-496
-1616
3648
-32
-10160
-16080
-2640
11424
1216
-7008
3712
3568
-3552
-160
3552
-4352
-11728
-12384
5776
7984
-2688
-3776
4960
-320
-3376
3984
1280
-7200
-9520
-11568
4576
7792
-1680
-3728
3120
736
-2768
1600
1872
-4080
-5888
-11712
-4400
9696
2064
-5440
1488
2320
-2816
-704
3264
640
-3056
-5328
-13456
-2560
10864
16
-5824
1584
2000
-3984
-768
3008
336
-2624
-7200
-12192
-3760
10704
2976
-6144
768
1584
-3024
304
3760
1184
-2000
-4736
-8848
-15024
320
10032
-1584
-1600
1584
416
-1744
1552
1952
368
-1280
-5728
-10416
-10352
4144
1328
-3184
2128
1968
-960
592
1312
1856
256
-2640
-7056
-11264
-8848
5376
2320
-2336
5648
3952
-192
-96
880
480
272
-1648
-7872
-11952
-11936
5424
2496
-1232
6320
2368
-2800
352
1168
2096
-784
-4800
-11872
-16160
6096
8112
-3536
2896
4368
-2256
1792
2976
464
-400
-2416
-11824
-16224
7568
6976
-7040
2896
4912
-3984
3552
3392
-336
1792
-2272
-10608
-16400
8912
4048
-6064
5024
-416
-5024
4768
1536
2800
1696
-4480
-11008
-16240
6080
-3952
368
6320
-2128
336
3376
208
4432
1600
-3456
-9360
-16080
8032
-2736
-256
5856
-1936
1760
2144
-32
3808
-1072
-4736
-11408
-12080
3024
-9920
3248
-864
-4048
2176
32
3216
3424
-416
-5056
-11616
384
2992
-9920
2240
-1568
-3664
2224
-400
4912
1136
-1856
-7920
-14416
6336
-4304
-4064
1568
-4192
336
944
176
4848
1472
-1744
-8144
-14400
4368
-5600
-5392
800
-4496
-1328
1808
2320
3104
336
-4208
-9360
-13344
6032
-5392
1232
3520
-4176
2112
3648
2992
2992
-288
-6656
-12192
2112
7120
-6352
288
3904
-5072
1472
4784
1040
2720
-992
-9472
-14560
2368
3776
-7856
-1104
1904
-6368
3136
7088
1104
608
-1904
-10736
-14368
8784
1040
-5728
3248
432
-4560
4256
6000
224
-1360
-3552
-10880
-7008
7056
656
-7040
-672
1792
-2912
1728
4528
1040
-2208
-3264
-5904
-7248
-912
2400
-1648
-2624
-1520
256
192
464
1440
784
-544
-1712
-3616
-4496
-5168
-5040
-1872
-960
960
960
-112
-128
160
-256
464
-720
-1568
-2256
-4560
-5104
-4448
-2096
128
1088
1504
800
-384
-976
-2192
-2272
-2160
-4080
-4048
-2896
-912
-208
832
1792
1216
-352
-1360
-1984
-3680
-5104
-2912
-3248
-1904
320
-16
-400
608
512
208
-1600
-3280
-2192
-3472
-4144
-2656
-1648
-1440
-304
1456
320
592
576
-832
-3824
-2352
-3072
-4512
-3680
-1328
-1104
-1408
-240
64
-400
-896
128
-448
-464
-2080
-2976
-4368
-3520
-2080
-2640
-544
-960
176
2112
-3472
-2464
-1584
-2256
-3168
-1488
-2192
-2096
-2688
-1824
-1392
128
-672
-2032
-1728
3712
768
-1376
-336
-1008
-384
-1920
-2496
-1184
-4032
-4384
-2160
-2000
1072
4144
3056
272
-1232
-3520
-6032
-8400
-9520
2592
8272
3488
-2160
576
-1888
-2720
3968
1840
-2096
-3536
-11488
-15856
2432
10496
960
1888
1664
-4672
-1120
1344
1856
1648
-1040
-8096
-12912
-9456
5056
4880
2208
0
-2032
-1968
944
400
2832
2096
-896
-6496
-12496
-9792
5024
5600
1456
1184
-944
-544
240
-848
1072
1088
-1888
-5760
-10416
-11520
2240
5552
4224
2592
48
-1072
-2112
-1664
-1104
-336
-1344
-3776
-7376
-11664
-2256
5488
6656
4512
48
-2256
-3952
-2240
-848
-688
-464
-1824
-7088
-9824
-7072
2272
7072
6816
2112
-1728
-3552
-3312
-224
32
-160
-1440
-3456
-7136
-9040
-3984
4016
6592
4512
-320
-3776
-3792
-4480
-2240
-48
-64
-1488
-2912
-4624
-7296
-1936
4400
4032
1344
-704
-3248
-4368
-3200
256
176
-48
144
-1520
-3152
-5040
-5040
-1584
480
1072
848
-960
-1808
-2208
-1872
-384
-560
-1552
-2448
-3344
-3040
-2048
-1328
-1152
-592
-368
-560
-1744
-2816
-2064
-1728
-1712
-384
-976
-1776
-2592
-2640
-1104
-1392
-1296
-1616
-1536
-2544
-1968
-896
-976
368
-960
-1968
-1952
-1808
-2416
-1280
-1968
-1792
-1984
-2064
-1200
-160
-688
-240
128
-704
-1808
-1072
-2800
-2576
-1760
-2576
-1920
-2192
-2224
-1200
-784
720
-1568
-2016
-1968
-2560
-976
-1632
-1728
-1696
-1648
-2064
-2304
-512
-1360
-1328
-1776
-2192
-1488
-1616
-736
-352
-2048
-2112
-2400
-2912
-1984
-1216
160
-864
-1536
-1472
-2608
-800
0
-1984
-992
-1056
-1968
-3712
-2608
-928
-1168
-704
-1200
-2080
-1744
-1936
-384
-144
-1040
-208
-1040
-784
-2832
-2704
-1824
-3664
-2144
-1040
-1104
-1088
-976
-128
-272
-448
-2336
-2368
-3072
-3616
-3168
-1120
-544
-1488
-1008
96
-208
-208
-2080
-1600
-2512
-1200
-2432
-2448
-1808
176
-1552
-2976
-2256
-528
-864
-1184
-1488
-2560
-640
-448
-736
-1344
-928
-1888
-3104
-3008
-256
-1184
-2064
-1936
-1904
-1664
-1728
-32
-1152
-896
-1200
-1808
-1184
-448
-2800
-1856
-1872
-3136
-2784
-2224
-864
-640
-1472
0
-1200
-336
-720
-3088
-2112
-2496
-2528
-144
-1456
-1840
-1136
-1008
528
-1088
-1968
-1952
-2032
-2512
-1776
-256
-2000
-2416
-1168
-928
-1248
-1680
-2224
-1280
-2048
-1104
-2000
112
-160
-1392
-1744
-2432
-1856
-2400
-864
-352
-1264
-1072
-1280
-2144
-1088
-2624
-1792
-2832
-1680
-1200
-720
608
-1008
-1408
-1616
-3136
-1536
-2416
-2224
-2032
-624
-192
-3024
-768
-1408
-1392
-2160
-2624
-2112
-1728
-1264
-464
-528
-528
-1744
-1584
-1264
-2912
-2896
-2864
-1920
-1744
-1488
-896
-832
-48
-576
-1760
-1296
-1904
-3136
-2320
-1840
-544
-960
-1696
-1376
-1600
-1680
-1968
-1088
-1328
-1632
-720
-464
-1472
-1808
-1440
-1600
-2736
-1168
-2560
-400
-1536
-784
-1808
-848
-1376
-2336
-2400
-1296
-1776
-2272
-1632
-320
-400
-2032
-1408
-1568
-1744
-1504
-2256
-1616
-1776
-1296
96
-496
-576
-1248
-2560
-1648
-1824
-1504
-1600
-1360
-1536
-1536
-224
-2192
-1168
-1824
-2688
-2784
-2384
-1120
-1088
-2240
-544
-848
-1040
-288
-1648
-2496
-2144
-2016
-2480
-1088
-1600
-560
-1360
-2144
-1296
-416
-464
-1104
-2832
-656
-1536
-2000
-1152
-2368
-992
-672
-1824
-224
-2112
-2464
-1584
-1168
-1888
-1568
-3248
-960
-800
-2464
-2112
-64
-1312
-1056
-768
-1200
-2384
-1792
-2448
-1808
-1488
-736
-608
-400
-1168
-1424
-1728
-2336
-2192
-1696
-2368
-592
-1760
-960
-592
-512
1088
-1808
-1984
-2352
-1536
-2624
-1840
-624
-704
-128
-1728
-2176
-2128
-784
-2672
-704
-1184
-2608
-1296
-1616
-272
-1264
-1328
-1616
-1568
-1616
-2272
-1280
-784
-1232
-1584
-1280
-1776
-1392
-2288
-2256
-2000
-2224
-1008
928
-1584
-1808
-2400
-1744
-1712
-2288
-1072
-2032
-128
-832
32
-2048
-1904
-1216
-1328
-2304
-2544
-2224
-1200
-848
-1600
-1216
-1216
-1104
-2256
-1840
-1920
-3552
-1856
320
-1296
-800
-1088
-1520
-1456
-1488
-1856
-2384
-2720
-2128
-2096
-208
-416
-2080
-1392
-2304
-2000
-2096
-1616
-1376
-1632
-976
-544
688
-2016
-1872
-3024
-2400
-1120
-2112
-1952
-1104
-960
-912
-704
-912
-1104
-1568
-2560
-2272
-1536
-1840
-1104
-528
-1920
-2064
-1136
-1232
-1920
-1248
-1872
-1568
-1312
-1104
-1744
-832
-2032
-1008
-3536
-3088
-960
-1344
-176
-352
-768
-640
-928
-1472
-1456
-3136
-2048
-1344
-2512
-1280
304
-256
-160
-976
-1504
-2064
-2272
-3616
-2720
-1040
-1824
-640
-1344
704
-1408
-2160
-1504
-2032
-1616
-2448
-2160
-1440
-1552
-1808
-1920
-1664
-1984
-784
-2160
-1536
-640
-896
-1824
-1248
-1488
-832
-2128
-1312
-1648
-2112
-1616
-1664
-848
-1552
-1232
-544
-1616
-1760
-1744
-1232
-1216
-1264
-1136
-832
-1952
-832
-1520
-1744
-2944
-2416
-2256
-1808
-224
-1040
-720
-384
-896
-1376
-2448
-2944
-2128
-1728
-1664
-960
-480
-48
-784
-672
-1248
-2992
-2352
-2672
-1536
-848
-1936
-1744
-592
-784
-1392
-1264
-1344
-704
-1152
-1664
-736
-784
-1888
-816
-1600
-1232
-1792
-2176
-1376
-1920
-1168
-1056
-1712
-1968
-1792
-1360
-1472
-1728
-1584
-864
-960
-1872
-1184
-1344
-2880
-1728
-1520
-1840
-2016
-1312
-752
-1024
-288
-1456
-2240
-2480
-3504
-1216
-1152
-336
-288
-208
-1152
-4752
-6288
3040
-1296
2432
-2208
304
-3344
-1472
-1488
-1504
-2384
-1504
-2448
-176
-368
-1680
-1808
-1216
-1440
-1632
-1888
-1600
-2736
-3056
-448
1136
832
1280
-448
-1456
-5536
-10304
-12272
2128
4576
3840
-2304
-1136
-960
-720
2432
2176
432
-1328
-5248
-7136
-6608
-3440
-1088
-64
2304
3536
2032
5184
-1104
-432
-5824
-12992
-12368
944
1520
5632
-2688
1376
-2192
1408
-656
608
544
208
-2048
-1728
-8256
-14032
3392
-2032
4256
-1872
1824
-2480
1600
-720
2416
576
784
-5584
-11136
-3536
-1856
3504
-1488
3120
-336
1024
960
-320
464
2064
-1056
-3936
-9104
-16144
-448
768
4224
-1408
3712
-1152
944
-1296
1296
736
-48
-3376
-8896
-14144
3344
-3152
4272
-1872
2288
-2048
848
-1744
944
1008
-576
-3648
-9360
-16368
144
-2240
4640
-336
2320
-1056
864
-1040
928
176
-1008
-3952
-8960
-16192
992
-2160
3792
-720
3296
-448
800
-1136
-48
1344
-1088
-3440
-8464
-13504
3232
-2480
4320
-672
3536
-880
608
-1488
-48
784
-1424
-1728
-7664
-13136
2912
-2656
4416
-816
4000
-1472
1504
-1232
752
672
-1120
-2176
-7440
-13472
2016
-1904
4224
-672
4320
-1104
832
-1728
320
-240
-1216
-2768
-8896
-14240
2592
-1216
5328
1120
5008
-1168
576
-1776
-1024
-448
-256
-2816
-8400
-13568
4608
-1616
5808
-1072
3152
-2272
832
-1648
112
848
320
-528
-7552
-11792
400
-1744
2448
-144
1984
-320
-1632
-784
-1536
1072
-272
-320
-5904
-11408
-2208
-1104
3600
2240
1056
192
-1648
-1072
-1792
944
-880
-960
-5936
-9168
-4912
320
944
4592
-848
2016
-2528
720
-1408
-320
880
-272
-1088
-7424
-12512
2208
-1088
4128
-880
592
-416
-2384
-64
-1024
1296
208
-1296
-6992
-11408
128
2832
1328
3376
112
-592
-528
-816
-912
-208
320
-1904
-4464
-8592
-12240
736
3136
5376
3552
1856
-1472
-1632
-1408
-224
2160
752
-3408
-9424
-13696
-6880
7072
8368
5360
944
-3888
-3552
-1408
2048
3440
-304
-7024
-14416
-14752
1712
9264
7600
2976
-96
-3136
-2480
-192
1280
1680
-1488
-8816
-14512
-11216
5616
9408
6752
3424
-896
-4000
-1984
192
1104
960
-3344
-9728
-14352
-7568
6320
8400
5536
1808
-1984
-3904
-2352
688
1312
-64
-3440
-10256
-14656
-2256
9296
7072
3264
1168
-1936
-2192
-1280
1056
2704
-2016
-8144
-14224
-10368
6736
8624
4944
2912
-864
-3040
-2736
224
1664
64
-3360
-10256
-15888
-4544
8304
8288
4656
2768
-880
-3792
-1776
128
1216
-1312
-8000
-12272
-13040
2960
9072
5760
3824
544
-2032
-2848
-1184
1696
624
-2896
-8352
-13264
-9056
6144
8016
4160
2080
304
-2560
-1872
1328
1776
-1488
-6992
-13184
-14560
800
10368
8288
3200
2224
-960
-1904
-32
608
1120
-2384
-9024
-13504
-13520
4480
10032
5488
2832
768
-1024
-1760
-304
1184
-1360
-6080
-10688
-14288
-80
9840
8992
3296
1120
-640
-2768
-1632
784
176
-2736
-9008
-11760
-11696
3056
10368
6624
2528
272
-1872
-1872
-880
688
-48
-4880
-9360
-12672
-10256
6976
10560
5088
640
-80
-576
-1904
-1216
-368
-2016
-6208
-10256
-12144
-3136
9984
9840
4016
1264
-1376
-3008
-2752
-1152
-400
-4512
-6960
-9200
-9600
-208
7936
7360
3776
-144
-2048
-2976
-2048
-208
-1232
-3696
-6224
-8128
-8528
-976
7600
9008
3808
-640
-3136
-4480
-3872
-1472
-1248
-960
-3328
-6384
-7504
-3680
4336
7920
5168
-336
-5040
-6208
-3456
-896
-176
1360
-720
-2688
-5696
-6336
-2240
3008
4640
944
-2816
-4672
-4224
-1536
384
2048
1264
-2592
-3952
-3984
-6192
-2192
3344
3120
672
-2336
-4160
-3952
-1024
1072
80
512
-3296
-3984
-3936
-3792
336
3200
3024
-4912
-3120
3328
-3296
-5072
-9936
-16192
11888
2816
-5136
7888
2032
-7920
5568
2464
-3072
0
-4960
-15632
-448
4736
-7152
2912
5280
-5712
3184
1712
-1072
3680
-2240
-6592
-12544
-688
3440
-7536
2672
3568
-5088
3776
1456
720
3584
-784
-4688
-10816
-1952
5824
-9184
2656
2496
-4816
3152
-272
288
3824
-368
-2224
-8608
-14672
9072
-3440
-928
3248
-3536
1968
384
-976
4576
352
-1152
-6528
-12592
2432
-272
-8640
5472
-432
-608
2976
-1216
2656
2688
-432
-2736
-11264
-16224
6016
-4832
5120
48
-2368
1280
-800
688
2048
1536
48
-3728
-10544
-16208
5328
-3472
6128
2080
-1024
1696
-368
1248
752
1280
-1104
-9024
-13504
4704
-4144
-5968
3632
512
2048
1968
384
736
48
-304
-1680
-7248
-11216
4800
400
-5344
4560
-1424
752
1584
-1536
1072
576
176
-2336
-9072
-13328
5376
-4016
-3776
1104
-1024
3728
-544
1600
1584
192
-304
-5888
-10096
-11024
5344
-5456
7104
1168
3152
2896
-368
1168
1216
1584
-2032
-8192
-13696
9216
368
-2192
7008
864
3712
2144
64
736
-64
-976
-1840
-8128
-11360
2368
5952
-5184
6784
816
2736
1856
-512
976
-368
-592
-2256
-7840
-11408
8000
1488
-160
6768
1056
3136
1280
672
672
-144
-1344
-4032
-8384
-12608
8688
-336
-320
6528
1152
4016
1408
1664
1056
384
-944
-4288
-8384
-11120
8432
-624
-64
5744
112
1296
-80
-1280
272
-576
-848
-2960
-7920
-11216
8352
144
-1872
4464
400
1376
-336
-1104
-48
-1232
-496
-4000
-9152
-12528
4576
-4464
1360
672
2304
3584
320
1120
1168
112
-736
-5312
-9744
-13184
6768
-2432
3456
1728
2688
3136
816
2160
640
-1408
-3344
-6832
-10464
-6736
3232
-3504
5952
-1008
2272
-752
-304
-320
-1440
-2336
-7600
-12352
-15120
4064
-3792
4496
-1392
688
-1216
-688
-144
-1488
-2400
-7632
-10240
-11776
3008
48
4288
1216
2496
1856
1296
1136
-432
-912
-5088
-10592
-11456
1104
192
2992
2352
896
3040
1648
896
-32
-2112
-1488
-7120
-7120
-7120
-880
816
1952
2304
1744
2160
1968
880
-2128
-5376
-6800
-7248
-6112
-3248
64
464
2240
2800
1584
1616
-192
-2000
-4400
-3328
-4432
-4288
-3152
-720
-192
192
1152
-192
400
560
-592
-1552
-3184
-3296
-3536
-4784
-3648
-1680
-624
-688
272
1456
1024
-128
-1216
-2736
-2624
-3184
-3280
-3024
-2432
400
-288
768
-352
-32
-720
-2144
-2768
-2224
-2256
-2080
-1968
-2080
-576
-768
-112
-368
-64
-448
-1024
-1920
-2736
-2816
-2240
-3232
-1968
-1840
-1632
-704
-240
-208
-448
-448
-240
-2704
-2384
-1808
-2432
-1648
-2192
-1408
-400
-1728
-1152
-784
-912
-1952
-800
-1632
-4432
-2496
-2944
-1856
272
-304
-944
-336
-1520
-768
-1808
-2464
-464
-2416
-2496
-1472
-1424
-400
-1360
-1984
-2144
-1488
-1808
-2784
-1936
-1184
-640
-1328
-1056
-1440
-2352
-576
-1024
-1664
-1120
-2480
-1728
-944
-1648
-2192
-1472
-960
-2320
-448
-1632
-1280
-1232
-1984
-1136
-1264
-1872
-2064
-2528
-1360
-1232
-1280
-2176
-1296
-752
-1360
-608
-1888
-1712
-1744
-2272
-2128
-2336
-1936
-1344
-1488
-800
-1664
-1760
-1472
-1600
-1920
-1536
-1728
-1936
-992
-336
-816
-1792
-1728
-1088
-2368
-1792
-1792
-912
-720
-1248
-2528
-1680
-3136
-1552
-1632
-576
-1504
-672
-416
-1664
-832
-1936
-1712
-992
-3088
-2224
-1984
-688
-1200
-2464
-784
-112
-1568
-2416
-1728
-2032
-2640
-1856
-176
-432
-1024
-336
-1808
-2128
-1648
-1920
-1600
-2720
-2160
-2000
-1616
-80
-1200
-1488
-1920
-2448
-896
-1008
-1472
-1248
-864
-1728
-1168
-864
-1280
-1856
-2000
-1520
-1344
-1568
-384
-1280
-1120
-1776
-2432
-1344
-1744
-1328
-2400
-32
-720
-1760
-416
-1872
-1984
-2208
-1248
-1280
-2000
-784
-1600
-592
-1056
-1248
-1136
-1952
-1664
-2944
-2400
-2016
-1024
-1664
-768
-16
-832
-1120
-1808
-1200
-1584
-2128
-2096
-1936
-800
-1760
-1232
-1664
-2048
-1360
-1920
-1216
-2304
-1840
-1472
-2064
-240
-768
-1440
-2256
-1680
-1504
-1840
-1712
-1696
-1984
-1600
-1408
-1568
-576
-1536
-2944
-3216
-2304
-1360
-1568
-608
-464
-1040
-2736
-1936
-1168
-2432
-1856
-1360
-784
-1120
-848
-848
-2352
-2448
-2448
-1776
-2768
-2000
-1312
-1200
160
0
-1248
-1632
-2016
-1696
-2320
-2096
-592
112
-976
-2032
-1664
-1536
-3376
-2048
-2192
-1376
-1472
-3120
-1648
-832
-880
-1552
-896
-496
-2144
-704
-944
-1376
-640
-912
-1856
-1728
-2272
-1440
-1872
-1968
-1600
-1648
-1360
-1856
-2048
-1360
-928
-1056
-1376
-1680
-1696
-1472
-928
80
-400
-448
-1904
-2256
-2576
-1760
-2640
-2832
-2336
-2112
-1328
-880
-1088
-688
-752
-1024
-1904
-2032
-1552
-1424
-1520
-1152
-1584
-1056
-1872
-1632
-2272
-2208
-2064
-2000
-1712
-1552
-1024
-1680
-816
-592
-1424
-2512
-1024
-3280
-960
-1200
-208
-1744
-1024
-2192
-1408
-1232
-1728
-896
-1600
-1536
-2112
-2224
-1136
-1856
-1184
-1200
-1552
-1344
-944
-400
-1008
-1616
-1632
-2128
-1632
-1696
-1328
-1312
-1696
-1088
-1600
-1744
-2224
-1248
-2128
-1664
-1408
-2160
-1744
-1232
-1296
-464
-320
-1008
-2640
-1344
-2032
-2288
-512
-1488
-800
-2016
-2624
-1696
-1888
-704
-1248
-1920
-1808
-2064
-1552
-1504
-896
-848
-608
-688
-1888
-2320
-1728
-1936
-1168
-1936
-1776
-1440
-2048
-1712
-1536
-2208
-2240
-1712
-528
-576
-704
-912
-1760
-1200
-1312
-1488
-2032
-2048
-464
-2512
-1456
-752
-1184
-864
-2256
-2112
-2800
-2320
-2240
-656
256
-976
-1264
-784
-1264
-1696
-2080
-1968
-448
-1824
-944
-1168
-1664
-320
-1600
-1488
-1568
-1552
-2192
-2560
-1552
-1600
-1040
-720
-1712
-480
-896
-1776
-2240
-1472
-2592
-2352
32
160
-2048
-1392
-1744
-2432
-2608
-2432
-800
0
96
768
144
-2176
-4688
-5184
-256
1488
592
-336
-1424
-2512
-1680
-1408
-528
-1680
-1904
-2112
-2176
-1360
-2016
-1232
-1728
-848
224
-64
144
-1600
-3424
-3424
-2416
-320
-1680
-976
-560
-2416
-3600
-2080
-1424
-1216
-1008
-192
-352
-2752
-3792
-5104
-3696
368
2160
4032
608
656
-320
-5504
-13408
-64
5296
7936
7984
-1456
-2048
-4048
544
-1344
416
-1152
-1920
-3536
-4032
-3456
-3280
-3152
1360
3136
3824
-192
-7280
-12352
6704
7152
8624
1984
-3040
-3888
-1824
288
640
2848
-208
-4288
-6784
-5904
-3584
-3024
2640
1456
3136
480
3504
624
-320
-4672
-11648
-2304
-560
4592
976
-2864
-2384
-2224
1680
1648
2272
-1072
-6256
-8512
-9744
1824
-576
3952
-416
560
-928
-544
2256
-672
-752
-8816
-16400
-144
3072
6688
128
4864
-2160
1520
-1520
1984
-2128
-5520
-12944
-1344
-1024
7216
-2240
2240
-2480
2160
96
3120
816
-944
-6288
-14016
6640
-4944
5120
-6800
3200
-4880
2304
-2384
4400
-1040
-2208
-9536
-15808
288
-4368
4384
-2864
2144
-2032
1104
1216
3408
848
-2272
-8848
-15760
-48
-5280
2608
-3296
1744
-896
3280
368
5168
-976
-2144
-5680
-13648
4704
-7200
4864
-5680
4144
-2992
3472
640
4000
-624
-1104
-5872
-10736
2880
-5136
2752
-4544
3072
-3040
3984
-416
3520
-512
-1584
-6256
-7744
-3408
-1248
1296
-1632
2000
-2176
1200
1296
1248
-448
-2240
-6160
-6256
-8480
48
-5008
3456
-2592
3264
-1152
3824
1264
2224
-464
-3824
-5552
-14480
3264
-6768
3216
-4960
3392
-2032
4688
864
2480
-1152
-3712
-6704
-11216
2592
-5040
5280
-2880
5632
-2048
3472
-320
2368
-480
-3728
-7872
-10944
-752
-2576
3120
0
-1488
2864
96
3104
-1536
1600
-3136
-5088
-6288
-13904
5648
-4480
5744
-3840
5760
-2832
2880
-992
272
-2624
-4832
-7536
-10960
4544
-3952
5648
-976
4464
144
1088
3360
-80
1376
-704
-5504
-5744
-12992
6144
-5920
6608
-4144
5360
-3232
4688
-1104
2800
-3728
-6096
-10256
-15648
3392
-3504
5344
-1136
3168
1136
3504
-848
1728
-944
-4384
-7264
-14800
6944
-7840
5248
-4288
4688
-3792
3072
-432
2000
-2000
-3360
-7328
-15392
6256
-8240
4160
-5392
3712
-4736
1424
-784
720
416
-1264
-4608
-10080
-12944
-1552
1584
1984
1936
1456
-688
2544
-848
2464
-1504
-2464
-5888
-11600
7808
-3184
5760
-880
5456
672
592
2432
-2784
2128
-2480
-2720
-6064
-8304
-3472
-640
-576
3456
176
4960
-2704
2880
-2192
1360
-3968
-4256
-5792
-10352
4448
-2816
3872
-192
4032
288
-496
3200
-384
64
-4000
-5664
-7168
-1632
-5120
4064
-2432
3760
-1520
2384
-2608
2096
-3360
-3088
-8256
-7632
-2912
-1936
2592
-544
3760
688
2624
-336
1088
80
-2864
-5616
-7760
-7968
3008
-7584
6448
-1200
3376
608
320
2912
1312
-416
-6336
-8576
-7040
-6160
832
-976
-720
1184
-1776
640
-1104
1536
-720
-2240
-6880
-6544
-8912
240
-2368
2768
-48
2816
2592
1200
9024
976
-2672
-16816
5232
512
-9456
5696
-6880
3664
-5248
3072
-2256
688
-320
-3744
-3008
-4784
-5312
-6656
-7024
-864
-96
784
1280
-16
1472
2560
3936
-2864
-8896
-4224
3760
-10080
5648
-3968
1232
-992
-1536
1072
-1872
-640
-1072
-1776
-2448
-3392
-4544
-4608
-1392
1952
1440
1952
1408
1440
1104
3376
1792
-4352
-7824
-5136
576
-48
-880
1120
1136
544
-1024
-1104
-1536
-3568
-2464
-3808
-1376
-1856
-928
-336
-960
-224
-832
-3264
-3264
-1456
-16
-2560
-3792
-1232
-512
-928
-4528
-7760
-1488
3168
1840
2672
-1248
-2400
-4112
-2576
-1824
-2496
-272
-560
-1632
-624
-1648
-2416
-2800
-1488
-1344
-2992
-3760
-3216
-3472
-1184
464
-384
-320
512
-608
-1232
-1216
-1440
-2416
-1984
-2800
-3280
-3552
-1488
352
2048
704
-336
-4512
-6544
-2800
1488
2576
1328
-496
-1920
-2496
-1568
-288
-128
-656
-1168
-3744
-5424
-4032
-560
784
1488
720
-384
-3280
-2416
-2528
-320
1088
-2016
-5968
-4928
-1184
1168
944
192
-624
-1536
-2976
-2608
-960
-960
-1008
-2304
-5184
-4912
-4832
-912
2512
2768
1472
-592
-1360
-1136
-112
1360
640
-3712
-5520
-6016
-2480
2224
2016
816
-224
-1840
-1552
-1552
-960
-32
-80
832
-864
-2720
-3584
-3280
-192
2368
1008
112
-2096
-3248
-3184
-2320
-1712
-2640
-4560
-8000
-8256
-8512
-7616
-2032
320
-784
-1296
-3248
-2256
-944
368
752
688
496
-1008
-3424
-4288
-1984
1552
2224
1584
368
-1984
-1808
-1232
-1872
688
80
-256
160
-1168
-2640
-3040
-2912
1152
2784
2368
448
-1968
-2224
-2768
-800
-896
-1920
-1840
-2400
-2512
-2912
-4880
-2608
-384
880
1456
-128
-1840
-1552
-656
-320
320
-208
592
-2000
-3280
-4992
-5136
-2448
-1104
336
-288
-2064
-1824
-1392
-192
304
-16
-544
-720
-2096
-3136
-4160
-6464
-3616
1280
2288
1568
16
-1248
-1376
-1280
-944
-1520
-2624
-2592
-2560
-3280
-1776
-2160
-1968
-416
-1616
-3424
-3120
-128
1184
2176
848
-1008
-1344
-1040
-1904
-3024
-2128
-2624
-2336
-1728
-1392
-1472
-1216
-960
-1664
96
-1344
-992
-1488
-2768
-3408
-2256
-768
-560
-1056
-2224
-1936
-2704
-1024
-4544
-3328
896
1072
-208
-1488
-1536
-4048
-3472
-816
-1392
-128
-1232
240
-1152
-1024
-128
-880
-1328
-1216
-2880
-2928
-3248
-1872
-1296
-1920
-2112
-2176
-800
-1008
-880
-528
-1088
-1840
-1296
-720
-752
-2000
-1296
-2112
-1168
-864
-1792
-1552
-1840
-2096
-752
-2432
-112
-1344
-720
-1824
-1568
-1248
-1728
-1952
-1808
-1440
-1248
-720
-192
272
-592
-1968
-1712
-2208
-2864
-2192
-1600
-1552
-720
-2304
-1936
-1728
-2032
-2176
-944
-1088
-720
-464
-1232
-1824
-2528
-2768
-3392
-2256
-1872
-1984
-336
-2128
-800
-1040
-1552
-1120
-2784
-1248
-1440
-880
-1168
-2080
-1216
-1216
-768
-1264
-1280
-1168
-1440
-656
-1280
-1344
-1888
-1360
-688
-2368
-2064
-2352
-2480
-1600
-624
-704
-1520
-256
-1296
-1856
-336
-240
-1456
-1808
-1552
-1808
-2560
-2272
-1568
-864
-1616
-1552
-2064
-912
-16
-400
-720
-1968
-2608
-2032
-1888
-2256
-1888
-1952
-1392
-336
-832
-1280
-1216
-2256
-1728
-2064
-1136
-2656
-2096
-2176
-2336
-1248
-1264
-544
-1472
-1472
-336
-1520
-560
-16
-1616
-1088
-1328
-2048
-1904
-1104
-960
-2944
-2336
-2528
-2416
-1264
-816
-160
-1120
-1872
-1040
-1520
-2400
-1936
-1744
-2208
-1136
-592
64
-2640
-4112
-2320
-1600
-2448
1120
1616
-1344
192
-176
-5296
-5840
-6320
-1552
5568
816
-1664
544
432
-1536
-3408
800
2336
-704
-5008
-5616
-7952
-6064
3616
3632
-1536
448
2144
-896
-2848
1968
2112
-2112
-4544
-6720
-9776
-1456
5696
-1920
-1440
2224
-1024
-2400
336
3136
352
-2352
-4320
-8208
-15024
1664
9808
-2640
-1984
5312
-816
-4352
2848
3904
-1104
-3904
-7968
-15968
1968
5952
-7872
8608
1328
-4688
4912
-1200
4112
-624
-3840
-10496
-14640
10208
-13376
10736
-4752
5808
-1696
2992
2416
-1040
-3024
-13648
-1680
6288
-11200
8416
-5616
3856
-1536
2128
3856
-1424
-560
-11376
-16208
9616
-11360
6192
-3776
256
2976
-1376
3584
1984
-1024
-6704
-14848
8144
-3424
-4960
4528
-5328
-288
3568
-2928
4160
1392
-3248
-8080
-7632
4288
-4224
-5056
5216
-4304
-3040
5344
-2304
2144
3216
-5120
-9152
-3568
3376
-6048
-3584
4000
-3328
-2096
3600
1232
-848
768
-2384
-6992
-1360
-64
-3216
-3920
-1328
-1024
-1136
448
3216
-320
-7232
-5296
4928
1488
-3600
-3024
-144
-2608
-2112
688
688
512
-496
-1488
-960
-2192
-1248
-2992
-4864
-2000
-2064
-272
752
384
800
-1408
-2368
-1120
-1600
-1840
-2608
-4928
-3952
-1696
-480
-528
1856
1552
-1472
-2352
-160
-2032
-2992
-3664
-2576
-4848
-448
640
-320
192
-864
-816
-2240
-3088
-800
-1616
-3424
-2672
-2256
-2512
-896
-272
-560
-816
-480
-128
-2080
-1776
-2000
-3792
1040
-4992
1088
-752
-3696
-944
2512
96
-1712
-496
-80
-2608
-3456
-4032
-1552
-1280
-3536
240
-208
-2608
-1216
-1392
-1360
-1280
-2048
-2256
-2288
-1088
-1808
-1312
-1744
-1680
-704
-1488
-1392
-352
-1840
-3136
-2160
-2368
-1792
-976
64
-1104
-944
-1872
-2080
-1120
-1056
-2064
-1616
-2560
-1168
-1824
-2544
-1424
-1456
1664
-1200
-1344
-2224
-896
-3296
-1456
-3248
-1728
-2032
-192
-1936
704
-1248
-1616
-2256
-2912
-1504
-2112
-1776
-1280
-1792
672
-2752
1312
-1312
368
-1952
-2208
-4160
-128
-3792
-288
-5184
-1472
-112
-3360
-1632
-1408
1008
-1232
-576
-2224
-2192
-1792
-160
-4304
-2624
-5248
1072
-4080
2416
-4000
1344
-2400
-448
-4176
-1104
-2032
16
-2560
-960
-1568
-704
-2896
2048
-944
-336
-3024
-2704
-4352
1760
-1760
-32
-3408
-112
-2656
-880
-32
-1184
-1872
-2720
-2992
-1408
-384
-208
-1568
-1168
-1184
-2816
-384
-1344
-2432
-2128
-2688
-1728
-1104
-208
-576
-1536
-1744
-576
-2912
2592
-128
2752
-1104
1248
-1440
1904
4800
-2624
-2384
-7920
-5888
-3376
1472
-784
336
-1088
-384
-3488
-128
4352
-2368
-4016
-9104
8256
-4816
6080
-4272
4112
-4752
1136
-3648
-1072
-672
-144
-5376
1280
-2880
-1680
-4672
-1424
-2544
3376
-1424
2544
-2304
1856
-336
-192
-5760
-8288
352
-4160
448
-1232
2192
-4160
3056
-4960
1552
-5216
800
-3568
528
-4096
-2480
-7360
-2720
-5600
2320
-2896
1808
-1872
-192
-1520
-1600
3616
-3728
-2448
-10976
7984
-8128
2592
-4624
192
-3456
-416
-1216
-3072
-608
-3040
-624
-1040
-1664
-1088
-2000
-1472
-2400
-1664
-3008
688
-4416
368
-6848
896
-1984
3920
-6560
-9696
9824
-5680
8656
-5904
5312
-6608
-416
-4048
-1808
-1392
-3712
1568
-3280
1216
-1184
-1088
-2608
-2032
-1872
-3008
-2208
-2256
-592
-1360
-1040
2416
-2784
-992
-48
2272
-1360
64
-1808
3520
-1056
-5392
-10480
0
-6352
5072
-5168
3536
-5360
-416
-1600
-2032
32
-1856
-368
-2720
-752
-704
-2304
-2752
-816
-2032
-1440
-4576
-1792
-2448
64
-1376
416
624
2480
-1280
-6336
-8624
3232
-8384
2848
-4640
1760
-4544
992
-3040
2432
-1360
1008
-3024
-4048
-4832
-6096
-1216
800
1840
-880
2256
-1728
1392
976
-3824
-8064
-14032
2736
-8336
4960
-3136
1296
-2240
-848
-576
736
-1552
-4944
-3856
-9152
8048
-8224
6432
-7952
7344
-6032
4832
-3616
1632
-5312
-6896
-13248
8192
-6992
9696
-6864
5136
-7696
5840
-2080
2880
-7200
-8128
-12128
4864
-7424
3392
-5776
1104
496
464
5312
16
-3152
-7120
-12080
5616
-2672
2064
1776
-2304
1600
1984
1664
2672
-5120
-8640
-14784
9376
1664
-4128
4624
-3264
-1984
4496
3264
-1360
-3568
-8736
-7296
12448
-7056
-2720
5456
-5968
-1584
2640
-3712
-4080
-7088
-16384
9360
3040
-5312
6336
1152
-5968
4304
3456
-2192
-128
-7248
-14928
8448
1776
-4640
5440
-432
-7200
1712
1728
-3088
-1312
-8176
-14352
8240
1888
-976
6528
1072
-5840
2016
2128
-592
-160
-3728
-11792
704
9424
-5440
48
4992
-3104
-2880
6208
864
-576
-544
-7744
-14160
9040
1392
-4304
7328
-848
-3776
3024
-128
-1296
-1904
-9536
-15952
10192
-5056
816
3344
-6576
2400
1216
832
1024
-3776
-8656
-16192
12992
-9680
6256
-4288
1680
1744
1216
784
-2048
-5808
-13536
7424
-5456
-2352
3968
-2720
3264
-3504
3760
-3200
-1392
-10608
5744
5440
-10896
4112
-6128
4496
-5344
5424
-5648
-272
-11040
-11248
7472
-9280
4736
-6176
6304
-6000
6880
-5040
1264
-8944
-11696
4656
-8256
10880
-9536
7616
-5008
5248
-2128
976
-4672
-13824
2704
-9776
8688
-1296
-816
3344
-3488
5440
-4144
-1600
-12768
6592
-5776
-1280
5232
-7888
5696
-3984
4400
-2112
-4688
-11264
576
-1456
-5312
5472
-3248
-80
3328
-224
1632
-1680
-8464
-2144
4512
-9440
3760
2864
-5120
3008
4032
-2112
-1344
-9744
-6176
5424
-6080
-1536
5504
-6704
1024
5680
-4048
-2448
-9280
-7568
9008
-6896
-2752
6288
-3840
-1280
6720
-3824
-8016
-10480
2336
2592
-2288
320
5280
-176
-1888
3904
-1280
-6416
-7360
-4816
48
-592
-2256
784
-1232
-928
-688
672
-1040
-3856
-5408
-8224
-6544
-544
2496
1424
-176
-1936
272
1168
688
-192
-1712
-4960
-6960
480
3248
2848
1136
-704
-2448
-2032
-2000
384
-1968
-3440
-1632
-1600
-448
1648
1856
48
-1616
-2032
-1552
-3680
-2288
-2080
-1440
-2752
-1840
-2240
-4112
-3920
-3696
-3584
-2560
-688
544
-1168
-1632
-1488
-800
-1200
-1504
-400
-848
-192
864
-304
496
704
-448
-1184
-1648
-1792
-2016
-1312
-848
-2128
-2240
-64
-1696
-2000
-1152
-2128
-928
-1360
-48
-2368
-6992
-8208
-5472
3440
5040
2304
-1232
-2352
-592
-592
-5312
-12864
-9424
4592
5536
2496
320
-2112
-368
4672
3904
-2608
-11808
-8176
8736
9152
5456
1680
-2336
1328
3216
-1152
-16224
-9408
-448
-2576
3056
-3296
-944
1088
2016
-208
-5520
-16448
3712
-1072
4688
-5760
1152
-3200
2304
272
-2288
-11264
2224
-2064
-112
1824
144
3616
64
6336
0
-2096
-10928
-5264
2736
-96
6608
-4400
192
-4048
5776
336
-64
-8528
-3536
4464
1872
5296
-2624
96
-4368
5824
-1584
-4080
-13792
4032
-5664
4608
-5744
3136
-5872
6720
208
2496
-5120
-12400
-1504
-3680
1392
-4224
-1200
-1680
2480
-544
-4544
-13840
2864
-5488
8880
-5264
6192
-3296
7520
2800
2608
-7376
-16320
-3744
-4768
448
-2512
3696
192
7104
1664
2000
-7552
-16208
-5520
-6400
-3952
-4128
-3872
1072
1824
-1568
-3712
-13344
6224
-6960
3408
-10000
2512
-7744
3376
-1520
2000
-2624
-11360
9232
-4976
9664
-9888
6608
-4992
5952
-544
4352
-2096
-3616
-9296
-1920
-4544
-368
-592
1808
-2640
1072
-832
-192
-4624
-5424
-4480
-3040
-352
112
688
-208
-384
1280
832
-208
-4128
-7680
-4432
1504
2448
2688
-272
-816
832
1136
928
-3008
-6272
-9712
-7344
-704
-960
3952
-1248
1792
-3424
-144
-4896
-5248
-11152
-3536
-816
5744
2128
240
-2256
-576
1184
-240
-2192
-9088
-13920
-2256
-816
3104
1824
1264
-3152
1184
-816
-2704
-9888
-16368
1264
-3664
7488
-3696
256
-5840
-96
-624
1728
-2816
-8336
7984
-4800
5104
-5568
5824
-4160
6400
1072
2736
-2368
-8816
-8848
-6608
-1488
-5328
3040
-2912
4720
1712
640
-1440
-10752
-8128
-5776
-1120
-4048
1872
-1760
2192
3888
-448
-2288
-13632
3920
-5024
1408
-3344
-432
-1472
432
4704
-304
-1376
-10592
-1152
1056
-1248
2304
-592
704
432
816
1536
-656
-3856
-11744
-6416
2368
1616
432
-336
-1168
256
2416
1776
-1392
-9200
-10912
496
5168
3632
2640
-16
-2896
448
4272
2192
-6240
-14192
-7952
5408
6224
3120
-768
-4080
-2624
4592
1712
-6512
-16256
-6816
7616
6240
3392
-640
-2368
-992
2720
2112
-6432
-15920
-11936
4832
5680
1152
-1360
-2896
-1712
4240
2752
-4144
-13024
-7488
7200
7264
3888
1184
-3152
-2592
1648
1712
-4304
-12720
-11760
4944
6480
2080
80
-2528
-4416
-144
2608
-2480
-8832
-14672
-1888
7104
4720
1664
-2784
-3680
-112
2160
-128
-7392
-15184
-9632
5312
7392
4080
1744
1264
272
2880
4096
112
-6192
-14240
-6208
6240
4736
2224
-768
-2608
-1088
2992
1584
-3840
-11184
-9152
5216
6512
1152
-880
-3248
-2560
4400
3744
-2384
-9504
-16336
5472
11536
0
1152
4416
-2720
-1376
5184
-2304
-3600
-14864
-464
6016
-8400
5824
-2304
160
1680
576
3920
-2800
-4432
-15424
2608
-5200
4272
1584
-4112
784
-2736
4928
-3584
-2912
-12368
1104
592
-9984
5232
-4176
1792
-4432
5760
-2016
-816
-7808
-14528
7712
-5520
5856
-1488
400
1472
-656
5856
-1600
-3008
-10800
-1424
1296
-6912
6768
-1920
256
2304
2160
1024
-1936
-7056
-13024
5648
1456
-6832
5888
-432
-2512
5264
2256
-1936
-2736
-10752
-8944
6608
-1568
-2208
5744
-384
-3168
6304
-128
-4688
-5056
-10768
-2992
7168
-1264
-3232
4768
-160
-784
1952
-992
-4784
-5568
-7280
-2496
3968
1648
-1104
1664
2016
640
-480
-1760
-4256
-3984
-4304
-5760
-2304
208
-224
-1424
-512
320
-1680
-1488
-1392
-1424
-1568
-2816
-2640
-1200
-1328
-2016
-1024
-3232
-3264
-1296
-1616
-1360
-2032
-3008
-1168
-1632
-1616
-2352
-2880
-3392
-2336
128
-80
-208
16
-448
320
464
-976
-1472
-1664
-2080
-3040
-2256
-864
-1472
-848
-1248
-1600
-1696
-3808
-4400
-1536
-2240
-608
80
-272
16
464
-1008
-448
-736
-2752
-3232
-2400
-1232
-2240
-1184
-1472
-992
688
800
-224
-1536
-2064
-2496
-2576
-3024
-3424
-2832
-2592
-3376
-1184
-1760
-1696
-896
-944
-768
-192
-1088
-528
-1456
-1488
-1488
-1056
-736
-1664
-992
-1440
-3712
-1952
-1616
-1712
-2208
-240
-1328
-2608
560
-2112
-1648
-784
-1440
-1504
-1344
-1344
-1168
-1296
-896
-1728
-896
-2368
-1744
-1456
-2816
-2624
-3024
-2784
-2448
-1088
-1248
-1392
-704
-2048
-2016
-768
-896
-448
-880
-2320
-1760
-1600
-2064
-1024
-1568
-2368
-2144
-1840
-912
-2208
-1104
-832
-656
-768
-656
-2880
-2400
-272
-1360
224
64
-720
976
304
704
-1584
-992
-1424
-1744
-2208
-1136
-1856
-1712
-1824
-2496
-800
-3520
-3872
-3072
-2096
-3456
-2192
-3168
-992
-128
-3280
-1376
-2960
-1968
-1792
-1568
-528
-1248
304
-2128
2000
-192
-2128
-80
-1792
-1808
-2576
-1536
-272
-1456
-720
64
-672
960
-2384
-2336
-224
-2224
-1632
-2288
-1856
-1152
-1216
-816
-1984
-3072
-2400
-2784
-2288
-3984
-2624
-2624
-1328
-2000
-2064
-208
-1296
-1056
-1600
-2160
-1616
-1344
-816
-960
-1472
-1328
-1264
-752
-2336
-2880
-2000
-1824
-848
-1568
-1680
-2528
-3104
-1440
-656
704
-576
-1440
-896
-720
-1584
-2080
-2400
-1344
-2768
-3968
-2352
-2352
-1408
-288
-576
-1088
-2080
-3200
-2224
-240
-1728
-1536
-912
-1216
-1184
-1344
656
-112
-768
-288
-1936
-1792
-1888
-2272
-2288
-2816
-3088
-3440
-2960
-992
-1120
-144
160
-448
272
-816
-320
-768
-704
-944
-2080
-2592
-1456
-1872
-1152
-1280
-1376
-656
-2080
-2064
-1744
-1584
-1024
-832
-336
-1040
-688
-1504
-1184
-1216
-976
-448
-448
-896
-1344
-1488
-912
-448
-784
-1088
-2192
-3056
-2368
-3104
-2256
-2096
-1392
-1408
-1552
-256
-1680
-1408
-528
-2096
-1232
-2944
-1968
-1680
-832
-336
-1280
-880
-1200
-2128
-928
-1408
-2048
-2048
-1728
-1392
-1808
-1696
-1264
-1024
-80
-752
-1808
-1840
-1568
-3664
-3328
-1872
-2464
-2336
-1712
-2048
-1072
-2064
-176
-1280
-688
-464
-1936
-1520
-1104
-1440
-912
-1152
-2736
-4192
-5600
-3808
1616
4816
2736
80
-16
-1904
-5408
-6640
-9200
-1856
6512
3936
-3024
-976
416
-2576
960
4224
-448
-2896
-6816
-10816
-6560
4704
7664
-1040
16
3264
-1024
-208
2368
-1264
-4544
-7232
-10912
-8672
10352
2624
-5184
4160
592
-2400
3312
832
-4784
-6032
-11072
-15312
6768
8960
-2576
384
6384
-992
352
5728
80
-4272
-8640
-12928
-9040
8800
6880
-5264
4976
6672
-1376
3424
4000
-5552
-9024
-15664
-8576
10048
-1392
-4768
5440
2320
-1456
3072
-80
-6512
-9872
-15120
496
8096
-1168
-4608
4608
2560
-48
2048
992
-3600
-5632
-7136
-3440
4976
3696
-1952
-960
160
-576
-320
80
-976
-1456
-1824
-4096
-5968
-4608
-912
-608
-672
-224
-592
-960
-416
1600
2064
2624
1216
-64
-592
-1600
-3568
-4032
-3408
-3920
-2496
-976
-1216
-880
-1600
-1856
-2624
-2112
-3088
-2640
-3184
-3728
-608
80
752
1072
448
-1200
-672
-1872
-3280
-3504
-2720
-2784
-1728
-80
-16
48
-176
-1200
-1776
-1872
-3056
-4560
-3776
-3152
-1104
1904
2000
1776
784
192
-336
-944
-2128
-4320
-3952
-2560
-2624
-1104
-736
-48
304
832
464
464
544
-256
-2752
-1296
-4352
3808
2896
-3264
-1280
-1824
7136
-4112
3104
2464
-912
4304
1120
-2256
-7440
976
-1792
-6784
2880
-2912
-5680
2496
-944
-80
2032
-720
-3936
-5472
-11488
-14864
5472
-448
-3168
6944
176
5056
4128
-1616
-9648
-16160
8128
-1648
208
7280
-1392
2560
3600
1600
96
-5184
-13360
6960
-1232
-432
2752
-3200
832
-704
4368
-256
-3440
-9952
576
816
-9440
6320
-3984
3136
-1568
4496
-208
-496
-4880
-15088
3680
-8880
5936
-5296
4320
-2848
4688
-1056
-864
-6304
-15824
2416
-10480
3648
-6496
2336
-4880
3232
-1600
-1120
-8480
-14736
-1952
-3264
1840
-224
3600
-2560
6256
-576
-48
-6384
-15264
2464
-11920
7856
-4016
5648
-2464
6864
-1088
-1184
-8400
-13152
4144
-3712
7216
-5472
2288
-2752
5184
-464
-3392
-9648
-3312
4912
-7824
4048
-3600
1296
2576
1808
496
-3616
-8608
-3168
4992
-9280
1712
3824
-3568
2112
2720
-1136
-3296
-11040
-4160
5008
-5168
1504
4528
-3824
1088
4464
-3888
-6336
-10160
368
6064
-3136
-2272
3200
224
-1376
400
-432
-3328
-4592
-6864
-3328
-1216
2256
2208
256
-1200
-352
240
-2496
-6432
-7552
-2944
176
1984
2864
448
-1408
-1152
256
-816
-5008
-7760
-3504
176
1568
2768
960
-1168
-1568
1152
-1744
-7856
-9664
2496
4944
-7024
1648
6976
-2112
3152
3744
-14064
-13776
6608
-2560
-5088
8144
-1680
-2864
8320
-1184
-6976
-10032
480
4576
-4384
-1312
5184
-2368
1584
5120
-3248
-10032
-7392
3488
-2992
-832
2864
-1408
816
4528
-48
-6192
-12656
-848
704
-2512
640
1344
-2448
2368
3840
-2496
-8400
-8384
1168
-272
-1072
1408
-896
-592
3904
1216
-6592
-10944
-1264
1680
-688
656
496
-1072
2480
4896
-1072
-9504
-9056
192
1808
-80
448
-576
-2096
2576
4432
-1904
-10832
-8992
1984
2624
912
768
-1808
-1840
4448
2352
-6672
-13824
-4528
3120
2512
1168
-1568
-1200
3552
3680
-3824
-15104
-8544
4544
4528
2960
-528
-3120
1264
5616
-656
-11840
-13776
1200
6704
4624
2128
-2576
-2112
4192
1872
-6608
-15376
-6800
5392
5472
1792
-2576
-3264
2048
4928
-2944
-11344
-13040
2384
7200
3968
-464
-3328
-912
4608
3120
-5232
-13072
-10512
4752
7120
2192
-2288
-2720
2240
4544
-320
-7376
-14656
-6880
7344
7472
1968
-3408
-2336
2992
4512
-640
-7744
-15280
-9328
7968
8128
1392
-1584
-1248
2256
4272
0
-4096
-12096
-13952
2624
8304
4256
16
-2064
-1584
2240
3888
192
-7408
-12960
-10192
2912
6800
4784
-128
-4400
-1600
3184
2656
-2640
-8512
-11952
-3792
4848
6592
2336
-2352
-3072
-320
3760
-864
-6896
-13024
-7232
8176
6352
-2528
-2064
-432
336
1904
3312
-4304
-13040
-10944
1360
8816
-640
-3248
2352
2272
192
2528
1152
-5568
-11952
-9504
9728
7312
-4160
-2784
4352
-128
784
3008
-1776
-11648
-15232
3520
10544
-4272
-2896
6432
1824
-1456
3840
-1952
-12288
-11888
3904
8304
-4704
-2064
6144
1648
-1040
2544
-3280
-11184
-14032
1984
7728
-768
-3120
5552
3248
272
1408
-208
-7104
-10144
-8368
-1344
4000
-1120
-704
2720
2240
-1968
32
-2224
-6400
-5968
-6720
-2688
2592
2640
832
2240
2736
-768
-2256
-2032
-4016
-5136
-3744
-3776
-1344
176
1536
-688
1072
3488
-2112
2016
-2992
-1152
-1600
-3376
-1680
-1760
-2688
-3408
-1440
1376
-4048
-3872
-448
-416
-1248
880
5040
-4928
320
5392
-4928
-768
-2960
-5104
3664
688
816
-2784
-5680
-4144
-4800
-1280
64
-896
-1696
2624
3952
1472
96
4800
-8032
-10720
-4528
1648
-8272
-7600
2752
3312
-9040
-5680
-8384
-7328
-1648
6256
-6912
-5632
-1856
-800
-5600
112
560
-2272
-2416
-448
-3648
-1536
976
-1008
-1040
-3024
-2304
-3152
-3296
-2352
-1376
-1040
1360
1216
432
-1056
-1120
-2368
-1904
-2992
-3456
-2736
-272
896
928
160
80
-816
-1712
-1168
-2832
-3744
-3312
-1984
-1328
-112
-976
-1872
-1792
-1248
-2352
-3136
-1808
-3200
-1152
-704
-704
448
-896
-2800
-2704
-2432
-3152
-3632
-736
-816
-1360
448
-1072
-1504
-2144
-2704
-1040
-3072
-2704
-1248
-736
-352
-512
-1024
-1840
-2144
-1456
-1904
-1440
-1440
-672
-80
-1456
-2528
-2128
-4960
-5248
-3520
1872
-3024
-576
-1088
-1200
1600
-160
-96
-944
-4832
-6912
-5168
3984
5056
-2832
1488
4496
496
-3664
-8976
-16112
-2672
8960
-4928
-4080
9472
-688
-5552
10416
1152
-9360
-9680
-12816
6720
2608
-8704
6208
4848
-7872
6480
7360
-5824
-5296
-13632
-3840
9984
-7376
1376
8096
-6176
880
7792
-976
-1200
-2960
-14272
-128
4800
-7616
2976
4848
-6800
3312
4208
-1808
2144
-3888
-11776
-3152
3120
-5808
2496
2528
-4592
2240
3136
-416
1392
-3024
-10624
-3440
4816
-5216
480
4320
-3920
-1152
2928
-288
656
-848
-7344
-13200
5104
2224
-7440
3744
224
-6544
1600
2960
-720
752
-960
-9632
-14912
7840
-2848
-5376
5728
576
-6256
2688
5936
-1136
-1104
-5376
-13728
1424
6912
-4288
-3360
4880
-2112
-3344
4352
2032
-1232
-1552
-5760
-6528
-3472
672
656
320
32
224
-720
-1344
96
1056
576
-528
-1136
-1344
-3968
-4304
-4224
-3744
-992
1712
2512
2016
528
-1664
-464
-592
-3136
-3680
-3200
-3216
-3312
-1088
-2048
-368
1120
-1232
-656
-816
-3776
-3904
-3328
-3808
-4112
-3712
-288
672
0
304
-560
-512
-1808
-2624
-1952
-4064
-3408
-2288
-2944
448
816
112
-960
-592
-192
-2064
-3344
-1792
-2704
-3280
-2112
-1472
-128
400
304
-848
192
784
-592
-1232
-448
-2112
-3264
-3536
-2688
-1312
-384
-608
-416
-720
-752
-560
-560
-672
13328
-6384
-288
-7808
-9632
5056
-3904
112
5712
-1120
336
1424
-5616
-11984
-16208
12528
-5120
2624
8384
-4192
3056
5824
-1360
-2416
-12400
-5520
7504
-10832
6608
-1168
-1920
1568
3056
1680
-2416
-8272
-15888
9664
-5456
3280
-1008
-32
2448
-320
4912
-720
-1856
-11200
2992
7776
-10304
6512
-2624
1952
-4432
5168
-1552
-128
-8592
-11648
416
-7600
8400
-208
3024
-2672
1568
2560
-1584
384
-8912
-12912
3616
-4048
9856
-5376
1632
-7184
3072
-1008
1376
-4400
-13152
11008
-8320
-400
-5040
3120
-3936
3088
-784
48
-832
-2800
-10512
6464
176
2096
2928
160
3776
-2160
1360
-128
-192
-2000
-4928
-13248
-3584
416
1184
-3536
1472
-2464
992
336
-592
-2352
-3152
-13584
-176
-6992
1344
-5008
-256
-3280
-496
0
144
-3456
-2720
-4544
-6880
432
-3360
1552
-2704
832
-128
368
336
-400
-1936
-2256
-2128
-4672
-352
-2384
1568
-2304
1392
-1728
1072
-1440
-1472
-4768
-1472
-1488
1744
144
-1520
-1104
1104
-992
-2832
-11488
13232
-6096
5664
-3920
6544
-4080
2880
-2128
848
-2144
-64
-1584
-432
-1296
-976
-1760
-1072
-1792
-384
-2528
-2320
-3600
-2176
-2432
-352
-512
272
-1600
-1952
-3968
-544
-2256
-1280
-2400
-1840
-1168
-1008
-1824
-4336
-720
-1696
-448
-1824
-1216
-2928
-2016
-2544
-608
-1712
-576
-1792
-1744
-1456
-2288
-2640
-3936
-3664
-1472
-2368
-784
-304
3696
-288
-1920
-4064
2048
-2336
1376
-1504
-192
-3664
-432
-2016
-912
-1504
-832
-1888
-1296
-1600
-736
-1152
-1328
-560
-1344
-1680
-2368
-1808
-1824
-3088
1040
-5472
-2112
-3664
-736
-3664
-1504
-1824
752
-3616
-2192
-3040
944
112
1120
48
-448
-1584
-4832
-8064
-880
-1760
2624
-1904
160
-2320
-928
-2848
16
-1552
-224
-800
-1152
-2624
-1376
-1936
-1344
-320
464
112
-960
-896
-1360
-1392
-1216
2080
-1600
-2064
-2144
-5424
-3472
-2560
1392
1216
-144
-1984
-2880
-4144
-448
-1984
16
-7856
-8640
-224
-1872
208
-800
1312
-2624
-1248
-3424
-1296
-1072
368
-912
-464
2592
-2304
-3776
-5408
-5056
-4560
-1968
3632
896
-496
-464
-1488
-64
-368
288
1072
-304
-6720
-9296
-4224
-1968
5520
2496
1920
-1344
240
96
-656
1840
2624
-1120
-7792
-9696
-5792
-1072
2016
1328
-240
-2688
-1584
-1120
2192
-784
-5632
-10928
-9536
-272
3680
2336
-7344
1664
2128
8560
688
-672
-13136
-15664
-2064
9792
5632
-4176
-2176
320
800
-1536
4192
1008
-7904
-16352
-5680
-3248
2816
1744
-1008
-3056
1600
2176
2672
1152
-4176
-12368
-6416
-4896
3664
2416
-1600
-2944
-432
2416
5552
1408
-4816
-11904
-6432
-3440
2272
2160
-368
-3488
-2192
1392
2592
3744
-3264
-10224
-2624
-1280
1264
-2816
1584
-1648
176
-560
-1168
624
-4384
-12496
928
-2288
1152
-880
752
2784
-1952
3248
1216
3024
-1952
-8432
-9920
-432
528
5552
-1888
1248
-1696
2736
1232
2544
-3456
-8688
-11920
912
-816
2064
-4320
-1504
-2448
1600
-144
576
-4912
-9696
-9280
2496
528
2864
-4576
-1280
-1552
1520
1248
-1072
-4832
-11648
-2624
2144
2608
2448
-1344
-1232
-848
800
224
-2768
-7136
-10064
-5808
2512
2800
3056
2496
-416
-208
320
1296
-1216
-6800
-11600
-11760
7104
9312
5552
-16
-2528
-3008
384
1664
-2032
-6816
-14608
-5888
10928
8128
2048
-608
-3872
-1280
2672
-1744
-6272
-11616
-11184
4704
10272
3984
320
4624
64
-4784
1184
-832
-9616
-11072
-12112
2944
7440
5568
1616
-192
-1664
832
4528
2864
-2880
-6368
-7904
-432
7040
11648
-1856
-3888
-5312
-1296
-368
-2240
-5200
-9216
-9696
-3888
5440
3952
-784
-2704
-3728
-656
944
2368
1936
48
-2560
-5328
-4576
-48
2000
368
-1280
-3200
-3760
-1152
224
1200
816
-512
-2448
-3520
-4032
-2896
-384
-672
-1872
-2128
-672
-1552
624
-1424
-3392
-3536
-2672
-1312
-2480
-272
-1600
-2000
-880
-176
288
-976
352
-1824
-1584
-2368
-1616
-1168
-2688
-3312
-1408
-1696
-128
832
496
0
-2240
-4016
-5248
-3568
-3584
-1936
2736
0
6080
-1232
-4656
-3056
-320
0
32
-1744
-4992
-4400
-4512
-7792
-10752
-8784
7104
9072
16
-3728
5440
4224
-2768
704
-1872
-11744
-16448
3120
10960
-3824
2768
3344
2496
-2464
6208
4912
-10336
-16144
-12416
7056
5024
-5264
1696
6464
-1152
-32
4992
1248
-8960
-11472
-7888
6144
3376
-6240
3120
3664
-2048
928
3984
-2176
-10592
-15872
-3856
9152
1456
-3456
2832
3872
336
0
4480
2352
-5584
-10352
-8256
6176
4624
-5792
-1024
5104
-1024
-2992
944
176
-4800
-7728
-3104
9712
9104
-5888
-7968
384
-1280
64
528
2112
-464
-4208
-12368
2352
6960
-848
-6000
-2656
-432
-4080
-3264
-2112
-6272
-8896
-9440
2256
8256
3760
-960
-2928
-720
800
336
-528
-576
-2464
-7376
-10304
-464
5520
4000
864
-1808
-4000
-3072
336
3280
2000
-2880
-9792
-11824
608
5408
3888
-1024
-3440
-5280
-2256
4096
4736
1072
-3344
-6800
-5712
-560
3552
-1840
-3744
-528
-144
1040
7456
1904
1040
-3376
-6736
-16000
-1328
2576
-1216
-896
592
688
1872
3728
5984
1504
-6896
-14496
-8976
7664
2800
-8320
-3280
4992
-576
-96
4384
2608
-7072
-15232
-7680
9120
2256
-8032
-1968
6864
-1488
112
7664
4080
-8016
-13168
-2096
9216
-160
-7376
4160
4928
-4512
1520
5472
-4048
-13568
-7968
6048
8000
-7344
-2624
6352
-1632
-2496
6064
-1296
-11984
-11472
7408
8592
-6640
-1840
6848
-2464
-3136
5936
-3408
-13808
-10704
6320
7648
-6928
-1728
6880
-976
-2528
5920
-4912
-15440
-10784
7584
9648
-6096
-944
6592
768
-2000
2768
-1696
-13264
-14192
144
8064
1136
-4016
3904
5376
-1456
2544
-1040
-10128
-11056
-7360
3904
2800
-1776
1584
3072
240
256
1056
-3184
-8400
-6560
-5984
1952
4304
240
432
560
256
-160
880
-1712
-4752
-3840
-4288
-4912
112
1920
512
3200
2944
-3872
-2448
304
-2448
-160
-2144
-4240
-560
-32
-1344
3648
2864
-752
-2832
-1920
-4160
1504
-2480
3488
-480
-4720
2000
704
80
-6336
-2368
-2512
-5216
-384
1824
160
-2304
2800
-2032
1024
-3312
2784
-6384
-1584
-4800
-4336
-1776
1344
-2304
64
-928
-4080
-3536
-1984
-448
720
432
-1792
-3472
496
-1200
-3040
-1760
288
-3280
-2976
-4320
-2816
-1744
-4368
-256
-4592
-1744
-832
-2240
2384
-448
-3232
-2880
-2352
-992
-5248
144
-144
-2224
704
-3696
-2384
1456
1424
-2480
-2256
-1616
-3024
-3776
-2384
256
-1664
-1792
-1472
-928
-1088
-2304
-2768
-2368
-1472
-320
-1024
-128
-1104
-1136
-1568
-704
-1072
-3056
-2320
-2208
-1936
-2784
-2704
-1488
-1616
-1984
-1872
-1856
-1296
-1584
-816
-1696
-1872
-736
-1616
-768
-1424
-1216
-2368
-3632
-1184
-2336
-832
-32
-576
160
-544
-1040
-1168
-3232
-5376
-4176
-64
4352
5824
5392
1040
-4896
-8496
-11152
-6128
4304
7536
4480
32
-2592
-2112
1328
3376
-1072
-9152
-13296
-7392
4544
6016
1920
-720
-2112
960
4064
3184
-5184
-12752
-12464
-672
8048
5968
704
-2208
-3728
192
3824
1824
-4368
-11472
-13824
400
9392
7232
2448
-2256
-3168
-256
3152
2112
-4496
-11408
-14784
-704
10224
6320
1232
-1664
-2080
432
3360
3344
-4144
-10944
-14512
-3760
10608
5520
416
-864
-3136
-1664
3088
2256
-2288
-8128
-15952
-10272
8832
8080
800
-2496
-3520
-1808
3264
5520
16
-6128
-16176
-4320
3888
1104
3536
-720
1104
0
-720
4496
-400
1392
-4448
-12624
-672
-1536
1504
-1696
2176
-2656
1584
368
2096
1312
-848
-4992
-13648
2624
-3520
3584
-800
2592
-3904
640
-528
1808
1360
-800
-5744
-14192
1072
-208
3760
-2432
2064
-4176
2256
336
1712
32
-1712
-6544
-15072
3456
-3648
96
-3744
1536
-3408
1872
480
208
976
-2496
-6512
-16096
3584
-4288
816
-3504
1840
-1776
368
1888
1360
-144
-2768
-10400
-4416
-2224
-1088
2176
-3120
-416
992
2816
976
688
-2096
-6224
-14736
5520
1248
-6032
1600
320
-3088
2224
1456
-1040
-320
-3616
-10224
-4960
4144
-2368
-1984
2576
-2000
-1104
3824
-720
-2304
-2096
-6368
-6256
2112
2368
-4048
-1856
1120
-2576
-880
800
432
-432
-400
-2096
-3152
-3600
-3408
-1504
-1856
-1312
-1856
-880
-96
-144
-208
-720
-688
-1488
-1520
-3120
-3552
-3792
-3936
-1776
-208
-96
-672
-672
-672
-592
-1072
-1424
-1280
-2928
-2464
-1328
-368
880
496
-144
-688
-448
-1024
-2848
-3888
-3680
-4704
-3984
-1632
-528
-1152
-816
0
-96
-1712
-2080
-1872
-3120
-2880
-1536
-64
1264
2528
1456
640
800
384
-1472
-2896
-3376
-2880
-4672
-6256
-4208
-3008
-656
-656
-2512
-928
432
-336
-464
-976
-1024
-1472
-1936
-416
160
48
-640
-48
-64
-1344
-3376
-9392
-8688
-8128
-3120
-4224
-3376
-1440
-2096
-2896
-2304
-1456
-1088
-2144
-2144
-1216
-1440
-2480
1312
-80
368
1456
1328
1872
32
-720
-960
-2368
-5696
-4880
-9232
-12176
-11808
-11808
-11808
-1616
5744
2192
3184
7680
9136
8368
10432
10816
6160
7744
12512
11616
1168
1968
4576
-3424
-3728
-1168
-10544
-16064
-16208
-10896
-4144
-8784
-6288
-208
-2896
-640
3776
1856
-176
1024
-1552
7792
11168
3216
4032
8176
3472
864
3296
-368
-6704
-10832
-16352
-10944
-8272
-12240
-7248
-5200
-6016
-1264
-784
-2416
-1344
-2336
2816
9984
7424
3600
7728
7360
3040
3424
3008
-992
-3360
-5616
-12576
-9600
-7344
-11344
-9024
-6528
-6848
-3808
-2128
-1392
-368
-656
-416
3504
7696
7776
5184
5808
5760
3776
2768
2416
48
-1344
-3248
-7040
-11456
-12368
-10320
-9376
-8416
-6272
-3760
-1552
512
1408
2048
3952
6176
6880
6592
5056
5104
4816
3120
3104
2384
560
-1296
-3824
-6384
-10784
-13504
-13712
-12400
-10944
-7552
-3296
-208
2048
3488
4208
6704
9376
9872
9888
8272
6352
4800
2624
1520
48
-1088
-3520
-4928
-8192
-13968
-15632
-14688
-13072
-10176
-6992
-3808
-1264
1152
2624
5024
7008
8912
9664
8992
7024
4656
3776
2288
1088
128
-2064
-3712
-4720
-7392
-11648
-12272
-11152
-9776
-8512
-5760
-2720
-640
1072
2960
4208
6848
9264
10672
9744
7456
5680
3344
2480
-96
-1168
-3728
-5200
-5968
-9936
-12992
-13584
-11744
-9408
-7728
-5408
-2768
-240
1664
3280
4528
6960
10832
12688
11776
10208
7952
4032
592
-2608
-6752
-10672
-12544
-14848
-11728
-11584
-11568
-9072
-5824
-2592
-560
-1776
-2624
-4800
-2864
12288
12784
12032
9232
7664
6976
7104
5888
2832
-944
-5600
-10912
-13152
-9296
-8768
-10320
-9904
-9504
-5840
-2304
128
1280
848
-1184
-3040
2096
9856
12832
10800
7632
5184
4944
3360
4352
2304
1120
-3408
-8080
-15136
-10672
-5840
-4064
-4912
-4928
-2368
-1968
320
192
272
-2160
-5312
-9264
-5712
-912
3328
368
688
-544
1184
352
1808
1712
1312
-464
-4960
-8544
-7168
-1856
2992
752
-80
-624
112
1568
384
2208
688
320
-2816
-6848
-11280
-1872
1040
432
544
-1520
-416
832
688
96
1680
400
-448
-4160
-8048
-12704
-2288
1600
2656
-352
224
736
1440
1088
128
560
976
-1648
-7040
-12000
-4768
1568
3648
1552
-1296
96
880
-32
-656
-720
-384
-832
-3792
-9344
-14784
-4208
2128
2576
576
560
1168
96
-1088
-1056
-400
-400
-1088
-2128
-5088
-9680
-5488
3200
5984
3296
304
-3280
-3968
-1968
-432
656
-352
-3504
-5216
-7248
-3344
1472
1344
1056
1120
-624
-1408
-704
0
-672
-3760
-11632
-11584
5824
10496
4640
272
-3184
-3232
-2320
-1984
-1504
-2048
-2928
-1952
-848
160
-1536
-112
192
176
928
592
-976
-2480
-4608
-3920
-2176
-1776
704
1312
2112
1136
-2016
-4976
-6592
-7280
352
784
1984
-576
-2272
-256
-48
1952
2112
-2496
-7568
-15168
5696
4032
4880
3056
-4512
1488
-3104
736
-2032
-2848
-1648
-2704
176
-1264
-224
-1440
-2656
-2576
-2624
-2368
-3120
-1728
-2000
-352
-16
-336
1792
-592
-1312
-2784
-2368
-1824
-992
400
1024
528
-1040
-3408
-4784
-4352
-3920
1552
1216
1968
1552
2752
-1488
-7888
-11776
-3648
-1152
-1648
-768
-5248
688
-2720
2528
-1136
-992
3984
1712
-304
-6032
-8368
-10800
2352
4688
3440
-5584
6560
-1024
6560
960
-4320
-16320
-16192
3216
-1216
8656
192
-4144
-2336
-3840
2624
2704
3648
160
-2448
-9360
-15424
7760
2112
1344
-2400
-4816
-496
304
2144
3136
896
400
-9008
-15424
11552
-1040
-1696
-2112
-2992
1648
768
2240
4976
-432
-3440
-10608
-4544
-368
-4320
4384
-192
-2752
368
1600
4640
688
464
-3328
-10880
1568
-224
-4864
3680
1232
-4304
512
1680
2880
1472
-1824
-6400
-15584
5616
-816
-5424
1216
-1312
0
48
2624
2064
1264
-2448
-7824
-14624
3792
-1776
-1888
960
-3136
-640
2512
2176
384
384
-5168
-12736
4768
16
-4176
512
1264
-3264
-1280
2688
2160
976
-1360
-6480
-15968
4576
608
-6880
1296
288
-3344
928
2896
1200
1952
-3776
-10416
1904
2080
-6224
368
4016
-3584
-2624
3456
1712
1824
-2832
-9344
-5104
3712
-4512
-528
5088
-2368
-2976
2976
160
880
-2528
-9248
-9408
2208
-4336
-2464
4432
-1824
-1792
3248
-1552
-1104
-6256
-14736
5232
3344
-5408
2624
-1088
-5424
752
2672
640
624
-5536
-13392
5392
3056
-5120
3472
-448
-4928
1616
2704
192
1664
-4640
-12208
5520
4048
-3856
4832
160
-5184
1088
2064
16
2064
-3280
-9936
-5264
3088
-6320
656
1072
-4272
384
2096
832
1536
-864
-7072
-14192
3376
-4640
-4592
2144
-3504
784
2960
560
1248
-1328
-7360
-13088
3328
-5424
-3776
3728
-1632
1472
4640
1728
1136
-3552
-8544
-13792
2448
-3664
-928
3600
-176
768
4096
288
992
-880
-6064
-9056
-7040
3440
-2128
-976
416
-768
3536
1168
432
832
-2736
-6256
-9536
-2752
832
-1984
1472
2480
2320
2224
976
496
-512
-3632
-7152
-8672
-2000
1472
384
1712
2736
1520
1792
880
-752
-2048
-5280
-7216
-8640
-2912
560
1488
3120
3408
752
608
464
-1200
-3408
-5056
-7968
-8288
-4304
2416
2512
3648
4752
1920
1344
256
-2304
-3856
-6080
-8688
-8928
-2432
3024
1168
5952
5264
944
1264
528
-2576
-4080
-8496
-12112
-6592
688
3152
3472
7360
4496
2000
1648
-1568
-5600
-9552
-15520
-15632
4176
3936
592
4928
6736
1648
864
864
-2704
-6800
-13120
-16208
5920
3360
-2624
3216
5680
2672
2288
1824
-2032
-5936
-13632
-3568
4352
-1136
-3280
4496
4624
800
3008
1168
-1904
-5792
-13152
-2224
5728
-4464
1200
3728
-560
2336
2416
-720
-2672
-7280
-16400
7936
1008
-7328
3648
1248
-2000
3936
320
-2304
-2560
-10528
-2624
6224
-3296
-2576
2736
-1456
2128
1840
-1392
-2144
-7872
-14912
4896
-3808
-976
5808
-1952
176
4928
-304
-1456
-3600
-12320
-1424
2352
-4592
2864
80
-3984
4144
1408
-1920
-1088
-8336
-15648
5808
-3024
-2368
4208
-2656
688
2736
-528
1328
-3504
-10368
2016
3696
-8896
1776
2688
-1712
1856
1168
1472
1168
-5072
-9936
432
4272
-7888
544
928
-3632
1952
1824
592
560
-2928
-7120
-14256
5488
-2672
448
512
-3824
464
-784
2800
2112
-1472
-6720
-13504
2000
-4784
-1952
2608
-4688
1504
-784
3008
2288
-2096
-5216
-11376
1456
-4864
-912
5584
-3488
-592
-704
-224
4112
-880
-1984
-6880
-12720
5216
-6336
816
-1168
-2208
1792
-2752
2496
672
-544
-1664
-9232
-1280
2832
-7312
1520
272
-2128
1728
-2336
2160
2432
-512
-2704
-8304
-8208
6112
-4416
-1472
1856
-3424
512
-304
432
2896
1168
-1232
-5632
-11520
1200
1408
-3200
304
-688
-4800
2256
304
576
2288
672
-912
-3904
-11008
-1552
2496
-5280
320
1136
-3376
800
2800
432
1456
1088
-1088
-3328
-8224
-10640
2496
-2560
-2432
1936
-1232
96
1696
896
592
1424
-1344
-3264
-6656
-8496
-3024
48
-656
528
1456
880
64
688
-128
-432
-1168
-2048
-4640
-5152
-3952
-2224
-656
-304
1248
1920
240
-544
-960
-2176
-3520
-3744
-3040
-2704
-2240
-1600
-1600
-768
-336
-448
-1024
-976
-1072
-2112
-3024
-2032
-2304
-2000
-1024
-544
-1152
80
896
-192
-1424
-464
-1936
-3328
-3296
-2064
-1200
-1104
-112
576
-1040
-704
-96
-1168
-864
-2176
-3104
-3136
-2800
-1280
-320
-1712
320
64
-496
-496
-1088
240
-944
-1312
-3904
-2832
-976
-4688
-960
832
-992
-1040
-1328
-1344
816
-848
-1728
-2032
-5184
-2176
-1936
-976
-1392
-2368
-1200
-1072
-1760
-2096
-1664
-864
-656
-2848
-1200
-3616
-496
-1568
-2736
-4208
832
-976
-1664
-1664
-4448
-3664
-3424
-800
-1440
880
-720
-1312
-5264
-1936
-3488
-2224
-3840
48
-656
-624
2080
-1200
-2832
-544
-1216
-2624
-3552
-624
-3456
-4256
288
-448
2016
2016
112
-3392
-2832
-1088
48
1648
-2496
576
-416
2496
-3888
-4416
-208
944
944
2080
-944
-480
-2512
-272
1488
-1600
-5792
1088
-2352
-7104
-2864
1328
896
-144
1392
-848
1536
2480
1376
-3136
-2288
-2800
-3248
1200
-3872
-3248
-2656
-3168
-10320
-4704
-2096
-3904
-3968
-736
-2624
1888
3776
-416
-1984
-3728
-3904
-5536
3392
-4048
-3536
-1184
1664
-2608
-3808
-5632
-6592
2032
-1360
-1968
-4672
112
-6384
-2032
160
-3904
-3024
-1776
-4816
-208
2496
3328
2192
2064
112
-896
-1616
3104
-6912
-2560
1328
-6784
224
-5904
-2096
-1280
-3904
-80
-224
2352
-208
-592
-1792
2480
-560
3984
-6320
-1760
-2512
-4576
-1680
880
848
-2528
-2256
-3280
-1216
496
-2096
-1520
1344
-2736
-336
1856
1264
1232
-2000
-1840
-1232
-128
-2064
-3024
-2208
-3536
-1264
-2496
-272
-1408
-2704
-1984
-1424
-2192
-1248
-2112
-1008
-192
-2096
-1808
-1568
-2640
-1424
-1968
-1904
-2032
-2128
-2064
-1904
-1280
-1264
-1904
-1888
-864
16
-848
-960
-528
-1408
-1312
-1360
-2016
-1584
-1824
-1520
-1216
-1200
-576
-976
-1952
-2096
-1712
-1424
-1952
-2128
-1888
-1360
-944
-784
-576
-1328
-2288
-2368
-3056
-2848
-2608
-2176
-1872
-1552
-512
-560
-1408
-1792
-1712
-1232
-1600
-2224
-864
-1344
-224
-1856
-768
-960
-1984
-1760
-3184
-2208
-2176
-1936
-512
-288
-768
-1104
-2096
-1840
-2128
-2464
-1392
-832
-768
432
96
-336
-4368
-6144
-8496
-4800
3904
6320
2016
6176
-5536
-13792
-16320
7520
3520
2064
528
-2064
-736
-2080
368
-1152
96
-832
-320
-1568
-1584
-2080
-1744
-1440
-1520
-1136
464
-192
-384
-1376
-1776
-2432
-2080
-1712
-960
-176
-96
560
-1040
-1696
-224
-5456
-16208
-2880
3344
-2992
6432
-2336
4752
1184
672
-208
-3040
-9216
13056
-9168
3776
-5712
-2608
240
-3152
1536
-2016
-1120
-1168
-7648
-16448
-17872
7616
-11968
-672
-1840
-2480
3280
-640
2736
-5120
-12080
19104
32
11856
-5920
3136
-1488
-624
3680
-2464
2464
-6736
-15264
-3904
-208
-7856
4944
-7680
4640
-5488
1504
16
-3456
-10512
18880
-8352
4544
-4320
-432
-512
1728
4720
-240
-2352
-12224
18144
-12208
928
-8560
1360
-4800
368
1872
1840
-5664
-12976
16400
-12160
224
-12144
2720
-1152
3648
2080
80
-7584
-15936
48
-18144
6176
-9008
6816
-5088
5840
-2176
-1264
-12336
15344
-13488
5184
-10128
9152
-8672
7776
-3808
3136
-11456
10288
-2224
4096
-10304
8288
-3264
4400
144
624
-1792
-15360
6752
-15792
12288
-12096
10192
-6336
9792
-1760
-2656
-16960
9424
-9104
9776
-12432
9552
-6880
5952
448
192
-4672
-19056
6272
-11120
6512
-7664
4336
-4624
7984
-1920
-976
-11216
144
-1232
3392
2928
-8736
6000
-5296
7088
-1728
-2544
-13040
8128
-5056
112
-1184
-2288
1744
-3792
6720
-2560
-1760
-15056
12976
-11264
6592
-8336
4048
-1392
864
5696
-3312
-3632
-17344
5280
-12416
6432
-9040
4416
-2512
1024
5136
-2448
-1856
-16512
9280
-11216
7360
-7568
4512
-1744
336
5376
-3216
-1376
-14464
10432
-8912
6480
-3344
704
1872
-3984
6768
-3152
1712
-11712
5488
-2800
2800
1344
-7760
5632
-7040
5760
-384
480
-2384
-13632
7472
-7120
3792
-5472
1792
-2160
272
6096
-3120
1776
-11088
10176
-5824
6960
-1952
-1232
960
-4256
5040
-752
1568
-9120
-11328
-1968
-4192
1488
-4480
2032
-2512
5056
-1024
864
-7984
-12032
3392
-4080
2352
-2880
2608
-3296
4640
-528
96
-5008
-12112
1280
-4000
3184
-5024
1936
-816
1648
1552
176
-2560
-10368
-880
-3376
3280
48
-3136
2160
-1712
3968
1024
-2000
-8784
-11712
800
-1840
704
-4608
32
448
96
3120
1680
-1456
-8032
-15728
1648
256
1616
-320
-1216
1008
1600
1984
880
-2048
-5920
-7632
-1088
1936
1472
-432
-1104
-400
1360
832
-400
-3408
-8768
-9072
-2272
-432
-1152
-2560
-2496
-352
560
1168
-304
-3328
-10816
-4544
336
1264
592
-320
-192
1648
1984
1536
-912
-4928
-12080
-2720
2880
2272
1152
256
-48
2240
3200
2544
-256
-5248
-14624
-2704
3520
1840
-752
-1184
-656
2336
2240
272
-2992
-10224
-9232
1104
3232
-848
-1424
-1248
1472
3968
2400
-1024
-5600
-12464
-5360
4736
3088
-784
-2160
-1296
1328
3280
960
-1424
-6624
-13824
-2768
3680
1280
-1904
-784
-208
2496
3904
1216
-2832
-7632
-16096
-1616
3024
-1216
-2992
-2080
-944
1728
2144
-768
-3408
-9328
-8784
4144
6336
-1696
144
1200
1264
4704
6576
2544
-1232
-7232
-16048
4656
6416
-2992
-80
1712
464
-48
3696
-368
-4048
-7936
-16336
-8384
1968
-1952
-4112
1008
-1776
-192
3712
1568
-640
-2624
-8464
-720
6768
816
-4272
1520
976
-1392
2896
2736
400
-592
-3296
-2656
1984
2224
-3344
-5104
-928
-2272
-512
944
-608
-3184
-4640
-8800
-3968
-2608
-4752
-7168
-5872
-4576
-3888
-2880
-2608
-2496
-3168
-3504
-3488
-1952
-928
-704
-448
-320
-656
-640
-416
16
160
304
880
848
960
1168
992
448
256
304
-16
0
272
736
960
1056
1232
1024
768
304
160
-208
-640
-944
-1712
-2176
-1984
-1600
-1200
-1664
-2048
-1760
-2768
-2912
-2832
-2768
-2768
-2016
-1168
-944
-784
-848
-1136
-1488
-2000
-1680
-1280
-1600
-1856
1504
-7104
5056
-2016
13120
2224
1424
-4896
-1136
-1008
16
912
3024
6832
640
-3040
816
128
-3936
-2224
-1008
-2144
-2432
-1792
-2400
-2448
-2016
-1968
-1104
-960
-912
-1040
-3488
-9216
-12560
3840
-7488
-1072
560
-2256
5392
784
1264
-3120
-14432
4288
2384
-7616
3664
-5104
48
2256
-176
5296
1104
-2064
-7504
-14320
128
-9456
1968
-3328
432
1840
-2032
5936
96
1344
-3632
-12032
10416
-5264
3072
1600
-1808
3568
-2720
6000
-144
1376
-3776
-12048
7680
608
-3984
3552
-3568
4688
-1840
3648
1728
560
-1728
-10816
-9824
1920
-4560
6960
-3360
448
1200
-2336
4128
-592
-1856
-7536
-16224
7424
-4112
3184
-416
-4608
1136
-2064
3776
1536
-3072
-6800
-15248
7840
-2512
-3888
1872
-3312
448
2656
1568
1312
-1008
-7120
-14576
9280
-2432
-6368
3840
1632
-3744
928
3248
1328
-2080
-4880
-13216
5280
320
-5136
-2368
1088
736
-1888
288
688
-736
-2640
-3104
-3520
-4832
192
880
224
-160
-432
-1808
-1184
-160
-192
-1920
-5056
-5952
-3008
1216
2144
896
-1152
-2832
-1952
-80
688
-448
-4272
-8800
-1664
8416
-1584
-5264
3648
1376
-2816
3936
3456
-6992
-15680
-3888
5664
-96
-6608
3824
2000
-5056
3328
3632
-464
-2432
-6736
-14512
4096
2064
-8240
2912
2480
-3232
576
4976
320
-2960
-4592
-12816
-3136
4048
-6336
-1776
3200
-896
-320
2480
1088
-3088
-7376
-6288
1552
1296
-1488
-1552
80
-848
528
2048
1200
-2000
-5376
-10912
-2752
1696
960
-1520
-416
432
1136
2800
2672
-80
-2784
-6352
-2624
3584
3552
0
-2288
-4048
-3488
-1968
-2240
-4032
-6320
-9904
-9216
-2832
896
-272
-2816
-3072
-1328
704
1104
-144
-3152
-7104
-8384
-2048
4512
3648
16
-1632
-1072
1216
2496
1904
-1536
-7040
-9088
-2880
6192
6512
1776
-912
-704
1328
3248
3328
160
-4000
-10064
-6288
4752
8816
3280
-1984
-3520
-1536
1776
1680
-2240
-9376
-15408
-9152
3360
5904
1040
-3504
-4160
-560
3696
4032
-768
-7408
-14912
-10512
5056
9872
4256
-2800
-4096
-64
3504
5184
1184
-6016
-13648
-12496
3024
11584
7136
-1520
-5376
-1264
3888
6144
2112
-6208
-14208
-13664
1120
11552
8640
-336
-5968
-4496
1312
5056
3664
-2416
-9472
-12544
-6304
6912
10352
4208
-3664
-6928
-2560
3264
4912
1216
-5040
-11376
-11520
-240
7936
7056
448
-5328
-6736
-2000
3376
5136
2032
-2992
-6528
-11888
-3520
6464
3904
-2512
-5264
-1936
1216
3584
3680
-640
-5408
-9344
-16464
-5568
5888
5840
-3712
-3280
3248
4208
3184
3056
1024
-3504
-14800
-9024
1328
9952
-272
-6256
-352
5296
1472
656
3200
3520
-2720
-11088
-9552
2608
9136
-3744
-4784
4000
4560
-1312
3344
5360
-176
-9632
-15248
688
4672
2256
-5056
-192
5008
1072
256
4080
3552
-4592
-10544
-7520
1760
4160
-3920
-4032
4144
1472
1552
2864
1552
-4784
-8128
-12704
1120
6400
-992
-3520
1520
4240
1296
1392
112
-2688
-5936
-8512
-6448
1840
2688
-176
-1088
2704
1472
-1024
-1744
-1888
-4944
-4528
-6080
-4224
416
2032
320
0
960
960
-1984
-1360
-640
-3216
-3744
-4416
-2208
-3744
-1968
864
896
-1360
-768
1712
-624
-1696
-2400
-3968
-2112
-4016
-7440
-1680
-720
4000
2624
6064
-816
-448
4944
2208
-2160
-1200
2640
-4640
-4160
-2512
1216
-5824
2720
-4192
-192
-5904
0
-6160
-5536
4768
2560
-2480
-2576
-1680
-3216
6112
912
6800
-5760
8464
-4432
-9424
-9776
-2080
4224
-992
1184
2272
6672
5472
1424
-3968
-8272
-8048
-2112
-2512
-944
-9456
432
-7856
-5744
-8832
-1168
-5760
1744
-1408
3184
-1168
-96
-1728
-4528
-1360
-1152
-480
-1344
-672
-112
-144
-592
-576
-1616
-1936
944
-1600
-2240
-2128
-1376
-816
-1184
-1392
-1648
-1520
-2224
-1968
-1808
-2320
-2176
-2080
-1984
-1888
-2000
-1840
-2176
-1584
-1600
-1344
-832
-880
-1184
-1968
-1664
-2096
-2128
-1104
-1040
-848
-496
-1296
-1312
-1264
-1056
-1936
-2608
-2080
-1936
-1776
-1120
-704
-976
-1472
-1344
-1984
-1744
-1072
-1664
-624
-848
-640
-1088
-1232
-912
-1632
-2288
-1664
-1856
-1712
-2416
-1280
-688
-656
-656
-1040
-256
-1696
-2704
-2320
-2816
-2048
-1056
-1168
-1216
-1456
-4816
-2336
-3968
-1824
-1472
-640
-128
3056
-1152
-528
-2048
-9824
-16096
-1344
8816
4976
-6144
368
8624
5264
960
576
-2528
-16240
-9600
4704
6080
-7200
-224
5440
-2304
-3984
7520
3312
-2544
-4880
-13152
848
7216
-3680
-4096
5456
256
-4816
4032
4144
-1056
-688
-7456
-15472
7328
-1536
-6240
3440
736
-4432
2512
3280
1680
2768
-3152
-11488
-6608
2816
-1376
-4944
4800
-2992
-80
2864
896
3072
1488
-4752
-10112
-11344
4544
-864
-4880
3328
-2240
-1248
2048
-16
5632
1040
-6080
-8912
-15936
2752
-5296
-4640
3456
-1216
-896
3952
2256
1248
1216
-3696
-8704
-15120
1504
-4336
-6128
2944
-992
-2896
2992
2192
2592
1248
-2112
-7856
-11552
3648
1728
-3776
-976
2352
-1744
-1008
2624
1568
624
-448
-4192
-9360
-5488
2032
1360
-5968
-176
2320
-1056
-1264
3248
2096
-1344
-1248
-4000
-7744
-5248
-560
1136
-1856
-176
640
432
-592
-976
-1264
-1200
-1328
-1632
-2816
-3264
-4064
-4384
-3008
-256
592
144
-704
-1152
-2112
-3120
-2688
-2912
-2768
-2240
-2736
-2512
-1264
16
-384
-720
-896
-1184
-2608
-3472
-2752
-1600
-2048
-560
176
80
-128
624
736
-1040
-2080
-1600
-2656
-3600
-2320
-1200
-1216
-64
592
656
1392
-448
-1472
-1808
-1520
-2064
-2512
-3040
-2048
-1120
-1008
-384
3616
752
-208
2208
5808
7728
-8240
-2016
-960
-6720
-1648
-2304
-2336
-288
-880
640
-1856
-10272
-15968
7504
2496
-1152
1712
-1056
976
-1744
1648
3696
304
2448
-1856
-9552
-14768
3312
-2960
-592
-2416
4000
-864
-720
-496
-448
1440
-96
512
-2304
-5040
-11024
2976
-2384
1056
-2256
3616
944
-2016
-496
-3008
48
-1824
656
384
480
-1952
-8992
-12496
4624
-6384
5168
-1776
4864
-1888
1216
-1680
176
-1008
368
-1392
16
-2064
-3408
-8240
-14608
-2496
6528
-3280
2720
-2928
-896
-3168
-1248
-1488
1312
592
304
912
528
-1456
-5456
-9040
5696
-2864
8880
-2128
5040
1056
1600
544
832
304
-1184
-1040
-1936
-864
-1040
-1856
-1936
-4480
-8400
-1104
-2368
2544
-1136
1072
-432
-784
-1536
-1344
-1968
-576
-1472
-880
-1360
-3744
-5056
-5472
-96
368
1984
-112
-384
-2048
-1744
-1616
-1776
-1040
416
-544
-448
-1760
-2736
-4384
-3360
-640
304
1136
2032
2272
1776
464
-128
-1472
-2288
-4576
-4560
-1344
-1280
-1216
32
448
1600
832
816
-656
-2000
-2912
-3600
-3360
-3664
-3280
-2944
-2768
-2720
-2384
-3072
-2624
-2144
-2480
-1760
-512
-464
-1248
-448
-1136
-1632
-1632
-1216
-832
-704
192
816
352
192
816
1712
2800
2752
2864
3024
1120
768
1088
-800
-1456
-2096
-2896
-2960
-4576
-4544
-5216
-5280
-4912
-4720
-4000
-4880
-5136
-4784
-2896
-3008
-3024
-2224
-2080
-1744
-48
-640
-1280
-2336
-1232
-1200
-1936
0
-864
-544
-704
-1104
-2032
-2128
-2864
-1488
-2000
-1200
-1472
-1184
-224
-1184
-144
-1040
-1456
-1184
-1664
-1664
-2080
-1216
-672
-512
-384
-1088
-1408
-1936
-2416
-1712
-720
-624
-1104
-1120
256
16
512
768
32
-432
-224
-1632
-1360
-1408
-832
-1456
-1104
272
880
1408
2144
2208
2592
3920
3376
4080
4304
3200
1904
-816
-2528
-3360
-3792
-4304
-8672
-11152
-11680
-11088
-6672
-3520
-2464
-3648
-2480
-1520
-1968
-1456
-1120
-80
0
480
-48
-672
-688
-1360
-1040
-384
0
704
1072
2096
2976
2288
1344
-80
-1440
-1792
-2832
-3648
-4176
-3552
-2176
-2064
-2032
-2016
-1280
-3024
-1760
-2752
-3184
-3120
-3472
-2336
-2416
-2080
-2144
-2224
-1232
-2192
-2224
-2384
-2416
-2240
-2720
-2064
-2032
-704
32
-912
-464
432
-16
352
-496
-1424
-2112
-2608
-1808
-1216
-1104
-640
64
-192
480
48
-592
-64
-1696
-1536
-2800
-2304
-976
-1520
-592
-1536
-1376
-2496
-3792
-3264
-1104
-944
-2064
-1728
-1376
-1360
-1856
-1696
-2112
-1040
-2512
-1472
32
-1200
-1360
-1360
-432
144
-1168
-1024
-1168
-2000
-1328
-1392
-848
-1008
-704
-1008
-2080
-720
-1072
-1408
-208
-1024
-720
-368
-720
-1376
-848
-224
-3024
-4064
-3968
-1728
-1344
-1328
-176
-672
80
-144
-560
-1712
-3600
-3136
-2432
-2576
-2848
-2208
-2240
-1920
-3072
-2992
-1584
-3040
-2640
-1968
-1264
-1024
-560
-864
-1248
-976
-1136
-1552
-1936
-2112
-2096
-1936
240
464
-256
-1072
-1744
-1856
448
-656
-1376
-1792
-2336
-768
-2192
-2624
-2112
320
-336
-1456
832
-2560
-1040
-2256
-2048
-32
-1360
-2352
-2112
-1360
-64
-1696
-1872
-688
-640
-560
-912
-1648
-2640
-3536
-704
-688
-1520
-2144
-1248
-2304
-1600
-1920
-1760
-1808
-1120
-1120
-3280
-7360
1088
-480
-5280
304
-1776
-1824
-2496
-2432
-2080
-1536
-896
-2720
-3504
-1392
-2256
-656
-2112
-1888
-1184
-368
-688
-1536
-2384
-1840
-848
-592
-352
-96
-560
-144
-256
-672
-688
112
1088
-16
-384
-1648
-592
-2016
-3552
-3424
-3312
-2544
-1024
-2384
-5200
-4544
-1984
-1504
-2656
-1776
-1488
-80
-1184
-512
-1264
0
64
-208
-1488
-3520
-1840
48
-1360
-640
-448
-400
-1232
-2000
-1712
-3904
-1536
-2496
-1040
-1184
-2224
-2128
-1920
-880
-768
-384
-400
-1824
-2032
-2048
-1968
-1680
-1088
-864
-1504
-640
-480
-352
112
48
-1456
80
-1008
-1728
-672
-1248
-16
-1088
-1120
-1328
-2112
-2080
-2448
-1312
-1904
-2272
-1856
-2176
-1232
-1488
-1920
-1104
-1136
-1376
-1680
-1360
-2784
-1008
-704
-560
-576
512
-816
-2560
-1488
-1728
-1696
-2032
-1328
-1312
-2240
-2352
-2288
-1632
-1456
-1872
-3168
-3008
-2496
-3024
-2736
-1696
-2240
-2688
-3904
-3152
-2608
-1072
-1040
-1136
-1200
-1232
-1616
-304
-1008
368
-2288
-768
-656
-800
1168
192
-128
-400
-1200
-1424
-2368
-3184
-2256
-1504
-1312
-1536
-960
-592
-1264
-416
-1504
-2016
-2736
-3344
-1488
-1184
-1248
-448
-432
0
-1392
-2752
-1072
-3056
-2704
-1744
-2656
-1568
-1264
480
0
-96
-736
-1888
-2528
-3040
-3024
-2080
-2592
-1296
-816
-384
-1008
-1808
-1264
-2480
-2048
-1408
-1776
-1696
-2384
-1472
-48
-656
-768
-1600
-1568
64
-1104
-976
-480
-1296
-336
-1616
-1504
-992
-2384
-2608
-3072
-3840
-1824
64
-48
848
1664
1120
-832
-3104
-1936
-2496
-2048
-1376
-304
-304
-1344
-256
-2464
-3984
-3264
-1984
-592
560
720
432
-912
112
-1552
-2976
-4624
-3424
-2128
-848
-416
592
-1808
256
-704
-4144
-800
-3648
-6896
-3680
-2368
-3344
-1792
-1104
-2528
-2016
-592
-2688
576
144
-2656
-2592
-2752
-1200
-336
-560
-1072
-368
-2944
-2240
-2432
-2592
-304
80
224
-1872
-1120
-2496
-1984
-1856
-2320
-416
-2512
-880
-1312
-1200
-2688
-576
-2144
-1040
-80
-1024
-1280
-768
-1200
192
-352
400
-2080
-944
-1264
-2400
-1344
-2960
-1472
-2464
-1408
-2064
-2256
-3584
-512
-976
-1104
-288
-848
-848
-1120
-3088
-3264
-1360
-688
-3600
-4688
-2640
-3264
-1920
704
-16
832
3664
432
1824
-4464
-16
1408
-3280
-48
-1808
-1488
-2096
-256
-1632
-2064
-544
-464
-3136
-3648
-2640
-1360
752
768
2112
1472
-2816
-4576
768
-2896
-4096
-1296
-2304
-2336
-3776
-1984
-2944
-2592
-4496
-2304
-1824
-1120
-800
1280
-256
-1744
176
-2064
-1568
-608
-1120
-2864
-1696
1120
-1600
1344
512
-1568
-2640
-2752
-1056
-3840
-208
-1344
-3520
-1008
-2208
-4736
-2912
2000
-896
-608
-16
-464
-2800
-1616
-4560
-3200
-2288
-848
656
496
-1552
-464
-2512
-3648
-7024
-6480
464
1552
4208
1216
-496
-416
-24000
5024
20384
-3248
16176
-2096
-192
-5248
7648
3728
8416
3872
4400
5840
-2208
-12048
-3840
-432
2944
3856
560
-8192
3616
2304
1200
-2128
-7824
-416
-8800
-2208
-4048
-6864
928
-10688
-2528
-2112
-5504
1152
-2976
-464
-5856
-2352
-5488
-5088
-2496
-3552
1744
-4880
-5648
-512
-1968
-2768
-1376
-1968
-3072
-2784
-1696
64
-544
-176
-1216
-1216
-1584
-1344
-1024
-896
-1552
-2736
-480
-880
-1232
-1712
-1088
-1808
-1392
-1008
-288
-1408
-608
-1760
-2864
-1856
-1600
-960
-1392
-848
-1472
-560
-688
-480
-240
-576
-1664
-2384
-1984
-2112
-1296
-1856
-1072
-1408
-1056
-1248
-912
-576
-1104
-2320
-3008
-1712
-2240
-1104
-1840
-912
-1440
-640
-896
-864
-832
-928
-1312
-2704
-4208
-1216
-3008
-1216
-1744
-144
-544
-384
-752
0
-176
-784
-1920
-3376
-5072
-1728
-1344
-752
-1072
176
-736
16
-608
-256
-640
-1344
-2688
-4384
-2464
-2640
-464
-336
-304
512
-768
32
-560
688
-160
-736
-1440
-4064
-6688
528
-2624
400
-1584
-336
-1232
288
-832
-256
-1504
-1584
-3200
-5504
-6848
-1984
-1440
-592
-480
1072
-1408
640
-1024
688
592
192
-3168
-3952
-7472
1088
-3888
-688
-368
3200
592
-64
-1136
-1440
-1552
-3296
-4576
-9152
-2672
-4080
160
208
-48
2448
-416
32
-992
-2272
-3008
-1488
-1472
-6128
-13744
-5024
3808
-592
-1200
2368
2560
-5312
80
-2000
112
-2928
-6832
-10528
-10496
624
10384
2368
3232
4416
288
912
1504
-1792
-3168
-4576
-1744
-6544
-4240
-1984
304
-1856
288
496
-1648
-80
-880
-1888
-2544
-1168
-2640
-5488
-928
-992
-992
-1392
2336
-32
-448
-1360
-2400
-464
-832
352
-2608
-5168
-4848
-2624
-1488
-752
-336
-160
-928
448
-864
-272
-1104
-2240
-4928
-7920
1216
-1232
2064
-752
928
336
-1040
176
-1024
368
-816
-2416
-4864
-9536
1472
-2576
1520
-1344
640
96
-1456
144
-1408
-1392
-1184
-3808
-7936
-9424
-1344
768
624
-1440
1040
-192
-976
-528
-1392
1056
-1632
-4128
-7808
-2672
432
1888
560
432
704
1584
448
-1264
-560
784
-1136
-3776
-7248
-9360
592
5824
2544
2592
2160
1936
-384
-1248
-1360
-880
-208
-1216
-3936
-9792
-8800
2672
6448
3920
3328
-1824
-3072
-3088
96
1536
768
-2784
-8064
-13600
-6896
6864
6208
4000
2608
112
-1504
-2576
-1376
640
-1232
-6976
-11360
-10288
2768
7808
3312
3648
1328
-2448
-2048
-336
-1056
-1376
-3776
-8240
-11728
-784
6960
5856
2368
1216
-1952
-3184
-1808
-1440
-1920
-2800
-6080
-10960
-6320
7296
6624
3152
320
-880
-2064
-1696
-832
448
672
-2464
-7504
-12192
-3120
5904
4592
1888
-592
-1472
-2880
-1536
-80
240
-1728
-5744
-10976
-8016
3968
7504
2960
32
1440
-720
-1744
-1104
-448
-48
-3136
-6848
-12160
-7808
4928
7008
3216
1552
832
-848
-832
-1120
112
0
-1568
-8336
-11840
-7376
4528
6160
3024
-64
80
-1024
-1584
-1232
1008
16
-3984
-7600
-11520
-8592
5392
7376
3440
480
512
-720
-1568
-384
672
-320
-2384
-7712
-11152
-8256
4688
6272
2512
1600
480
-960
-2944
-2144
560
-688
-4176
-6656
-9040
-7328
4080
7344
3408
1424
80
-848
-2128
-2432
-464
-2960
-5104
-6464
-8624
-7088
1968
7648
4848
1792
576
-1856
-3056
-2528
-384
-1280
-3648
-4448
-6752
-5568
-608
4944
5664
2928
-1232
-3280
-4208
-2896
-2368
-2192
-2064
-2544
-1552
-3984
-3696
1488
4304
3392
-64
-2848
-3472
-3392
-2160
-752
496
-240
-2272
-2752
-2832
-1632
0
-32
656
-720
-2368
-3744
-3152
-3280
-1728
-8000
-7632
11520
-32
-7968
5120
-304
-7088
3568
-192
-4704
256
-4464
-13952
-14704
7472
-1712
2720
5072
-1664
304
-368
-2672
2176
-1040
-1760
-8880
-11168
9488
2112
-3136
6960
-2928
1936
1264
-2896
960
272
-1760
-3776
-11024
-13120
2592
-8624
6512
-320
-3200
1664
-1904
928
2560
352
-912
-4800
-9616
-3376
1200
-10640
5296
960
-2528
928
-2144
-1488
336
128
-224
-5456
-11248
6976
3408
-10736
9264
1264
1168
-816
-1088
-256
-2784
-256
-4096
-13312
-14736
8896
-8304
992
1008
1792
2560
-2032
-1360
-1680
-848
-3408
-5520
-10736
7136
1664
-9600
6016
4288
2912
-2320
-912
208
-1280
-2752
-5120
-8048
-13008
7136
-912
2352
5680
880
4672
-3360
1856
-784
-1488
-3040
-4160
-7632
-12848
8512
-6272
4448
3792
1152
1056
-1216
384
-2688
-1552
-2544
-3440
-6816
-12192
8320
-4304
11216
3520
176
-1536
-2512
-80
-3520
-1488
-3952
-5584
-12480
6880
4528
-2928
8064
-3312
704
-5856
1024
-912
-1728
1008
-3792
-6480
-11488
12016
-5296
7024
1936
1216
-480
-1344
1568
-2560
-1120
-2576
-5456
-10528
6432
2080
-3840
1216
64
3232
-2592
464
1344
-1216
256
-2320
-4320
-12144
7616
1584
-4064
1504
-1088
336
-3904
-560
-2624
-576
64
-1344
-2512
-11120
9856
1184
-1808
3072
-144
1248
-5296
192
-2560
-2464
-1760
-3072
-7632
-13952
7136
-7632
6160
-272
2656
-2208
-1616
1456
-1104
304
-2528
-3072
-11152
-1296
3616
-4528
6688
-400
3136
-2944
384
64
-3152
-1552
-3840
-3568
-10496
2592
3952
-4352
7328
1456
3760
-3280
768
-800
-1744
-976
-4432
-4336
-14032
6672
432
-4944
6544
-80
2240
-3056
-384
-352
-2112
-48
-1968
-2640
-12288
9552
16
-6544
5824
-1360
2480
-3936
768
48
-3888
-1568
-3312
-5584
-12240
12224
-3600
3728
1920
1088
448
-2896
832
-1520
-1264
-2672
-2768
-7824
-12368
3536
-8640
4608
-2112
1680
-3408
-352
-784
-3008
-368
-2880
-4672
-10832
13040
-704
1760
1632
736
2064
-2656
1168
-1008
-880
-2384
-3328
-3744
-8576
4704
368
-4048
2832
-944
2896
-2144
1472
80
-1712
-1232
-3488
-3664
-5664
-5664
4240
-3008
3664
-160
320
-2928
-1600
-1936
-3472
-2480
-3600
-3264
-9088
5824
-4208
3632
432
1632
-624
-2816
528
-2048
-1568
-2896
-4320
-2896
-5760
928
-816
-1728
1488
-1504
-2320
-3056
-2368
-3536
-3760
-4400
-9568
9360
2880
-1408
2096
-544
2944
-2304
480
464
-1360
-1088
-3200
-6448
-9280
-12480
9536
-3344
2240
544
3920
-2032
400
2912
2624
-5312
-7040
-4448
-8288
432
-5664
10336
-2080
2160
-9456
2496
-752
-496
96
-7120
-2304
-1376
-14464
10352
-9872
6208
2176
3328
-6816
-5760
6544
-1168
640
-10128
-1680
-1600
-208
-10720
8432
11328
-5184
320
5744
-3392
-4720
3248
3392
-48
-10272
-2896
-1056
-5760
-2496
4784
9504
-10816
1728
-2496
5648
-7904
-944
-7264
-6992
-10208
5216
48
-1072
1072
1440
-4384
-10784
4336
3984
-6656
-6512
9664
-6736
-3536
-384
8832
-5232
-3200
-14736
12592
5744
-4352
-8768
-5520
-3584
-16464
2880
3648
1744
-7120
-3472
1776
1296
-1216
-11520
7440
-7040
-11664
432
-3760
-5392
1056
-2816
-688
-1600
-4368
384
-2976
896
1904
2048
-1200
-8864
-1392
3552
-128
-1504
4448
-5328
-3520
3920
-4016
1920
-3024
-6576
256
6032
-4944
-7904
-2752
-3408
240
-2432
-1664
3040
864
-1136
1824
3520
-9712
-3168
-11456
-9904
-192
-2144
3696
-976
416
-2352
-4176
-3040
-496
144
-864
-1696
-3072
1216
560
-1008
-1584
-256
-1888
-2032
-752
-720
-1952
-1568
-1824
-2256
-208
-1904
-2320
-1360
-1856
-2112
-1728
-864
-1744
-1360
-1056
-1200
-1072
-736
-1280
-2112
-2064
-992
-1152
-1248
-1424
-1904
-1824
-2464
320
624
2240
-1680
-736
-1424
240
-832
-1744
-2000
-1216
-2368
-3488
-3152
-1744
-1968
-10928
-1808
-4096
7728
6544
-16624
-6672
4560
4048
-2240
-5536
-1392
-832
48
720
-1104
-3552
-2512
-352
1216
1328
1712
384
-1904
-7792
-3808
-432
272
304
-976
-4672
-2336
-752
-1200
-816
-272
-2240
-2544
-1792
-720
-1392
-2000
-1136
-2416
-1136
-2080
-2400
-816
-1344
-2848
-1552
-2016
208
-1888
-1600
-2880
-2384
-288
-1216
-1008
-3136
-208
-528
-1904
256
-1584
-1920
-416
-2096
-3648
-1440
1040
-2560
-2672
-2112
-1888
272
-528
-2096
-976
-1632
-1728
-2112
-576
-1744
-1296
-2816
-1344
-912
-864
-2864
-1088
-1696
-2080
-1024
-800
-1872
-1280
384
-3216
-3216
-528
240
-2144
-64
-1408
-1952
-2816
-1616
-1600
-640
-160
240
-3936
-3792
-464
1152
-464
-2912
-720
0
-944
-160
544
-2672
-112
336
-2192
240
928
-560
-656
-1296
-2144
-976
-4672
-2752
-2368
-480
-2000
-3280
-2304
192
1360
-2160
-3328
-2272
-3776
5008
-1824
-5008
-1024
-208
-2912
-5904
-1680
-2192
2736
-3904
-3904
-4784
-3056
-2000
1632
-8528
656
1872
2560
-2816
-1696
-192
-2368
832
4320
-4352
-7024
1840
-1120
-4960
-2832
-9216
-5648
-3328
4336
-4336
-4608
3680
-1344
-2960
-5136
0
2624
-7184
-5776
-464
2336
5424
2880
-3984
-14288
-5904
3840
2336
-10432
-3552
480
-5120
-12256
-5344
3392
1040
-3024
-3200
-3936
944
-736
224
-7056
-7120
10512
-4896
-10608
-12352
-10688
-1104
-12560
-4768
3792
-768
6720
3520
-11264
-5456
1392
-1216
-1360
-432
1520
10064
560
-3984
-2960
4320
-8784
1504
1552
-5056
-2480
-1280
1792
1024
-2512
-1248
2192
-5776
8096
-1424
-2896
1456
-2048
512
-8480
2832
-8896
-23376
3104
2672
-17072
-11264
3360
624
-10416
-4560
160
-2496
-3888
-144
17856
1664
-3472
-4656
-720
1616
-5488
-1552
1616
-1664
-880
-4656
-64
-1008
-6736
-1184
2832
-2096
4208
-1680
-12288
-1344
-2384
-2384
-2960
2592
2048
-7536
3616
544
3488
-7776
720
2672
304
-1968
-5696
-672
-448
-3216
-576
-720
-192
-1728
-1888
-896
-1616
-192
-1408
-2000
-1600
-2576
-368
1328
416
-320
-1824
-1232
-3152
-4784
3888
-2320
-1440
-2032
-2080
480
32
-1744
-1424
176
-1152
-448
-24080
-5776
-20592
10560
10992
18816
-2640
-2224
6576
8320
-10096
6192
-2720
-10640
3248
-15344
-24208
-8832
2112
-9872
-12560
-6480
928
416
20880
-7088
-528
-592
-6400
6256
-6976
832
-2128
-2848
-1104
-1472
-880
-1920
-2544
-9040
-2112
-2864
-3376
-2816
-1424
-1120
-1616
-1424
-3088
-4816
-2896
-1344
-1216
-1344
-992
-592
-144
432
-48
-464
-1584
-1648
-464
-784
-896
-944
-1088
-976
-928
-1616
-2640
-3840
-2192
-336
-1088
-1344
-1760
-336
-384
-16
-1104
-2400
-3312
-2384
-1168
-768
-976
-1808
-1840
-1344
-688
-2384
-2624
-3888
-3168
-528
-976
-2112
-1232
-320
-336
-208
-528
-3056
-2512
-240
-864
4720
-944
1504
-2272
0
-176
-336
-1152
-2256
-12256
-10768
-4464
-896
-4624
-3248
-1872
-1408
-1424
-4160
-4736
832
4256
-2672
-32
11824
3680
-5328
-13056
-10240
-6096
-4160
-2608
-2320
2096
4944
5952
4368
2080
-176
-3040
-4672
-2944
320
1600
3184
4656
4080
1744
576
-16
-864
-1216
-1360
-992
-816
-1712
-1888
0
672
1408
1568
1536
1104
800
384
-704
-1360
-2752
-4048
-2544
-1984
-2848
-2064
-2304
-2528
-1952
-2352
-2432
-3392
-4272
-1984
-5648
-128
3776
3152
2864
1712
672
416
304
-400
-2240
16
-1376
-2608
-992
-1584
-2080
-2176
-2352
-2224
-3376
-4448
-2416
-2992
-3184
-2752
-3008
-2144
-1760
-1488
-1984
-3440
-4528
-1024
-2160
-1264
-2000
-2240
-2112
-1664
-1456
-2304
-3760
-5072
-1056
-1856
-352
-1920
-1216
-1520
-528
-1168
-1408
-2784
-4128
-848
-1520
992
-1296
-320
-1024
-368
-960
-1392
-2496
-4960
-496
-1984
-672
-1632
-1136
-848
-1280
-1264
-2160
-3088
-5552
-3216
-992
-416
-2320
-2880
-2016
-4144
672
1552
-912
-3840
-12432
-5152
-4544
-1696
-416
2176
4016
10480
11568
5776
-80
-7360
-4144
-2096
-1936
-704
-528
528
2864
6080
-560
-5920
-3472
-5040
-1488
-2688
-3120
-1248
4816
1904
-1168
-4032
-3264
-7440
-7232
-2832
-3040
496
-368
-3216
-6240
-6848
-4240
-2192
-2784
-2544
-6576
-6480
-1232
176
1856
3184
848
1968
3248
-4912
-14400
-14496
-4320
7504
3376
2496
10992
10256
1552
3600
4752
-4816
-9408
-7024
-1232
12800
-2400
7472
-7632
10752
-5072
-3776
5520
-4288
3488
-6224
1072
4800
-736
960
-4048
-768
2080
1952
-2336
-3008
-960
-1136
-832
-160
-2160
-10096
-2576
4688
-176
-21328
912
-1200
-12624
-13600
-1920
1120
-2224
-8960
48
-608
-416
-2000
-4160
-2256
-4624
-6096
-7632
-976
2016
1824
1328
-2528
432
-6800
-544
2640
2512
-8512
160
784
-2736
-2944
8768
-3792
-2736
20784
-11648
-10192
-1984
3392
4512
-2976
-2096
-1920
-4592
-1584
-1824
-3200
944
-3056
-2752
1056
-1520
-320
-688
-672
-4928
-3232
-1296
-16
1184
-1952
-1616
-2880
-1552
-432
-288
-1072
-3072
-4144
-1584
-1728
-1360
-256
3600
-6736
2208
-1104
6032
4272
-1856
-3440
-3168
-5056
-1536
656
864
-1696
-3440
-4144
-3584
-2352
-1424
-592
-4208
-1424
-176
-2480
2096
-1856
1472
-704
704
-2560
-1616
-1840
-1808
-992
336
-304
-288
-208
-336
-2736
-3072
-1472
-1760
-624
-1600
-1280
-512
240
-800
-960
-1808
-3168
-3200
-2656
-1856
-1904
14448
-2800
-4400
-2720
-1408
-3760
-3280
-2320
-2368
-3536
-2992
-832
-3632
-1968
-640
-2432
-1840
-1584
-3248
-1920
-448
-1760
-2080
-1216
-176
-1376
-1120
-1424
-2464
-2448
-752
-1216
-1392
-128
20944
20848
20976
-4304
20928
2864
-10000
-1920
18304
-24064
-1136
6096
-5552
-4096
-13440
-6992
-1216
-21904
-8816
-5616
-8288
-7424
-2880
-7056
-4144
-8160
-3712
-7392
-10544
-8592
-4304
-4448
-5248
-7760
384
-2624
-6080
-3648
-4608
-4176
-1360
-4768
-4288
-2640
-3040
-2912
-896
-2816
-4256
-1040
-2384
-2880
-2016
-2160
-192
-1184
192
-976
-1872
-1472
-1152
-976
464
80
-1232
-496
-928
-1088
-1792
-464
-352
-560
-832
-592
-192
-912
-880
-736
-448
-1136
-944
-480
-752
-1136
-1088
-304
-928
-416
-1040
-800
64
-320
-1216
-1168
-1008
-656
-976
-976
-720
-720
-576
-1040
-464
-976
-1216
-912
-1344
-1008
-1168
-1168
-1008
-1088
-1152
-1136
-944
-1120
-1456
-1376
-1168
-1264
-1024
-1328
-1440
-1184
-976
-1232
-1088
-1360
-1248
-1408
-1696
-1472
-944
-1072
-1424
-1232
-1376
-1200
-1024
-1280
-512
-736
-1104
-880
-1424
-1408
-1440
-864
-1296
-960
-1280
-1968
-1520
-1104
-1712
-1584
-1584
-1312
-1264
-1216
-848
-1008
-1728
-2016
-1680
176
-3104
-1440
-912
-1472
-1664
-864
-1584
-1664
-1328
-1888
-2384
-1152
-448
-3008
-1776
688
-3472
-192
-1392
-4560
-2320
-192
-2288
-1472
2048
-5248
3104
-2944
-3344
2128
208
-1584
464
1472
496
-640
-496
3936
-5056
-768
-15152
5248
2272
3552
-4192
4432
768
-1616
-17360
2224
-21392
-2000
176
-9680
-2080
3424
-1232
3152
3872
-1440
7424
1856
2080
-912
208
-5056
336
-3312
-2064
-672
-1856
-3488
-528
-3760
-176
832
1072
-1072
2944
816
384
-528
864
-24080
5968
-5152
3728
-384
-912
-1424
-3984
-784
-10304
-656
-3168
832
-2080
-5328
-1136
-4448
-1072
-1536
-2192
-1488
-1728
-704
-1104
-1952
-1168
-1824
-1600
-2000
-1520
-1600
-1488
-1264
-1424
-1344
-1088
-816
-960
-784
368
448
-2080
-2144
-448
-2848
-960
-1376
-1520
-1856
-336
-832
-192
-4128
-3216
-1120
-1456
-5392
-1008
-1648
-720
-3792
-752
-1456
-1008
-1392
-1904
-4112
272
-2384
-896
-1744
-1664
-960
-848
-1680
-2000
-1728
-800
-800
-1728
-720
-1616
-1600
-416
-2688
-1936
-2208
48
-1184
-1632
-864
-2544
-1024
-752
-1776
-1920
-976
-1344
-704
-1744
-4064
-1248
-640
-1888
-2256
-416
-3344
384
-128
-112
-1888
-208
-976
-1088
-4224
-464
-736
-4240
-2064
-1472
-3056
-1232
-1632
-2080
816
-144
-2352
-448
-2368
-2240
-1136
16
2896
80
-2592
2112
-720
-5680
1872
-1312
-3280
432
-5328
-1904
560
1616
-128
944
-1584
2624
1776
-2016
-912
-1312
-5024
320
304
-3376
304
464
-2000
-4464
-3088
-2576
-8352
272
320
-4704
112
-2784
-1744
1200
-3472
-4608
-2400
-2592
-1472
-3488
224
-2672
-2624
704
-3632
-2000
-1360
-640
-1136
400
-912
112
0
288
608
288
576
-320
-336
-576
-656
-128
-336
-288
-672
-1328
-768
-1888
-2000
-2320
-1248
-3344
-2144
-2816
-1696
-2704
-2400
-960
-3200
-1712
-1616
-2400
-1872
-1840
-1344
-1024
-1680
-2224
-1008
-208
304
-1888
-1184
-2416
-1088
-1888
-2816
-2160
-3600
-1232
-1760
-576
-1648
-192
-1104
-1216
-1328
-1264
-1328
-2528
-2160
-1328
-880
-336
-848
-1120
-1776
-2048
-1856
-1744
-1520
-1984
-1248
-672
-1296
-1088
-1312
-2624
-1152
-2112
-2528
-1856
-1728
-1472
-1792
-480
96
-1168
-1680
-1904
-1968
-2816
-2000
-1744
-1200
-736
-1280
-1360
-704
-2064
-1552
-1136
-2192
-2080
-2560
-1600
-1456
-1600
-480
-1232
-832
-1248
-1920
-1648
-2480
-1248
-2432
-896
-1744
-1696
-1728
-1264
-1088
-848
-720
-960
-2208
-2096
-896
-1840
-1008
-1344
-1824
-1840
-1056
-1056
-1248
-1168
-2112
-2608
-1840
-1056
-1440
-1696
-2448
-1696
-1056
-768
-1712
-1024
-1728
-1280
-2736
-2272
-1392
-1680
-624
-1456
-400
-1568
-1824
-1984
-656
-2336
-1408
-1488
-688
-1616
-1072
-1536
-1056
-944
-1744
-1952
-1648
-1488
-1904
-1680
-1664
-1792
-3072
-2576
-1808
-992
-832
-1600
-384
-1440
-1616
-1712
-384
-1856
-2208
-1552
-2496
-1840
-1296
-800
48
-288
-1168
-1264
-2176
-1824
-2560
-2448
-2544
-384
-80
-896
224
-1936
-1888
-1504
-2624
-1712
-1744
-2352
-16
-832
240
-1728
-1136
-192
-1760
-2288
-1600
-2128
-2160
-784
-944
-688
-736
-1536
-1216
-1360
-464
-1920
-2320
-2384
-1888
-960
-1664
320
-1216
-2416
-1616
-1792
-1824
-2000
-1280
-1600
-2192
-2128
-1808
-1536
-2080
-3168
-736
-336
-2496
-1424
-320
272
-1184
96
-1808
-3120
-1760
-2960
-2112
-976
-1872
256
-288
-1536
-1888
-1984
-2000
-864
-2544
-3216
-1344
288
-3040
-4176
-1728
-384
112
-1600
-1712
-448
-2272
-400
-1824
-448
1328
-1856
-1280
-2656
-288
-1040
-1072
-2176
-720
-2192
-928
-352
-2400
-1072
1664
-3088
-3376
-672
-3424
-1696
-1360
-2064
-1104
-1904
1456
-1360
-64
-1408
-4176
-3024
-1008
560
1296
-1776
-2064
-816
-2352
-3664
-3648
-960
448
-528
-912
-3184
-2624
-624
-2240
-1264
-2496
-2224
-400
-592
-3504
-1888
64
-1600
-1840
-1728
-2016
-704
-1856
-3888
160
-1920
-2576
-576
-2000
-3120
-2016
-704
-2944
-16
-3712
-1360
768
-3616
-800
688
-3280
-2752
448
-4752
-4016
-2416
-1728
4416
-256
-176
-3248
976
1712
2560
-672
-3392
-2320
-992
-3072
-4032
2736
1200
-1856
2368
64
624
-4624
2640
-4944
128
-4592
-5840
-7520
-2448
-4112
-272
320
2768
768
3440
-3632
-4016
-4176
-2256
-1504
-2768
-1728
832
-336
-1424
-2256
-1696
-2976
-2064
-4384
-2864
-992
-1024
-1216
-2400
656
-128
-1824
-992
-1232
-1984
-2944
-800
-1680
-3264
-1536
-1536
-1664
-368
-704
-1984
-2656
-1680
-2304
-2224
-1472
-1056
-1408
-768
-656
-832
-624
-1664
-864
-1984
-2064
-1808
-1344
-688
-1984
-2032
-1568
1232
-1392
-1056
-960
-1008
-1824
-736
-736
-4256
-2816
-2224
-2752
-1728
-784
-1104
-1568
-1472
-1376
-2080
-1536
-1200
-3104
-1296
-2112
-2576
-1712
-864
-496
-1088
-1968
-1600
-992
-2000
-2240
-1440
-1728
-1728
-1184
-1968
-80
-1200
-2192
-480
-1968
-1472
-1312
-1664
-1088
-1168
-208
-1872
-1120
-1888
-1904
-1904
-1920
-656
-224
-1376
-1648
-1728
-2768
-464
-1600
-448
-1824
-1696
-672
-1920
-848
-1680
-1088
-768
-1792
-992
-1040
-944
-448
-5712
-6224
-2784
-4144
-4288
-976
-10432
-832
-2912
-1264
-1872
-2880
-4224
-3920
-4176
-3648
-4352
-7024
-3632
-1424
-592
-2096
-1280
-896
-1360
-3152
-2384
-7568
-6816
3200
5040
-3056
1840
5632
-1872
-12880
-1536
12368
-6576
-2976
12416
-3744
2400
5344
-14672
-4960
13072
-9296
-1664
8048
-8192
1280
3792
-10512
-656
11840
-10592
4624
4208
-9072
4576
-192
-11216
3456
544
-9232
1888
-912
-3584
2112
-2384
-6560
-5376
5360
-9712
1632
496
-4592
320
1072
-3984
-6800
4656
976
-3696
1264
-1776
-1104
-2480
-1024
-7296
-4816
-448
-8368
3344
-832
1072
6176
-48
-8400
-16368
2432
-14368
2512
-5696
4416
-112
1280
720
-6944
-3008
704
-4112
1984
-2640
-1008
-1520
1088
-5936
-13616
-656
-11648
3408
-4272
7008
-3024
2720
-4608
-6080
-5792
-1680
-1472
528
-864
-656
-2240
-1216
-7344
304
3520
-7056
8048
-4336
3472
-7008
256
1824
-2688
-2176
32
-2160
-3776
128
-656
-1376
-1760
-1280
-5504
-11424
-3456
-6512
2192
-1104
7696
-3920
1616
-8064
-4304
-5632
1328
-2752
288
-1952
-1488
-1888
-864
-3504
-8208
7888
-4176
6144
-7056
688
-320
1920
2768
-5072
-5600
-5648
1472
-4544
4720
-3792
1600
-2816
1024
-1952
-4080
2000
-4800
-3536
-880
-464
1680
-3008
1408
-3440
-3312
-2128
-400
-4064
-1488
-1376
608
-288
1008
-2512
-4896
-8512
1408
-6880
5120
-2288
-2160
176
1856
-2704
-7120
-9184
6768
-5056
-1152
4288
-5680
-64
3856
-944
-4640
-4320
-3840
-3616
-256
-608
112
-1984
-1584
944
368
-912
864
-1392
-1488
-5680
-2624
32
816
432
-16
1680
-2352
-1120
-768
-3408
-2880
-1216
-1232
-1632
656
-2304
-2512
-2112
-1984
-2000
-80
-480
-1760
-1920
-176
-128
-1792
400
-1168
-2272
-3840
-2704
-3248
-2512
-1424
0
-896
-1120
240
-2560
-2208
-2176
-2816
-1888
-1936
736
-1744
-128
-1168
-480
-1648
-2544
-1488
-3536
-4176
-1104
-1472
-736
-32
-160
-2032
-1536
-1600
-1856
-1760
-1536
-1840
-592
-1264
-240
-272
-1712
-1248
-384
-1824
-1616
-1856
-560
-3168
-1696
-1664
-1696
-2256
-1872
-976
-3184
-720
-912
-2240
-1664
-432
-1280
-1040
-2160
-1920
-2112
-1392
-1168
-1136
-1984
-960
-1696
-1184
-1648
-3104
-2880
-1056
-2480
-1360
-80
-160
-464
-1184
-496
-1056
-2880
-2128
-864
-2576
-1216
-1472
-1072
-912
-2176
-2960
-2336
-1536
-2784
-2016
-1120
-1088
-480
-448
112
-2000
-1984
-1488
-2512
-1392
-1552
-1616
-1264
-1488
-672
-1472
-1696
-2272
-2288
-2624
-2160
-1584
-528
-1840
-800
-1584
-176
-1296
-1296
-720
-1728
-848
-1120
-2816
-1360
-2448
-2192
-2176
-1392
-704
-1760
-1648
-2416
-2832
-720
720
112
-1504
816
560
-2112
-7696
-14224
7520
4016
-5840
4272
3296
-7952
752
6256
-4352
-432
-2576
-10656
2112
4432
-6864
-240
4672
-4336
-128
6336
-1408
-7872
-11584
6160
3088
-4592
4048
3648
-8032
-160
3536
-4672
3056
1184
-8368
-6192
0
-1984
-2912
320
832
-416
-384
1312
400
560
-512
-6528
-7440
-5568
3120
-1072
-3648
2544
336
-1632
816
1552
528
-2688
-5776
-9344
-4256
3888
240
-2800
2384
720
-1248
-816
960
-1008
-1168
-2176
-5056
-3840
-4832
-2240
768
1392
-208
-2496
-1488
-1232
-2272
-208
304
-736
-3120
-3136
-3424
-3984
-3056
320
1616
960
400
144
-2192
-1616
-1776
-1712
-3024
-2112
-544
-1712
-384
-2224
-1184
-704
-1056
-320
-816
-2192
-2704
-3200
-2128
-1904
-2304
-816
-320
-128
-528
-288
-1680
-1936
-1840
-2784
-2576
-1552
-800
-432
-208
-1712
-1216
-1024
-1888
-2992
-2400
-2128
-1712
-2144
-1296
-928
-1872
-2096
-560
-480
-528
-704
-1424
-784
-1488
-2608
-2752
-2400
-2224
-2240
-896
-1168
-336
-720
-2208
-832
-2448
-1680
-1760
-3120
-2112
-1984
-1936
-752
64
48
192
-1696
-1056
-1616
-2624
-1904
-1936
-1312
-2144
-1296
-1840
-432
80
-1200
-2048
-1344
-1552
-2240
-2208
-1344
-2112
-1568
-192
-1296
-704
-1392
-2624
-2480
-1056
-1152
-1472
1152
32
-1936
1440
-2752
16
-2688
-1488
-2128
-1456
-976
368
-1040
-960
-1744
-3664
-2304
-2800
-1728
320
208
-80
-912
-1728
-896
-3520
-2736
-1168
-2608
-2592
-688
240
-96
-256
-448
-1296
-1904
-112
-4368
-1952
-1616
-1712
-2896
-448
-784
-1792
-656
-2208
-1120
-2304
-2640
-1024
-4240
-2880
0
-432
1440
48
-368
-304
-1920
-4608
-7776
-1984
6016
-112
-5408
1760
896
-2256
-2384
1872
544
-3008
-2368
-7744
-1584
5216
-3568
-3824
4896
-1072
-5152
3344
1600
-3680
-5344
-9552
-1296
4688
-4960
-3680
4384
-3312
-3360
6048
2304
-2512
-4944
-11168
-384
4672
-5328
752
6384
-2512
-6016
4704
2544
-3168
-3136
-12752
3632
6752
-6064
-2512
6176
-2288
-3280
4960
944
-2528
-3280
-13824
1840
5472
-7632
-368
4672
-3872
-2816
3952
1088
-2032
-4448
-12880
2560
5232
-7248
2592
3664
-5536
-1280
4064
-1744
-224
-5552
-12608
3552
3680
-7984
3904
1344
-5872
-1168
1600
320
1040
-3312
-11616
5248
5728
-8416
2176
1392
-4976
-1008
1168
1072
1392
-3920
-11728
8384
6368
-7824
2112
1216
-4560
576
-624
544
1648
-1440
-7872
-12928
8768
-4688
1216
3504
-4992
-1040
-464
1280
3584
-1616
-6480
-13616
6512
-4592
960
5216
-1136
-1216
-2448
976
5936
-2496
-2864
-13632
11712
-608
-9440
4608
-5184
3648
-3904
1376
5568
-864
608
-11584
-11312
2016
-5824
6592
-4208
4144
-5968
1504
-912
2096
144
-4032
-10528
9840
368
-2560
2304
-2928
864
-6992
3376
-3536
6224
-1376
-2624
-9440
13104
-2672
4832
-6256
3520
-5904
3280
-2640
2848
-1072
-224
-4912
-8720
9200
-8720
5296
-10192
-272
-4112
1808
-448
2960
-320
-64
-5328
-8512
8928
-8784
4288
-8608
2496
-3056
2816
-976
2832
-352
448
-4032
-7984
7552
-7488
3648
-8368
3008
-3808
1984
-1696
1104
256
288
-5104
-8640
8352
-9488
2944
-8896
1360
-2720
1184
64
3520
-1440
240
-5952
-7616
8512
-10832
1680
-3840
-112
-2192
-1456
832
1824
-608
-3744
-7712
12320
-2032
4192
-7392
4640
-6656
4640
-4288
5568
-2880
-1408
-10448
4720
-9168
2224
-8480
3600
-3648
2480
-3584
656
-1456
-2672
-8064
3696
-8928
5664
-5584
208
-6656
1328
-2672
1520
-1712
-4816
-8256
-1216
-560
304
-5344
1728
-6368
848
-1872
752
-3120
-5376
3648
-1600
-3040
-2048
-176
-736
-3792
1600
-2224
-144
-5824
-9328
3056
-6016
3952
-4224
4128
-4464
2144
-1456
-2976
-3792
-9488
6528
-5232
4272
-784
-3424
528
-3024
2128
-2272
-3216
-8832
5056
-2672
-3600
3216
-2592
-1120
1072
-496
-240
-3568
-11280
6320
-832
-5616
3328
-1344
-3456
4000
688
-2384
-3008
-12112
5520
1520
-7360
5216
816
-6496
3616
4384
-3904
-4976
-10560
1872
4416
-5472
3712
3248
-3072
-1440
5552
-4592
-9952
-11472
5040
768
-8656
1216
6000
-3120
640
3552
-1616
-11600
-5856
7984
2688
-7280
-3520
5952
-2176
-1824
2848
-5008
-16064
976
5632
3888
-9792
-1280
5312
-272
-368
160
-3728
-12608
-5344
8992
960
-7104
-2752
4928
352
2032
-464
-2512
-7248
-9328
1136
2816
-3888
-1104
976
48
-1008
1056
1072
-2352
-4160
-4576
-4288
-976
592
1328
560
-2368
-2096
400
0
-1232
-2528
-2976
-5456
-2288
1568
576
-1184
-1872
-64
-1296
-3056
-3648
-3008
-1904
160
1168
928
-1104
-2912
-2464
-1344
-3120
-816
-352
-2160
-1600
160
-864
-2128
-1200
-2208
-3072
-3040
-1936
304
-1168
-864
1504
352
-2048
-2720
-1904
-3792
-2480
-3264
-1568
-592
-1024
-576
-144
-1200
-960
-1024
-2000
-2224
-2272
-2848
-2000
-2608
-656
-544
-656
240
-1520
-1632
-1424
-2096
-1296
-1648
-1520
-1824
-1232
304
-960
-1280
-1328
-1664
-2000
-2096
-1280
-1024
-1232
-112
-1232
-880
-2112
-1712
-688
-1280
-1472
-1616
-704
-2192
-1984
-752
-1504
-2880
-656
-1376
-1968
-1920
-1536
-1616
-2512
-1376
-2224
-3088
-2304
-496
144
-1344
-704
-1136
-688
-976
-2496
-1360
-2336
-2608
-2432
-2560
-1440
-1488
-128
-560
-160
-384
-992
-1904
-2528
-2128
-1824
-1536
-1488
-2368
-2368
-832
-1328
-1504
-1104
-1888
-1616
-2368
-1312
-960
-416
-1552
-2288
-1488
-2384
-1696
-1584
-1056
-2112
-1296
-496
-448
-1248
-768
-2576
-1504
-2576
-1728
-1824
-1776
-992
-704
-1024
-1168
-848
-1600
-2992
-2816
-2576
-2736
-1376
-1584
-192
-832
-2048
-944
-688
-1824
-1872
-1600
-704
-1968
-1120
-1344
-1856
-1744
-2880
-1840
-2176
-2416
-1648
-1024
-368
-432
-144
-208
-1168
-1520
-2048
-2976
-2736
-880
-912
-1024
-896
-496
-1104
-1888
-2512
-2304
-1472
-2080
-1168
-800
-416
-784
-1408
-656
-1824
-1344
-1616
-1936
-2064
-1984
-560
-1200
-960
-576
-1920
-1776
-2752
-2896
-2320
-2816
-1680
-800
-800
-928
-384
-1440
-2144
-1552
-2048
-1648
-1328
-1264
-1152
-1584
-1952
-2016
-2560
-2240
-1904
-1632
-960
-528
464
-272
-1104
-1328
-3200
-2800
-2176
-1824
-1984
-960
-208
-592
-1120
-1280
-1760
-2032
-2848
-2240
-2112
-2304
-2064
-976
-1360
-960
-1056
-576
-1280
-2640
-3424
-2256
-1792
-448
-1216
-1088
-288
-1232
-1664
-2000
-2704
-2384
-1232
-1600
-1280
-976
-1264
-1600
-1344
-736
-1888
-1728
-1280
-528
-2032
-1840
-1088
-1456
-1424
-1072
-1440
-1424
-1856
-1664
-1632
-1536
-1984
-1344
-848
-2448
-1568
-256
-2288
-416
-224
-1232
-944
-1040
-1728
-2288
-3504
-2816
-2144
-992
-1088
-240
-224
-1088
-1520
-2352
-2352
-2688
-2768
-1136
-720
-656
-736
-1600
-448
-1152
-1632
-2304
-1392
-1728
-2576
-1360
-1312
-736
-2592
-2192
-1872
-2144
-512
-768
-2496
-1520
-960
-1584
-1280
-2128
-448
-2096
-2096
-1344
-1200
-448
-1664
-528
-1216
-1536
-1088
-1504
-1664
-2544
-1232
-1456
-1664
-160
-912
-960
-816
-2224
-2144
-3216
-2656
-1936
-896
-1088
-1200
-512
-2112
-1664
-1280
-2752
-1152
-2256
-2224
-1472
-832
-288
-1872
-1216
-1472
-2816
-2048
-3008
-1680
-1040
-1312
-720
-1424
-1296
-1984
-2192
-1712
-2560
-1200
-1232
-2608
-2128
-656
-672
-1872
-1312
-1808
-1264
-1248
-2496
-1616
-2016
-1280
-832
-1568
-432
-1440
-2336
-2000
-1728
-1168
-1232
-992
-544
-1984
-1248
-2560
-1904
-1504
-1936
-1728
-1040
-208
-848
-1344
-1824
-2544
-2432
-2512
-2512
-1552
-1232
-368
-592
-1024
-1104
-2160
-2080
-2384
-864
-1072
-1472
-1280
-1216
-416
-1984
-1248
-1152
-2368
-1600
-2768
-1552
-112
-1408
-1392
-2240
-1632
-1968
-1776
208
-864
-512
-2064
-2432
-1792
-1328
-1104
-640
-1248
-864
-2560
-1360
-2112
-2240
-1808
-1968
-1808
-1792
-544
-1440
-816
-704
-1504
-1840
-1648
-1952
-2400
-1888
-1072
-1696
-1664
-2672
-1872
-832
-8048
4416
-1680
-2736
1424
-2048
-2368
-1744
-1776
-2480
-560
-752
-2400
-320
-240
-2912
-1248
-400
-2304
-2048
-2320
-112
144
-1200
-704
-1472
-2256
-2368
-1088
-1616
-2480
-2432
-1360
400
-1424
-2912
-784
-656
-1376
-1056
-2224
-2384
-2432
-800
-1536
-2272
-1024
-1968
-224
-528
-848
-384
-1712
-752
-1456
-1856
-1856
-1216
-1344
-1952
-1216
-704
-928
-512
-1168
-2384
-2656
-1584
-2112
-3632
-3200
-1664
-560
-1536
-976
-640
-992
-2016
-3312
-2992
-2848
-1360
-1216
-1088
-640
-48
928
-432
-1216
-1824
-1920
-736
-2144
-2512
-1456
-976
96
-1168
-2448
-2176
-1536
-928
-2224
-1248
-1136
-608
-768
-2352
-1408
-2192
-1904
-1152
-2384
-1440
-1680
-1264
-864
-1984
-1872
-2304
-1824
-1648
-768
-1168
-848
-336
-1984
-1648
-1296
-1488
-1872
-1312
-1520
-1888
-1088
-576
-1200
-896
-832
-1952
-1872
-2576
-2224
-2208
-1648
-1040
-2352
-960
-832
-1072
-1392
-1792
-1424
-1504
-1984
-1648
-1200
-1728
-2736
-2032
-1472
-1632
-1568
-2352
-1424
-1568
-1840
-1216
-608
-864
-1152
-704
-448
-2928
-2080
-2048
-2000
-2176
-1232
-1088
-2128
-1600
-1712
-1504
-1600
-736
-736
-1872
-1104
-1520
-1696
-848
-976
-1840
-1872
-1280
-400
-368
-608
-1696
-2624
-1584
-2112
-3376
-1728
-1616
-1808
-2064
-336
-720
-1376
-1392
-1904
-1584
-2048
-1680
-1184
-1472
-1872
-864
-1552
-1232
-1664
-1616
-1664
-2080
-2512
-1792
-1584
-1504
-1888
-1264
-1440
-1120
-2464
-1408
-2112
-1552
-1472
-1648
-1408
-1472
-816
-1488
-976
-864
-2160
-2576
-2880
-1840
-1424
-1456
-1536
-1664
-976
-1360
-928
-992
-1664
-1296
-1376
-1824
-1680
-2560
-2224
-1856
-1488
-1600
-2064
-448
-1040
-1024
-992
-2112
-1744
-2448
-1728
-1568
-1424
-928
-1088
-192
-624
-848
-1456
-2096
-1680
-2416
-2480
-2320
-2192
-896
-944
-928
-1616
-1280
-1056
-1904
-1856
-2384
-1248
-1712
-352
-704
-704
-1616
-800
-2192
-1712
-1392
-2448
-704
-1376
-1584
-912
-2048
-1120
-1824
-992
-2544
-2112
-1424
-2896
-688
-1200
-672
-1376
-864
-1632
-2000
-1616
-1088
-1056
-848
-576
-1616
-1136
-2688
-2480
-2176
-1840
-1408
-1664
-784
-624
-496
-1120
-768
-1152
-1968
-3136
-2640
-2128
-1328
-1728
-1168
-544
-768
-416
-720
-1760
-3072
-2384
-1872
-1936
-1104
-1072
-2000
-1680
-640
-1152
-2240
-1776
-1936
-2112
-1712
-608
-736
-1152
-1072
-1664
-1440
-1792
-1440
-1584
-2336
-2176
-2096
-2016
-896
-1072
-1584
-1360
-1168
-1584
-944
-1200
-1664
-1248
-1616
-2416
-1968
-1280
-1728
-1600
-1712
-1536
-1760
-896
-1040
-1904
-880
-976
-1872
-1664
-912
-1072
-1216
-640
-912
-2192
-2192
-2256
-1536
-1216
-816
-1168
-1520
-976
-1872
-1760
-1424
-1248
-1088
-1616
-2448
-1104
-496
-704
464
-1360
-1216
-1936
-2656
-2640
-1488
-1552
-1616
-1456
-1680
-1616
-688
-1744
-2128
-3024
-2496
-1792
-864
-448
544
192
-1344
-2496
-2480
-1712
-992
-240
-112
-544
-2496
-3920
-4608
-4128
-464
1920
1456
-432
-1984
-2368
-1872
-752
1024
-320
-2960
-5408
-5568
-2864
-80
1840
400
624
-944
-1824
-2112
-464
-400
-2016
-4512
-5904
-2624
176
688
2000
-192
-928
-1696
-912
-1056
224
-16
-2640
-5072
-5264
-3600
-208
1568
1136
-576
-2256
-2224
-2464
-528
176
-1392
-3440
-4928
-3024
256
672
1520
336
-1600
-2240
-1472
-992
-272
768
-2240
-4624
-5696
-2768
416
944
1392
-384
-1024
-816
-1728
-64
608
-576
-3568
-5904
-5328
-2400
784
2512
304
-176
-1600
-1424
-1632
-832
640
-2256
-5872
-6784
-3568
1056
1568
2688
1552
-2128
-2672
-2512
-1168
-416
-1984
-4800
-5680
-2256
2752
1344
1584
-16
-1072
-2864
-2944
-1024
-832
-1936
-4832
-7024
-2384
1600
704
2864
896
-304
-2224
-1584
64
-272
-336
-3904
-6176
-6848
-1712
768
1280
1584
144
-1456
-1504
-1360
-320
-1616
-2544
-4832
-5552
-4320
1056
2656
1136
1504
-352
-2832
-2112
-1872
-2288
-2000
-4064
-5584
-2480
-592
1232
1920
48
-928
-2016
-992
-1520
352
-208
-2128
-3088
-5024
-4784
-2352
-160
1280
1888
464
-464
-1200
-1216
-2016
-1920
-3888
-3872
-2784
-752
768
1392
592
-2128
-4736
-1792
1072
-816
-448
-3408
-5136
-4272
-4864
-2368
2880
3552
-1968
-1024
1968
-208
-2480
-6320
-10048
-3760
8672
5504
-7696
-3824
5184
-1600
-3552
3984
4608
-4064
-9392
-8800
-7616
9040
-1424
-6848
4944
4256
-3776
480
6064
-48
-7856
-10656
-4208
7776
-1616
-6432
3344
6160
-4352
688
6816
2464
-5200
-7360
-14048
5760
2960
-7648
-800
6000
-2096
-3584
7408
1168
-5584
-5568
-13040
4288
8448
-9920
-976
5376
80
-5056
2576
9824
-272
-4672
-10176
-1136
11232
-6320
-8896
7040
640
-8000
1936
9184
592
-4880
-4608
-13792
1408
2800
-8112
-4400
5056
-3392
-5200
9248
3632
-4512
-4352
-10608
640
12016
-3792
-5456
5744
-4848
-6432
7952
3696
-5024
-4496
-10832
5072
11376
-4624
-4240
5408
-4576
-4752
8384
3200
-4080
-2640
-10032
4656
11872
-4688
-4816
5408
-5584
-6672
6880
1984
-5376
-3184
-10480
2288
9968
-5440
-9056
7440
-2048
-4592
7840
5680
-4720
-1856
-8464
-5600
10784
-5312
-10816
7776
-4992
-6736
6880
3472
-4784
-2640
-9456
-11456
9456
-6224
-8032
7616
-4592
-5104
6976
3648
-5888
-1424
-9136
-11024
10592
-4432
-1824
7968
-6864
-4352
8496
-272
-4928
-1424
-12160
3680
10144
-6896
-256
5696
-7856
-3392
7728
-976
-4288
-3328
-14384
5584
4256
-6800
1280
6608
-7856
-2064
7840
-1232
-2256
-3616
-14896
5552
3248
-7456
3632
6128
-7792
-720
5136
-2560
-3248
-4432
-13600
8176
4208
-5968
4096
5456
-8896
512
4720
-2032
-928
-1872
-13568
7312
7856
-8896
544
6160
-6016
-1792
4416
-2768
-64
-352
-12864
-3136
5312
-8192
-192
4656
-6784
320
2496
-1504
-160
-1072
-11584
-656
5264
-8160
2800
2176
-6848
2272
128
-896
848
-2448
-11200
3808
6128
-8352
2752
1008
-5840
2624
480
-2176
576
-2832
-8336
-9504
6896
-6080
-2416
2128
-3920
1504
-1664
-176
-800
-5200
-10176
6736
8512
-9168
6784
-784
-3664
1680
-1376
3904
-240
-4672
-10464
2672
5232
-10160
6592
-2896
-160
272
-3744
2880
-1024
-5984
-11728
8640
-8464
512
6224
-4368
1280
304
-2624
3328
-1488
-7312
-13424
8192
-9248
4288
6176
-5216
1952
-3824
1376
1552
-2640
-6624
-13792
10208
-7776
4048
-6320
-1600
3664
-3280
720
-3472
-5728
-11120
8640
1296
-6256
3456
-5664
3664
704
-1328
944
-4224
-6864
-10928
10800
-8800
2176
1664
-4304
4992
-2960
1408
-1584
-1792
-5568
-13120
6848
-9664
9680
-2832
-1936
1088
-3184
2880
-4272
-3184
-11808
9664
5920
-5792
6048
-8960
2560
-320
-2192
2368
-4176
-2128
-11840
11040
-9584
2720
144
-7120
3280
-3712
1200
16
-4240
-2032
-13648
10448
-4688
2752
2160
-5168
3552
-5440
688
1408
-3760
-1664
-13584
11488
-9712
7952
-448
-4208
2176
-3664
2528
-2160
-2464
-6736
-3616
7104
-6592
6464
-4832
544
576
-5040
1856
-2272
-3920
-9152
6432
6560
-8624
5680
-5088
-928
1200
-3968
432
-3152
-4640
-10160
6608
2000
-5344
3824
-4784
1104
224
-2752
1136
-3824
-7328
-11088
9184
-5280
5808
4480
-4016
1344
-256
-1056
-608
-5120
-6688
7248
6224
-6576
4160
-2768
-3360
432
-1728
-1760
-2688
-10656
-12608
7168
-4096
2400
1280
-3872
1952
1584
-816
-496
-5776
-11792
4912
912
-8144
5888
-2208
-1408
2432
176
-2144
-832
-10144
-11712
8816
-6848
-736
-144
-6784
1536
3184
-464
-1104
-6816
-11840
7680
-2336
-640
6720
-464
112
4672
1120
-3008
-1808
-9328
-12400
10480
-4752
1696
784
-6064
928
3936
-1472
-1904
-6272
-11328
4720
-80
-8640
3680
208
-3696
2656
336
-2864
-1312
-9824
-13664
9536
-3776
224
7184
-2976
-1488
4432
-1488
-1936
-7200
-12496
4592
2640
-6336
4912
816
-4240
2112
272
-4800
-1456
-9632
-13568
8032
-5040
-1680
3856
-2752
624
4736
-2176
-2496
-5200
-11152
5568
3040
-5520
7248
3488
-3520
3312
1840
-1904
-1104
-12240
-4800
10304
-8528
-1328
944
-4016
-928
2768
-5712
-2304
-7296
-14592
7888
-2016
576
4208
832
-4704
2864
1280
-3264
-3184
-10336
-3968
11088
-6864
-448
3760
-3712
64
3856
-32
-3392
-2560
-10208
2976
5024
-8128
3168
2576
-2640
480
3776
-3712
-544
-4672
-12800
4560
2224
-4432
5200
944
-4512
592
1728
-3520
-1280
-7648
-13312
8544
-2240
-2496
4400
-3856
-272
4016
-144
-2912
-3216
-10512
2736
3392
-7904
4144
816
-4000
1088
3696
-2144
-1952
-6544
-12736
6112
-1008
-944
4112
-144
-4656
4000
240
-2288
-1952
-8576
-5328
8752
-3504
-4416
3136
-4528
-256
3344
-1392
-3152
-7344
-12928
4608
-752
-2096
4384
960
-2928
1952
-448
-2320
-3264
-8880
-9920
9392
-816
-1744
2624
-3632
-3808
1744
-2000
-3088
-5712
-10688
2368
3536
-3920
3072
3008
-3504
1616
1328
-2416
-4464
-7152
-8704
8256
192
-2080
5360
-1296
-4176
3728
-960
-3312
-3888
-9376
1856
8752
-3232
112
2864
-1984
-1344
4160
-1904
-2240
-7088
-13184
6192
208
-2912
3536
-48
-4336
384
2608
-3712
-3376
-6736
-10688
8528
-352
-3792
2848
-1120
-2432
3600
-2704
-3856
-5824
-12224
3168
1728
-3232
1312
688
-3872
336
3680
-1968
-3280
-5632
-11184
4400
624
-4816
656
1488
-3408
-640
2464
-1728
-3776
-5952
-3280
5248
592
-3552
-2096
1600
-2528
272
464
-1360
-4544
-5728
-4496
2992
3984
-912
-2960
80
48
-128
-1056
-240
-3648
-3472
-3440
-5632
1728
2992
-880
-2272
-1376
-240
-624
-960
-1552
-1552
-2176
-3584
-704
1232
-320
-1936
-2960
-2064
-1552
-1856
-1856
-1744
-4416
-3264
640
-240
-352
-1488
-3200
-2384
-2688
-208
1312
-224
-1984
-1472
-2400
-1760
-3088
-1952
-3296
-2416
-2992
-96
-592
-2240
-816
592
-1424
-752
-624
-2544
-2384
-3680
-2032
-976
-912
-704
-1040
-1040
-1392
-1952
-1088
-1200
-2624
-2896
-2368
-2000
-2112
-704
-448
-848
-368
-704
-960
-2240
-2256
-2144
-3280
-1056
-1264
-656
80
-1936
-1616
-1056
-1744
208
-1264
-4864
-1296
-1648
-960
-928
848
-672
-1440
-1472
-2384
-1360
-1088
-2128
-2608
-1760
-368
320
-1136
-832
-1072
-1536
-1872
-1872
-256
-1616
-976
-1376
-1984
-3168
-4528
-5568
-2656
5632
-112
-2400
3456
-672
-2960
1104
-944
-5280
-8640
-8288
3632
-912
-2608
4848
-4208
-4896
2256
1680
-1072
-2624
-5776
-9808
-2944
3520
-5760
576
6144
-3088
-2800
736
1184
-2080
-1104
-6512
-11264
7232
3888
-9312
128
5392
-2944
592
-656
-1024
496
-512
-5920
-9376
-6512
5152
-4480
320
6960
-3568
-3584
0
976
80
-16
-1888
-4912
-6304
-3312
4288
-9152
-2480
3648
-2624
3296
2976
-832
-112
-1744
-6112
-8896
-8640
3776
-5776
-5216
4672
-1664
-2160
2752
-16
-672
576
-4416
-9328
-10832
4160
-3376
-5792
5152
-640
-3328
2352
1136
-800
-1392
-3904
-10064
-6848
4672
-1760
-6496
3120
2320
-1760
384
2960
576
-1584
-2256
-6032
-9280
-2688
2480
-736
-1824
2208
1072
-336
-688
176
-96
-928
-3904
-4288
-4320
-6336
-4016
208
1072
2160
1472
752
-1824
-1776
-352
-1536
-2176
-3744
-3808
-3520
-880
-592
1696
1632
-160
-1072
-3008
-3152
-4480
-4672
-3728
-1744
-528
496
1088
-1248
224
-16
-576
-1616
-2000
-2384
-4144
-3648
-2448
-1888
-1824
-544
-656
-992
-800
96
-816
-1280
-1856
-2480
-2576
-3584
-2240
-720
-896
-1232
-208
688
-112
-320
-1024
-2976
-3680
-2816
-2976
-1888
-2192
-1808
-1728
-1088
-96
-768
-1168
240
-672
-2272
-2016
-2624
-1968
-848
-960
16
-1376
-1680
-1728
-896
-2240
-1344
-1680
-2384
-1024
-2784
-1824
-704
-496
-1088
-64
-240
-960
-1408
-800
-2080
-2608
-2112
-2704
-2336
-848
-1232
-1680
-1744
-1232
-1536
-1408
-1104
-1008
-1888
-1648
-2144
-1344
-720
2560
-624
-3888
-560
64
-2288
-4576
-2928
-2176
-1904
-1280
-2064
-1504
-1104
-4032
-6336
3888
5104
-2832
-3952
720
-1360
-624
-240
-640
-2624
-4576
-4960
-3008
3136
416
-2496
-2976
448
-624
-704
480
-1744
-3008
-5568
-6704
1120
4448
64
-1728
-928
-752
-144
-1024
-320
-768
-3280
-3952
-4784
-3264
-1008
-176
-304
-1408
-816
-2752
-1216
-816
-1280
-1632
-2000
-2624
-3248
-688
400
-352
-672
-768
-992
-832
-1648
-2240
-3808
-3584
-2608
-2400
-512
-64
-1472
-1248
-1072
-48
928
-912
-944
-928
-3216
-1632
-2704
-1536
-1920
-1968
-640
-1280
-336
-2048
-2384
-2256
-2048
-1744
-2176
-1136
-1888
-1024
-96
-160
-576
-816
-704
-1888
-2448
-2736
-2064
-2992
-2000
-2144
-1664
-1008
-1344
144
-1120
336
-432
-896
-1392
-1920
-3072
-1984
-2256
-1088
-928
-1712
-1168
-1264
-2512
-2336
-1184
-1440
-2704
-2688
-2160
-2288
-2528
-1328
-192
-320
-752
-960
-672
-608
-2368
-1664
-1776
-1600
-2064
-2112
-944
-1088
-1280
-1344
-2032
-2160
-1712
-2208
-2016
-720
-592
-1344
-624
720
4400
-2496
-3520
32
-896
-3728
-1184
48
-1424
-1984
-2000
-1392
-2784
-1088
-1120
-2160
-544
-656
-80
-1008
-1728
-2928
-3008
-2544
160
-1360
-1168
1056
-912
-2640
-2224
-2096
-3136
-1408
-1184
-1936
-1456
-832
-1936
-2432
-3040
-3584
1264
4480
-848
-3104
688
-544
-3136
-1168
-5776
-9920
-3376
5376
-6496
-784
3296
-5072
-1008
1968
-3232
512
688
-3776
-4384
-3072
-1216
928
-816
-672
1392
-624
-992
-3600
-9136
-9232
4928
-1088
896
3840
-4400
-1952
560
-3328
1088
368
-1232
-1936
-5184
-4016
-4048
816
-592
944
1232
512
-2176
-2304
-7008
-8288
4496
7760
-8928
2704
352
-2864
768
-864
-1744
2624
-32
-2480
-3584
-4864
-4672
-5088
-192
1728
-1040
-720
1200
-1840
-1280
-400
-5376
-5168
256
4128
-1312
-4288
880
-1024
-2016
128
-176
320
-256
-3264
-3792
-3696
-3424
-3136
-1552
-304
-2032
-1408
-1344
-240
-144
-240
-2192
-2992
-3952
-1584
-1888
-992
368
-384
-144
-320
-1216
-2992
-3792
-2656
-2112
-1808
-64
-448
-544
-800
-560
256
-1728
-1056
-608
-2688
-2896
-2464
-1168
-1536
-1088
-1984
-2048
-1648
-1552
-528
-1632
-752
-112
-1200
-1920
-3728
-3136
-960
-2768
-672
-352
-128
416
-592
-1056
-544
-1280
-848
-1616
-4192
-2816
-3680
-3392
-2112
-496
-1408
-960
-144
-1120
-688
-1200
-2352
-1088
-1728
-848
64
-1088
-352
-512
-1008
-1360
-1248
-1728
-2272
-2080
-3120
-2608
-2112
-1536
-864
-464
-656
-1232
-2160
-1328
-1568
-1392
-1040
-976
-1888
-656
-1136
-2176
-1456
-2560
-624
-1216
-1760
-1488
-1376
-1296
-1760
-1600
-2256
-848
-704
-256
-768
-1696
-1728
-2128
-2000
-1488
-2592
-1632
-1808
-928
-816
-1616
-384
-960
-1264
-2560
-2912
-1616
-2000
-1216
-400
-784
-848
-576
-2112
-1712
-2624
-1872
-2336
-1376
-656
-1616
-1552
-1472
-2144
-3056
-3392
-2000
-1312
-1424
-1408
-624
-800
-832
-592
-1184
-1120
-704
-2416
-2112
-2448
-2096
-1120
-1712
-48
-624
-1216
-1888
-3328
-2832
-2512
-384
-2448
-608
576
-64
-1664
-32
-336
-2048
-608
-1792
-1728
-2128
-1824
-1568
-1472
-112
-800
-2192
-2496
-1920
-1200
-3824
-528
-6480
-1584
816
-240
-736
0
-1360
-848
-1728
-1360
-688
-784
-1008
-1680
-448
-2080
-2000
-3568
-2384
-2736
32
-2704
96
-64
-144
48
-1936
-1232
-2272
-1328
-1008
-1232
-2784
-5056
-3552
3488
3216
384
320
928
-2720
-6912
-10576
-5184
7744
112
-2896
2016
5200
-3776
992
4864
-2224
-8560
-8976
-7184
6176
-5968
-7824
4368
-1472
-848
6336
-2272
-10416
-10304
5808
3680
-5312
2960
4720
-6320
3040
4192
-6000
-6064
-11232
5584
7696
-7376
2480
3872
-6720
1888
5200
-6672
-2960
-9632
1264
11552
-9600
3920
4784
-8448
2448
4016
-5056
-576
-9152
-11200
10272
-12144
5824
2256
-6144
4224
592
-3904
-384
-10720
-12048
8032
-8896
1568
3728
-6016
3056
1040
-4816
-1168
-9232
-13520
9712
-5520
704
4944
-6000
1840
3536
-1248
-912
-4560
-13712
4016
5792
-9488
7680
848
-2224
2688
-2256
-1728
-1872
-8896
-13024
9776
-2496
1856
608
-7040
1024
1120
-2752
-1344
-5152
-10560
3264
1040
-4864
8160
-736
-304
352
-592
-2352
-1152
-7680
-12320
9296
-1424
3568
3344
-5312
-624
2880
-1200
-1776
-5328
-8848
3776
8704
-7680
-128
-64
-2320
2160
800
-2176
-576
-3152
-8576
-7664
6896
-6720
-2320
2384
-2112
896
768
-336
-1424
-1808
-4432
-9808
5968
1904
-3520
480
-192
-3392
-352
-256
-2960
-2288
-3312
-8672
-1616
3440
-1632
-704
768
-2320
-2368
160
-768
-1216
-768
-2800
-9840
2832
2384
-2240
-1632
-1008
-3184
-160
48
576
-2080
-3472
-8288
-5168
6128
-2368
-1072
2272
-1728
1664
2048
800
48
-1968
-5184
-9056
-3024
688
-4560
1600
-2032
-1584
2032
960
1840
-400
-2336
-5648
-9664
4352
-624
96
2240
-2800
-1488
-224
-80
1568
-1776
-1680
-5680
-10448
1728
800
-2640
2368
-192
1472
-560
3424
3008
320
-368
-3008
-6848
-12272
5168
-2928
2704
-4096
768
-1680
512
880
2176
224
-400
-3648
-10128
-3504
-912
-2896
-560
-1792
3008
368
4144
-512
1456
-1120
-2496
-7424
-11088
6528
-1728
5472
-3888
4976
-2784
2016
-1392
1216
-128
-3248
-6656
-9632
5904
896
-3472
2304
-1728
2432
-1808
1392
-1296
1728
-2320
-2272
-9280
-10704
6256
-1904
7696
-5168
4208
-1008
1728
-880
-208
-928
-2928
-5904
-9008
-10832
-448
1088
1408
-560
1792
-2736
1152
-3520
2192
-2832
-2880
-8000
-11056
1312
-1376
8160
-3696
4928
-1472
336
-2992
-2656
-2496
-4432
-5296
-6912
-9664
3136
1968
8000
-1344
2976
-3648
1856
-3792
784
-3424
-3456
-3760
-6816
-7520
3328
-128
7872
-2672
2016
-3760
64
-3136
-672
-2080
-2448
-3376
-6720
-11104
3728
-1728
6736
-688
3648
-3504
640
-2560
-2720
-2384
-1056
-3216
-5968
-7904
3200
-64
6288
-3408
1872
-3520
-672
-1456
-1872
128
-896
-2112
-5360
-9664
4880
-1600
5664
-3264
304
-2544
-2064
-2560
-1408
-1168
-1760
-2864
-5232
-9312
3104
-80
5600
-800
2368
-2368
-1584
-3296
-2176
-1696
-3792
-2816
-3360
-7296
1760
-480
4272
0
-2048
-1552
-2416
-1904
-1200
-1552
-784
-4080
-1536
-6592
1776
560
480
1280
-3312
-4272
-2800
-3392
80
1296
1008
-1344
-1952
-1936
-6272
-1808
-256
-128
384
-2016
-1424
-944
-512
1152
-720
-1696
-3200
-3712
-5120
-4288
464
2016
2624
528
-1360
-2256
-2592
-736
-1328
-2000
-2816
-4128
-5264
-320
4432
1616
448
-1632
-3520
-3248
-2544
-704
-784
-1504
-2832
-3168
-3488
-1984
800
1184
1472
64
-1792
-3072
-1680
-320
-1744
-1856
-2160
-4560
-4144
2112
1664
-720
-2384
-2176
-896
-976
-848
-384
-1360
-2400
-4528
-4192
-2704
576
1424
928
336
-896
-768
-1072
-1360
-3648
-6352
-7040
-336
2416
2448
448
-2016
-3664
-400
-192
-688
528
-1072
-2944
-3072
-3200
-2848
-2176
-368
-368
48
-608
-1536
-2112
-2112
-1872
-688
-2112
-1744
-1392
-2304
-1280
-1648
-960
-368
-1024
-1376
-3280
-2320
704
96
-1200
-2960
-3088
-3264
-592
720
-496
-432
-1600
-3424
-2736
-2336
-1360
320
-416
-528
-1360
-1792
-1488
784
464
1088
-1280
-3024
-3808
-2784
-1680
-1472
-2992
-3904
-1088
-496
48
912
-1040
-2224
-1712
-1472
-1456
-352
-2368
-1552
-1792
-1056
-1072
-1040
-1440
-2144
-1488
-1776
-1712
-2208
-912
-1184
-848
432
-592
-912
-2000
-2800
-2352
-1744
-1952
-1008
-1008
-1856
-1760
-1808
-1408
-1904
-1312
-3248
-1328
-1456
-1600
-848
-576
-1760
-2528
-2512
-1664
-2000
-1392
-1888
-1264
-1248
-2032
-1424
-976
-1056
-1600
-1600
-2000
-2256
-1680
-1424
-1552
-1104
-1456
-944
416
-192
-1280
-1760
-1456
-2064
-2112
-1680
-1728
-400
-768
-880
-1808
-2144
-1808
-2528
-1408
-1216
-2192
-64
64
-496
-448
-2528
-1344
-3472
-3072
-2032
-1984
-672
-560
320
-1184
-2176
-2624
-1888
-2240
-2512
-2368
-352
-928
-464
128
-864
-720
-2048
-2608
-1680
-2816
-720
-1104
-256
-624
-1360
-640
-1600
-2016
-1408
-2640
-2496
-2256
-1760
-1712
-2720
-1840
-1648
-768
-1456
-1920
-1552
-1824
-1360
-1344
-1296
-976
-848
-2352
-2384
-1040
-64
-1648
-2368
-1920
-2464
-1344
-384
416
-464
-80
-1056
-1616
-2128
-3024
-2640
-976
-2240
-544
-816
-1344
-2256
-1504
-1424
-1376
-1552
-2016
-48
-112
-2640
-1904
-1456
-1136
-1904
-1904
-768
-704
-1040
-1280
-512
-1856
-3120
-2832
-1920
-1808
-1008
-128
-1168
-1728
-1936
-1872
-1824
-2192
-2128
-2112
-2672
-2896
-1728
-1664
-400
-1664
-2800
-1792
-704
-2416
-336
-1072
400
640
-800
-384
-2336
-2416
-1984
-1248
-1968
-2368
-176
-1616
-2432
-496
-2272
-832
-2064
-3152
-2000
-576
-2736
-912
-2096
-1680
-1776
-80
-1264
-1328
-688
-1536
-1056
-1808
-1184
-1728
-1296
-1296
-1408
-2528
-1120
-512
-2512
-1200
16
-928
-2576
-1280
-1392
-1680
-1664
-1408
-1136
-1872
-3120
-2880
-608
-3952
-2736
-1104
-1392
-2640
1216
-3248
-3024
-1360
-400
-2560
-416
-2352
-1200
-1600
-752
-4240
-2528
-640
-1744
-1008
-2304
64
64
1392
-1792
544
-1680
-1200
624
-528
-2240
-2512
-144
-2544
-1536
48
-102